<?xml version="1.0" ?><TEI xmlns="http://www.tei-c.org/ns/1.0"><teiHeader><fileDesc><titleStmt><title>MGH Auct. ant. 12: Cassiodori Senatoris Variae</title><editor>Mommsen, Theodor</editor></titleStmt><publicationStmt><publisher>Monumenta Germaniae Historica (MGH)</publisher><publisher>Bavarian State Library (BSB), München</publisher><idno type="BSB">bsb00000824</idno><idno type="MGH"><idno type="Annotation_created_by">sysop</idno><idno type="Annotation_created_on">Wed Oct 18 18:54:28 CEST 2017</idno><idno type="Annotation_last_changed_by">geelhaar</idno><idno type="Annotation_last_changed_on">Thu Aug 20 10:43:40 CEST 2020</idno><idno type="Author_(German)">Cassiodor (Flavius Magnus Aurelius Cassiodorus Senator)</idno><idno type="Author_(Latin)">Cassiodorus Vivariensis</idno><idno type="BSB">bsb00000824</idno><idno type="Bibliographical_Link">http://stabikat.de/DB=1/XMLPRS=N/PPN?PPN=235118842</idno><idno type="C_Stat">06</idno><idno type="C1">06</idno><idno type="C2">05</idno><idno type="Column">117</idno><idno type="Commentary">dated according to the edition (TG)</idno><idno type="Concordance_View">true</idno><idno type="Digital_Edition_Statement">Text retrieved from the critical edition and prepared by the BMBF funded project "Humanist Computer Interaction under Scrutiny"(https://humanist.hs-mainz.de/en/). The Latin Text Archive (LTA) version has been created at Goethe University Frankfurt by the CompHistSem-Work Group (hudesktop.hucompute.org).</idno><idno type="Edition">MGH Auctores antiquissimi 12</idno><idno type="LTA_Export">true</idno><idno type="Licence_Info">CC BY 4.0</idno><idno type="Multiple_Lemmata_under_a_unique_Super_lemma">0.00%</idno><idno type="Multiple_Super_lemmata">0.00%</idno><idno type="Multiple_Wordforms_under_a_unique_Lemma">0.00%</idno><idno type="Multiple_Wordforms._Tagger_based_result._Multiple_Lemmata_possible">0.00%</idno><idno type="Multiple_Wordforms._Tagger_based_result._Multiple_Super_Lemmata_possible">0.00%</idno><idno type="Not_yet_linked_or_unknown_Wordform">0.00%</idno><idno type="Page">117</idno><idno type="Provided_by">Monumenta Germaniae Historica</idno><idno type="RepFontMA">not available</idno><idno type="Status">a</idno><idno type="Text_Type">Letter</idno><idno type="Text_Type_Class">Letters</idno><idno type="Time">507/511</idno><idno type="Title">Variae 04.06 - Symmacho viro illustri patricio Theodericus rex</idno><idno type="Type_of_Corpus">Corpus of Letters</idno><idno type="URL">http://www.mgh.de/dmgh/resolving/MGH_Auct._ant._12_S._117</idno><idno type="Unique_Wordform">100,00%</idno><idno type="Unique_Wordform._Tagger_based_result._Multiple_Lemmata_possible">0.00%</idno><idno type="Unique_Wordform._Tagger_based_result._Multiple_Super_lemmata_possible">0.00%</idno><idno type="VIAF_(Expression)">182693798</idno><idno type="VIAF_(Expression)_Link">http://viaf.org/viaf/182693798</idno><idno type="VIAF_(Person)">95230707</idno><idno type="VIAF_(Person)_Link">http://viaf.org/viaf/95230707</idno><idno type="Volume">Auct. ant. 12</idno><idno type="Year_of_Publication_(interpreted)">0511</idno>MGH Auct. ant. 12</idno><availability><licence target="http://creativecommons.org/licenses/by/4.0/"><p>Distributed under the Creative Commons Attribution 4.0 International (CC BY 4.0) license.</p><p>This license covers the annotations added by the Monumenta Germaniae Historica and the
            Bavarian State Library, Munich, in the course of project "digital MGH"
            <ref target="http://www.dmgh.de">http://www.dmgh.de</ref>, funded by the
            German Research Foundation (DFG).</p><p>We do not claim any rights on the text itself which is believed to be in the public domain.</p><p>If you distribute a copy or a derivative version of this file, please indicate the source
            of the file by mentioning the Monumenta Germaniae Historica (MGH) and the
            Bavarian State Library, Munich (BSB).</p></licence></availability><date when="2016-11-28T16:32:43+01:00">2016-11-28, 16:32:43</date></publicationStmt><sourceDesc><biblFull><titleStmt><title>Cassiodori Senatoris Variae</title><editor>Mommsen, Theodor</editor></titleStmt><publicationStmt><publisher>Weidmann</publisher><pubPlace>Berlin</pubPlace><date>1894</date></publicationStmt><seriesStmt><title>Auctores antiquissimi</title><biblScope unit="volume">12</biblScope></seriesStmt></biblFull></sourceDesc></fileDesc><revisionDesc><change when="27-08-2018 17:12" who="geelhaar"></change></revisionDesc></teiHeader><text><body><div><lb n="15" xml:id="bsb00000824_00301_15"></lb><head n="3"><s><w lemma="[{'id':241346594,'ls':[{'id':241346595,'name':'NUMERAL','wfs':[{'id':602162884,'morph':{'Pos':'NUM'},'name':'VI'}]}],'name':'NUMERAL@NUM'}]">VI</w><c>.</c><c> </c><lb n="16" xml:id="bsb00000824_00301_16"></lb><w lemma="[{'id':613593,'ls':[{'id':613594,'name':'Symmachus','wfs':[{'id':613606,'morph':{'Casus':'DATIVE','DeclensionType':'SECOND_DECLENSION','Genus':'MASCULINE','Numerus':'SINGULAR','Pos':'NP'},'name':'Symmacho'}]}],'name':'Symmachus@NP'}]">SYMMACHO</w><c> </c><w lemma="[{'id':1466541,'ls':[{'id':9281,'name':'vir','wfs':[{'id':779458787,'morph':{'Casus':'DATIVE','DeclensionType':'SECOND_DECLENSION','Genus':'MASCULINE','Numerus':'SINGULAR','Pos':'NN'},'name':'v'}]}],'name':'vir@NN'}]">V</w><c>.</c><w lemma="[{'id':2413908,'ls':[{'id':4928,'name':'illustris','wfs':[{'id':779459471,'morph':{'Casus':'DATIVE','ComparisonDegree':'POSITIVE','DeclensionType':'THIRD_DECLENSION','Genus':'MASCULINE','Numerus':'SINGULAR','Pos':'ADJ'},'name':'I'}]}],'name':'illustris@ADJ'}]">I</w><c>.</c><c> </c><w lemma="[{'id':1229528,'ls':[{'id':1229529,'name':'patricius','wfs':[{'id':243415585,'morph':{'Casus':'ABLATIVE','DeclensionType':'SECOND_DECLENSION','Genus':'MASCULINE','Numerus':'SINGULAR','Pos':'NN'},'name':'patricio'}]}],'name':'patricius@NN'}]">PATRICIO</w><c> </c><w lemma="[{'id':624521,'ls':[{'id':624522,'name':'Theodericus','wfs':[{'id':243244190,'morph':{'Casus':'NOMINATIVE','DeclensionType':'SECOND_DECLENSION','Genus':'MASCULINE','Numerus':'SINGULAR','Pos':'NP'},'name':'Theodericus'}]}],'name':'Theodericus@NP'}]">THEODERICUS</w><c> </c><w lemma="[{'id':1329481,'ls':[{'id':7965,'name':'rex','wfs':[{'id':1329499,'morph':{'Casus':'NOMINATIVE','DeclensionType':'THIRD_DECLENSION','Genus':'MASCULINE','Numerus':'SINGULAR','Pos':'NN'},'name':'rex'}]}],'name':'rex@NN'}]">REX</w><c>.</c></s></head><note><s><hi rend="ITALICS"><w lemma="[{'id':759853,'ls':[{'id':807,'name':'annus','wfs':[{'id':382849904,'morph':{'Casus':'ABLATIVE','DeclensionType':'SECOND_DECLENSION','Genus':'MASCULINE','Numerus':'SINGULAR','Pos':'NN'},'name':'a'}]}],'name':'annus@NN'}]">a</w><c>.</c><c> </c><w lemma="[{'id':241346594,'ls':[{'id':241346595,'name':'NUMERAL','wfs':[{'id':241346596,'morph':{'Pos':'NUM'},'name':'NUMERAL'}]}],'name':'NUMERAL@NUM'}]">507</w><c>/</c><w lemma="[{'id':241346594,'ls':[{'id':241346595,'name':'NUMERAL','wfs':[{'id':241346596,'morph':{'Pos':'NUM'},'name':'NUMERAL'}]}],'name':'NUMERAL@NUM'}]">511</w></hi></s></note><lb n="17" xml:id="bsb00000824_00301_17"></lb><p><s><w lemma="[{'id':2948576,'ls':[{'id':7740,'name':'rationalis','wfs':[{'id':2948579,'morph':{'Casus':'ACCUSATIVE','ComparisonDegree':'POSITIVE','DeclensionType':'THIRD_DECLENSION','Genus':'FEMININE','Numerus':'PLURAL','Pos':'ADJ'},'name':'rationales'}]}],'name':'rationalis@ADJ'}]">Rationales</w><c> </c><w lemma="[{'id':1250075,'ls':[{'id':7057,'name':'petitio','wfs':[{'id':243421592,'morph':{'Casus':'ACCUSATIVE','DeclensionType':'THIRD_DECLENSION','Genus':'FEMININE','Numerus':'PLURAL','Pos':'NN'},'name':'petitiones'}]}],'name':'petitio@NN'}]">petitiones</w><c> </c><w lemma="[{'id':1402358,'ls':[{'id':1402359,'name':'supplex','wfs':[{'id':1402365,'morph':{'Casus':'GENITIVE','DeclensionType':'THIRD_DECLENSION','Genus':'MASCULINE','Numerus':'PLURAL','Pos':'NN'},'name':'supplicum'}]}],'name':'supplex@NN'}]">supplicum</w><c> </c><w lemma="[{'id':199017,'ls':[{'id':5733,'name':'libenter','wfs':[{'id':199020,'morph':{'ComparisonDegree':'POSITIVE','Pos':'ADV'},'name':'libenter'}]}],'name':'libenter@ADV'}]">libenter</w><c> </c><w lemma="[{'id':3615008,'ls':[{'id':733,'name':'amplector','wfs':[{'id':3615055,'morph':{'ConjugationType':'THIRD_CONJUGATION','Mood':'INDICATIVE','Numerus':'PLURAL','Person':'PERSON_1','Pos':'V','Tense':'PRESENT','VerbType':'DEPONENT','Voice':'PASSIVE'},'name':'amplectimur'}]}],'name':'amplector@V'}]">amplectimur</w><c>,</c><c> </c><w lemma="[{'id':242816363,'ls':[{'id':242816364,'name':'qui','wfs':[{'id':296826592,'morph':{'Casus':'NOMINATIVE','Genus':'MASCULINE','Numerus':'PLURAL','Pos':'PRO','PronounType':'RELATIVE'},'name':'qui'}]}],'name':'qui@PRO'}]">qui</w><c> </c><w lemma="[{'id':241306828,'ls':[{'id':241306833,'name':'etiam','wfs':[{'id':241306835,'morph':{'Pos':'ADV'},'name':'etiam'}]}],'name':'etiam@ADV'}]">etiam</w><c> </c><w lemma="[{'id':206035,'ls':[{'id':6416,'name':'non','wfs':[{'id':241322627,'morph':{'Pos':'ADV'},'name':'non'}]}],'name':'non@ADV'}]">non</w><c> </c><w lemma="[{'id':242572753,'ls':[{'id':242572754,'name':'rogatus','wfs':[{'id':242572793,'morph':{'Casus':'NOMINATIVE','ComparisonDegree':'POSITIVE','DeclensionType':'SECOND_DECLENSION','Genus':'MASCULINE','Numerus':'PLURAL','Pos':'ADJ'},'name':'rogati'}]}],'name':'rogatus@ADJ'}]">rogati</w><c> </c><w lemma="[{'id':1123653,'ls':[{'id':1123654,'name':'iustum','wfs':[{'id':1123655,'morph':{'Casus':'ACCUSATIVE','DeclensionType':'SECOND_DECLENSION','Genus':'NEUTER','Numerus':'PLURAL','Pos':'NN'},'name':'iusta'}]}],'name':'iustum@NN'}]">iusta</w><c> </c><lb n="18" xml:id="bsb00000824_00301_18"></lb><w lemma="[{'id':4185453,'ls':[{'id':2008,'name':'cogito','wfs':[{'id':4185566,'morph':{'ConjugationType':'FIRST_CONJUGATION','Mood':'INDICATIVE','Numerus':'PLURAL','Person':'PERSON_1','Pos':'V','Tense':'PRESENT','VerbType':'TRANSITIVE','Voice':'ACTIVE'},'name':'cogitamus'}]}],'name':'cogito@V'}]">cogitamus</w><c>.</c><c> </c></s><s><w lemma="[{'id':242816600,'ls':[{'id':242816601,'name':'quis','wfs':[{'id':244511379,'morph':{'Casus':'NOMINATIVE','Genus':'NEUTER','Numerus':'SINGULAR','Pos':'PRO','PronounType':'INDEFINITE'},'name':'quid'}]}],'name':'quis@PRO'}]">quid</w><c> </c><w lemma="[{'id':7617143,'ls':[{'id':7617144,'name':'sum','wfs':[{'id':242825881,'morph':{'Mood':'INDICATIVE','Numerus':'SINGULAR','Person':'PERSON_3','Pos':'V','Tense':'PRESENT','VerbType':'VERBA_ANOMALA','Voice':'ACTIVE'},'name':'est'}]}],'name':'sum@V'}]">est</w><c> </c><w lemma="[{'id':109821,'ls':[{'id':109822,'name':'enim','wfs':[{'id':109823,'morph':{'Pos':'CON'},'name':'enim'}]}],'name':'enim@CON'}]">enim</w><c> </c><w lemma="[{'id':2184160,'ls':[{'id':3522,'name':'dignus','wfs':[{'id':2184291,'morph':{'Casus':'NOMINATIVE','ComparisonDegree':'COMPARATIVE','DeclensionType':'THIRD_DECLENSION','Genus':'NEUTER','Numerus':'SINGULAR','Pos':'ADJ'},'name':'dignius'}]}],'name':'dignus@ADJ'}]">dignius</w><c> </c><w lemma="[{'id':242816363,'ls':[{'id':242816364,'name':'qui','wfs':[{'id':245004334,'morph':{'Casus':'ACCUSATIVE','Genus':'NEUTER','Numerus':'SINGULAR','Pos':'PRO','PronounType':'RELATIVE'},'name':'quod'}]}],'name':'qui@PRO'}]">quod</w><c> </c><w lemma="[{'id':964023,'ls':[{'id':242825925,'name':'dies','wfs':[{'id':594735026,'morph':{'Casus':'ABLATIVE','DeclensionType':'FIFTH_DECLENSION','Genus':'MASCULINE','Numerus':'SINGULAR','Pos':'NN'},'name':'die'}]}],'name':'dies@NN'}]">die</w><c> </c><w lemma="[{'id':205952,'ls':[{'id':205953,'name':'noctu','wfs':[{'id':241322575,'morph':{'Pos':'ADV'},'name':'noctuque'}]}],'name':'noctu@ADV'}]">noctuque</w><c> </c><w lemma="[{'id':1682588,'ls':[{'id':1682811,'name':'assiduus','wfs':[{'id':1682876,'morph':{'Casus':'ABLATIVE','ComparisonDegree':'POSITIVE','DeclensionType':'FIRST_DECLENSION','Genus':'FEMININE','Numerus':'SINGULAR','Pos':'ADJ'},'name':'assidua'}]}],'name':'assiduus@ADJ'}]">assidua</w><c> </c><w lemma="[{'id':946010,'ls':[{'id':946011,'name':'deliberatio','wfs':[{'id':243116387,'morph':{'Casus':'ABLATIVE','DeclensionType':'THIRD_DECLENSION','Genus':'FEMININE','Numerus':'SINGULAR','Pos':'NN'},'name':'deliberatione'}]}],'name':'deliberatio@NN'}]">deliberatione</w><c> </c><w lemma="[{'id':8040056,'ls':[{'id':9336,'name':'volvo','wfs':[{'id':8041665,'morph':{'ConjugationType':'THIRD_CONJUGATION','Mood':'SUBJUNCTIVE','Numerus':'PLURAL','Person':'PERSON_1','Pos':'V','Tense':'PRESENT','VerbType':'TRANSITIVE','Voice':'ACTIVE'},'name':'volvamus'}]}],'name':'volvo@V'}]">volvamus</w><c>,</c><c> </c><lb n="19" xml:id="bsb00000824_00301_19"></lb><w lemma="[{'id':109907,'ls':[{'id':109908,'name':'nisi','wfs':[{'id':109909,'morph':{'Pos':'CON'},'name':'nisi'}]}],'name':'nisi@CON'}]">nisi</w><c> </c><w lemma="[{'id':110061,'ls':[{'id':110062,'name':'ut','wfs':[{'id':110063,'morph':{'Pos':'CON'},'name':'ut'}]}],'name':'ut@CON'}]">ut</w><c> </c><w lemma="[{'id':1322669,'ls':[{'id':964024,'name':'res','wfs':[{'id':242825941,'morph':{'Casus':'ACCUSATIVE','DeclensionType':'FIFTH_DECLENSION','Genus':'FEMININE','Numerus':'SINGULAR','Pos':'NN'},'name':'rem'}]}],'name':'res@NN'}]">rem</w><c> </c><w lemma="[{'id':2914003,'ls':[{'id':7599,'name':'publicus','wfs':[{'id':2914062,'morph':{'Casus':'ACCUSATIVE','ComparisonDegree':'POSITIVE','DeclensionType':'FIRST_DECLENSION','Genus':'FEMININE','Numerus':'SINGULAR','Pos':'ADJ'},'name':'publicam'}]}],'name':'publicus@ADJ'}]">publicam</w><c> </c><w lemma="[{'id':244510439,'ls':[{'id':244510440,'name':'noster','wfs':[{'id':244510472,'morph':{'Casus':'NOMINATIVE','DeclensionType':'FIRST_DECLENSION','Genus':'FEMININE','Numerus':'SINGULAR','Pos':'PRO','PronounType':'POSSESSIVE'},'name':'nostra'}]}],'name':'noster@PRO'}]">nostra</w><c> </c><w lemma="[{'id':109577,'ls':[{'id':109578,'name':'in','wfs':[{'id':109579,'morph':{'Pos':'AP'},'name':'in'}]}],'name':'in@AP'}]">in</w><c> </c><w lemma="[{'id':235568,'ls':[{'id':8310,'name':'sicut','wfs':[{'id':235569,'morph':{'Pos':'ADV'},'name':'sicut'}]}],'name':'sicut@ADV'}]">sicut</w><c> </c><w lemma="[{'id':780999,'ls':[{'id':781000,'name':'arma','wfs':[{'id':781003,'morph':{'Casus':'NOMINATIVE','DeclensionType':'SECOND_DECLENSION','Genus':'NEUTER','Numerus':'PLURAL','Pos':'NN'},'name':'arma'}]}],'name':'arma@NN'}]">arma</w><c> </c><w lemma="[{'id':6966162,'ls':[{'id':7557,'name':'protego','wfs':[{'id':6966439,'morph':{'ConjugationType':'THIRD_CONJUGATION','Mood':'INDICATIVE','Numerus':'PLURAL','Person':'PERSON_3','Pos':'V','Tense':'PRESENT','VerbType':'TRANSITIVE','Voice':'ACTIVE'},'name':'protegunt'}]}],'name':'protego@V'}]">protegunt</w><c>,</c><c> </c><w lemma="[{'id':729556,'ls':[{'id':516,'name':'aequitas','wfs':[{'id':729575,'morph':{'Casus':'NOMINATIVE','DeclensionType':'THIRD_DECLENSION','Genus':'FEMININE','Numerus':'SINGULAR','Pos':'NN'},'name':'aequitas'}]}],'name':'aequitas@NN'}]">aequitas</w><c> </c><w lemma="[{'id':2555562,'ls':[{'id':5503,'name':'inviolatus','wfs':[{'id':2555747,'morph':{'Casus':'NOMINATIVE','ComparisonDegree':'POSITIVE','DeclensionType':'FIRST_DECLENSION','Genus':'FEMININE','Numerus':'SINGULAR','Pos':'ADJ'},'name':'inviolata'}]}],'name':'inviolatus@ADJ'}]">inviolata</w><c> </c><w lemma="[{'id':4681710,'ls':[{'id':2987,'name':'custodio','wfs':[{'id':4682065,'morph':{'ConjugationType':'FOURTH_CONJUGATION','Mood':'SUBJUNCTIVE','Numerus':'SINGULAR','Person':'PERSON_3','Pos':'V','Tense':'PRESENT','VerbType':'TRANSITIVE','Voice':'ACTIVE'},'name':'custodiat'}]}],'name':'custodio@V'}]">custodiat</w><c>?</c><c> </c><lb n="20" xml:id="bsb00000824_00301_20"></lb></s><s><w lemma="[{'id':3069095,'ls':[{'id':3069096,'name':'spectabilis','wfs':[{'id':3069191,'morph':{'Casus':'NOMINATIVE','ComparisonDegree':'POSITIVE','DeclensionType':'THIRD_DECLENSION','Genus':'MASCULINE','Numerus':'SINGULAR','Pos':'ADJ'},'name':'spectabilis'}]}],'name':'spectabilis@ADJ'}]">spectabilis</w><c> </c><w lemma="[{'id':109851,'ls':[{'id':109852,'name':'itaque','wfs':[{'id':109853,'morph':{'Pos':'CON'},'name':'itaque'}]}],'name':'itaque@CON'}]">itaque</w><c> </c><w lemma="[{'id':673712,'ls':[{'id':673731,'name':'Valerianus','wfs':[{'id':673746,'morph':{'Casus':'NOMINATIVE','DeclensionType':'SECOND_DECLENSION','Genus':'MASCULINE','Numerus':'SINGULAR','Pos':'NE'},'name':'Valerianus'}]}],'name':'Valerianus@NE'}]">Valerianus</w><c> </c><w lemma="[{'id':109577,'ls':[{'id':109578,'name':'in','wfs':[{'id':109579,'morph':{'Pos':'AP'},'name':'in'}]}],'name':'in@AP'}]">in</w><c> </c><w lemma="[{'id':241577546,'ls':[{'id':241577547,'name':'Syracusanus','wfs':[{'id':243632113,'morph':{'Casus':'ABLATIVE','ComparisonDegree':'POSITIVE','DeclensionType':'FIRST_DECLENSION','Genus':'FEMININE','Numerus':'SINGULAR','Pos':'ADJ'},'name':'Syracusana'}]}],'name':'Syracusanus@ADJ'}]">Syracusana</w><c> </c><w lemma="[{'id':861918,'ls':[{'id':1922,'name':'civitas','wfs':[{'id':243284719,'morph':{'Casus':'ABLATIVE','DeclensionType':'THIRD_DECLENSION','Genus':'FEMININE','Numerus':'SINGULAR','Pos':'NN'},'name':'civitate'}]}],'name':'civitas@NN'}]">civitate</w><c> </c><w lemma="[{'id':4497202,'ls':[{'id':2545,'name':'consisto','wfs':[{'id':4497236,'morph':{'Casus':'NOMINATIVE','ConjugationType':'THIRD_CONJUGATION','Genus':'MASCULINE','Mood':'PARTICIPLE','Numerus':'SINGULAR','Pos':'V','Tense':'PRESENT','VerbType':'TRANSITIVE','Voice':'ACTIVE'},'name':'consistens'}]}],'name':'consisto@V'}]">consistens</w><c> </c><w lemma="[{'id':7238927,'ls':[{'id':7240643,'name':'revertor','wfs':[{'id':7240683,'morph':{'ConjugationType':'THIRD_CONJUGATION','Mood':'INFINITIVE','Pos':'V','Tense':'PRESENT','VerbType':'DEPONENT','Voice':'PASSIVE'},'name':'reverti'}]}],'name':'reverto@V'}]">reverti</w><c> </c><w lemma="[{'id':242816792,'ls':[{'id':242816793,'name':'sui','wfs':[{'id':594734074,'morph':{'Casus':'ACCUSATIVE','Genus':'MASCULINE','Numerus':'SINGULAR','Pos':'PRO','PronounType':'REFLEXIVE'},'name':'se'}]}],'name':'sui@PRO'}]">se</w><c> </c><w lemma="[{'id':109453,'ls':[{'id':109454,'name':'ad','wfs':[{'id':109455,'morph':{'Pos':'AP'},'name':'ad'}]}],'name':'ad@AP'}]">ad</w><c> </c><w lemma="[{'id':6154478,'ls':[{'id':6154479,'name':'lio','wfs':[{'id':6154706,'morph':{'ConjugationType':'FIRST_CONJUGATION','Mood':'SUBJUNCTIVE','Numerus':'SINGULAR','Person':'PERSON_2','Pos':'V','Tense':'IMPERFECT','VerbType':'TRANSITIVE','Voice':'ACTIVE'},'name':'lares'}]}],'name':'lio@V'}]">lares</w><c> </c><lb n="21" xml:id="bsb00000824_00301_21"></lb><w lemma="[{'id':2905058,'ls':[{'id':7523,'name':'proprius','wfs':[{'id':297496541,'morph':{'Casus':'ACCUSATIVE','ComparisonDegree':'POSITIVE','DeclensionType':'SECOND_DECLENSION','Genus':'MASCULINE','Numerus':'PLURAL','Pos':'ADJ'},'name':'proprios'}]}],'name':'proprius@ADJ'}]">proprios</w><c> </c><w lemma="[{'id':7733518,'ls':[{'id':8673,'name':'supplico','wfs':[{'id':7734313,'morph':{'ConjugationType':'FIRST_CONJUGATION','Mood':'INDICATIVE','Numerus':'SINGULAR','Person':'PERSON_3','Pos':'V','Tense':'PERFECT','VerbType':'TRANSITIVE','Voice':'ACTIVE'},'name':'supplicavit'}]}],'name':'supplico@V'}]">supplicavit</w><c>,</c><c> </c><w lemma="[{'id':242816363,'ls':[{'id':242816364,'name':'qui','wfs':[{'id':244511016,'morph':{'Casus':'NOMINATIVE','Genus':'MASCULINE','Numerus':'SINGULAR','Pos':'PRO','PronounType':'RELATIVE'},'name':'qui'}]}],'name':'qui@PRO'}]">qui</w><c> </c><w lemma="[{'id':1378738,'ls':[{'id':8538,'name':'studium','wfs':[{'id':243467414,'morph':{'Casus':'GENITIVE','DeclensionType':'SECOND_DECLENSION','Genus':'NEUTER','Numerus':'PLURAL','Pos':'NN'},'name':'studiorum'}]}],'name':'studium@NN'}]">studiorum</w><c> </c><w lemma="[{'id':839994,'ls':[{'id':1705,'name':'causa','wfs':[{'id':840004,'morph':{'Casus':'ABLATIVE','DeclensionType':'FIRST_DECLENSION','Genus':'FEMININE','Numerus':'SINGULAR','Pos':'NN'},'name':'causa'}]}],'name':'causa@NN'}]">causa</w><c> </c><w lemma="[{'id':1138488,'ls':[{'id':715456764,'name':'liber','wfs':[{'id':715456765,'morph':{'Casus':'ACCUSATIVE','DeclensionType':'SECOND_DECLENSION','Genus':'MASCULINE','Numerus':'PLURAL','Pos':'NN'},'name':'liberos'}]}],'name':'liber@NN'}]">liberos</w><c> </c><w lemma="[{'id':244511757,'ls':[{'id':244511758,'name':'suus','wfs':[{'id':245550201,'morph':{'Casus':'ACCUSATIVE','DeclensionType':'SECOND_DECLENSION','Genus':'MASCULINE','Numerus':'PLURAL','Pos':'PRO','PronounType':'POSSESSIVE'},'name':'suos'}]}],'name':'suus@PRO'}]">suos</w><c> </c><w lemma="[{'id':109453,'ls':[{'id':109454,'name':'ad','wfs':[{'id':109455,'morph':{'Pos':'AP'},'name':'ad'}]}],'name':'ad@AP'}]">ad</w><c> </c><w lemma="[{'id':2993336,'ls':[{'id':2993337,'name':'romanus','wfs':[{'id':243619148,'morph':{'Casus':'ACCUSATIVE','ComparisonDegree':'POSITIVE','DeclensionType':'FIRST_DECLENSION','Genus':'FEMININE','Numerus':'SINGULAR','Pos':'ADJ'},'name':'Romanam'}]}],'name':'romanus@ADJ'}]">Romanam</w><c> </c><w lemma="[{'id':861918,'ls':[{'id':1922,'name':'civitas','wfs':[{'id':241413759,'morph':{'Casus':'ACCUSATIVE','DeclensionType':'THIRD_DECLENSION','Genus':'FEMININE','Numerus':'SINGULAR','Pos':'NN'},'name':'civitatem'}]}],'name':'civitas@NN'}]">civitatem</w><c> </c><w lemma="[{'id':4736055,'ls':[{'id':3095,'name':'deduco','wfs':[{'id':4736382,'morph':{'ConjugationType':'THIRD_CONJUGATION','Mood':'INDICATIVE','Numerus':'SINGULAR','Person':'PERSON_3','Pos':'V','Tense':'PERFECT','VerbType':'TRANSITIVE','Voice':'ACTIVE'},'name':'deduxit'}]}],'name':'deduco@V'}]">deduxit</w><c>.</c><c> </c><lb n="22" xml:id="bsb00000824_00301_22"></lb></s><s><w lemma="[{'id':242816363,'ls':[{'id':242816364,'name':'qui','wfs':[{'id':242816417,'morph':{'Casus':'ACCUSATIVE','Genus':'MASCULINE','Numerus':'PLURAL','Pos':'PRO','PronounType':'RELATIVE'},'name':'quos'}]}],'name':'qui@PRO'}]">Quos</w><c> </c><w lemma="[{'id':2413908,'ls':[{'id':4928,'name':'illustris','wfs':[{'id':2414004,'morph':{'Casus':'NOMINATIVE','ComparisonDegree':'POSITIVE','DeclensionType':'THIRD_DECLENSION','Genus':'FEMININE','Numerus':'SINGULAR','Pos':'ADJ'},'name':'illustris'}]}],'name':'illustris@ADJ'}]">illustris</w><c> </c><w lemma="[{'id':1152448,'ls':[{'id':5918,'name':'magnificentia','wfs':[{'id':1152460,'morph':{'Casus':'NOMINATIVE','DeclensionType':'FIRST_DECLENSION','Genus':'FEMININE','Numerus':'SINGULAR','Pos':'NN'},'name':'magnificentia'}]}],'name':'magnificentia@NN'}]">magnificentia</w><c> </c><w lemma="[{'id':244512131,'ls':[{'id':244512132,'name':'tuus','wfs':[{'id':244512186,'morph':{'Casus':'NOMINATIVE','DeclensionType':'FIRST_DECLENSION','Genus':'FEMININE','Numerus':'SINGULAR','Pos':'PRO','PronounType':'POSSESSIVE'},'name':'tua'}]}],'name':'tuus@PRO'}]">tua</w><c> </c><w lemma="[{'id':109565,'ls':[{'id':109566,'name':'ex','wfs':[{'id':109567,'morph':{'Pos':'AP'},'name':'ex'}]}],'name':'ex@AP'}]">ex</w><c> </c><w lemma="[{'id':244510439,'ls':[{'id':244510440,'name':'noster','wfs':[{'id':6614821,'morph':{'Casus':'ABLATIVE','DeclensionType':'FIRST_DECLENSION','Genus':'FEMININE','Numerus':'SINGULAR','Pos':'PRO','PronounType':'POSSESSIVE'},'name':'nostra'}]}],'name':'noster@PRO'}]">nostra</w><c> </c><w lemma="[{'id':4540931,'ls':[{'id':2645,'name':'contineo','wfs':[{'id':4541398,'morph':{'Casus':'NOMINATIVE','ConjugationType':'SECOND_CONJUGATION','Genus':'FEMININE','Mood':'PARTICIPLE','Numerus':'SINGULAR','Pos':'V','Tense':'PRESENT','VerbType':'TRANSITIVE','Voice':'ACTIVE'},'name':'continens'}]}],'name':'contineo@V'}]">continens</w><c> </c><w lemma="[{'id':1123200,'ls':[{'id':1123201,'name':'iussio','wfs':[{'id':243379762,'morph':{'Casus':'ABLATIVE','DeclensionType':'THIRD_DECLENSION','Genus':'FEMININE','Numerus':'SINGULAR','Pos':'NN'},'name':'iussione'}]}],'name':'iussio@NN'}]">iussione</w><c> </c><w lemma="[{'id':109577,'ls':[{'id':109578,'name':'in','wfs':[{'id':109579,'morph':{'Pos':'AP'},'name':'in'}]}],'name':'in@AP'}]">in</w><c> </c><w lemma="[{'id':109673,'ls':[{'id':109674,'name':'supra','wfs':[{'id':109675,'morph':{'Pos':'AP'},'name':'supra'}]}],'name':'supra@AP'}]">supra</w><c> </c><w lemma="[{'id':4961932,'ls':[{'id':244530688,'name':'dico','wfs':[{'id':4962050,'morph':{'Casus':'ABLATIVE','ConjugationType':'THIRD_CONJUGATION','Genus':'FEMININE','Mood':'PARTICIPLE','Numerus':'SINGULAR','Pos':'V','Tense':'PERFECT','VerbType':'TRANSITIVE','Voice':'PASSIVE'},'name':'dicta'}]}],'name':'dico@V'}]">dicta</w><c> </c><w lemma="[{'id':1441746,'ls':[{'id':9065,'name':'urbs','wfs':[{'id':241492618,'morph':{'Casus':'ABLATIVE','DeclensionType':'THIRD_DECLENSION','Genus':'FEMININE','Numerus':'SINGULAR','Pos':'NN'},'name':'urbe'}]}],'name':'urbs@NN'}]">urbe</w><c> </c><w lemma="[{'id':5475468,'ls':[{'id':4230,'name':'facio','wfs':[{'id':5475805,'morph':{'ConjugationType':'THIRD_CONJUGATION','Mood':'SUBJUNCTIVE','Numerus':'SINGULAR','Person':'PERSON_3','Pos':'V','Tense':'PRESENT','VerbType':'TRANSITIVE','Voice':'ACTIVE'},'name':'faciat'}]}],'name':'facio@V'}]">faciat</w><c> </c><lb n="23" xml:id="bsb00000824_00301_23"></lb><w lemma="[{'id':4292625,'ls':[{'id':2177,'name':'commoror','wfs':[{'id':4293103,'morph':{'ConjugationType':'FIRST_CONJUGATION','Mood':'INFINITIVE','Pos':'V','Tense':'PRESENT','VerbType':'DEPONENT','Voice':'PASSIVE'},'name':'commorari'}]}],'name':'commoror@V'}]">commorari</w><c>:</c><c> </c><w lemma="[{'id':109871,'ls':[{'id':109872,'name':'nec','wfs':[{'id':109873,'morph':{'Pos':'CON'},'name':'nec'}]}],'name':'nec@CON'}]">nec</w><c> </c><w lemma="[{'id':242816114,'ls':[{'id':242816115,'name':'ille','wfs':[{'id':497062768,'morph':{'Casus':'DATIVE','Genus':'NEUTER','Numerus':'PLURAL','Pos':'PRO','PronounType':'DEMONSTRATIVE'},'name':'illis'}]}],'name':'ille@PRO'}]">illis</w><c> </c><w lemma="[{'id':6146420,'ls':[{'id':6146421,'name':'licet','wfs':[{'id':6146500,'morph':{'ConjugationType':'SECOND_CONJUGATION','Mood':'SUBJUNCTIVE','Numerus':'SINGULAR','Person':'PERSON_3','Pos':'V','Tense':'PRESENT','VerbType':'IMPERSONAL','Voice':'ACTIVE'},'name':'liceat'}]}],'name':'licet@V'}]">liceat</w><c> </c><w lemma="[{'id':122768,'ls':[{'id':817,'name':'ante','wfs':[{'id':122771,'morph':{'Pos':'ADV'},'name':'ante'}]}],'name':'ante@ADV'}]">ante</w><c> </c><w lemma="[{'id':5022060,'ls':[{'id':3566,'name':'discedo','wfs':[{'id':5022141,'morph':{'ConjugationType':'THIRD_CONJUGATION','Mood':'INFINITIVE','Pos':'V','Tense':'PRESENT','VerbType':'TRANSITIVE','Voice':'ACTIVE'},'name':'discedere'}]}],'name':'discedo@V'}]">discedere</w><c>,</c><c> </c><w lemma="[{'id':109907,'ls':[{'id':109908,'name':'nisi','wfs':[{'id':109909,'morph':{'Pos':'CON'},'name':'nisi'}]}],'name':'nisi@CON'}]">nisi</w><c> </c><w lemma="[{'id':242815996,'ls':[{'id':242815997,'name':'hic','wfs':[{'id':36187642,'morph':{'Casus':'ACCUSATIVE','Genus':'NEUTER','Numerus':'SINGULAR','Pos':'PRO','PronounType':'DEMONSTRATIVE'},'name':'hoc'}]}],'name':'hic@PRO'}]">hoc</w><c> </c><w lemma="[{'id':244510439,'ls':[{'id':244510440,'name':'noster','wfs':[{'id':244510477,'morph':{'Casus':'NOMINATIVE','DeclensionType':'SECOND_DECLENSION','Genus':'MASCULINE','Numerus':'SINGULAR','Pos':'PRO','PronounType':'POSSESSIVE'},'name':'noster'}]}],'name':'noster@PRO'}]">noster</w><c> </c><w lemma="[{'id':6929881,'ls':[{'id':6929882,'name':'proloquor','wfs':[{'id':6929978,'morph':{'ConjugationType':'THIRD_CONJUGATION','Mood':'SUBJUNCTIVE','Numerus':'SINGULAR','Person':'PERSON_3','Pos':'V','Tense':'PRESENT','VerbType':'DEPONENT','Voice':'PASSIVE'},'name':'proloquatur'}]}],'name':'proloquor@V'}]">proloquatur</w><c> </c><w lemma="[{'id':732593,'ls':[{'id':732598,'name':'affatus','wfs':[{'id':243244924,'morph':{'Casus':'NOMINATIVE','DeclensionType':'FOURTH_DECLENSION','Genus':'MASCULINE','Numerus':'SINGULAR','Pos':'NN'},'name':'affatus'}]}],'name':'affatus@NN'}]">affatus</w><c>.</c><c> </c></s><s><w lemma="[{'id':196519,'ls':[{'id':5544,'name':'ita','wfs':[{'id':196520,'morph':{'Pos':'ADV'},'name':'ita'}]}],'name':'ita@ADV'}]">ita</w><c> </c><lb n="24" xml:id="bsb00000824_00301_24"></lb><w lemma="[{'id':109821,'ls':[{'id':109822,'name':'enim','wfs':[{'id':109823,'morph':{'Pos':'CON'},'name':'enim'}]}],'name':'enim@CON'}]">enim</w><c> </c><w lemma="[{'id':109828,'ls':[{'id':109829,'name':'et','wfs':[{'id':109830,'morph':{'Pos':'CON'},'name':'et'}]}],'name':'et@CON'}]">et</w><c> </c><w lemma="[{'id':242816114,'ls':[{'id':242816115,'name':'ille','wfs':[{'id':497062765,'morph':{'Casus':'ABLATIVE','Genus':'MASCULINE','Numerus':'PLURAL','Pos':'PRO','PronounType':'DEMONSTRATIVE'},'name':'illis'}]}],'name':'ille@PRO'}]">illis</w><c> </c><w lemma="[{'id':1378738,'ls':[{'id':8538,'name':'studium','wfs':[{'id':243467414,'morph':{'Casus':'GENITIVE','DeclensionType':'SECOND_DECLENSION','Genus':'NEUTER','Numerus':'PLURAL','Pos':'NN'},'name':'studiorum'}]}],'name':'studium@NN'}]">studiorum</w><c> </c><w lemma="[{'id':1290724,'ls':[{'id':1290728,'name':'provectus','wfs':[{'id':1290730,'morph':{'Casus':'NOMINATIVE','DeclensionType':'FOURTH_DECLENSION','Genus':'MASCULINE','Numerus':'SINGULAR','Pos':'NN'},'name':'provectus'}]}],'name':'provectus@NN'}]">provectus</w><c> </c><w lemma="[{'id':3415565,'ls':[{'id':360,'name':'adquiro','wfs':[{'id':3416769,'morph':{'ConjugationType':'THIRD_CONJUGATION','Mood':'INDICATIVE','Numerus':'SINGULAR','Person':'PERSON_3','Pos':'V','Tense':'PRESENT','VerbType':'TRANSITIVE','Voice':'PASSIVE'},'name':'adquiritur'}]}],'name':'acquiro@V'}]">adquiritur</w><c> </c><w lemma="[{'id':109828,'ls':[{'id':109829,'name':'et','wfs':[{'id':109830,'morph':{'Pos':'CON'},'name':'et'}]}],'name':'et@CON'}]">et</w><c> </c><w lemma="[{'id':244510439,'ls':[{'id':244510440,'name':'noster','wfs':[{'id':245551334,'morph':{'Casus':'GENITIVE','DeclensionType':'FIRST_DECLENSION','Genus':'FEMININE','Numerus':'SINGULAR','Pos':'PRO','PronounType':'POSSESSIVE'},'name':'nostrae'}]}],'name':'noster@PRO'}]">nostrae</w><c> </c><w lemma="[{'id':1123200,'ls':[{'id':1123201,'name':'iussio','wfs':[{'id':1123204,'morph':{'Casus':'GENITIVE','DeclensionType':'THIRD_DECLENSION','Genus':'FEMININE','Numerus':'SINGULAR','Pos':'NN'},'name':'iussionis'}]}],'name':'iussio@NN'}]">iussionis</w><c> </c><w lemma="[{'id':1327724,'ls':[{'id':7961,'name':'reverentia','wfs':[{'id':1327756,'morph':{'Casus':'NOMINATIVE','DeclensionType':'FIRST_DECLENSION','Genus':'FEMININE','Numerus':'SINGULAR','Pos':'NN'},'name':'reverentia'}]}],'name':'reverentia@NN'}]">reverentia</w><c> </c><w lemma="[{'id':4681710,'ls':[{'id':2987,'name':'custodio','wfs':[{'id':4682063,'morph':{'ConjugationType':'FOURTH_CONJUGATION','Mood':'INDICATIVE','Numerus':'SINGULAR','Person':'PERSON_3','Pos':'V','Tense':'PRESENT','VerbType':'TRANSITIVE','Voice':'PASSIVE'},'name':'custoditur'}]}],'name':'custodio@V'}]">custoditur</w><c>.</c><c> </c><lb n="25" xml:id="bsb00000824_00301_25"></lb></s><s><w lemma="[{'id':206035,'ls':[{'id':6416,'name':'non','wfs':[{'id':241322627,'morph':{'Pos':'ADV'},'name':'non'}]}],'name':'non@ADV'}]">Non</w><c> </c><w lemma="[{'id':171912,'ls':[{'id':171913,'name':'ergo','wfs':[{'id':171914,'morph':{'ComparisonDegree':'POSITIVE','Pos':'ADV'},'name':'ergo'}]}],'name':'ergo@ADV'}]">ergo</w><c> </c><w lemma="[{'id':242816792,'ls':[{'id':242816793,'name':'sui','wfs':[{'id':554766465,'morph':{'Casus':'DATIVE','Genus':'MASCULINE','Numerus':'SINGULAR','Pos':'PRO','PronounType':'REFLEXIVE'},'name':'sibi'}]}],'name':'sui@PRO'}]">sibi</w><c> </c><w lemma="[{'id':7017319,'ls':[{'id':7652,'name':'puto','wfs':[{'id':7017672,'morph':{'ConjugationType':'FIRST_CONJUGATION','Mood':'SUBJUNCTIVE','Numerus':'SINGULAR','Person':'PERSON_3','Pos':'V','Tense':'PRESENT','VerbType':'TRANSITIVE','Voice':'ACTIVE'},'name':'putet'}]}],'name':'puto@V'}]">putet</w><c> </c><w lemma="[{'id':5739390,'ls':[{'id':5006,'name':'impono','wfs':[{'id':5739453,'morph':{'Casus':'ACCUSATIVE','ConjugationType':'THIRD_CONJUGATION','Genus':'MASCULINE','Mood':'PARTICIPLE','Numerus':'SINGULAR','Pos':'V','Tense':'PERFECT','VerbType':'TRANSITIVE','Voice':'PASSIVE'},'name':'impositum'}]}],'name':'impono@V'}]">impositum</w><c>,</c><c> </c><w lemma="[{'id':242816363,'ls':[{'id':242816364,'name':'qui','wfs':[{'id':296826590,'morph':{'Casus':'NOMINATIVE','Genus':'NEUTER','Numerus':'SINGULAR','Pos':'PRO','PronounType':'RELATIVE'},'name':'quod'}]}],'name':'qui@PRO'}]">quod</w><c> </c><w lemma="[{'id':4694501,'ls':[{'id':3027,'name':'debeo','wfs':[{'id':4694857,'morph':{'ConjugationType':'SECOND_CONJUGATION','Mood':'INDICATIVE','Numerus':'SINGULAR','Person':'PERSON_3','Pos':'V','Tense':'PERFECT','VerbType':'TRANSITIVE','Voice':'ACTIVE'},'name':'debuit'}]}],'name':'debeo@V'}]">debuit</w><c> </c><w lemma="[{'id':7617143,'ls':[{'id':7617144,'name':'sum','wfs':[{'id':7617145,'morph':{'Mood':'INFINITIVE','Pos':'V','Tense':'PRESENT','VerbType':'VERBA_ANOMALA','Voice':'ACTIVE'},'name':'esse'}]}],'name':'sum@V'}]">esse</w><c> </c><w lemma="[{'id':3304563,'ls':[{'id':3304676,'name':'votivus','wfs':[{'id':3304754,'morph':{'Casus':'ACCUSATIVE','ComparisonDegree':'POSITIVE','DeclensionType':'SECOND_DECLENSION','Genus':'MASCULINE','Numerus':'SINGULAR','Pos':'ADJ'},'name':'votivum'}]}],'name':'votivus@ADJ'}]">votivum</w><c>.</c><c> </c></s><s><w lemma="[{'id':242816293,'ls':[{'id':242816294,'name':'nullus','wfs':[{'id':244510546,'morph':{'Casus':'DATIVE','Genus':'MASCULINE','Numerus':'SINGULAR','Pos':'PRO','PronounType':'INDEFINITE'},'name':'nulli'}]}],'name':'nullus@PRO'}]">nulli</w><c> </c><w lemma="[{'id':7617143,'ls':[{'id':7617144,'name':'sum','wfs':[{'id':244519866,'morph':{'Mood':'SUBJUNCTIVE','Numerus':'SINGULAR','Person':'PERSON_3','Pos':'V','Tense':'PRESENT','VerbType':'VERBA_ANOMALA','Voice':'ACTIVE'},'name':'sit'}]}],'name':'sum@V'}]">sit</w><c> </c><w lemma="[{'id':2500788,'ls':[{'id':5243,'name':'ingratus','wfs':[{'id':2500874,'morph':{'Casus':'NOMINATIVE','ComparisonDegree':'POSITIVE','DeclensionType':'FIRST_DECLENSION','Genus':'FEMININE','Numerus':'SINGULAR','Pos':'ADJ'},'name':'ingrata'}]}],'name':'ingratus@ADJ'}]">ingrata</w><c> </c><w lemma="[{'id':241385502,'ls':[{'id':241385503,'name':'Roma','wfs':[{'id':241385510,'morph':{'Casus':'NOMINATIVE','DeclensionType':'FIRST_DECLENSION','Genus':'FEMININE','Numerus':'SINGULAR','Pos':'NE'},'name':'Roma'}]}],'name':'Roma@NE'}]">Roma</w><c>,</c><c> </c><lb n="26" xml:id="bsb00000824_00301_26"></lb><w lemma="[{'id':242816363,'ls':[{'id':242816364,'name':'qui','wfs':[{'id':296826594,'morph':{'Casus':'NOMINATIVE','Genus':'FEMININE','Numerus':'SINGULAR','Pos':'PRO','PronounType':'RELATIVE'},'name':'quae'}]}],'name':'qui@PRO'}]">quae</w><c> </c><w lemma="[{'id':4961932,'ls':[{'id':244530688,'name':'dico','wfs':[{'id':4962096,'morph':{'ConjugationType':'THIRD_CONJUGATION','Mood':'INFINITIVE','Pos':'V','Tense':'PRESENT','VerbType':'TRANSITIVE','Voice':'PASSIVE'},'name':'dici'}]}],'name':'dico@V'}]">dici</w><c> </c><w lemma="[{'id':206035,'ls':[{'id':6416,'name':'non','wfs':[{'id':241322627,'morph':{'Pos':'ADV'},'name':'non'}]}],'name':'non@ADV'}]">non</w><c> </c><w lemma="[{'id':6741602,'ls':[{'id':7228,'name':'possum','wfs':[{'id':244516537,'morph':{'Mood':'INDICATIVE','Numerus':'SINGULAR','Person':'PERSON_3','Pos':'V','Tense':'PRESENT','VerbType':'VERBA_ANOMALA','Voice':'ACTIVE'},'name':'potest'}]}],'name':'possum@V'}]">potest</w><c> </c><w lemma="[{'id':1587169,'ls':[{'id':1587170,'name':'alienus','wfs':[{'id':1587256,'morph':{'Casus':'NOMINATIVE','ComparisonDegree':'POSITIVE','DeclensionType':'FIRST_DECLENSION','Genus':'FEMININE','Numerus':'SINGULAR','Pos':'ADJ'},'name':'aliena'}]}],'name':'alienus@ADJ'}]">aliena</w><c>,</c><c> </c><w lemma="[{'id':242816114,'ls':[{'id':242816115,'name':'ille','wfs':[{'id':244509856,'morph':{'Casus':'NOMINATIVE','Genus':'FEMININE','Numerus':'SINGULAR','Pos':'PRO','PronounType':'DEMONSTRATIVE'},'name':'illa'}]}],'name':'ille@PRO'}]">illa</w><c> </c><w lemma="[{'id':992005,'ls':[{'id':3837,'name':'eloquentia','wfs':[{'id':992017,'morph':{'Casus':'GENITIVE','DeclensionType':'FIRST_DECLENSION','Genus':'FEMININE','Numerus':'SINGULAR','Pos':'NN'},'name':'eloquentiae'}]}],'name':'eloquentia@NN'}]">eloquentiae</w><c> </c><w lemma="[{'id':2315071,'ls':[{'id':4304,'name':'fecundus','wfs':[{'id':502899871,'morph':{'Casus':'NOMINATIVE','ComparisonDegree':'POSITIVE','DeclensionType':'FIRST_DECLENSION','Genus':'FEMININE','Numerus':'SINGULAR','Pos':'ADJ'},'name':'fecunda'}]}],'name':'fecundus@ADJ'}]">fecunda</w><c> </c><w lemma="[{'id':1159310,'ls':[{'id':5997,'name':'mater','wfs':[{'id':241454304,'morph':{'Casus':'NOMINATIVE','DeclensionType':'THIRD_DECLENSION','Genus':'FEMININE','Numerus':'SINGULAR','Pos':'NN'},'name':'mater'}]}],'name':'mater@NN'}]">mater</w><c>,</c><c> </c><w lemma="[{'id':242816114,'ls':[{'id':242816115,'name':'ille','wfs':[{'id':244509856,'morph':{'Casus':'NOMINATIVE','Genus':'FEMININE','Numerus':'SINGULAR','Pos':'PRO','PronounType':'DEMONSTRATIVE'},'name':'illa'}]}],'name':'ille@PRO'}]">illa</w><c> </c><w lemma="[{'id':1467592,'ls':[{'id':9290,'name':'virtus','wfs':[{'id':1467612,'morph':{'Casus':'GENITIVE','DeclensionType':'THIRD_DECLENSION','Genus':'FEMININE','Numerus':'PLURAL','Pos':'NN'},'name':'virtutum'}]}],'name':'virtus@NN'}]">virtutum</w><c> </c><w lemma="[{'id':2744416,'ls':[{'id':6625,'name':'omnis','wfs':[{'id':2744430,'morph':{'Casus':'GENITIVE','ComparisonDegree':'POSITIVE','DeclensionType':'THIRD_DECLENSION','Genus':'MASCULINE','Numerus':'PLURAL','Pos':'ADJ'},'name':'omnium'}]}],'name':'omnis@ADJ'}]">omnium</w><c> </c><lb n="27" xml:id="bsb00000824_00301_27"></lb><w lemma="[{'id':2601468,'ls':[{'id':242227899,'name':'latius','wfs':[{'id':244076490,'morph':{'Casus':'NOMINATIVE','ComparisonDegree':'SUPERLATIVE','DeclensionType':'SECOND_DECLENSION','Genus':'NEUTER','Numerus':'SINGULAR','Pos':'ADJ'},'name':'latissimum'}]}],'name':'latus@ADJ'}]">latissimum</w><c> </c><w lemma="[{'id':1412710,'ls':[{'id':8769,'name':'templum','wfs':[{'id':241487589,'morph':{'Casus':'NOMINATIVE','DeclensionType':'SECOND_DECLENSION','Genus':'NEUTER','Numerus':'SINGULAR','Pos':'NN'},'name':'templum'}]}],'name':'templum@NN'}]">templum</w><c>.</c><c> </c></s><s><w lemma="[{'id':7355982,'ls':[{'id':244500552,'name':'sentio','wfs':[{'id':297496729,'morph':{'ConjugationType':'FOURTH_CONJUGATION','Mood':'SUBJUNCTIVE','Numerus':'SINGULAR','Person':'PERSON_3','Pos':'V','Tense':'PRESENT','VerbType':'INTRANSITIVE','Voice':'PASSIVE'},'name':'sentiatur'}]}],'name':'sentio@V'}]">sentiatur</w><c> </c><w lemma="[{'id':217322,'ls':[{'id':7140,'name':'plane','wfs':[{'id':217325,'morph':{'ComparisonDegree':'POSITIVE','Pos':'ADV'},'name':'plane'}]}],'name':'plane@ADV'}]">plane</w><c>,</c><c> </c><w lemma="[{'id':242816363,'ls':[{'id':242816364,'name':'qui','wfs':[{'id':245004334,'morph':{'Casus':'ACCUSATIVE','Genus':'NEUTER','Numerus':'SINGULAR','Pos':'PRO','PronounType':'RELATIVE'},'name':'quod'}]}],'name':'qui@PRO'}]">quod</w><c> </c><w lemma="[{'id':1887165,'ls':[{'id':1931,'name':'clarus','wfs':[{'id':1887298,'morph':{'Casus':'NOMINATIVE','ComparisonDegree':'POSITIVE','DeclensionType':'SECOND_DECLENSION','Genus':'NEUTER','Numerus':'SINGULAR','Pos':'ADJ'},'name':'clarum'}]}],'name':'clarus@ADJ'}]">clarum</w><c> </c><w lemma="[{'id':7617143,'ls':[{'id':7617144,'name':'sum','wfs':[{'id':242825881,'morph':{'Mood':'INDICATIVE','Numerus':'SINGULAR','Person':'PERSON_3','Pos':'V','Tense':'PRESENT','VerbType':'VERBA_ANOMALA','Voice':'ACTIVE'},'name':'est'}]}],'name':'sum@V'}]">est</w><c>:</c><c> </c><w lemma="[{'id':206035,'ls':[{'id':6416,'name':'non','wfs':[{'id':241322627,'morph':{'Pos':'ADV'},'name':'non'}]}],'name':'non@ADV'}]">non</w><c> </c><w lemma="[{'id':109658,'ls':[{'id':109659,'name':'sine','wfs':[{'id':109660,'morph':{'Pos':'AP'},'name':'sine'}]}],'name':'sine@AP'}]">sine</w><c> </c><w lemma="[{'id':1056993,'ls':[{'id':4717,'name':'gratia','wfs':[{'id':1057003,'morph':{'Casus':'ABLATIVE','DeclensionType':'FIRST_DECLENSION','Genus':'FEMININE','Numerus':'SINGULAR','Pos':'NN'},'name':'gratia'}]}],'name':'gratia@NN'}]">gratia</w><c> </c><w lemma="[{'id':7617143,'ls':[{'id':7617144,'name':'sum','wfs':[{'id':7617145,'morph':{'Mood':'INFINITIVE','Pos':'V','Tense':'PRESENT','VerbType':'VERBA_ANOMALA','Voice':'ACTIVE'},'name':'esse'}]}],'name':'sum@V'}]">esse</w><c> </c><w lemma="[{'id':4637462,'ls':[{'id':2846,'name':'credo','wfs':[{'id':4637784,'morph':{'ConjugationType':'THIRD_CONJUGATION','Mood':'INDICATIVE','Numerus':'SINGULAR','Person':'PERSON_3','Pos':'V','Tense':'PRESENT','VerbType':'TRANSITIVE','Voice':'PASSIVE'},'name':'creditur'}]}],'name':'credo@V'}]">creditur</w><c>,</c><c> </c><lb n="28" xml:id="bsb00000824_00301_28"></lb><w lemma="[{'id':242816363,'ls':[{'id':242816364,'name':'qui','wfs':[{'id':244990008,'morph':{'Casus':'DATIVE','Genus':'MASCULINE','Numerus':'SINGULAR','Pos':'PRO','PronounType':'RELATIVE'},'name':'cui'}]}],'name':'qui@PRO'}]">cui</w><c> </c><w lemma="[{'id':1060018,'ls':[{'id':4761,'name':'habitatio','wfs':[{'id':1060025,'morph':{'Casus':'NOMINATIVE','DeclensionType':'THIRD_DECLENSION','Genus':'FEMININE','Numerus':'SINGULAR','Pos':'NN'},'name':'habitatio'}]}],'name':'habitatio@NN'}]">habitatio</w><c> </c><w lemma="[{'id':244511939,'ls':[{'id':244511940,'name':'tantus','wfs':[{'id':484140381,'morph':{'Casus':'ABLATIVE','DeclensionType':'FIRST_DECLENSION','Genus':'FEMININE','Numerus':'SINGULAR','Pos':'PRO','PronounType':'CORRELATIVE'},'name':'tanta'}]}],'name':'tantus@PRO'}]">tanta</w><c> </c><w lemma="[{'id':6846113,'ls':[{'id':7340,'name':'praesto','wfs':[{'id':6846613,'morph':{'ConjugationType':'FIRST_CONJUGATION','Mood':'INDICATIVE','Numerus':'SINGULAR','Person':'PERSON_3','Pos':'V','Tense':'PRESENT','VerbType':'TRANSITIVE','Voice':'PASSIVE'},'name':'praestatur'}]}],'name':'praesto@V'}]">praestatur</w><c>.</c></s></p></div></body></text></TEI>