<?xml version="1.0" ?><TEI xmlns="http://www.tei-c.org/ns/1.0"><teiHeader><fileDesc><titleStmt><title>MGH Auct. ant. 12: Cassiodori Senatoris Variae</title><editor>Mommsen, Theodor</editor></titleStmt><publicationStmt><publisher>Monumenta Germaniae Historica (MGH)</publisher><publisher>Bavarian State Library (BSB), München</publisher><idno type="BSB">bsb00000824</idno><idno type="MGH"><idno type="Annotation_created_by">sysop</idno><idno type="Annotation_created_on">Wed Oct 18 18:59:29 CEST 2017</idno><idno type="Annotation_last_changed_by">geelhaar</idno><idno type="Annotation_last_changed_on">Thu Aug 20 10:43:41 CEST 2020</idno><idno type="Author_(German)">Cassiodor (Flavius Magnus Aurelius Cassiodorus Senator)</idno><idno type="Author_(Latin)">Cassiodorus Vivariensis</idno><idno type="BSB">bsb00000824</idno><idno type="Bibliographical_Link">http://stabikat.de/DB=1/XMLPRS=N/PPN?PPN=235118842</idno><idno type="C_Stat">06</idno><idno type="C1">06</idno><idno type="C2">05</idno><idno type="Column">033</idno><idno type="Commentary">dated according to Stefan Krautschick, Cassiodor und die Politik seiner Zeit. Bonn 1983, 73.  (TG)</idno><idno type="Concordance_View">true</idno><idno type="Digital_Edition_Statement">Text retrieved from the critical edition and prepared by the BMBF funded project "Humanist Computer Interaction under Scrutiny"(https://humanist.hs-mainz.de/en/). The Latin Text Archive (LTA) version has been created at Goethe University Frankfurt by the CompHistSem-Work Group (hudesktop.hucompute.org).</idno><idno type="Edition">MGH Auctores antiquissimi 12</idno><idno type="LTA_Export">true</idno><idno type="Licence_Info">CC BY 4.0</idno><idno type="Multiple_Lemmata_under_a_unique_Super_lemma">0.00%</idno><idno type="Multiple_Super_lemmata">0.00%</idno><idno type="Multiple_Wordforms_under_a_unique_Lemma">0.00%</idno><idno type="Multiple_Wordforms._Tagger_based_result._Multiple_Lemmata_possible">0.00%</idno><idno type="Multiple_Wordforms._Tagger_based_result._Multiple_Super_Lemmata_possible">0.00%</idno><idno type="Not_yet_linked_or_unknown_Wordform">0.00%</idno><idno type="Page">033</idno><idno type="Provided_by">Monumenta Germaniae Historica</idno><idno type="RepFontMA">not available</idno><idno type="Status">c</idno><idno type="Text_Type">Letter</idno><idno type="Text_Type_Class">Letters</idno><idno type="Time">507/508</idno><idno type="Title">Variae 01.33 - Agapito viro illustri praefecto urbis Romae Theodericus rex</idno><idno type="Type_of_Corpus">Corpus of Letters</idno><idno type="URL">http://www.mgh.de/dmgh/resolving/MGH_Auct._ant._12_S._33</idno><idno type="Unique_Wordform">100,00%</idno><idno type="Unique_Wordform._Tagger_based_result._Multiple_Lemmata_possible">0.00%</idno><idno type="Unique_Wordform._Tagger_based_result._Multiple_Super_lemmata_possible">0.00%</idno><idno type="VIAF_(Expression)">182693798</idno><idno type="VIAF_(Expression)_Link">http://viaf.org/viaf/182693798</idno><idno type="VIAF_(Person)">95230707</idno><idno type="VIAF_(Person)_Link">http://viaf.org/viaf/95230707</idno><idno type="Volume">Auct. ant. 12</idno><idno type="Year_of_Publication_(interpreted)">0508</idno>MGH Auct. ant. 12</idno><availability><licence target="http://creativecommons.org/licenses/by/4.0/"><p>Distributed under the Creative Commons Attribution 4.0 International (CC BY 4.0) license.</p><p>This license covers the annotations added by the Monumenta Germaniae Historica and the
            Bavarian State Library, Munich, in the course of project "digital MGH"
            <ref target="http://www.dmgh.de">http://www.dmgh.de</ref>, funded by the
            German Research Foundation (DFG).</p><p>We do not claim any rights on the text itself which is believed to be in the public domain.</p><p>If you distribute a copy or a derivative version of this file, please indicate the source
            of the file by mentioning the Monumenta Germaniae Historica (MGH) and the
            Bavarian State Library, Munich (BSB).</p></licence></availability><date when="2016-11-28T16:32:43+01:00">2016-11-28, 16:32:43</date></publicationStmt><sourceDesc><biblFull><titleStmt><title>Cassiodori Senatoris Variae</title><editor>Mommsen, Theodor</editor></titleStmt><publicationStmt><publisher>Weidmann</publisher><pubPlace>Berlin</pubPlace><date>1894</date></publicationStmt><seriesStmt><title>Auctores antiquissimi</title><biblScope unit="volume">12</biblScope></seriesStmt></biblFull></sourceDesc></fileDesc><revisionDesc><change when="20-12-2017 11:45" who="mbecker"></change><change when="20-12-2017 11:48" who="mbecker"></change></revisionDesc></teiHeader><text><body><div><pb n="33" xml:id="bsb00000824_00217"></pb><lb n="1" xml:id="bsb00000824_00217_1"></lb><head n="3"><s><w lemma="[{'id':241346594,'ls':[{'id':241346595,'name':'NUMERAL','wfs':[{'id':498534630,'morph':{'Pos':'NUM'},'name':'xxxiii'}]}],'name':'NUMERAL@NUM'}]">XXXIII</w><c>.</c><c> </c><lb n="2" xml:id="bsb00000824_00217_2"></lb><w lemma="[{'id':274820,'ls':[{'id':274821,'name':'Agapitus','wfs':[{'id':274832,'morph':{'Casus':'DATIVE','DeclensionType':'SECOND_DECLENSION','Genus':'MASCULINE','Numerus':'SINGULAR','Pos':'NP'},'name':'Agapito'}]}],'name':'Agapitus@NP'}]">AGAPITO</w><c> </c><w lemma="[{'id':1466541,'ls':[{'id':9281,'name':'vir','wfs':[{'id':779458787,'morph':{'Casus':'DATIVE','DeclensionType':'SECOND_DECLENSION','Genus':'MASCULINE','Numerus':'SINGULAR','Pos':'NN'},'name':'v'}]}],'name':'vir@NN'}]">V</w><c>.</c><c> </c><w lemma="[{'id':2413908,'ls':[{'id':4928,'name':'illustris','wfs':[{'id':779459471,'morph':{'Casus':'DATIVE','ComparisonDegree':'POSITIVE','DeclensionType':'THIRD_DECLENSION','Genus':'MASCULINE','Numerus':'SINGULAR','Pos':'ADJ'},'name':'I'}]}],'name':'illustris@ADJ'}]">I</w><c>.</c><c> </c><w lemma="[{'id':1269621,'ls':[{'id':7302,'name':'praefectus','wfs':[{'id':779483080,'morph':{'Casus':'DATIVE','DeclensionType':'SECOND_DECLENSION','Genus':'MASCULINE','Numerus':'SINGULAR','Pos':'NN'},'name':'P'}]}],'name':'praefectus@NN'}]">P</w><c>.</c><c> </c><w lemma="[{'id':1441746,'ls':[{'id':9065,'name':'urbs','wfs':[{'id':779483081,'morph':{'DeclensionType':'THIRD_DECLENSION','Genus':'FEMININE','Numerus':'SINGULAR','Pos':'NN'},'name':'U'}]}],'name':'urbs@NN'}]">U</w><c>.</c><c> </c><w lemma="[{'id':624521,'ls':[{'id':624522,'name':'Theodericus','wfs':[{'id':243244190,'morph':{'Casus':'NOMINATIVE','DeclensionType':'SECOND_DECLENSION','Genus':'MASCULINE','Numerus':'SINGULAR','Pos':'NP'},'name':'Theodericus'}]}],'name':'Theodericus@NP'}]">THEODERICUS</w><c> </c><w lemma="[{'id':1329481,'ls':[{'id':7965,'name':'rex','wfs':[{'id':1329499,'morph':{'Casus':'NOMINATIVE','DeclensionType':'THIRD_DECLENSION','Genus':'MASCULINE','Numerus':'SINGULAR','Pos':'NN'},'name':'rex'}]}],'name':'rex@NN'}]">REX</w><c>.</c></s></head><note><s><hi rend="ITALICS"><w lemma="[{'id':759853,'ls':[{'id':807,'name':'annus','wfs':[{'id':382849904,'morph':{'Casus':'ABLATIVE','DeclensionType':'SECOND_DECLENSION','Genus':'MASCULINE','Numerus':'SINGULAR','Pos':'NN'},'name':'a'}]}],'name':'annus@NN'}]">a</w><c>.</c><c> </c><w lemma="[{'id':241346594,'ls':[{'id':241346595,'name':'NUMERAL','wfs':[{'id':241346596,'morph':{'Pos':'NUM'},'name':'NUMERAL'}]}],'name':'NUMERAL@NUM'}]">507</w><c>|</c><w lemma="[{'id':241346594,'ls':[{'id':241346595,'name':'NUMERAL','wfs':[{'id':241346596,'morph':{'Pos':'NUM'},'name':'NUMERAL'}]}],'name':'NUMERAL@NUM'}]">509</w></hi></s></note><lb n="3" xml:id="bsb00000824_00217_3"></lb><p><s><w lemma="[{'id':6316738,'ls':[{'id':6316739,'name':'nescio','wfs':[{'id':6317092,'morph':{'ConjugationType':'FOURTH_CONJUGATION','Mood':'INDICATIVE','Numerus':'SINGULAR','Person':'PERSON_3','Pos':'V','Tense':'PRESENT','VerbType':'TRANSITIVE','Voice':'ACTIVE'},'name':'nescit'}]}],'name':'nescio@V'}]">Nescit</w><c> </c><w lemma="[{'id':1356823,'ls':[{'id':1356824,'name':'serenitas','wfs':[{'id':1356836,'morph':{'Casus':'GENITIVE','DeclensionType':'THIRD_DECLENSION','Genus':'FEMININE','Numerus':'SINGULAR','Pos':'NN'},'name':'serenitatis'}]}],'name':'serenitas@NN'}]">serenitatis</w><c> </c><w lemma="[{'id':244510439,'ls':[{'id':244510440,'name':'noster','wfs':[{'id':245551334,'morph':{'Casus':'GENITIVE','DeclensionType':'FIRST_DECLENSION','Genus':'FEMININE','Numerus':'SINGULAR','Pos':'PRO','PronounType':'POSSESSIVE'},'name':'nostrae'}]}],'name':'noster@PRO'}]">nostrae</w><c> </c><w lemma="[{'id':6914468,'ls':[{'id':7447,'name':'profero','wfs':[{'id':514110,'morph':{'Casus':'ACCUSATIVE','Genus':'NEUTER','Mood':'PARTICIPLE','Numerus':'SINGULAR','Pos':'V','Tense':'PERFECT','VerbType':'VERBA_ANOMALA','Voice':'PASSIVE'},'name':'prolatum'}]}],'name':'profero@V'}]">prolatum</w><c> </c><w lemma="[{'id':233858,'ls':[{'id':233859,'name':'semel','wfs':[{'id':233860,'morph':{'ComparisonDegree':'POSITIVE','Pos':'ADV'},'name':'semel'}]}],'name':'semel@ADV'}]">semel</w><c> </c><w lemma="[{'id':7801198,'ls':[{'id':8853,'name':'titubo','wfs':[{'id':7801279,'morph':{'ConjugationType':'FIRST_CONJUGATION','Mood':'INFINITIVE','Pos':'V','Tense':'PRESENT','VerbType':'TRANSITIVE','Voice':'ACTIVE'},'name':'titubare'}]}],'name':'titubo@V'}]">titubare</w><c> </c><w lemma="[{'id':1119861,'ls':[{'id':1119862,'name':'iudicium','wfs':[{'id':243378426,'morph':{'Casus':'ACCUSATIVE','DeclensionType':'SECOND_DECLENSION','Genus':'NEUTER','Numerus':'SINGULAR','Pos':'NN'},'name':'iudicium'}]}],'name':'iudicium@NN'}]">iudicium</w><c>:</c><c> </c><w lemma="[{'id':109871,'ls':[{'id':109872,'name':'nec','wfs':[{'id':109873,'morph':{'Pos':'CON'},'name':'nec'}]}],'name':'nec@CON'}]">nec</w><c> </c><w lemma="[{'id':242816363,'ls':[{'id':242816364,'name':'qui','wfs':[{'id':245004334,'morph':{'Casus':'ACCUSATIVE','Genus':'NEUTER','Numerus':'SINGULAR','Pos':'PRO','PronounType':'RELATIVE'},'name':'quod'}]}],'name':'qui@PRO'}]">quod</w><c> </c><w lemma="[{'id':2910462,'ls':[{'id':7577,'name':'providus','wfs':[{'id':2910641,'morph':{'Casus':'ABLATIVE','ComparisonDegree':'POSITIVE','DeclensionType':'FIRST_DECLENSION','Genus':'FEMININE','Numerus':'SINGULAR','Pos':'ADJ'},'name':'provida'}]}],'name':'providus@ADJ'}]">provida</w><c> </c><lb n="4" xml:id="bsb00000824_00217_4"></lb><w lemma="[{'id':973219,'ls':[{'id':973220,'name':'dispositio','wfs':[{'id':243325449,'morph':{'Casus':'ABLATIVE','DeclensionType':'THIRD_DECLENSION','Genus':'FEMININE','Numerus':'SINGULAR','Pos':'NN'},'name':'dispositione'}]}],'name':'dispositio@NN'}]">dispositione</w><c> </c><w lemma="[{'id':4510528,'ls':[{'id':2587,'name':'constituo','wfs':[{'id':4510993,'morph':{'ConjugationType':'THIRD_CONJUGATION','Mood':'INDICATIVE','Numerus':'SINGULAR','Person':'PERSON_3','Pos':'V','Tense':'PERFECT','VerbType':'TRANSITIVE','Voice':'ACTIVE'},'name':'constituit'}]}],'name':'constituo@V'}]">constituit</w><c>,</c><c> </c><w lemma="[{'id':242816645,'ls':[{'id':242816646,'name':'quisquam','wfs':[{'id':244511464,'morph':{'Casus':'GENITIVE','Genus':'FEMININE','Numerus':'SINGULAR','Pos':'PRO','PronounType':'INDEFINITE'},'name':'cuiusquam'}]}],'name':'quisquam@PRO'}]">cuiusquam</w><c> </c><w lemma="[{'id':1205717,'ls':[{'id':6567,'name':'occasio','wfs':[{'id':1205720,'morph':{'Casus':'GENITIVE','DeclensionType':'THIRD_DECLENSION','Genus':'FEMININE','Numerus':'SINGULAR','Pos':'NN'},'name':'occasionis'}]}],'name':'occasio@NN'}]">occasionis</w><c> </c><w lemma="[{'id':1386222,'ls':[{'id':1386227,'name':'surreptio','wfs':[{'id':243470724,'morph':{'Casus':'ABLATIVE','DeclensionType':'THIRD_DECLENSION','Genus':'FEMININE','Numerus':'SINGULAR','Pos':'NN'},'name':'surreptione'}]}],'name':'subreptio@NN'}]">surreptione</w><c> </c><w lemma="[{'id':6296647,'ls':[{'id':6293,'name':'muto','wfs':[{'id':6297004,'morph':{'ConjugationType':'FIRST_CONJUGATION','Mood':'INDICATIVE','Numerus':'SINGULAR','Person':'PERSON_3','Pos':'V','Tense':'PERFECT','VerbType':'TRANSITIVE','Voice':'ACTIVE'},'name':'mutavit'}]}],'name':'muto@V'}]">mutavit</w><c>.</c><c> </c></s><s><w lemma="[{'id':168570,'ls':[{'id':168571,'name':'dudum','wfs':[{'id':168572,'morph':{'ComparisonDegree':'POSITIVE','Pos':'ADV'},'name':'dudum'}]}],'name':'dudum@ADV'}]">dudum</w><c> </c><w lemma="[{'id':110034,'ls':[{'id':110035,'name':'siquidem','wfs':[{'id':110036,'morph':{'Pos':'CON'},'name':'siquidem'}]}],'name':'siquidem@CON'}]">siquidem</w><c> </c><w lemma="[{'id':109453,'ls':[{'id':109454,'name':'ad','wfs':[{'id':109455,'morph':{'Pos':'AP'},'name':'ad'}]}],'name':'ad@AP'}]">ad</w><c> </c><lb n="5" xml:id="bsb00000824_00217_5"></lb><w lemma="[{'id':282287,'ls':[{'id':282288,'name':'Albinus','wfs':[{'id':574463,'morph':{'Casus':'ACCUSATIVE','DeclensionType':'SECOND_DECLENSION','Genus':'MASCULINE','Numerus':'SINGULAR','Pos':'NP'},'name':'Albinum'}]}],'name':'Albinus@NP'}]">Albinum</w><c> </c><w lemma="[{'id':109772,'ls':[{'id':109773,'name':'atque','wfs':[{'id':109774,'morph':{'Pos':'CON'},'name':'atque'}]}],'name':'atque@CON'}]">atque</w><c> </c><w lemma="[{'id':317841,'ls':[{'id':317860,'name':'Avienus','wfs':[{'id':243186210,'morph':{'Casus':'ACCUSATIVE','DeclensionType':'SECOND_DECLENSION','Genus':'MASCULINE','Numerus':'SINGULAR','Pos':'NP'},'name':'Avienum'}]}],'name':'Avienus@NP'}]">Avienum</w><c> </c><w lemma="[{'id':2771672,'ls':[{'id':2771673,'name':'patricius','wfs':[{'id':2771693,'morph':{'Casus':'ACCUSATIVE','ComparisonDegree':'POSITIVE','DeclensionType':'SECOND_DECLENSION','Genus':'MASCULINE','Numerus':'PLURAL','Pos':'ADJ'},'name':'patricios'}]}],'name':'patricius@ADJ'}]">patricios</w><c> </c><w lemma="[{'id':1466541,'ls':[{'id':9281,'name':'vir','wfs':[{'id':370436,'morph':{'Casus':'ACCUSATIVE','DeclensionType':'SECOND_DECLENSION','Genus':'MASCULINE','Numerus':'PLURAL','Pos':'NN'},'name':'viros'}]}],'name':'vir@NN'}]">viros</w><c> </c><w lemma="[{'id':1267465,'ls':[{'id':7269,'name':'praeceptum','wfs':[{'id':1267466,'morph':{'Casus':'ACCUSATIVE','DeclensionType':'SECOND_DECLENSION','Genus':'NEUTER','Numerus':'PLURAL','Pos':'NN'},'name':'praecepta'}]}],'name':'praeceptum@NN'}]">praecepta</w><c> </c><w lemma="[{'id':242816286,'ls':[{'id':242816287,'name':'nos','wfs':[{'id':386315174,'morph':{'Casus':'ACCUSATIVE','Genus':'MASCULINE','Numerus':'PLURAL','Pos':'PRO','PronounType':'PERSONAL'},'name':'nos'}]}],'name':'nos@PRO'}]">nos</w><c> </c><w lemma="[{'id':5109084,'ls':[{'id':3001,'name':'do','wfs':[{'id':5109167,'morph':{'ConjugationType':'FIRST_CONJUGATION','Mood':'INFINITIVE','Pos':'V','Tense':'PERFECT','VerbType':'TRANSITIVE','Voice':'ACTIVE'},'name':'dedisse'}]}],'name':'do@V'}]">dedisse</w><c> </c><w lemma="[{'id':7220434,'ls':[{'id':7947,'name':'retineo','wfs':[{'id':7220547,'morph':{'ConjugationType':'SECOND_CONJUGATION','Mood':'INDICATIVE','Numerus':'PLURAL','Person':'PERSON_1','Pos':'V','Tense':'PRESENT','VerbType':'TRANSITIVE','Voice':'ACTIVE'},'name':'retinemus'}]}],'name':'retineo@V'}]">retinemus</w><c>,</c><c> </c><w lemma="[{'id':110061,'ls':[{'id':110062,'name':'ut','wfs':[{'id':110063,'morph':{'Pos':'CON'},'name':'ut'}]}],'name':'ut@CON'}]">ut</w><c> </c><lb n="6" xml:id="bsb00000824_00217_6"></lb><w lemma="[{'id':1224196,'ls':[{'id':1224197,'name':'pantomimus','wfs':[{'id':1224206,'morph':{'Casus':'ACCUSATIVE','DeclensionType':'SECOND_DECLENSION','Genus':'MASCULINE','Numerus':'SINGULAR','Pos':'NN'},'name':'pantomimum'}]}],'name':'pantomimus@NN'}]">pantomimum</w><c> </c><w lemma="[{'id':1277219,'ls':[{'id':1277220,'name':'prasinus','wfs':[{'id':1277233,'morph':{'Casus':'GENITIVE','DeclensionType':'SECOND_DECLENSION','Genus':'MASCULINE','Numerus':'SINGULAR','Pos':'NN'},'name':'prasini'}]}],'name':'prasinus@NN'}]">prasini</w><c> </c><w lemma="[{'id':1227224,'ls':[{'id':6813,'name':'pars','wfs':[{'id':1227238,'morph':{'Casus':'GENITIVE','DeclensionType':'THIRD_DECLENSION','Genus':'FEMININE','Numerus':'SINGULAR','Pos':'NN'},'name':'partis'}]}],'name':'pars@NN'}]">partis</w><c> </c><w lemma="[{'id':5189377,'ls':[{'id':3832,'name':'eligo','wfs':[{'id':5189643,'morph':{'ConjugationType':'THIRD_CONJUGATION','Mood':'SUBJUNCTIVE','Numerus':'PLURAL','Person':'PERSON_3','Pos':'V','Tense':'IMPERFECT','VerbType':'TRANSITIVE','Voice':'ACTIVE'},'name':'eligerent'}]}],'name':'eligo@V'}]">eligerent</w><c>,</c><c> </c><w lemma="[{'id':242816363,'ls':[{'id':242816364,'name':'qui','wfs':[{'id':244511016,'morph':{'Casus':'NOMINATIVE','Genus':'MASCULINE','Numerus':'SINGULAR','Pos':'PRO','PronounType':'RELATIVE'},'name':'qui'}]}],'name':'qui@PRO'}]">qui</w><c> </c><w lemma="[{'id':243172915,'ls':[{'id':243172916,'name':'praestanter','wfs':[{'id':243172917,'morph':{'ComparisonDegree':'COMPARATIVE','Pos':'ADV'},'name':'praestantius'}]}],'name':'praestanter@ADV'}]">praestantius</w><c> </c><w lemma="[{'id':1368648,'ls':[{'id':8424,'name':'spectaculum','wfs':[{'id':1368668,'morph':{'Casus':'DATIVE','DeclensionType':'SECOND_DECLENSION','Genus':'NEUTER','Numerus':'PLURAL','Pos':'NN'},'name':'spectaculis'}]}],'name':'spectaculum@NN'}]">spectaculis</w><c> </c><w lemma="[{'id':4573156,'ls':[{'id':2706,'name':'convenio','wfs':[{'id':4573860,'morph':{'ConjugationType':'FOURTH_CONJUGATION','Mood':'SUBJUNCTIVE','Numerus':'SINGULAR','Person':'PERSON_3','Pos':'V','Tense':'IMPERFECT','VerbType':'TRANSITIVE','Voice':'ACTIVE'},'name':'conveniret'}]}],'name':'convenio@V'}]">conveniret</w><c>:</c><c> </c><w lemma="[{'id':242816363,'ls':[{'id':242816364,'name':'qui','wfs':[{'id':245004334,'morph':{'Casus':'ACCUSATIVE','Genus':'NEUTER','Numerus':'SINGULAR','Pos':'PRO','PronounType':'RELATIVE'},'name':'quod'}]}],'name':'qui@PRO'}]">quod</w><c> </c><w lemma="[{'id':242816286,'ls':[{'id':242816287,'name':'nos','wfs':[{'id':594760049,'morph':{'Casus':'DATIVE','Genus':'MASCULINE','Numerus':'PLURAL','Pos':'PRO','PronounType':'PERSONAL'},'name':'nobis'}]}],'name':'nos@PRO'}]">nobis</w><c> </c><lb n="7" xml:id="bsb00000824_00217_7"></lb><w lemma="[{'id':1025917,'ls':[{'id':4238,'name':'factum','wfs':[{'id':1025925,'morph':{'Casus':'ACCUSATIVE','DeclensionType':'SECOND_DECLENSION','Genus':'NEUTER','Numerus':'SINGULAR','Pos':'NN'},'name':'factum'}]}],'name':'factum@NN'}]">factum</w><c> </c><w lemma="[{'id':244511757,'ls':[{'id':244511758,'name':'suus','wfs':[{'id':252932518,'morph':{'Casus':'ABLATIVE','Genus':'FEMININE','Numerus':'SINGULAR','Pos':'PRO','PronounType':'POSSESSIVE'},'name':'sua'}]}],'name':'suus@PRO'}]">sua</w><c> </c><w lemma="[{'id':1315844,'ls':[{'id':7836,'name':'relatio','wfs':[{'id':243445857,'morph':{'Casus':'ABLATIVE','DeclensionType':'THIRD_DECLENSION','Genus':'FEMININE','Numerus':'SINGULAR','Pos':'NN'},'name':'relatione'}]}],'name':'relatio@NN'}]">relatione</w><c> </c><w lemma="[{'id':7196011,'ls':[{'id':7912,'name':'resero','wfs':[{'id':603042137,'morph':{'Pos':'V'},'name':'reserarunt'}]}],'name':'resero@V'}]">reserarunt</w><c>.</c><c> </c></s><s><w lemma="[{'id':109828,'ls':[{'id':109829,'name':'et','wfs':[{'id':109830,'morph':{'Pos':'CON'},'name':'et'}]}],'name':'et@CON'}]">Et</w><c> </c><w lemma="[{'id':183546,'ls':[{'id':183547,'name':'ideo','wfs':[{'id':183548,'morph':{'ComparisonDegree':'POSITIVE','Pos':'ADV'},'name':'ideo'}]}],'name':'ideo@ADV'}]">ideo</w><c> </c><w lemma="[{'id':206572,'ls':[{'id':206573,'name':'nunc','wfs':[{'id':241322948,'morph':{'Pos':'ADV'},'name':'nunc'}]}],'name':'nunc@ADV'}]">nunc</w><c> </c><w lemma="[{'id':2874459,'ls':[{'id':242457998,'name':'praesens','wfs':[{'id':244213372,'morph':{'Casus':'ABLATIVE','ComparisonDegree':'POSITIVE','DeclensionType':'THIRD_DECLENSION','Genus':'FEMININE','Numerus':'SINGULAR','Pos':'ADJ'},'name':'praesenti'}]}],'name':'praesens@ADJ'}]">praesenti</w><c> </c><w lemma="[{'id':796872,'ls':[{'id':1184,'name':'auctoritas','wfs':[{'id':243116312,'morph':{'Casus':'ABLATIVE','DeclensionType':'THIRD_DECLENSION','Genus':'FEMININE','Numerus':'SINGULAR','Pos':'NN'},'name':'auctoritate'}]}],'name':'auctoritas@NN'}]">auctoritate</w><c> </c><w lemma="[{'id':4707704,'ls':[{'id':3046,'name':'decerno','wfs':[{'id':4707821,'morph':{'ConjugationType':'THIRD_CONJUGATION','Mood':'INDICATIVE','Numerus':'PLURAL','Person':'PERSON_1','Pos':'V','Tense':'PRESENT','VerbType':'TRANSITIVE','Voice':'ACTIVE'},'name':'decernimus'}]}],'name':'decerno@V'}]">decernimus</w><c>,</c><c> </c><w lemma="[{'id':110061,'ls':[{'id':110062,'name':'ut','wfs':[{'id':110063,'morph':{'Pos':'CON'},'name':'ut'}]}],'name':'ut@CON'}]">ut</w><c>,</c><c> </c><lb n="8" xml:id="bsb00000824_00217_8"></lb><w lemma="[{'id':242816363,'ls':[{'id':242816364,'name':'qui','wfs':[{'id':539256813,'morph':{'Casus':'ACCUSATIVE','Genus':'MASCULINE','Numerus':'SINGULAR','Pos':'PRO','PronounType':'RELATIVE'},'name':'quem'}]}],'name':'qui@PRO'}]">quem</w><c> </c><w lemma="[{'id':109433,'ls':[{'id':109434,'name':'a','wfs':[{'id':109435,'morph':{'Pos':'AP'},'name':'a'}]}],'name':'a@AP'}]">a</w><c> </c><w lemma="[{'id':244436,'ls':[{'id':8682,'name':'supra','wfs':[{'id':244437,'morph':{'ComparisonDegree':'POSITIVE','Pos':'ADV'},'name':'supra'}]}],'name':'supra@ADV'}]">supra</w><c> </c><w lemma="[{'id':6228984,'ls':[{'id':6052,'name':'memoro','wfs':[{'id':6229031,'morph':{'Casus':'ABLATIVE','ConjugationType':'FIRST_CONJUGATION','Genus':'MASCULINE','Mood':'PARTICIPLE','Numerus':'PLURAL','Pos':'V','Tense':'PERFECT','VerbType':'TRANSITIVE','Voice':'PASSIVE'},'name':'memoratis'}]}],'name':'memoro@V'}]">memoratis</w><c> </c><w lemma="[{'id':2636884,'ls':[{'id':5916,'name':'magnificus','wfs':[{'id':2636914,'morph':{'Casus':'ABLATIVE','ComparisonDegree':'POSITIVE','DeclensionType':'SECOND_DECLENSION','Genus':'MASCULINE','Numerus':'PLURAL','Pos':'ADJ'},'name':'magnificis'}]}],'name':'magnificus@ADJ'}]">magnificis</w><c> </c><w lemma="[{'id':1466541,'ls':[{'id':9281,'name':'vir','wfs':[{'id':1466558,'morph':{'Casus':'ABLATIVE','DeclensionType':'SECOND_DECLENSION','Genus':'MASCULINE','Numerus':'PLURAL','Pos':'NN'},'name':'viris'}]}],'name':'vir@NN'}]">viris</w><c> </c><w lemma="[{'id':5189377,'ls':[{'id':3832,'name':'eligo','wfs':[{'id':5189440,'morph':{'Casus':'ACCUSATIVE','ConjugationType':'THIRD_CONJUGATION','Genus':'MASCULINE','Mood':'PARTICIPLE','Numerus':'SINGULAR','Pos':'V','Tense':'PERFECT','VerbType':'TRANSITIVE','Voice':'PASSIVE'},'name':'electum'}]}],'name':'eligo@V'}]">electum</w><c> </c><w lemma="[{'id':7617143,'ls':[{'id':7617144,'name':'sum','wfs':[{'id':7617145,'morph':{'Mood':'INFINITIVE','Pos':'V','Tense':'PRESENT','VerbType':'VERBA_ANOMALA','Voice':'ACTIVE'},'name':'esse'}]}],'name':'sum@V'}]">esse</w><c> </c><w lemma="[{'id':4508476,'ls':[{'id':4508477,'name':'constat','wfs':[{'id':4508648,'morph':{'ConjugationType':'FIRST_CONJUGATION','Mood':'SUBJUNCTIVE','Numerus':'SINGULAR','Person':'PERSON_3','Pos':'V','Tense':'PERFECT','VerbType':'IMPERSONAL','Voice':'ACTIVE'},'name':'constiterit'}]}],'name':'constat@V'}]">constiterit</w><c>,</c><c> </c><w lemma="[{'id':242816207,'ls':[{'id':242816208,'name':'is','wfs':[{'id':244510100,'morph':{'Casus':'DATIVE','Genus':'MASCULINE','Numerus':'SINGULAR','Pos':'PRO','PronounType':'PERSONAL'},'name':'ei'}]}],'name':'is@PRO'}]">ei</w><c> </c><w lemma="[{'id':3063275,'ls':[{'id':8370,'name':'solitus','wfs':[{'id':3063369,'morph':{'Casus':'ACCUSATIVE','ComparisonDegree':'POSITIVE','DeclensionType':'SECOND_DECLENSION','Genus':'NEUTER','Numerus':'SINGULAR','Pos':'ADJ'},'name':'solitum'}]}],'name':'solitus@ADJ'}]">solitum</w><c> </c><w lemma="[{'id':1163992,'ls':[{'id':1163993,'name':'menstruum','wfs':[{'id':1164001,'morph':{'Casus':'ACCUSATIVE','DeclensionType':'SECOND_DECLENSION','Genus':'NEUTER','Numerus':'SINGULAR','Pos':'NN'},'name':'menstruum'}]}],'name':'menstruum@NN'}]">menstruum</w><c> </c><lb n="9" xml:id="bsb00000824_00217_9"></lb><w lemma="[{'id':1227224,'ls':[{'id':6813,'name':'pars','wfs':[{'id':1227238,'morph':{'Casus':'GENITIVE','DeclensionType':'THIRD_DECLENSION','Genus':'FEMININE','Numerus':'SINGULAR','Pos':'NN'},'name':'partis'}]}],'name':'pars@NN'}]">partis</w><c> </c><w lemma="[{'id':1277219,'ls':[{'id':1277220,'name':'prasinus','wfs':[{'id':1277233,'morph':{'Casus':'GENITIVE','DeclensionType':'SECOND_DECLENSION','Genus':'MASCULINE','Numerus':'SINGULAR','Pos':'NN'},'name':'prasini'}]}],'name':'prasinus@NN'}]">prasini</w><c> </c><w lemma="[{'id':109658,'ls':[{'id':109659,'name':'sine','wfs':[{'id':109660,'morph':{'Pos':'AP'},'name':'sine'}]}],'name':'sine@AP'}]">sine</w><c> </c><w lemma="[{'id':1080211,'ls':[{'id':1080212,'name':'imminutio','wfs':[{'id':241442152,'morph':{'Casus':'ABLATIVE','DeclensionType':'THIRD_DECLENSION','Genus':'FEMININE','Numerus':'SINGULAR','Pos':'NN'},'name':'imminutione'}]}],'name':'imminutio@NN'}]">imminutione</w><c> </c><w lemma="[{'id':7865249,'ls':[{'id':8933,'name':'tribuo','wfs':[{'id':7865443,'morph':{'ConjugationType':'THIRD_CONJUGATION','Mood':'SUBJUNCTIVE','Numerus':'PLURAL','Person':'PERSON_2','Pos':'V','Tense':'PRESENT','VerbType':'TRANSITIVE','Voice':'ACTIVE'},'name':'tribuatis'}]}],'name':'tribuo@V'}]">tribuatis</w><c>,</c><c> </c><w lemma="[{'id':110061,'ls':[{'id':110062,'name':'ut','wfs':[{'id':110063,'morph':{'Pos':'CON'},'name':'ut'}]}],'name':'ut@CON'}]">ut</w><c>,</c><c> </c><w lemma="[{'id':242816363,'ls':[{'id':242816364,'name':'qui','wfs':[{'id':245004334,'morph':{'Casus':'ACCUSATIVE','Genus':'NEUTER','Numerus':'SINGULAR','Pos':'PRO','PronounType':'RELATIVE'},'name':'quod'}]}],'name':'qui@PRO'}]">quod</w><c> </c><w lemma="[{'id':244510439,'ls':[{'id':244510440,'name':'noster','wfs':[{'id':244510472,'morph':{'Casus':'NOMINATIVE','DeclensionType':'FIRST_DECLENSION','Genus':'FEMININE','Numerus':'SINGULAR','Pos':'PRO','PronounType':'POSSESSIVE'},'name':'nostra'}]}],'name':'noster@PRO'}]">nostra</w><c> </c><w lemma="[{'id':1291184,'ls':[{'id':1291190,'name':'provisio','wfs':[{'id':241470523,'morph':{'Casus':'NOMINATIVE','DeclensionType':'THIRD_DECLENSION','Genus':'FEMININE','Numerus':'SINGULAR','Pos':'NN'},'name':'provisio'}]}],'name':'provisio@NN'}]">provisio</w><c> </c><w lemma="[{'id':896133,'ls':[{'id':2456,'name':'confusio','wfs':[{'id':896136,'morph':{'Casus':'GENITIVE','DeclensionType':'THIRD_DECLENSION','Genus':'FEMININE','Numerus':'SINGULAR','Pos':'NN'},'name':'confusionis'}]}],'name':'confusio@NN'}]">confusionis</w><c> </c><w lemma="[{'id':7803408,'ls':[{'id':8859,'name':'tollo','wfs':[{'id':498538903,'morph':{'Casus':'GENITIVE','ComparisonDegree':'POSITIVE','DeclensionType':'FIRST_DECLENSION','Genus':'FEMININE','Mood':'GERUNDIVE','Numerus':'SINGULAR','Pos':'V'},'name':'tollendae'}]}],'name':'tollo@V'}]">tollendae</w><c> </c><lb n="10" xml:id="bsb00000824_00217_10"></lb><w lemma="[{'id':109501,'ls':[{'id':109502,'name':'causa','wfs':[{'id':109503,'morph':{'Casus':'INDECLINABLE','Pos':'AP'},'name':'causa'}]}],'name':'causa@AP'}]">causa</w><c> </c><w lemma="[{'id':4510528,'ls':[{'id':2587,'name':'constituo','wfs':[{'id':4510993,'morph':{'ConjugationType':'THIRD_CONJUGATION','Mood':'INDICATIVE','Numerus':'SINGULAR','Person':'PERSON_3','Pos':'V','Tense':'PERFECT','VerbType':'TRANSITIVE','Voice':'ACTIVE'},'name':'constituit'}]}],'name':'constituo@V'}]">constituit</w><c>,</c><c> </c><w lemma="[{'id':206035,'ls':[{'id':6416,'name':'non','wfs':[{'id':241322627,'morph':{'Pos':'ADV'},'name':'non'}]}],'name':'non@ADV'}]">non</w><c> </c><w lemma="[{'id':5511842,'ls':[{'id':4349,'name':'fio','wfs':[{'id':443114,'morph':{'Mood':'SUBJUNCTIVE','Numerus':'SINGULAR','Person':'PERSON_3','Pos':'V','Tense':'PRESENT','VerbType':'VERBA_ANOMALA','Voice':'ACTIVE'},'name':'fiat'}]}],'name':'fio@V'}]">fiat</w><c> </c><w lemma="[{'id':1352388,'ls':[{'id':8220,'name':'seditio','wfs':[{'id':1352391,'morph':{'Casus':'GENITIVE','DeclensionType':'THIRD_DECLENSION','Genus':'FEMININE','Numerus':'SINGULAR','Pos':'NN'},'name':'seditionis'}]}],'name':'seditio@NN'}]">seditionis</w><c> </c><w lemma="[{'id':1205717,'ls':[{'id':6567,'name':'occasio','wfs':[{'id':1205721,'morph':{'Casus':'NOMINATIVE','DeclensionType':'THIRD_DECLENSION','Genus':'FEMININE','Numerus':'SINGULAR','Pos':'NN'},'name':'occasio'}]}],'name':'occasio@NN'}]">occasio</w><c>,</c><c> </c><w lemma="[{'id':110010,'ls':[{'id':110011,'name':'sed','wfs':[{'id':110012,'morph':{'Pos':'CON'},'name':'sed'}]}],'name':'sed@CON'}]">sed</w><c> </c><w lemma="[{'id':1304432,'ls':[{'id':7694,'name':'quies','wfs':[{'id':1304439,'morph':{'Casus':'GENITIVE','DeclensionType':'THIRD_DECLENSION','Genus':'FEMININE','Numerus':'SINGULAR','Pos':'NN'},'name':'quietis'}]}],'name':'quies@NN'}]">quietis</w><c>.</c></s></p></div></body></text></TEI>