<?xml version="1.0" ?><TEI xmlns="http://www.tei-c.org/ns/1.0"><teiHeader><fileDesc><titleStmt><title>MGH Auct. ant. 12: Cassiodori Senatoris Variae</title><editor>Mommsen, Theodor</editor></titleStmt><publicationStmt><publisher>Monumenta Germaniae Historica (MGH)</publisher><publisher>Bavarian State Library (BSB), München</publisher><idno type="BSB">bsb00000824</idno><idno type="MGH"><idno type="Annotation_created_by">sysop</idno><idno type="Annotation_created_on">Wed Oct 18 18:56:08 CEST 2017</idno><idno type="Annotation_last_changed_by">geelhaar</idno><idno type="Annotation_last_changed_on">Thu Aug 20 10:43:40 CEST 2020</idno><idno type="Author_(German)">Cassiodor (Flavius Magnus Aurelius Cassiodorus Senator)</idno><idno type="Author_(Latin)">Cassiodorus Vivariensis</idno><idno type="BSB">bsb00000824</idno><idno type="Bibliographical_Link">http://stabikat.de/DB=1/XMLPRS=N/PPN?PPN=235118842</idno><idno type="C_Stat">06</idno><idno type="C1">06</idno><idno type="C2">05</idno><idno type="Column">087</idno><idno type="Commentary">dated according to Stefan Krautschick, Cassiodor und die Politik seiner Zeit. Bonn 1983, 75.  (TG)</idno><idno type="Concordance_View">true</idno><idno type="Digital_Edition_Statement">Text retrieved from the critical edition and prepared by the BMBF funded project "Humanist Computer Interaction under Scrutiny"(https://humanist.hs-mainz.de/en/). The Latin Text Archive (LTA) version has been created at Goethe University Frankfurt by the CompHistSem-Work Group (hudesktop.hucompute.org).</idno><idno type="Edition">MGH Auctores antiquissimi 12</idno><idno type="LTA_Export">true</idno><idno type="Licence_Info">CC BY 4.0</idno><idno type="Multiple_Lemmata_under_a_unique_Super_lemma">0.00%</idno><idno type="Multiple_Super_lemmata">0.00%</idno><idno type="Multiple_Wordforms_under_a_unique_Lemma">0.00%</idno><idno type="Multiple_Wordforms._Tagger_based_result._Multiple_Lemmata_possible">0.00%</idno><idno type="Multiple_Wordforms._Tagger_based_result._Multiple_Super_Lemmata_possible">0.00%</idno><idno type="Not_yet_linked_or_unknown_Wordform">0.00%</idno><idno type="Page">087-088</idno><idno type="Provided_by">Monumenta Germaniae Historica</idno><idno type="RepFontMA">not available</idno><idno type="Status">c</idno><idno type="Text_Type">Letter</idno><idno type="Text_Type_Class">Letters</idno><idno type="Time">510</idno><idno type="Title">Variae 03. 16 - Gemello viro spectabili Theodericus rex</idno><idno type="Type_of_Corpus">Corpus of Letters</idno><idno type="URL">http://www.mgh.de/dmgh/resolving/MGH_Auct._ant._12_S._87</idno><idno type="Unique_Wordform">100,00%</idno><idno type="Unique_Wordform._Tagger_based_result._Multiple_Lemmata_possible">0.00%</idno><idno type="Unique_Wordform._Tagger_based_result._Multiple_Super_lemmata_possible">0.00%</idno><idno type="VIAF_(Expression)">182693798</idno><idno type="VIAF_(Expression)_Link">http://viaf.org/viaf/182693798</idno><idno type="VIAF_(Person)">95230707</idno><idno type="VIAF_(Person)_Link">http://viaf.org/viaf/95230707</idno><idno type="Volume">Auct. ant. 12</idno><idno type="Year_of_Publication_(interpreted)">0510</idno>MGH Auct. ant. 12</idno><availability><licence target="http://creativecommons.org/licenses/by/4.0/"><p>Distributed under the Creative Commons Attribution 4.0 International (CC BY 4.0) license.</p><p>This license covers the annotations added by the Monumenta Germaniae Historica and the
            Bavarian State Library, Munich, in the course of project "digital MGH"
            <ref target="http://www.dmgh.de">http://www.dmgh.de</ref>, funded by the
            German Research Foundation (DFG).</p><p>We do not claim any rights on the text itself which is believed to be in the public domain.</p><p>If you distribute a copy or a derivative version of this file, please indicate the source
            of the file by mentioning the Monumenta Germaniae Historica (MGH) and the
            Bavarian State Library, Munich (BSB).</p></licence></availability><date when="2016-11-28T16:32:43+01:00">2016-11-28, 16:32:43</date></publicationStmt><sourceDesc><biblFull><titleStmt><title>Cassiodori Senatoris Variae</title><editor>Mommsen, Theodor</editor></titleStmt><publicationStmt><publisher>Weidmann</publisher><pubPlace>Berlin</pubPlace><date>1894</date></publicationStmt><seriesStmt><title>Auctores antiquissimi</title><biblScope unit="volume">12</biblScope></seriesStmt></biblFull></sourceDesc></fileDesc><revisionDesc><change when="22-02-2018 19:30" who="vzernovnikov"></change></revisionDesc></teiHeader><text><body><div><lb n="21" xml:id="bsb00000824_00271_21"></lb><head n="3"><s><w lemma="[{'id':241346594,'ls':[{'id':241346595,'name':'NUMERAL','wfs':[{'id':498534603,'morph':{'Pos':'NUM'},'name':'xvi'}]}],'name':'NUMERAL@NUM'}]">XVI</w><c>.</c><c> </c><lb n="22" xml:id="bsb00000824_00271_22"></lb><w lemma="[{'id':782645944,'ls':[{'id':782645946,'name':'Gemellus','wfs':[{'id':782645950,'morph':{'Casus':'DATIVE','DeclensionType':'SECOND_DECLENSION','Genus':'MASCULINE','Numerus':'SINGULAR','Pos':'NP'},'name':'Gemello'}]}],'name':'Gemellus@NP'}]">GEMELLO</w><c> </c><w lemma="[{'id':1466541,'ls':[{'id':9281,'name':'vir','wfs':[{'id':779458787,'morph':{'Casus':'DATIVE','DeclensionType':'SECOND_DECLENSION','Genus':'MASCULINE','Numerus':'SINGULAR','Pos':'NN'},'name':'v'}]}],'name':'vir@NN'}]">V</w><c>.</c><c> </c><w lemma="[{'id':3069095,'ls':[{'id':3069096,'name':'spectabilis','wfs':[{'id':782631403,'morph':{'Casus':'DATIVE','ComparisonDegree':'POSITIVE','DeclensionType':'THIRD_DECLENSION','Genus':'MASCULINE','Numerus':'SINGULAR','Pos':'ADJ'},'name':'S'}]}],'name':'spectabilis@ADJ'}]">S</w><c>.</c><c> </c><w lemma="[{'id':624521,'ls':[{'id':624522,'name':'Theodericus','wfs':[{'id':243244190,'morph':{'Casus':'NOMINATIVE','DeclensionType':'SECOND_DECLENSION','Genus':'MASCULINE','Numerus':'SINGULAR','Pos':'NP'},'name':'Theodericus'}]}],'name':'Theodericus@NP'}]">THEODERICUS</w><c> </c><w lemma="[{'id':1329481,'ls':[{'id':7965,'name':'rex','wfs':[{'id':1329499,'morph':{'Casus':'NOMINATIVE','DeclensionType':'THIRD_DECLENSION','Genus':'MASCULINE','Numerus':'SINGULAR','Pos':'NN'},'name':'rex'}]}],'name':'rex@NN'}]">REX</w><c>.</c></s></head><note><s><hi rend="ITALICS"><w lemma="[{'id':759853,'ls':[{'id':807,'name':'annus','wfs':[{'id':382849904,'morph':{'Casus':'ABLATIVE','DeclensionType':'SECOND_DECLENSION','Genus':'MASCULINE','Numerus':'SINGULAR','Pos':'NN'},'name':'a'}]}],'name':'annus@NN'}]">a</w><c>.</c><c> </c><w lemma="[{'id':241346594,'ls':[{'id':241346595,'name':'NUMERAL','wfs':[{'id':241346596,'morph':{'Pos':'NUM'},'name':'NUMERAL'}]}],'name':'NUMERAL@NUM'}]">508</w></hi></s></note><lb n="23" xml:id="bsb00000824_00271_23"></lb><p><s><w lemma="[{'id':2324825,'ls':[{'id':4381,'name':'firmus','wfs':[{'id':2324956,'morph':{'Casus':'NOMINATIVE','ComparisonDegree':'POSITIVE','DeclensionType':'SECOND_DECLENSION','Genus':'NEUTER','Numerus':'SINGULAR','Pos':'ADJ'},'name':'firmum'}]}],'name':'firmus@ADJ'}]">Firmum</w><c> </c><w lemma="[{'id':7617143,'ls':[{'id':7617144,'name':'sum','wfs':[{'id':242825881,'morph':{'Mood':'INDICATIVE','Numerus':'SINGULAR','Person':'PERSON_3','Pos':'V','Tense':'PRESENT','VerbType':'VERBA_ANOMALA','Voice':'ACTIVE'},'name':'est'}]}],'name':'sum@V'}]">est</w><c> </c><w lemma="[{'id':1119861,'ls':[{'id':1119862,'name':'iudicium','wfs':[{'id':1119865,'morph':{'Casus':'NOMINATIVE','DeclensionType':'SECOND_DECLENSION','Genus':'NEUTER','Numerus':'SINGULAR','Pos':'NN'},'name':'iudicium'}]}],'name':'iudicium@NN'}]">iudicium</w><c> </c><w lemma="[{'id':242816363,'ls':[{'id':242816364,'name':'qui','wfs':[{'id':296826593,'morph':{'Casus':'GENITIVE','Genus':'MASCULINE','Numerus':'SINGULAR','Pos':'PRO','PronounType':'RELATIVE'},'name':'cuius'}]}],'name':'qui@PRO'}]">cuius</w><c> </c><w lemma="[{'id':7783838,'ls':[{'id':8779,'name':'teneo','wfs':[{'id':7784189,'morph':{'ConjugationType':'SECOND_CONJUGATION','Mood':'INDICATIVE','Numerus':'SINGULAR','Person':'PERSON_3','Pos':'V','Tense':'PRESENT','VerbType':'TRANSITIVE','Voice':'PASSIVE'},'name':'tenetur'}]}],'name':'teneo@V'}]">tenetur</w><c> </c><w lemma="[{'id':1013135,'ls':[{'id':4067,'name':'exemplum','wfs':[{'id':1013148,'morph':{'Casus':'NOMINATIVE','DeclensionType':'SECOND_DECLENSION','Genus':'NEUTER','Numerus':'SINGULAR','Pos':'NN'},'name':'exemplum'}]}],'name':'exemplum@NN'}]">exemplum</w><c>,</c><c> </c><w lemma="[{'id':109871,'ls':[{'id':109872,'name':'nec','wfs':[{'id':109873,'morph':{'Pos':'CON'},'name':'nec'}]}],'name':'nec@CON'}]">nec</w><c> </c><w lemma="[{'id':1143697,'ls':[{'id':5796,'name':'locus','wfs':[{'id':243386542,'morph':{'Casus':'NOMINATIVE','DeclensionType':'SECOND_DECLENSION','Genus':'MASCULINE','Numerus':'SINGULAR','Pos':'NN'},'name':'locus'}]}],'name':'locus@NN'}]">locus</w><c> </c><w lemma="[{'id':748875,'ls':[{'id':687,'name':'ambiguitas','wfs':[{'id':243249580,'morph':{'Casus':'DATIVE','DeclensionType':'THIRD_DECLENSION','Genus':'FEMININE','Numerus':'SINGULAR','Pos':'NN'},'name':'ambiguitati'}]}],'name':'ambiguitas@NN'}]">ambiguitati</w><c> </c><w lemma="[{'id':7131443,'ls':[{'id':7131444,'name':'relinquo','wfs':[{'id':7131766,'morph':{'ConjugationType':'THIRD_CONJUGATION','Mood':'INDICATIVE','Numerus':'SINGULAR','Person':'PERSON_3','Pos':'V','Tense':'PRESENT','VerbType':'TRANSITIVE','Voice':'PASSIVE'},'name':'relinquitur'}]}],'name':'relinquo@V'}]">relinquitur</w><c> </c><lb n="24" xml:id="bsb00000824_00271_24"></lb><w lemma="[{'id':110057,'ls':[{'id':110058,'name':'ubi','wfs':[{'id':110059,'morph':{'Pos':'CON'},'name':'ubi'}]}],'name':'ubi@CON'}]">ubi</w><c> </c><w lemma="[{'id':1016305,'ls':[{'id':4121,'name':'experimentum','wfs':[{'id':1016311,'morph':{'Casus':'NOMINATIVE','DeclensionType':'SECOND_DECLENSION','Genus':'NEUTER','Numerus':'PLURAL','Pos':'NN'},'name':'experimenta'}]}],'name':'experimentum@NN'}]">experimenta</w><c> </c><w lemma="[{'id':2889218,'ls':[{'id':2889219,'name':'probabilis','wfs':[{'id':242470038,'morph':{'Pos':'ADJ'},'name':'probabilia'}]}],'name':'probabilis@ADJ'}]">probabilia</w><c> </c><w lemma="[{'id':7604296,'ls':[{'id':8636,'name':'suffragor','wfs':[{'id':7604816,'morph':{'ConjugationType':'FIRST_CONJUGATION','Mood':'INDICATIVE','Numerus':'PLURAL','Person':'PERSON_3','Pos':'V','Tense':'PRESENT','VerbType':'DEPONENT','Voice':'PASSIVE'},'name':'suffragantur'}]}],'name':'suffragor@V'}]">suffragantur</w><c>.</c><c> </c></s><s><w lemma="[{'id':5390093,'ls':[{'id':4138,'name':'exploro','wfs':[{'id':5390216,'morph':{'ConjugationType':'FIRST_CONJUGATION','Mood':'INDICATIVE','Numerus':'PLURAL','Person':'PERSON_1','Pos':'V','Tense':'PERFECT','VerbType':'TRANSITIVE','Voice':'ACTIVE'},'name':'exploravimus'}]}],'name':'exploro@V'}]">exploravimus</w><c> </c><w lemma="[{'id':241429266,'ls':[{'id':3798,'name':'efficacia','wfs':[{'id':987372,'morph':{'Casus':'ACCUSATIVE','DeclensionType':'FIRST_DECLENSION','Genus':'FEMININE','Numerus':'SINGULAR','Pos':'NN'},'name':'efficaciam'}]}],'name':'efficacia@NN'}]">efficaciam</w><c> </c><w lemma="[{'id':244512131,'ls':[{'id':244512132,'name':'tuus','wfs':[{'id':244512133,'morph':{'Casus':'ACCUSATIVE','DeclensionType':'FIRST_DECLENSION','Genus':'FEMININE','Numerus':'SINGULAR','Pos':'PRO','PronounType':'POSSESSIVE'},'name':'tuam'}]}],'name':'tuus@PRO'}]">tuam</w><c> </c><w lemma="[{'id':109610,'ls':[{'id':109611,'name':'per','wfs':[{'id':109612,'morph':{'Pos':'AP'},'name':'per'}]}],'name':'per@AP'}]">per</w><c> </c><w lemma="[{'id':977147,'ls':[{'id':977181,'name':'diversus','wfs':[{'id':243327029,'morph':{'Casus':'ACCUSATIVE','DeclensionType':'SECOND_DECLENSION','Genus':'MASCULINE','Numerus':'PLURAL','Pos':'NN'},'name':'diversos'}]}],'name':'diversus@NN'}]">diversos</w><c> </c><lb n="25" xml:id="bsb00000824_00271_25"></lb><w lemma="[{'id':1093708,'ls':[{'id':5167,'name':'industria','wfs':[{'id':1093720,'morph':{'Casus':'GENITIVE','DeclensionType':'FIRST_DECLENSION','Genus':'FEMININE','Numerus':'SINGULAR','Pos':'NN'},'name':'industriae'}]}],'name':'industria@NN'}]">industriae</w><c> </c><w lemma="[{'id':1056154,'ls':[{'id':4691,'name':'gradus','wfs':[{'id':243355114,'morph':{'Casus':'ACCUSATIVE','DeclensionType':'FOURTH_DECLENSION','Genus':'MASCULINE','Numerus':'PLURAL','Pos':'NN'},'name':'gradus'}]}],'name':'gradus@NN'}]">gradus</w><c>,</c><c> </c><w lemma="[{'id':110010,'ls':[{'id':110011,'name':'sed','wfs':[{'id':110012,'morph':{'Pos':'CON'},'name':'sed'}]}],'name':'sed@CON'}]">sed</w><c> </c><w lemma="[{'id':3241748,'ls':[{'id':3241749,'name':'unus','wfs':[{'id':514502163,'morph':{'Casus':'DATIVE','ComparisonDegree':'POSITIVE','DeclensionType':'SECOND_DECLENSION','Genus':'MASCULINE','Numerus':'SINGULAR','Pos':'ADJ'},'name':'uni'}]}],'name':'unus@ADJ'}]">uni</w><c> </c><w lemma="[{'id':2764049,'ls':[{'id':245550017,'name':'par','wfs':[{'id':244161900,'morph':{'Casus':'ACCUSATIVE','ComparisonDegree':'POSITIVE','DeclensionType':'THIRD_DECLENSION','Genus':'FEMININE','Numerus':'SINGULAR','Pos':'ADJ'},'name':'parem'}]}],'name':'par@ADJ'}]">parem</w><c> </c><w lemma="[{'id':6233284,'ls':[{'id':6072,'name':'mereo','wfs':[{'id':6233541,'morph':{'ConjugationType':'SECOND_CONJUGATION','Mood':'INDICATIVE','Numerus':'SINGULAR','Person':'PERSON_2','Pos':'V','Tense':'PERFECT','VerbType':'TRANSITIVE','Voice':'ACTIVE'},'name':'meruisti'}]}],'name':'mereo@V'}]">meruisti</w><c> </c><w lemma="[{'id':1056993,'ls':[{'id':4717,'name':'gratia','wfs':[{'id':1057002,'morph':{'Casus':'ACCUSATIVE','DeclensionType':'FIRST_DECLENSION','Genus':'FEMININE','Numerus':'SINGULAR','Pos':'NN'},'name':'gratiam'}]}],'name':'gratia@NN'}]">gratiam</w><c>,</c><c> </c><w lemma="[{'id':3257063,'ls':[{'id':3257163,'name':'varius','wfs':[{'id':3257169,'morph':{'Casus':'ABLATIVE','ComparisonDegree':'POSITIVE','DeclensionType':'FIRST_DECLENSION','Genus':'FEMININE','Numerus':'PLURAL','Pos':'ADJ'},'name':'variis'}]}],'name':'varius@ADJ'}]">variis</w><c> </c><w lemma="[{'id':709525,'ls':[{'id':175,'name':'actio','wfs':[{'id':243238337,'morph':{'Casus':'ABLATIVE','DeclensionType':'THIRD_DECLENSION','Genus':'FEMININE','Numerus':'PLURAL','Pos':'NN'},'name':'actionibus'}]}],'name':'actio@NN'}]">actionibus</w><c> </c><w lemma="[{'id':117328,'ls':[{'id':502,'name':'aequaliter','wfs':[{'id':117330,'morph':{'ComparisonDegree':'POSITIVE','Pos':'ADV'},'name':'aequaliter'}]}],'name':'aequaliter@ADV'}]">aequaliter</w><c> </c><lb n="26" xml:id="bsb00000824_00271_26"></lb><w lemma="[{'id':3707156,'ls':[{'id':934,'name':'approbo','wfs':[{'id':3707662,'morph':{'Casus':'NOMINATIVE','ConjugationType':'FIRST_CONJUGATION','Genus':'MASCULINE','Mood':'PARTICIPLE','Numerus':'SINGULAR','Pos':'V','Tense':'PERFECT','VerbType':'TRANSITIVE','Voice':'PASSIVE'},'name':'approbatus'}]}],'name':'approbo@V'}]">approbatus</w><c>.</c><c> </c></s><s><w lemma="[{'id':182444,'ls':[{'id':182445,'name':'hinc','wfs':[{'id':182446,'morph':{'ComparisonDegree':'POSITIVE','Pos':'ADV'},'name':'hinc'}]}],'name':'hinc@ADV'}]">Hinc</w><c> </c><w lemma="[{'id':7617143,'ls':[{'id':7617144,'name':'sum','wfs':[{'id':242825881,'morph':{'Mood':'INDICATIVE','Numerus':'SINGULAR','Person':'PERSON_3','Pos':'V','Tense':'PRESENT','VerbType':'VERBA_ANOMALA','Voice':'ACTIVE'},'name':'est'}]}],'name':'sum@V'}]">est</w><c> </c><w lemma="[{'id':109986,'ls':[{'id':109987,'name':'quod','wfs':[{'id':109988,'morph':{'Pos':'CON'},'name':'quod'}]}],'name':'quod@CON'}]">quod</w><c> </c><w lemma="[{'id':2874459,'ls':[{'id':242457998,'name':'praesens','wfs':[{'id':244213410,'morph':{'Casus':'ABLATIVE','ComparisonDegree':'POSITIVE','DeclensionType':'THIRD_DECLENSION','Genus':'NEUTER','Numerus':'SINGULAR','Pos':'ADJ'},'name':'praesenti'}]}],'name':'praesens@ADJ'}]">praesenti</w><c> </c><w lemma="[{'id':1412956,'ls':[{'id':8776,'name':'tempus','wfs':[{'id':243116309,'morph':{'Casus':'ABLATIVE','DeclensionType':'THIRD_DECLENSION','Genus':'NEUTER','Numerus':'SINGULAR','Pos':'NN'},'name':'tempore'}]}],'name':'tempus@NN'}]">tempore</w><c> </c><w lemma="[{'id':109577,'ls':[{'id':109578,'name':'in','wfs':[{'id':109579,'morph':{'Pos':'AP'},'name':'in'}]}],'name':'in@AP'}]">in</w><c> </c><w lemma="[{'id':417967,'ls':[{'id':4596,'name':'Gallia','wfs':[{'id':417968,'morph':{'Casus':'ACCUSATIVE','DeclensionType':'FIRST_DECLENSION','Genus':'FEMININE','Numerus':'PLURAL','Pos':'NE'},'name':'Gallias'}]}],'name':'Gallia@NE'}]">Gallias</w><c> </c><w lemma="[{'id':242816286,'ls':[{'id':242816287,'name':'nos','wfs':[{'id':594760049,'morph':{'Casus':'DATIVE','Genus':'MASCULINE','Numerus':'PLURAL','Pos':'PRO','PronounType':'PERSONAL'},'name':'nobis'}]}],'name':'nos@PRO'}]">nobis</w><c> </c><w lemma="[{'id':958093,'ls':[{'id':958094,'name':'deus','wfs':[{'id':958105,'morph':{'Casus':'ABLATIVE','DeclensionType':'SECOND_DECLENSION','Genus':'MASCULINE','Numerus':'SINGULAR','Pos':'NN'},'name':'deo'}]}],'name':'deus@NN'}]">deo</w><c> </c><w lemma="[{'id':3872052,'ls':[{'id':1249,'name':'auxilior','wfs':[{'id':3872500,'morph':{'Casus':'ABLATIVE','ConjugationType':'FIRST_CONJUGATION','Genus':'MASCULINE','Mood':'PARTICIPLE','Numerus':'SINGULAR','Pos':'V','Tense':'PRESENT','VerbType':'DEPONENT','Voice':'ACTIVE'},'name':'auxiliante'}]}],'name':'auxilior@V'}]">auxiliante</w><c> </c><w lemma="[{'id':7464234,'ls':[{'id':7464235,'name':'subicio','wfs':[{'id':503593405,'morph':{'Casus':'ACCUSATIVE','ConjugationType':'THIRD_CONJUGATION','Genus':'FEMININE','Mood':'PARTICIPLE','Numerus':'PLURAL','Pos':'V','Tense':'PERFECT','VerbType':'TRANSITIVE','Voice':'PASSIVE'},'name':'subiectas'}]}],'name':'subicio@V'}]">subiectas</w><c> </c><w lemma="[{'id':1461546,'ls':[{'id':1461549,'name':'vicarius','wfs':[{'id':243497920,'morph':{'Casus':'ACCUSATIVE','DeclensionType':'SECOND_DECLENSION','Genus':'MASCULINE','Numerus':'SINGULAR','Pos':'NN'},'name':'vicarium'}]}],'name':'vicarius@NN'}]">vicarium</w><c> </c><lb n="27" xml:id="bsb00000824_00271_27"></lb><w lemma="[{'id':242816823,'ls':[{'id':242816824,'name':'tu','wfs':[{'id':244512059,'morph':{'Casus':'ACCUSATIVE','Genus':'MASCULINE','Numerus':'SINGULAR','Pos':'PRO','PronounType':'PERSONAL'},'name':'te'}]}],'name':'tu@PRO'}]">te</w><c> </c><w lemma="[{'id':1269621,'ls':[{'id':7302,'name':'praefectus','wfs':[{'id':1269625,'morph':{'Casus':'GENITIVE','DeclensionType':'SECOND_DECLENSION','Genus':'MASCULINE','Numerus':'PLURAL','Pos':'NN'},'name':'praefectorum'}]}],'name':'praefectus@NN'}]">praefectorum</w><c> </c><w lemma="[{'id':244510439,'ls':[{'id':244510440,'name':'noster','wfs':[{'id':244510472,'morph':{'Casus':'NOMINATIVE','DeclensionType':'FIRST_DECLENSION','Genus':'FEMININE','Numerus':'SINGULAR','Pos':'PRO','PronounType':'POSSESSIVE'},'name':'nostra'}]}],'name':'noster@PRO'}]">nostra</w><c> </c><w lemma="[{'id':6256794,'ls':[{'id':6151,'name':'mitto','wfs':[{'id':6257115,'morph':{'ConjugationType':'THIRD_CONJUGATION','Mood':'INDICATIVE','Numerus':'SINGULAR','Person':'PERSON_3','Pos':'V','Tense':'PRESENT','VerbType':'TRANSITIVE','Voice':'ACTIVE'},'name':'mittit'}]}],'name':'mitto@V'}]">mittit</w><c> </c><w lemma="[{'id':796872,'ls':[{'id':1184,'name':'auctoritas','wfs':[{'id':796887,'morph':{'Casus':'NOMINATIVE','DeclensionType':'THIRD_DECLENSION','Genus':'FEMININE','Numerus':'SINGULAR','Pos':'NN'},'name':'auctoritas'}]}],'name':'auctoritas@NN'}]">auctoritas</w><c>.</c><c> </c></s><s><w lemma="[{'id':249938,'ls':[{'id':9043,'name':'unde','wfs':[{'id':249940,'morph':{'ComparisonDegree':'POSITIVE','Pos':'ADV'},'name':'unde'}]}],'name':'unde@ADV'}]">unde</w><c> </c><w lemma="[{'id':6638201,'ls':[{'id':6638202,'name':'perpendo','wfs':[{'id':6638435,'morph':{'ConjugationType':'THIRD_CONJUGATION','Mood':'IMPERATIVE','Numerus':'SINGULAR','Person':'PERSON_2','Pos':'V','Tense':'PRESENT','VerbType':'TRANSITIVE','Voice':'ACTIVE'},'name':'perpende'}]}],'name':'perpendo@V'}]">perpende</w><c> </c><w lemma="[{'id':244510606,'ls':[{'id':244510607,'name':'qualis','wfs':[{'id':545860252,'morph':{'Casus':'ACCUSATIVE','Genus':'NEUTER','Numerus':'PLURAL','Pos':'PRO','PronounType':'CORRELATIVE'},'name':'qualia'}]}],'name':'qualis@PRO'}]">qualia</w><c> </c><w lemma="[{'id':109545,'ls':[{'id':109546,'name':'de','wfs':[{'id':109547,'morph':{'Pos':'AP'},'name':'de'}]}],'name':'de@AP'}]">de</w><c> </c><w lemma="[{'id':242816823,'ls':[{'id':242816824,'name':'tu','wfs':[{'id':484136613,'morph':{'Casus':'ABLATIVE','Genus':'MASCULINE','Numerus':'SINGULAR','Pos':'PRO','PronounType':'PERSONAL'},'name':'te'}]}],'name':'tu@PRO'}]">te</w><c> </c><w lemma="[{'id':242815904,'ls':[{'id':244520791,'name':'videor','wfs':[{'id':232322879,'morph':{'ConjugationType':'SECOND_CONJUGATION','Mood':'SUBJUNCTIVE','Numerus':'PLURAL','Person':'PERSON_1','Pos':'V','Tense':'PRESENT','VerbType':'DEPONENT','Voice':'PASSIVE'},'name':'videamur'}]}],'name':'videor@V'}]">videamur</w><c> </c><w lemma="[{'id':5618354,'ls':[{'id':4757,'name':'habeo','wfs':[{'id':5618435,'morph':{'ConjugationType':'SECOND_CONJUGATION','Mood':'INFINITIVE','Pos':'V','Tense':'PRESENT','VerbType':'TRANSITIVE','Voice':'ACTIVE'},'name':'habere'}]}],'name':'habeo@V'}]">habere</w><c> </c><lb n="28" xml:id="bsb00000824_00271_28"></lb><w lemma="[{'id':1119861,'ls':[{'id':1119862,'name':'iudicium','wfs':[{'id':243378419,'morph':{'Casus':'ACCUSATIVE','DeclensionType':'SECOND_DECLENSION','Genus':'NEUTER','Numerus':'PLURAL','Pos':'NN'},'name':'iudicia'}]}],'name':'iudicium@NN'}]">iudicia</w><c>,</c><c> </c><w lemma="[{'id':109946,'ls':[{'id':109947,'name':'quando','wfs':[{'id':109948,'morph':{'Pos':'CON'},'name':'quando'}]}],'name':'quando@CON'}]">quando</w><c> </c><w lemma="[{'id':109453,'ls':[{'id':109454,'name':'ad','wfs':[{'id':109455,'morph':{'Pos':'AP'},'name':'ad'}]}],'name':'ad@AP'}]">ad</w><c> </c><w lemma="[{'id':242816114,'ls':[{'id':242816115,'name':'ille','wfs':[{'id':242816139,'morph':{'Casus':'ACCUSATIVE','Genus':'MASCULINE','Numerus':'PLURAL','Pos':'PRO','PronounType':'DEMONSTRATIVE'},'name':'illos'}]}],'name':'ille@PRO'}]">illos</w><c> </c><w lemma="[{'id':1263271,'ls':[{'id':7205,'name':'populus','wfs':[{'id':243425431,'morph':{'Casus':'ACCUSATIVE','DeclensionType':'SECOND_DECLENSION','Genus':'MASCULINE','Numerus':'PLURAL','Pos':'NN'},'name':'populos'}]}],'name':'populus@NN'}]">populos</w><c> </c><w lemma="[{'id':6256794,'ls':[{'id':6151,'name':'mitto','wfs':[{'id':6257026,'morph':{'ConjugationType':'THIRD_CONJUGATION','Mood':'INDICATIVE','Numerus':'SINGULAR','Person':'PERSON_2','Pos':'V','Tense':'PRESENT','VerbType':'TRANSITIVE','Voice':'PASSIVE'},'name':'mitteris'}]}],'name':'mitto@V'}]">mitteris</w><c> </c><w lemma="[{'id':4618792,'ls':[{'id':2789,'name':'corrigo','wfs':[{'id':496836425,'morph':{'Casus':'ACCUSATIVE','ComparisonDegree':'POSITIVE','DeclensionType':'SECOND_DECLENSION','Genus':'MASCULINE','Mood':'GERUNDIVE','Numerus':'PLURAL','Pos':'V'},'name':'corrigendos'}]}],'name':'corrigo@V'}]">corrigendos</w><c>,</c><c> </c><w lemma="[{'id':242816363,'ls':[{'id':242816364,'name':'qui','wfs':[{'id':242816417,'morph':{'Casus':'ACCUSATIVE','Genus':'MASCULINE','Numerus':'PLURAL','Pos':'PRO','PronounType':'RELATIVE'},'name':'quos'}]}],'name':'qui@PRO'}]">quos</w><c> </c><w lemma="[{'id':244510439,'ls':[{'id':244510440,'name':'noster','wfs':[{'id':457578028,'morph':{'Casus':'DATIVE','DeclensionType':'FIRST_DECLENSION','Genus':'FEMININE','Numerus':'PLURAL','Pos':'PRO','PronounType':'POSSESSIVE'},'name':'nostris'}]}],'name':'noster@PRO'}]">nostris</w><c> </c><w lemma="[{'id':1133332,'ls':[{'id':5649,'name':'laus','wfs':[{'id':1133334,'morph':{'Casus':'ABLATIVE','DeclensionType':'THIRD_DECLENSION','Genus':'FEMININE','Numerus':'PLURAL','Pos':'NN'},'name':'laudibus'}]}],'name':'laus@NN'}]">laudibus</w><c> </c><w lemma="[{'id':236681,'ls':[{'id':8421,'name':'specialiter','wfs':[{'id':236684,'morph':{'ComparisonDegree':'POSITIVE','Pos':'ADV'},'name':'specialiter'}]}],'name':'specialiter@ADV'}]">specialiter</w><c> </c><lb n="29" xml:id="bsb00000824_00271_29"></lb><w lemma="[{'id':4637462,'ls':[{'id':2846,'name':'credo','wfs':[{'id':4637574,'morph':{'ConjugationType':'THIRD_CONJUGATION','Mood':'INDICATIVE','Numerus':'PLURAL','Person':'PERSON_1','Pos':'V','Tense':'PRESENT','VerbType':'TRANSITIVE','Voice':'ACTIVE'},'name':'credimus'}]}],'name':'credo@V'}]">credimus</w><c> </c><w lemma="[{'id':3415565,'ls':[{'id':360,'name':'adquiro','wfs':[{'id':3416459,'morph':{'Casus':'ACCUSATIVE','ConjugationType':'THIRD_CONJUGATION','Genus':'MASCULINE','Mood':'PARTICIPLE','Numerus':'PLURAL','Pos':'V','Tense':'PERFECT','VerbType':'TRANSITIVE','Voice':'PASSIVE'},'name':'adquisitos'}]}],'name':'acquiro@V'}]">adquisitos</w><c>.</c><c> </c></s><s><w lemma="[{'id':1813598,'ls':[{'id':1605,'name':'carus','wfs':[{'id':1813686,'morph':{'Casus':'NOMINATIVE','ComparisonDegree':'POSITIVE','DeclensionType':'FIRST_DECLENSION','Genus':'FEMININE','Numerus':'SINGULAR','Pos':'ADJ'},'name':'cara'}]}],'name':'carus@ADJ'}]">cara</w><c> </c><w lemma="[{'id':7617143,'ls':[{'id':7617144,'name':'sum','wfs':[{'id':242825881,'morph':{'Mood':'INDICATIVE','Numerus':'SINGULAR','Person':'PERSON_3','Pos':'V','Tense':'PRESENT','VerbType':'VERBA_ANOMALA','Voice':'ACTIVE'},'name':'est'}]}],'name':'sum@V'}]">est</w><c> </c><w lemma="[{'id':1278659,'ls':[{'id':1278660,'name':'princeps','wfs':[{'id':243431605,'morph':{'Casus':'DATIVE','DeclensionType':'THIRD_DECLENSION','Genus':'MASCULINE','Numerus':'SINGULAR','Pos':'NN'},'name':'principi'}]}],'name':'princeps@NN'}]">principi</w><c> </c><w lemma="[{'id':1054836,'ls':[{'id':4677,'name':'gloria','wfs':[{'id':1054852,'morph':{'Casus':'NOMINATIVE','DeclensionType':'FIRST_DECLENSION','Genus':'FEMININE','Numerus':'SINGULAR','Pos':'NN'},'name':'gloria'}]}],'name':'gloria@NN'}]">gloria</w><c> </c><w lemma="[{'id':109828,'ls':[{'id':109829,'name':'et','wfs':[{'id':109830,'morph':{'Pos':'CON'},'name':'et'}]}],'name':'et@CON'}]">et</w><c> </c><w lemma="[{'id':242307696,'ls':[{'id':242307701,'name':'necesse','wfs':[{'id':242307702,'morph':{'Genus':'NEUTER','Pos':'ADJ'},'name':'necesse'}]}],'name':'necesse@ADJ'}]">necesse</w><c> </c><w lemma="[{'id':7617143,'ls':[{'id':7617144,'name':'sum','wfs':[{'id':242825881,'morph':{'Mood':'INDICATIVE','Numerus':'SINGULAR','Person':'PERSON_3','Pos':'V','Tense':'PRESENT','VerbType':'VERBA_ANOMALA','Voice':'ACTIVE'},'name':'est'}]}],'name':'sum@V'}]">est</w><c> </c><w lemma="[{'id':109545,'ls':[{'id':109546,'name':'de','wfs':[{'id':109547,'morph':{'Pos':'AP'},'name':'de'}]}],'name':'de@AP'}]">de</w><c> </c><w lemma="[{'id':242816114,'ls':[{'id':242816115,'name':'ille','wfs':[{'id':497062765,'morph':{'Casus':'ABLATIVE','Genus':'MASCULINE','Numerus':'PLURAL','Pos':'PRO','PronounType':'DEMONSTRATIVE'},'name':'illis'}]}],'name':'ille@PRO'}]">illis</w><c> </c><w lemma="[{'id':121446,'ls':[{'id':121447,'name':'ample','wfs':[{'id':121448,'morph':{'ComparisonDegree':'COMPARATIVE','Pos':'ADV'},'name':'amplius'}]}],'name':'ample@ADV'}]">amplius</w><c> </c><w lemma="[{'id':7617143,'ls':[{'id':7617144,'name':'sum','wfs':[{'id':7617145,'morph':{'Mood':'INFINITIVE','Pos':'V','Tense':'PRESENT','VerbType':'VERBA_ANOMALA','Voice':'ACTIVE'},'name':'esse'}]}],'name':'sum@V'}]">esse</w><c> </c><lb n="30" xml:id="bsb00000824_00271_30"></lb><w lemma="[{'id':3063897,'ls':[{'id':8375,'name':'sollicitus','wfs':[{'id':3063984,'morph':{'Casus':'ACCUSATIVE','ComparisonDegree':'POSITIVE','DeclensionType':'SECOND_DECLENSION','Genus':'MASCULINE','Numerus':'SINGULAR','Pos':'ADJ'},'name':'sollicitum'}]}],'name':'sollicitus@ADJ'}]">sollicitum</w><c>,</c><c> </c><w lemma="[{'id':249938,'ls':[{'id':9043,'name':'unde','wfs':[{'id':249940,'morph':{'ComparisonDegree':'POSITIVE','Pos':'ADV'},'name':'unde'}]}],'name':'unde@ADV'}]">unde</w><c> </c><w lemma="[{'id':242816792,'ls':[{'id':242816793,'name':'sui','wfs':[{'id':554766465,'morph':{'Casus':'DATIVE','Genus':'MASCULINE','Numerus':'SINGULAR','Pos':'PRO','PronounType':'REFLEXIVE'},'name':'sibi'}]}],'name':'sui@PRO'}]">sibi</w><c> </c><w lemma="[{'id':1431226,'ls':[{'id':8951,'name':'triumphus','wfs':[{'id':1431247,'morph':{'Casus':'GENITIVE','DeclensionType':'SECOND_DECLENSION','Genus':'MASCULINE','Numerus':'PLURAL','Pos':'NN'},'name':'triumphorum'}]}],'name':'triumphus@NN'}]">triumphorum</w><c> </c><w lemma="[{'id':7964639,'ls':[{'id':9166,'name':'venio','wfs':[{'id':7965124,'morph':{'ConjugationType':'FOURTH_CONJUGATION','Mood':'INFINITIVE','Pos':'V','Tense':'PERFECT','VerbType':'INTRANSITIVE','Voice':'ACTIVE'},'name':'venisse'}]}],'name':'venio@V'}]">venisse</w><c> </c><w lemma="[{'id':7355982,'ls':[{'id':244500552,'name':'sentio','wfs':[{'id':297496733,'morph':{'ConjugationType':'FOURTH_CONJUGATION','Mood':'INDICATIVE','Numerus':'SINGULAR','Person':'PERSON_3','Pos':'V','Tense':'PRESENT','VerbType':'INTRANSITIVE','Voice':'ACTIVE'},'name':'sentit'}]}],'name':'sentio@V'}]">sentit</w><c> </c><w lemma="[{'id':798138,'ls':[{'id':1206,'name':'augmentum','wfs':[{'id':798151,'morph':{'Casus':'NOMINATIVE','DeclensionType':'SECOND_DECLENSION','Genus':'NEUTER','Numerus':'SINGULAR','Pos':'NN'},'name':'augmentum'}]}],'name':'augmentum@NN'}]">augmentum</w><c>.</c><c> </c></s><s><w lemma="[{'id':573068,'ls':[{'id':573069,'name':'Agus','wfs':[{'id':573103,'morph':{'Casus':'VOCATIVE','DeclensionType':'SECOND_DECLENSION','Genus':'MASCULINE','Numerus':'SINGULAR','Pos':'NP'},'name':'Age'}]}],'name':'Agus@NP'}]">Age</w><c> </c><w lemma="[{'id':109847,'ls':[{'id':109848,'name':'igitur','wfs':[{'id':109849,'morph':{'Pos':'CON'},'name':'igitur'}]}],'name':'igitur@CON'}]">igitur</w><c> </c><w lemma="[{'id':1155044,'ls':[{'id':5956,'name':'mandatum','wfs':[{'id':1155045,'morph':{'Casus':'ACCUSATIVE','DeclensionType':'SECOND_DECLENSION','Genus':'NEUTER','Numerus':'PLURAL','Pos':'NN'},'name':'mandata'}]}],'name':'mandatum@NN'}]">mandata</w><c>,</c><c> </c><w lemma="[{'id':110020,'ls':[{'id':110021,'name':'si','wfs':[{'id':110022,'morph':{'Pos':'CON'},'name':'si'}]}],'name':'si@CON'}]">si</w><c> </c><lb n="31" xml:id="bsb00000824_00271_31"></lb><w lemma="[{'id':4669725,'ls':[{'id':2957,'name':'cupio','wfs':[{'id':4670006,'morph':{'ConjugationType':'THIRD_CONJUGATION','Mood':'INDICATIVE','Numerus':'SINGULAR','Person':'PERSON_2','Pos':'V','Tense':'PRESENT','VerbType':'TRANSITIVE','Voice':'ACTIVE'},'name':'cupis'}]}],'name':'cupio@V'}]">cupis</w><c> </c><w lemma="[{'id':109577,'ls':[{'id':109578,'name':'in','wfs':[{'id':109579,'morph':{'Pos':'AP'},'name':'in'}]}],'name':'in@AP'}]">in</w><c> </c><w lemma="[{'id':242816823,'ls':[{'id':242816824,'name':'tu','wfs':[{'id':244512059,'morph':{'Casus':'ACCUSATIVE','Genus':'MASCULINE','Numerus':'SINGULAR','Pos':'PRO','PronounType':'PERSONAL'},'name':'te'}]}],'name':'tu@PRO'}]">te</w><c> </c><w lemma="[{'id':6914688,'ls':[{'id':6914689,'name':'proficio','wfs':[{'id':6914775,'morph':{'ConjugationType':'THIRD_CONJUGATION','Mood':'INFINITIVE','Pos':'V','Tense':'PRESENT','VerbType':'TRANSITIVE','Voice':'ACTIVE'},'name':'proficere'}]}],'name':'proficio@V'}]">proficere</w><c> </c><w lemma="[{'id':245551289,'ls':[{'id':245551290,'name':'nostra','wfs':[{'id':245551297,'morph':{'Casus':'ACCUSATIVE','DeclensionType':'SECOND_DECLENSION','Genus':'NEUTER','Numerus':'PLURAL','Pos':'NN'},'name':'nostra'}]}],'name':'nostra@NN'}]">nostra</w><c> </c><w lemma="[{'id':1119861,'ls':[{'id':1119862,'name':'iudicium','wfs':[{'id':243378419,'morph':{'Casus':'ACCUSATIVE','DeclensionType':'SECOND_DECLENSION','Genus':'NEUTER','Numerus':'PLURAL','Pos':'NN'},'name':'iudicia'}]}],'name':'iudicium@NN'}]">iudicia</w><c>.</c><c> </c></s><s><w lemma="[{'id':3223173,'ls':[{'id':8990,'name':'turbulentus','wfs':[{'id':3223223,'morph':{'Casus':'ACCUSATIVE','ComparisonDegree':'POSITIVE','DeclensionType':'SECOND_DECLENSION','Genus':'NEUTER','Numerus':'PLURAL','Pos':'ADJ'},'name':'turbulenta'}]}],'name':'turbulentus@ADJ'}]">turbulenta</w><c> </c><w lemma="[{'id':206035,'ls':[{'id':6416,'name':'non','wfs':[{'id':241322627,'morph':{'Pos':'ADV'},'name':'non'}]}],'name':'non@ADV'}]">non</w><c> </c><w lemma="[{'id':3613136,'ls':[{'id':3613137,'name':'amo','wfs':[{'id':3613391,'morph':{'ConjugationType':'FIRST_CONJUGATION','Mood':'SUBJUNCTIVE','Numerus':'SINGULAR','Person':'PERSON_2','Pos':'V','Tense':'PRESENT','VerbType':'TRANSITIVE','Voice':'ACTIVE'},'name':'ames'}]}],'name':'amo@V'}]">ames</w><c>:</c><c> </c><w lemma="[{'id':1726458,'ls':[{'id':1254,'name':'avarus','wfs':[{'id':1726623,'morph':{'Casus':'ACCUSATIVE','ComparisonDegree':'POSITIVE','DeclensionType':'SECOND_DECLENSION','Genus':'NEUTER','Numerus':'PLURAL','Pos':'ADJ'},'name':'avara'}]}],'name':'avarus@ADJ'}]">avara</w><c> </c><w lemma="[{'id':4712533,'ls':[{'id':3061,'name':'declino','wfs':[{'id':4712785,'morph':{'ConjugationType':'FIRST_CONJUGATION','Mood':'IMPERATIVE','Numerus':'SINGULAR','Person':'PERSON_2','Pos':'V','Tense':'PRESENT','VerbType':'TRANSITIVE','Voice':'ACTIVE'},'name':'declina'}]}],'name':'declino@V'}]">declina</w><c>,</c><c> </c><w lemma="[{'id':110061,'ls':[{'id':110062,'name':'ut','wfs':[{'id':110063,'morph':{'Pos':'CON'},'name':'ut'}]}],'name':'ut@CON'}]">ut</w><c> </c><w lemma="[{'id':244511865,'ls':[{'id':244511866,'name':'talis','wfs':[{'id':548801302,'morph':{'Casus':'ACCUSATIVE','DeclensionType':'THIRD_DECLENSION','Genus':'MASCULINE','Numerus':'SINGULAR','Pos':'PRO','PronounType':'CORRELATIVE'},'name':'talem'}]}],'name':'talis@PRO'}]">talem</w><c> </c><w lemma="[{'id':242816823,'ls':[{'id':242816824,'name':'tu','wfs':[{'id':244512059,'morph':{'Casus':'ACCUSATIVE','Genus':'MASCULINE','Numerus':'SINGULAR','Pos':'PRO','PronounType':'PERSONAL'},'name':'te'}]}],'name':'tu@PRO'}]">te</w><c> </c><pb n="88" xml:id="bsb00000824_00272"></pb><lb n="1" xml:id="bsb00000824_00272_1"></lb><w lemma="[{'id':1119413,'ls':[{'id':1119414,'name':'iudex','wfs':[{'id':243378218,'morph':{'Casus':'ACCUSATIVE','DeclensionType':'THIRD_DECLENSION','Genus':'MASCULINE','Numerus':'SINGULAR','Pos':'NN'},'name':'iudicem'}]}],'name':'iudex@NN'}]">iudicem</w><c> </c><w lemma="[{'id':1291084,'ls':[{'id':7580,'name':'provincia','wfs':[{'id':1291115,'morph':{'Casus':'NOMINATIVE','DeclensionType':'FIRST_DECLENSION','Genus':'FEMININE','Numerus':'SINGULAR','Pos':'NN'},'name':'provincia'}]}],'name':'provincia@NN'}]">provincia</w><c> </c><w lemma="[{'id':2319984,'ls':[{'id':4338,'name':'fessus','wfs':[{'id':2320056,'morph':{'Casus':'NOMINATIVE','ComparisonDegree':'POSITIVE','DeclensionType':'FIRST_DECLENSION','Genus':'FEMININE','Numerus':'SINGULAR','Pos':'ADJ'},'name':'fessa'}]}],'name':'fessus@ADJ'}]">fessa</w><c> </c><w lemma="[{'id':7755891,'ls':[{'id':8690,'name':'suscipio','wfs':[{'id':7757068,'morph':{'ConjugationType':'THIRD_CONJUGATION','Mood':'SUBJUNCTIVE','Numerus':'SINGULAR','Person':'PERSON_3','Pos':'V','Tense':'PRESENT','VerbType':'TRANSITIVE','Voice':'ACTIVE'},'name':'suscipiat'}]}],'name':'suscipio@V'}]">suscipiat</w><c>,</c><c> </c><w lemma="[{'id':2935630,'ls':[{'id':2935631,'name':'qualis','wfs':[{'id':2935704,'morph':{'Casus':'ACCUSATIVE','ComparisonDegree':'POSITIVE','DeclensionType':'THIRD_DECLENSION','Genus':'MASCULINE','Numerus':'SINGULAR','Pos':'ADJ'},'name':'qualem'}]}],'name':'qualis@ADJ'}]">qualem</w><c> </c><w lemma="[{'id':583618,'ls':[{'id':583619,'name':'Romanus','wfs':[{'id':583628,'morph':{'Casus':'ACCUSATIVE','DeclensionType':'SECOND_DECLENSION','Genus':'MASCULINE','Numerus':'SINGULAR','Pos':'NP'},'name':'Romanum'}]}],'name':'Romanus@NP'}]">Romanum</w><c> </c><w lemma="[{'id':1278659,'ls':[{'id':1278660,'name':'princeps','wfs':[{'id':243431603,'morph':{'Casus':'ACCUSATIVE','DeclensionType':'THIRD_DECLENSION','Genus':'MASCULINE','Numerus':'SINGULAR','Pos':'NN'},'name':'principem'}]}],'name':'princeps@NN'}]">principem</w><c> </c><w lemma="[{'id':7841090,'ls':[{'id':8922,'name':'transmitto','wfs':[{'id':7841578,'morph':{'ConjugationType':'THIRD_CONJUGATION','Mood':'INFINITIVE','Pos':'V','Tense':'PERFECT','VerbType':'TRANSITIVE','Voice':'ACTIVE'},'name':'transmisisse'}]}],'name':'transmitto@V'}]">transmisisse</w><c> </c><w lemma="[{'id':4186426,'ls':[{'id':2021,'name':'cognosco','wfs':[{'id':4186785,'morph':{'ConjugationType':'THIRD_CONJUGATION','Mood':'SUBJUNCTIVE','Numerus':'SINGULAR','Person':'PERSON_3','Pos':'V','Tense':'PRESENT','VerbType':'TRANSITIVE','Voice':'ACTIVE'},'name':'cognoscat'}]}],'name':'cognosco@V'}]">cognoscat</w><c>.</c><c> </c><lb n="2" xml:id="bsb00000824_00272_2"></lb></s><s><w lemma="[{'id':4890131,'ls':[{'id':3363,'name':'desidero','wfs':[{'id':4890481,'morph':{'ConjugationType':'FIRST_CONJUGATION','Mood':'INDICATIVE','Numerus':'SINGULAR','Person':'PERSON_3','Pos':'V','Tense':'PRESENT','VerbType':'TRANSITIVE','Voice':'ACTIVE'},'name':'desiderat'}]}],'name':'desidero@V'}]">desiderat</w><c> </c><w lemma="[{'id':1466541,'ls':[{'id':9281,'name':'vir','wfs':[{'id':370436,'morph':{'Casus':'ACCUSATIVE','DeclensionType':'SECOND_DECLENSION','Genus':'MASCULINE','Numerus':'PLURAL','Pos':'NN'},'name':'viros'}]}],'name':'vir@NN'}]">viros</w><c> </c><w lemma="[{'id':2237220,'ls':[{'id':3822,'name':'egregius','wfs':[{'id':2237240,'morph':{'Casus':'ACCUSATIVE','ComparisonDegree':'POSITIVE','DeclensionType':'SECOND_DECLENSION','Genus':'MASCULINE','Numerus':'PLURAL','Pos':'ADJ'},'name':'egregios'}]}],'name':'egregius@ADJ'}]">egregios</w><c> </c><w lemma="[{'id':4187754,'ls':[{'id':2007,'name':'cogo','wfs':[{'id':4187816,'morph':{'Casus':'NOMINATIVE','ConjugationType':'THIRD_CONJUGATION','Genus':'FEMININE','Mood':'PARTICIPLE','Numerus':'SINGULAR','Pos':'V','Tense':'PERFECT','VerbType':'TRANSITIVE','Voice':'PASSIVE'},'name':'coacta'}]}],'name':'cogo@V'}]">coacta</w><c> </c><w lemma="[{'id':862072,'ls':[{'id':1923,'name':'clades','wfs':[{'id':243284735,'morph':{'Casus':'ABLATIVE','DeclensionType':'THIRD_DECLENSION','Genus':'FEMININE','Numerus':'PLURAL','Pos':'NN'},'name':'cladibus'}]}],'name':'clades@NN'}]">cladibus</w><c> </c><w lemma="[{'id':1406782,'ls':[{'id':488516594,'name':'suus','wfs':[{'id':488516608,'morph':{'Casus':'ABLATIVE','DeclensionType':'SECOND_DECLENSION','Genus':'MASCULINE','Numerus':'PLURAL','Pos':'NN'},'name':'suis'}]}],'name':'suus@NN'}]">suis</w><c>.</c><c> </c><w lemma="[{'id':5147146,'ls':[{'id':3801,'name':'efficio','wfs':[{'id':5147385,'morph':{'ConjugationType':'THIRD_CONJUGATION','Mood':'IMPERATIVE','Numerus':'SINGULAR','Person':'PERSON_2','Pos':'V','Tense':'PRESENT','VerbType':'TRANSITIVE','Voice':'ACTIVE'},'name':'effice'}]}],'name':'efficio@V'}]">effice</w><c> </c><w lemma="[{'id':110061,'ls':[{'id':110062,'name':'ut','wfs':[{'id':110063,'morph':{'Pos':'CON'},'name':'ut'}]}],'name':'ut@CON'}]">ut</w><c> </c><w lemma="[{'id':8014163,'ls':[{'id':9264,'name':'vinco','wfs':[{'id':8014626,'morph':{'Casus':'ACCUSATIVE','ConjugationType':'THIRD_CONJUGATION','Genus':'FEMININE','Mood':'PARTICIPLE','Numerus':'SINGULAR','Pos':'V','Tense':'PERFECT','VerbType':'TRANSITIVE','Voice':'PASSIVE'},'name':'victam'}]}],'name':'vinco@V'}]">victam</w><c> </c><w lemma="[{'id':7617143,'ls':[{'id':7617144,'name':'sum','wfs':[{'id':244519841,'morph':{'Mood':'INFINITIVE','Pos':'V','Tense':'PERFECT','VerbType':'VERBA_ANOMALA','Voice':'ACTIVE'},'name':'fuisse'}]}],'name':'sum@V'}]">fuisse</w><c> </c><w lemma="[{'id':4793813,'ls':[{'id':3176,'name':'delecto','wfs':[{'id':4794166,'morph':{'ConjugationType':'FIRST_CONJUGATION','Mood':'SUBJUNCTIVE','Numerus':'SINGULAR','Person':'PERSON_3','Pos':'V','Tense':'PRESENT','VerbType':'TRANSITIVE','Voice':'ACTIVE'},'name':'delectet'}]}],'name':'delecto@V'}]">delectet</w><c>.</c><c> </c></s><s><w lemma="[{'id':242816277,'ls':[{'id':242816278,'name':'nemo','wfs':[{'id':496762542,'morph':{'Casus':'ACCUSATIVE','Genus':'NEUTER','Numerus':'SINGULAR','Pos':'PRO','PronounType':'INDEFINITE'},'name':'nihil'}]}],'name':'nemo@PRO'}]">nihil</w><c> </c><lb n="3" xml:id="bsb00000824_00272_3"></lb><w lemma="[{'id':244511865,'ls':[{'id':244511866,'name':'talis','wfs':[{'id':241038712,'morph':{'Casus':'ACCUSATIVE','DeclensionType':'THIRD_DECLENSION','Genus':'NEUTER','Numerus':'SINGULAR','Pos':'PRO','PronounType':'CORRELATIVE'},'name':'tale'}]}],'name':'talis@PRO'}]">tale</w><c> </c><w lemma="[{'id':7355982,'ls':[{'id':244500552,'name':'sentio','wfs':[{'id':297496730,'morph':{'ConjugationType':'FOURTH_CONJUGATION','Mood':'SUBJUNCTIVE','Numerus':'SINGULAR','Person':'PERSON_3','Pos':'V','Tense':'PRESENT','VerbType':'INTRANSITIVE','Voice':'ACTIVE'},'name':'sentiat'}]}],'name':'sentio@V'}]">sentiat</w><c>,</c><c> </c><w lemma="[{'id':244510606,'ls':[{'id':244510607,'name':'qualis','wfs':[{'id':503585174,'morph':{'Casus':'ACCUSATIVE','Genus':'NEUTER','Numerus':'SINGULAR','Pos':'PRO','PronounType':'CORRELATIVE'},'name':'quale'}]}],'name':'qualis@PRO'}]">quale</w><c> </c><w lemma="[{'id':6534354,'ls':[{'id':6845,'name':'patior','wfs':[{'id':6534857,'morph':{'ConjugationType':'THIRD_CONJUGATION','Mood':'INDICATIVE','Numerus':'SINGULAR','Person':'PERSON_3','Pos':'V','Tense':'IMPERFECT','VerbType':'DEPONENT','Voice':'PASSIVE'},'name':'patiebatur'}]}],'name':'patior@V'}]">patiebatur</w><c>,</c><c> </c><w lemma="[{'id':241279615,'ls':[{'id':241279619,'name':'cum','wfs':[{'id':241279620,'morph':{'Pos':'CON'},'name':'cum'}]}],'name':'cum@CON'}]">cum</w><c> </c><w lemma="[{'id':241385502,'ls':[{'id':241385503,'name':'Roma','wfs':[{'id':243180166,'morph':{'Casus':'ACCUSATIVE','DeclensionType':'FIRST_DECLENSION','Genus':'FEMININE','Numerus':'SINGULAR','Pos':'NE'},'name':'Romam'}]}],'name':'Roma@NE'}]">Romam</w><c> </c><w lemma="[{'id':7026606,'ls':[{'id':244494165,'name':'quaero','wfs':[{'id':7026979,'morph':{'ConjugationType':'THIRD_CONJUGATION','Mood':'SUBJUNCTIVE','Numerus':'SINGULAR','Person':'PERSON_3','Pos':'V','Tense':'IMPERFECT','VerbType':'TRANSITIVE','Voice':'ACTIVE'},'name':'quaereret'}]}],'name':'quaero@V'}]">quaereret</w><c>.</c><c> </c></s><s><w lemma="[{'id':3354273,'ls':[{'id':57,'name':'abscedo','wfs':[{'id':241311522,'morph':{'ConjugationType':'THIRD_CONJUGATION','Mood':'SUBJUNCTIVE','Numerus':'SINGULAR','Person':'PERSON_3','Pos':'V','Tense':'PRESENT','VerbType':'INTRANSITIVE','Voice':'ACTIVE'},'name':'abscedat'}]}],'name':'abscedo@V'}]">abscedat</w><c> </c><w lemma="[{'id':2744416,'ls':[{'id':6625,'name':'omnis','wfs':[{'id':242349879,'morph':{'Casus':'NOMINATIVE','ComparisonDegree':'POSITIVE','DeclensionType':'THIRD_DECLENSION','Genus':'FEMININE','Numerus':'SINGULAR','Pos':'ADJ'},'name':'omnis'}]}],'name':'omnis@ADJ'}]">omnis</w><c> </c><w lemma="[{'id':109545,'ls':[{'id':109546,'name':'de','wfs':[{'id':109547,'morph':{'Pos':'AP'},'name':'de'}]}],'name':'de@AP'}]">de</w><c> </c><w lemma="[{'id':824468,'ls':[{'id':1482,'name':'calamitas','wfs':[{'id':243272772,'morph':{'Casus':'ABLATIVE','DeclensionType':'THIRD_DECLENSION','Genus':'FEMININE','Numerus':'SINGULAR','Pos':'NN'},'name':'calamitate'}]}],'name':'calamitas@NN'}]">calamitate</w><c> </c><lb n="4" xml:id="bsb00000824_00272_4"></lb><w lemma="[{'id':1430597,'ls':[{'id':8945,'name':'tristitia','wfs':[{'id':1430619,'morph':{'Casus':'NOMINATIVE','DeclensionType':'FIRST_DECLENSION','Genus':'FEMININE','Numerus':'SINGULAR','Pos':'NN'},'name':'tristitia'}]}],'name':'tristitia@NN'}]">tristitia</w><c>:</c><c> </c><w lemma="[{'id':7363137,'ls':[{'id':7363138,'name':'sereno','wfs':[{'id':7363492,'morph':{'ConjugationType':'FIRST_CONJUGATION','Mood':'SUBJUNCTIVE','Numerus':'SINGULAR','Person':'PERSON_3','Pos':'V','Tense':'PRESENT','VerbType':'TRANSITIVE','Voice':'PASSIVE'},'name':'serenetur'}]}],'name':'sereno@V'}]">serenetur</w><c> </c><w lemma="[{'id':245306,'ls':[{'id':8738,'name':'tandem','wfs':[{'id':245307,'morph':{'ComparisonDegree':'POSITIVE','Pos':'ADV'},'name':'tandem'}]}],'name':'tandem@ADV'}]">tandem</w><c> </c><w lemma="[{'id':2708275,'ls':[{'id':6444,'name':'nubilus','wfs':[{'id':2708363,'morph':{'Casus':'NOMINATIVE','ComparisonDegree':'POSITIVE','DeclensionType':'SECOND_DECLENSION','Genus':'MASCULINE','Numerus':'SINGULAR','Pos':'ADJ'},'name':'nubilus'}]}],'name':'nubilus@ADJ'}]">nubilus</w><c> </c><w lemma="[{'id':1475593,'ls':[{'id':9357,'name':'vultus','wfs':[{'id':554766482,'morph':{'Casus':'NOMINATIVE','DeclensionType':'FOURTH_DECLENSION','Genus':'MASCULINE','Numerus':'SINGULAR','Pos':'NN'},'name':'vultus'}]}],'name':'vultus@NN'}]">vultus</w><c>.</c><c> </c><w lemma="[{'id':206572,'ls':[{'id':206573,'name':'nunc','wfs':[{'id':241322948,'morph':{'Pos':'ADV'},'name':'nunc'}]}],'name':'nunc@ADV'}]">nunc</w><c> </c><w lemma="[{'id':242816114,'ls':[{'id':242816115,'name':'ille','wfs':[{'id':242816120,'morph':{'Casus':'ACCUSATIVE','Genus':'FEMININE','Numerus':'SINGULAR','Pos':'PRO','PronounType':'DEMONSTRATIVE'},'name':'illam'}]}],'name':'ille@PRO'}]">illam</w><c> </c><w lemma="[{'id':5586730,'ls':[{'id':4606,'name':'gaudeo','wfs':[{'id':244467368,'morph':{'ConjugationType':'SECOND_CONJUGATION','Mood':'INFINITIVE','Pos':'V','Tense':'PRESENT','VerbType':'SEMIDEPONENT','Voice':'ACTIVE'},'name':'gaudere'}]}],'name':'gaudeo@V'}]">gaudere</w><c> </c><w lemma="[{'id':4573156,'ls':[{'id':2706,'name':'convenio','wfs':[{'id':4573875,'morph':{'ConjugationType':'FOURTH_CONJUGATION','Mood':'INDICATIVE','Numerus':'SINGULAR','Person':'PERSON_3','Pos':'V','Tense':'PRESENT','VerbType':'TRANSITIVE','Voice':'ACTIVE'},'name':'convenit'}]}],'name':'convenio@V'}]">convenit</w><c>,</c><c> </c><w lemma="[{'id':241279615,'ls':[{'id':241279619,'name':'cum','wfs':[{'id':241279620,'morph':{'Pos':'CON'},'name':'cum'}]}],'name':'cum@CON'}]">cum</w><c> </c><w lemma="[{'id':109453,'ls':[{'id':109454,'name':'ad','wfs':[{'id':109455,'morph':{'Pos':'AP'},'name':'ad'}]}],'name':'ad@AP'}]">ad</w><c> </c><w lemma="[{'id':244511757,'ls':[{'id':244511758,'name':'suus','wfs':[{'id':245550215,'morph':{'Casus':'ACCUSATIVE','Genus':'NEUTER','Numerus':'PLURAL','Pos':'PRO','PronounType':'POSSESSIVE'},'name':'sua'}]}],'name':'suus@PRO'}]">sua</w><c> </c><lb n="5" xml:id="bsb00000824_00272_5"></lb><w lemma="[{'id':1473777,'ls':[{'id':9345,'name':'votum','wfs':[{'id':1473795,'morph':{'Casus':'ACCUSATIVE','DeclensionType':'SECOND_DECLENSION','Genus':'NEUTER','Numerus':'PLURAL','Pos':'NN'},'name':'vota'}]}],'name':'votum@NN'}]">vota</w><c> </c><w lemma="[{'id':6683384,'ls':[{'id':7038,'name':'pervenio','wfs':[{'id':6684103,'morph':{'ConjugationType':'FOURTH_CONJUGATION','Mood':'INDICATIVE','Numerus':'SINGULAR','Person':'PERSON_3','Pos':'V','Tense':'PRESENT','VerbType':'TRANSITIVE','Voice':'ACTIVE'},'name':'pervenit'}]}],'name':'pervenio@V'}]">pervenit</w><c>.</c></s></p></div></body></text></TEI>