<?xml version="1.0" ?><TEI xmlns="http://www.tei-c.org/ns/1.0"><teiHeader><fileDesc><titleStmt><title>MGH Auct. ant. 12: Cassiodori Senatoris Variae</title><editor>Mommsen, Theodor</editor></titleStmt><publicationStmt><publisher>Monumenta Germaniae Historica (MGH)</publisher><publisher>Bavarian State Library (BSB), München</publisher><idno type="BSB">bsb00000824</idno><idno type="MGH"><idno type="Annotation_created_by">sysop</idno><idno type="Annotation_created_on">Wed Oct 18 19:00:13 CEST 2017</idno><idno type="Annotation_last_changed_by">geelhaar</idno><idno type="Annotation_last_changed_on">Thu Aug 20 10:43:41 CEST 2020</idno><idno type="Author_(German)">Cassiodor (Flavius Magnus Aurelius Cassiodorus Senator)</idno><idno type="Author_(Latin)">Cassiodorus Vivariensis</idno><idno type="BSB">bsb00000824</idno><idno type="Bibliographical_Link">http://stabikat.de/DB=1/XMLPRS=N/PPN?PPN=235118842</idno><idno type="C_Stat">06</idno><idno type="C1">06</idno><idno type="C2">05</idno><idno type="Column">020</idno><idno type="Commentary">dated according to the edition (TG)</idno><idno type="Concordance_View">true</idno><idno type="Digital_Edition_Statement">Text retrieved from the critical edition and prepared by the BMBF funded project "Humanist Computer Interaction under Scrutiny"(https://humanist.hs-mainz.de/en/). The Latin Text Archive (LTA) version has been created at Goethe University Frankfurt by the CompHistSem-Work Group (hudesktop.hucompute.org).</idno><idno type="Edition">MGH Auctores antiquissimi 12</idno><idno type="LTA_Export">true</idno><idno type="Licence_Info">CC BY 4.0</idno><idno type="Multiple_Lemmata_under_a_unique_Super_lemma">0.00%</idno><idno type="Multiple_Super_lemmata">0.00%</idno><idno type="Multiple_Wordforms_under_a_unique_Lemma">0.00%</idno><idno type="Multiple_Wordforms._Tagger_based_result._Multiple_Lemmata_possible">0.00%</idno><idno type="Multiple_Wordforms._Tagger_based_result._Multiple_Super_Lemmata_possible">0.00%</idno><idno type="Not_yet_linked_or_unknown_Wordform">0.00%</idno><idno type="Page">020</idno><idno type="Provided_by">Monumenta Germaniae Historica</idno><idno type="RepFontMA">not available</idno><idno type="Status">c</idno><idno type="Text_Type">Letter</idno><idno type="Text_Type_Class">Letters</idno><idno type="Time">507/511</idno><idno type="Title">Variae 01.11 - Servato duci Raetiarum Theodericus rex</idno><idno type="Type_of_Corpus">Corpus of Letters</idno><idno type="URL">http://www.mgh.de/dmgh/resolving/MGH_Auct._ant._12_S._20</idno><idno type="Unique_Wordform">100,00%</idno><idno type="Unique_Wordform._Tagger_based_result._Multiple_Lemmata_possible">0.00%</idno><idno type="Unique_Wordform._Tagger_based_result._Multiple_Super_lemmata_possible">0.00%</idno><idno type="VIAF_(Expression)">182693798</idno><idno type="VIAF_(Expression)_Link">http://viaf.org/viaf/182693798</idno><idno type="VIAF_(Person)">95230707</idno><idno type="VIAF_(Person)_Link">http://viaf.org/viaf/95230707</idno><idno type="Volume">Auct. ant. 12</idno><idno type="Year_of_Publication_(interpreted)">0511</idno>MGH Auct. ant. 12</idno><availability><licence target="http://creativecommons.org/licenses/by/4.0/"><p>Distributed under the Creative Commons Attribution 4.0 International (CC BY 4.0) license.</p><p>This license covers the annotations added by the Monumenta Germaniae Historica and the
            Bavarian State Library, Munich, in the course of project "digital MGH"
            <ref target="http://www.dmgh.de">http://www.dmgh.de</ref>, funded by the
            German Research Foundation (DFG).</p><p>We do not claim any rights on the text itself which is believed to be in the public domain.</p><p>If you distribute a copy or a derivative version of this file, please indicate the source
            of the file by mentioning the Monumenta Germaniae Historica (MGH) and the
            Bavarian State Library, Munich (BSB).</p></licence></availability><date when="2016-11-28T16:32:43+01:00">2016-11-28, 16:32:43</date></publicationStmt><sourceDesc><biblFull><titleStmt><title>Cassiodori Senatoris Variae</title><editor>Mommsen, Theodor</editor></titleStmt><publicationStmt><publisher>Weidmann</publisher><pubPlace>Berlin</pubPlace><date>1894</date></publicationStmt><seriesStmt><title>Auctores antiquissimi</title><biblScope unit="volume">12</biblScope></seriesStmt></biblFull></sourceDesc></fileDesc></teiHeader><text><body><div><lb n="4" xml:id="bsb00000824_00204_4"></lb><head n="3"><s><w lemma="[{'id':241346594,'ls':[{'id':241346595,'name':'NUMERAL','wfs':[{'id':498534606,'morph':{'Pos':'NUM'},'name':'xi'}]}],'name':'NUMERAL@NUM'}]">XI</w><c>.</c><c> </c><lb n="5" xml:id="bsb00000824_00204_5"></lb><w lemma="[{'id':715554,'ls':[{'id':715573,'name':'Servatus','wfs':[{'id':715577,'morph':{'Casus':'DATIVE','DeclensionType':'SECOND_DECLENSION','Genus':'MASCULINE','Numerus':'SINGULAR','Pos':'NP'},'name':'Servato'}]}],'name':'Servatus@NP'}]">SERVATO</w><c> </c><w lemma="[{'id':984318,'ls':[{'id':3752,'name':'dux','wfs':[{'id':984331,'morph':{'Casus':'DATIVE','DeclensionType':'THIRD_DECLENSION','Genus':'MASCULINE','Numerus':'SINGULAR','Pos':'NN'},'name':'duci'}]}],'name':'dux@NN'}]">DUCI</w><c> </c><w lemma="[{'id':569069,'ls':[{'id':569070,'name':'Raetia','wfs':[{'id':569074,'morph':{'Casus':'GENITIVE','DeclensionType':'FIRST_DECLENSION','Genus':'FEMININE','Numerus':'PLURAL','Pos':'NE'},'name':'Raetiarum'}]}],'name':'Raetia@NE'}]">RAETIARUM</w><c> </c><w lemma="[{'id':624521,'ls':[{'id':624522,'name':'Theodericus','wfs':[{'id':243244190,'morph':{'Casus':'NOMINATIVE','DeclensionType':'SECOND_DECLENSION','Genus':'MASCULINE','Numerus':'SINGULAR','Pos':'NP'},'name':'Theodericus'}]}],'name':'Theodericus@NP'}]">THEODERICUS</w><c> </c><w lemma="[{'id':1329481,'ls':[{'id':7965,'name':'rex','wfs':[{'id':1329499,'morph':{'Casus':'NOMINATIVE','DeclensionType':'THIRD_DECLENSION','Genus':'MASCULINE','Numerus':'SINGULAR','Pos':'NN'},'name':'rex'}]}],'name':'rex@NN'}]">REX</w><c>.</c></s></head><note><s><hi rend="ITALICS"><w lemma="[{'id':759853,'ls':[{'id':807,'name':'annus','wfs':[{'id':382849904,'morph':{'Casus':'ABLATIVE','DeclensionType':'SECOND_DECLENSION','Genus':'MASCULINE','Numerus':'SINGULAR','Pos':'NN'},'name':'a'}]}],'name':'annus@NN'}]">a</w><c>.</c><c> </c><w lemma="[{'id':241346594,'ls':[{'id':241346595,'name':'NUMERAL','wfs':[{'id':241346596,'morph':{'Pos':'NUM'},'name':'NUMERAL'}]}],'name':'NUMERAL@NUM'}]">507</w><c>/</c><w lemma="[{'id':241346594,'ls':[{'id':241346595,'name':'NUMERAL','wfs':[{'id':241346596,'morph':{'Pos':'NUM'},'name':'NUMERAL'}]}],'name':'NUMERAL@NUM'}]">511</w></hi></s></note><lb n="6" xml:id="bsb00000824_00204_6"></lb><p><s><w lemma="[{'id':4708992,'ls':[{'id':4708993,'name':'decet','wfs':[{'id':4709145,'morph':{'ConjugationType':'SECOND_CONJUGATION','Mood':'INDICATIVE','Numerus':'SINGULAR','Person':'PERSON_3','Pos':'V','Tense':'PRESENT','VerbType':'IMPERSONAL','Voice':'ACTIVE'},'name':'decet'}]}],'name':'decet@V'}]">Decet</w><c> </c><w lemma="[{'id':242816823,'ls':[{'id':242816824,'name':'tu','wfs':[{'id':244512059,'morph':{'Casus':'ACCUSATIVE','Genus':'MASCULINE','Numerus':'SINGULAR','Pos':'PRO','PronounType':'PERSONAL'},'name':'te'}]}],'name':'tu@PRO'}]">te</w><c> </c><w lemma="[{'id':614673272,'ls':[{'id':4860,'name':'honor','wfs':[{'id':243359049,'morph':{'Casus':'ACCUSATIVE','DeclensionType':'THIRD_DECLENSION','Genus':'MASCULINE','Numerus':'SINGULAR','Pos':'NN'},'name':'honorem'}]}],'name':'honor@NN'}]">honorem</w><c>,</c><c> </c><w lemma="[{'id':242816363,'ls':[{'id':242816364,'name':'qui','wfs':[{'id':539256813,'morph':{'Casus':'ACCUSATIVE','Genus':'MASCULINE','Numerus':'SINGULAR','Pos':'PRO','PronounType':'RELATIVE'},'name':'quem'}]}],'name':'qui@PRO'}]">quem</w><c> </c><w lemma="[{'id':5592400,'ls':[{'id':4645,'name':'gero','wfs':[{'id':5592631,'morph':{'ConjugationType':'THIRD_CONJUGATION','Mood':'INDICATIVE','Numerus':'SINGULAR','Person':'PERSON_2','Pos':'V','Tense':'PRESENT','VerbType':'TRANSITIVE','Voice':'ACTIVE'},'name':'geris'}]}],'name':'gero@V'}]">geris</w><c> </c><w lemma="[{'id':1191767,'ls':[{'id':6409,'name':'nomen','wfs':[{'id':243402774,'morph':{'Casus':'ABLATIVE','DeclensionType':'THIRD_DECLENSION','Genus':'NEUTER','Numerus':'SINGULAR','Pos':'NN'},'name':'nomine'}]}],'name':'nomen@NN'}]">nomine</w><c>,</c><c> </c><w lemma="[{'id':1175418,'ls':[{'id':6230,'name':'mos','wfs':[{'id':1175420,'morph':{'Casus':'ABLATIVE','DeclensionType':'THIRD_DECLENSION','Genus':'MASCULINE','Numerus':'PLURAL','Pos':'NN'},'name':'moribus'}]}],'name':'mos@NN'}]">moribus</w><c> </c><w lemma="[{'id':5364039,'ls':[{'id':4080,'name':'exhibeo','wfs':[{'id':5364120,'morph':{'ConjugationType':'SECOND_CONJUGATION','Mood':'INFINITIVE','Pos':'V','Tense':'PRESENT','VerbType':'TRANSITIVE','Voice':'ACTIVE'},'name':'exhibere'}]}],'name':'exhibeo@V'}]">exhibere</w><c>,</c><c> </c><w lemma="[{'id':110061,'ls':[{'id':110062,'name':'ut','wfs':[{'id':110063,'morph':{'Pos':'CON'},'name':'ut'}]}],'name':'ut@CON'}]">ut</w><c> </c><w lemma="[{'id':109610,'ls':[{'id':109611,'name':'per','wfs':[{'id':109612,'morph':{'Pos':'AP'},'name':'per'}]}],'name':'per@AP'}]">per</w><c> </c><w lemma="[{'id':1291084,'ls':[{'id':7580,'name':'provincia','wfs':[{'id':1291110,'morph':{'Casus':'ACCUSATIVE','DeclensionType':'FIRST_DECLENSION','Genus':'FEMININE','Numerus':'SINGULAR','Pos':'NN'},'name':'provinciam'}]}],'name':'provincia@NN'}]">provinciam</w><c>,</c><c> </c><lb n="7" xml:id="bsb00000824_00204_7"></lb><w lemma="[{'id':242816363,'ls':[{'id':242816364,'name':'qui','wfs':[{'id':242816365,'morph':{'Casus':'DATIVE','Genus':'FEMININE','Numerus':'SINGULAR','Pos':'PRO','PronounType':'RELATIVE'},'name':'cui'}]}],'name':'qui@PRO'}]">cui</w><c> </c><w lemma="[{'id':6839217,'ls':[{'id':7337,'name':'praesideo','wfs':[{'id':6840379,'morph':{'ConjugationType':'SECOND_CONJUGATION','Mood':'INDICATIVE','Numerus':'SINGULAR','Person':'PERSON_2','Pos':'V','Tense':'PRESENT','VerbType':'TRANSITIVE','Voice':'ACTIVE'},'name':'praesides'}]}],'name':'praesideo@V'}]">praesides</w><c>,</c><c> </c><w lemma="[{'id':2709764,'ls':[{'id':2709765,'name':'nullus','wfs':[{'id':2709808,'morph':{'Casus':'ACCUSATIVE','ComparisonDegree':'POSITIVE','DeclensionType':'SECOND_DECLENSION','Genus':'NEUTER','Numerus':'PLURAL','Pos':'ADJ'},'name':'nulla'}]}],'name':'nullus@ADJ'}]">nulla</w><c> </c><w lemma="[{'id':5511842,'ls':[{'id':4349,'name':'fio','wfs':[{'id':442877,'morph':{'Mood':'INFINITIVE','Pos':'V','Tense':'PRESENT','VerbType':'VERBA_ANOMALA','Voice':'ACTIVE'},'name':'fieri'}]}],'name':'fio@V'}]">fieri</w><c> </c><w lemma="[{'id':3288645,'ls':[{'id':9277,'name':'violentus','wfs':[{'id':3288835,'morph':{'Casus':'ACCUSATIVE','ComparisonDegree':'POSITIVE','DeclensionType':'SECOND_DECLENSION','Genus':'NEUTER','Numerus':'PLURAL','Pos':'ADJ'},'name':'violenta'}]}],'name':'violentus@ADJ'}]">violenta</w><c> </c><w lemma="[{'id':6534354,'ls':[{'id':6845,'name':'patior','wfs':[{'id':6534839,'morph':{'ConjugationType':'THIRD_CONJUGATION','Mood':'SUBJUNCTIVE','Numerus':'SINGULAR','Person':'PERSON_2','Pos':'V','Tense':'PRESENT','VerbType':'DEPONENT','Voice':'PASSIVE'},'name':'patiaris'}]}],'name':'patior@V'}]">patiaris</w><c>,</c><c> </c><w lemma="[{'id':110010,'ls':[{'id':110011,'name':'sed','wfs':[{'id':110012,'morph':{'Pos':'CON'},'name':'sed'}]}],'name':'sed@CON'}]">sed</w><c> </c><w lemma="[{'id':241489448,'ls':[{'id':241489449,'name':'totum','wfs':[{'id':243484047,'morph':{'Casus':'NOMINATIVE','DeclensionType':'SECOND_DECLENSION','Genus':'NEUTER','Numerus':'SINGULAR','Pos':'NN'},'name':'totum'}]}],'name':'totum@NN'}]">totum</w><c> </c><w lemma="[{'id':4187754,'ls':[{'id':2007,'name':'cogo','wfs':[{'id':4188079,'morph':{'ConjugationType':'THIRD_CONJUGATION','Mood':'SUBJUNCTIVE','Numerus':'SINGULAR','Person':'PERSON_3','Pos':'V','Tense':'PRESENT','VerbType':'TRANSITIVE','Voice':'PASSIVE'},'name':'cogatur'}]}],'name':'cogo@V'}]">cogatur</w><c> </c><w lemma="[{'id':109453,'ls':[{'id':109454,'name':'ad','wfs':[{'id':109455,'morph':{'Pos':'AP'},'name':'ad'}]}],'name':'ad@AP'}]">ad</w><c> </c><w lemma="[{'id':1123653,'ls':[{'id':1123654,'name':'iustum','wfs':[{'id':1123662,'morph':{'Casus':'ACCUSATIVE','DeclensionType':'SECOND_DECLENSION','Genus':'NEUTER','Numerus':'SINGULAR','Pos':'NN'},'name':'iustum'}]}],'name':'iustum@NN'}]">iustum</w><c>,</c><c> </c><w lemma="[{'id':648411289,'ls':[{'id':648411290,'name':'unde','wfs':[{'id':648411291,'morph':{'Pos':'PRO','PronounType':'RELATIVE'},'name':'unde'}]}],'name':'unde@PRO'}]">unde</w><c> </c><w lemma="[{'id':244510439,'ls':[{'id':244510440,'name':'noster','wfs':[{'id':244510482,'morph':{'Casus':'NOMINATIVE','DeclensionType':'SECOND_DECLENSION','Genus':'NEUTER','Numerus':'SINGULAR','Pos':'PRO','PronounType':'POSSESSIVE'},'name':'nostrum'}]}],'name':'noster@PRO'}]">nostrum</w><c> </c><lb n="8" xml:id="bsb00000824_00204_8"></lb><w lemma="[{'id':5521913,'ls':[{'id':4414,'name':'floreo','wfs':[{'id':5522115,'morph':{'ConjugationType':'SECOND_CONJUGATION','Mood':'INDICATIVE','Numerus':'SINGULAR','Person':'PERSON_3','Pos':'V','Tense':'PRESENT','VerbType':'TRANSITIVE','Voice':'ACTIVE'},'name':'floret'}]}],'name':'floreo@V'}]">floret</w><c> </c><w lemma="[{'id':1082821,'ls':[{'id':4985,'name':'imperium','wfs':[{'id':1082822,'morph':{'Casus':'NOMINATIVE','DeclensionType':'SECOND_DECLENSION','Genus':'NEUTER','Numerus':'SINGULAR','Pos':'NN'},'name':'imperium'}]}],'name':'imperium@NN'}]">imperium</w><c>.</c><c> </c></s><s><w lemma="[{'id':225709,'ls':[{'id':225710,'name':'quapropter','wfs':[{'id':225712,'morph':{'ComparisonDegree':'POSITIVE','Pos':'ADV'},'name':'quapropter'}]}],'name':'quapropter@ADV'}]">Quapropter</w><c> </c><w lemma="[{'id':779477144,'ls':[{'id':779477145,'name':'Moniarius@NP','wfs':[{'id':779477146,'morph':{'Casus':'GENITIVE','DeclensionType':'SECOND_DECLENSION','Genus':'MASCULINE','Numerus':'SINGULAR','Pos':'NP'},'name':'Moniarii'}]}],'name':'Moniarius@NP@NP'}]">Moniarii</w><c> </c><w lemma="[{'id':1402512,'ls':[{'id':8674,'name':'supplicatio','wfs':[{'id':243477260,'morph':{'Casus':'ABLATIVE','DeclensionType':'THIRD_DECLENSION','Genus':'FEMININE','Numerus':'SINGULAR','Pos':'NN'},'name':'supplicatione'}]}],'name':'supplicatio@NN'}]">supplicatione</w><c> </c><w lemma="[{'id':4295011,'ls':[{'id':2181,'name':'commoveo','wfs':[{'id':4295462,'morph':{'Casus':'NOMINATIVE','ConjugationType':'SECOND_CONJUGATION','Genus':'MASCULINE','Mood':'PARTICIPLE','Numerus':'PLURAL','Pos':'V','Tense':'PERFECT','VerbType':'TRANSITIVE','Voice':'PASSIVE'},'name':'commoti'}]}],'name':'commoveo@V'}]">commoti</w><c> </c><w lemma="[{'id':1273644,'ls':[{'id':1273645,'name':'praesens','wfs':[{'id':1273647,'morph':{'Casus':'ABLATIVE','DeclensionType':'THIRD_DECLENSION','Genus':'NEUTER','Numerus':'PLURAL','Pos':'NN'},'name':'praesentibus'}]}],'name':'praesens@NN'}]">praesentibus</w><c> </c><w lemma="[{'id':242816823,'ls':[{'id':242816824,'name':'tu','wfs':[{'id':244512059,'morph':{'Casus':'ACCUSATIVE','Genus':'MASCULINE','Numerus':'SINGULAR','Pos':'PRO','PronounType':'PERSONAL'},'name':'te'}]}],'name':'tu@PRO'}]">te</w><c> </c><w lemma="[{'id':3534253,'ls':[{'id':3534350,'name':'affor','wfs':[{'id':3534397,'morph':{'ConjugationType':'FIRST_CONJUGATION','Mood':'INDICATIVE','Numerus':'PLURAL','Person':'PERSON_1','Pos':'V','Tense':'PRESENT','VerbType':'DEPONENT','Voice':'PASSIVE'},'name':'affamur'}]}],'name':'affor@V'}]">affamur</w><c> </c><lb n="9" xml:id="bsb00000824_00204_9"></lb><w lemma="[{'id':1215310,'ls':[{'id':6675,'name':'oraculum','wfs':[{'id':1215329,'morph':{'Casus':'ABLATIVE','DeclensionType':'SECOND_DECLENSION','Genus':'NEUTER','Numerus':'PLURAL','Pos':'NN'},'name':'oraculis'}]}],'name':'oraculum@NN'}]">oraculis</w><c>,</c><c> </c><w lemma="[{'id':110061,'ls':[{'id':110062,'name':'ut','wfs':[{'id':110063,'morph':{'Pos':'CON'},'name':'ut'}]}],'name':'ut@CON'}]">ut</w><c>,</c><c> </c><w lemma="[{'id':110020,'ls':[{'id':110021,'name':'si','wfs':[{'id':110022,'morph':{'Pos':'CON'},'name':'si'}]}],'name':'si@CON'}]">si</w><c> </c><w lemma="[{'id':1322669,'ls':[{'id':964024,'name':'res','wfs':[{'id':964029,'morph':{'Casus':'ABLATIVE','DeclensionType':'FIFTH_DECLENSION','Genus':'FEMININE','Numerus':'SINGULAR','Pos':'NN'},'name':'re'}]}],'name':'res@NN'}]">re</w><c> </c><w lemma="[{'id':3274556,'ls':[{'id':9179,'name':'verus','wfs':[{'id':3274746,'morph':{'Casus':'ABLATIVE','ComparisonDegree':'POSITIVE','DeclensionType':'FIRST_DECLENSION','Genus':'FEMININE','Numerus':'SINGULAR','Pos':'ADJ'},'name':'vera'}]}],'name':'verus@ADJ'}]">vera</w><c> </c><w lemma="[{'id':1154912,'ls':[{'id':1154913,'name':'mancipium','wfs':[{'id':243390531,'morph':{'Casus':'ACCUSATIVE','DeclensionType':'SECOND_DECLENSION','Genus':'NEUTER','Numerus':'PLURAL','Pos':'NN'},'name':'mancipia'}]}],'name':'mancipium@NN'}]">mancipia</w><c> </c><w lemma="[{'id':242816207,'ls':[{'id':242816208,'name':'is','wfs':[{'id':607984474,'morph':{'Casus':'GENITIVE','Genus':'MASCULINE','Numerus':'SINGULAR','Pos':'PRO','PronounType':'DEMONSTRATIVE'},'name':'eius'}]}],'name':'is@PRO'}]">eius</w><c> </c><w lemma="[{'id':645376499,'ls':[{'id':779282515,'name':'Breones','wfs':[{'id':779282516,'morph':{'Casus':'ACCUSATIVE','DeclensionType':'THIRD_DECLENSION','Genus':'MASCULINE','Numerus':'PLURAL','Pos':'NE'},'name':'Breones'}]}],'name':'Breuni@NE'}]">Breones</w><c> </c><w lemma="[{'id':195706,'ls':[{'id':195712,'name':'irrationabiliter','wfs':[{'id':195715,'morph':{'ComparisonDegree':'POSITIVE','Pos':'ADV'},'name':'irrationabiliter'}]}],'name':'irrationabiliter@ADV'}]">irrationabiliter</w><c> </c><w lemma="[{'id':4186426,'ls':[{'id':2021,'name':'cognosco','wfs':[{'id':4186695,'morph':{'ConjugationType':'THIRD_CONJUGATION','Mood':'SUBJUNCTIVE','Numerus':'SINGULAR','Person':'PERSON_2','Pos':'V','Tense':'PERFECT','VerbType':'TRANSITIVE','Voice':'ACTIVE'},'name':'cognoveris'}]}],'name':'cognosco@V'}]">cognoveris</w><c> </c><w lemma="[{'id':3854248,'ls':[{'id':1200,'name':'aufero','wfs':[{'id':290682,'morph':{'Mood':'INFINITIVE','Pos':'V','Tense':'PERFECT','VerbType':'VERBA_ANOMALA','Voice':'ACTIVE'},'name':'abstulisse'}]}],'name':'aufero@V'}]">abstulisse</w><c>,</c><c> </c><lb n="10" xml:id="bsb00000824_00204_10"></lb><w lemma="[{'id':242816363,'ls':[{'id':242816364,'name':'qui','wfs':[{'id':296826592,'morph':{'Casus':'NOMINATIVE','Genus':'MASCULINE','Numerus':'PLURAL','Pos':'PRO','PronounType':'RELATIVE'},'name':'qui'}]}],'name':'qui@PRO'}]">qui</w><c> </c><w lemma="[{'id':2659224,'ls':[{'id':2659225,'name':'militaris','wfs':[{'id':2659236,'morph':{'Casus':'DATIVE','ComparisonDegree':'POSITIVE','DeclensionType':'THIRD_DECLENSION','Genus':'FEMININE','Numerus':'PLURAL','Pos':'ADJ'},'name':'militaribus'}]}],'name':'militaris@ADJ'}]">militaribus</w><c> </c><w lemma="[{'id':1209674,'ls':[{'id':6607,'name':'officium','wfs':[{'id':243409589,'morph':{'Casus':'DATIVE','DeclensionType':'SECOND_DECLENSION','Genus':'NEUTER','Numerus':'PLURAL','Pos':'NN'},'name':'officiis'}]}],'name':'officium@NN'}]">officiis</w><c> </c><w lemma="[{'id':1687828,'ls':[{'id':1688051,'name':'assuetus','wfs':[{'id':1688092,'morph':{'Casus':'NOMINATIVE','ComparisonDegree':'POSITIVE','DeclensionType':'SECOND_DECLENSION','Genus':'MASCULINE','Numerus':'PLURAL','Pos':'ADJ'},'name':'assueti'}]}],'name':'assuetus@ADJ'}]">assueti</w><c> </c><w lemma="[{'id':861820,'ls':[{'id':861834,'name':'civilitas','wfs':[{'id':243284636,'morph':{'Casus':'ACCUSATIVE','DeclensionType':'THIRD_DECLENSION','Genus':'FEMININE','Numerus':'SINGULAR','Pos':'NN'},'name':'civilitatem'}]}],'name':'civilitas@NN'}]">civilitatem</w><c> </c><w lemma="[{'id':6885893,'ls':[{'id':7380,'name':'premo','wfs':[{'id':6885974,'morph':{'ConjugationType':'THIRD_CONJUGATION','Mood':'INFINITIVE','Pos':'V','Tense':'PRESENT','VerbType':'TRANSITIVE','Voice':'ACTIVE'},'name':'premere'}]}],'name':'premo@V'}]">premere</w><c> </c><w lemma="[{'id':4961932,'ls':[{'id':244530688,'name':'dico','wfs':[{'id':4962517,'morph':{'ConjugationType':'THIRD_CONJUGATION','Mood':'INDICATIVE','Numerus':'PLURAL','Person':'PERSON_3','Pos':'V','Tense':'PRESENT','VerbType':'TRANSITIVE','Voice':'PASSIVE'},'name':'dicuntur'}]}],'name':'dico@V'}]">dicuntur</w><c> </c><w lemma="[{'id':3729717,'ls':[{'id':1031,'name':'armo','wfs':[{'id':3729768,'morph':{'Casus':'NOMINATIVE','ConjugationType':'FIRST_CONJUGATION','Genus':'MASCULINE','Mood':'PARTICIPLE','Numerus':'PLURAL','Pos':'V','Tense':'PERFECT','VerbType':'TRANSITIVE','Voice':'PASSIVE'},'name':'armati'}]}],'name':'armo@V'}]">armati</w><c> </c><w lemma="[{'id':109828,'ls':[{'id':109829,'name':'et','wfs':[{'id':109830,'morph':{'Pos':'CON'},'name':'et'}]}],'name':'et@CON'}]">et</w><c> </c><w lemma="[{'id':109601,'ls':[{'id':109602,'name':'ob','wfs':[{'id':109603,'morph':{'Pos':'AP'},'name':'ob'}]}],'name':'ob@AP'}]">ob</w><c> </c><w lemma="[{'id':242815996,'ls':[{'id':242815997,'name':'hic','wfs':[{'id':36187642,'morph':{'Casus':'ACCUSATIVE','Genus':'NEUTER','Numerus':'SINGULAR','Pos':'PRO','PronounType':'DEMONSTRATIVE'},'name':'hoc'}]}],'name':'hic@PRO'}]">hoc</w><c> </c><w lemma="[{'id':1123571,'ls':[{'id':1123572,'name':'iustitia','wfs':[{'id':1123584,'morph':{'Casus':'GENITIVE','DeclensionType':'FIRST_DECLENSION','Genus':'FEMININE','Numerus':'SINGULAR','Pos':'NN'},'name':'iustitiae'}]}],'name':'iustitia@NN'}]">iustitiae</w><c> </c><lb n="11" xml:id="bsb00000824_00204_11"></lb><w lemma="[{'id':6525932,'ls':[{'id':6787,'name':'pareo','wfs':[{'id':6526023,'morph':{'ConjugationType':'SECOND_CONJUGATION','Mood':'INFINITIVE','Pos':'V','Tense':'PRESENT','VerbType':'INTRANSITIVE','Voice':'ACTIVE'},'name':'parere'}]}],'name':'pareo@V'}]">parere</w><c> </c><w lemma="[{'id':4897241,'ls':[{'id':3386,'name':'despicio','wfs':[{'id':4897521,'morph':{'ConjugationType':'THIRD_CONJUGATION','Mood':'INDICATIVE','Numerus':'PLURAL','Person':'PERSON_3','Pos':'V','Tense':'PRESENT','VerbType':'TRANSITIVE','Voice':'ACTIVE'},'name':'despiciunt'}]}],'name':'despicio@V'}]">despiciunt</w><c>,</c><c> </c><w lemma="[{'id':110002,'ls':[{'id':110003,'name':'quoniam','wfs':[{'id':110004,'morph':{'Pos':'CON'},'name':'quoniam'}]}],'name':'quoniam@CON'}]">quoniam</w><c> </c><w lemma="[{'id':109453,'ls':[{'id':109454,'name':'ad','wfs':[{'id':109455,'morph':{'Pos':'AP'},'name':'ad'}]}],'name':'ad@AP'}]">ad</w><c> </c><w lemma="[{'id':809671,'ls':[{'id':1324,'name':'bellum','wfs':[{'id':809672,'morph':{'Casus':'ACCUSATIVE','DeclensionType':'SECOND_DECLENSION','Genus':'NEUTER','Numerus':'PLURAL','Pos':'NN'},'name':'bella'}]}],'name':'bellum@NN'}]">bella</w><c> </c><w lemma="[{'id':1486315,'ls':[{'id':1486316,'name':'Martius','wfs':[{'id':1486331,'morph':{'Casus':'ACCUSATIVE','ComparisonDegree':'POSITIVE','DeclensionType':'SECOND_DECLENSION','Genus':'NEUTER','Numerus':'PLURAL','Pos':'ADJ'},'name':'Martia'}]}],'name':'Martius@ADJ'}]">Martia</w><c> </c><w lemma="[{'id':234266,'ls':[{'id':8236,'name':'semper','wfs':[{'id':241336670,'morph':{'Pos':'ADV'},'name':'semper'}]}],'name':'semper@ADV'}]">semper</w><c> </c><w lemma="[{'id':5941427,'ls':[{'id':5384,'name':'intendo','wfs':[{'id':5941704,'morph':{'ConjugationType':'THIRD_CONJUGATION','Mood':'INDICATIVE','Numerus':'PLURAL','Person':'PERSON_3','Pos':'V','Tense':'PRESENT','VerbType':'TRANSITIVE','Voice':'ACTIVE'},'name':'intendunt'}]}],'name':'intendo@V'}]">intendunt</w><c>,</c><c> </c><w lemma="[{'id':109813,'ls':[{'id':109814,'name':'dum','wfs':[{'id':109815,'morph':{'Pos':'CON'},'name':'dum'}]}],'name':'dum@CON'}]">dum</w><c> </c><w lemma="[{'id':6316738,'ls':[{'id':6316739,'name':'nescio','wfs':[{'id':6316901,'morph':{'ConjugationType':'FOURTH_CONJUGATION','Mood':'INDICATIVE','Numerus':'SINGULAR','Person':'PERSON_1','Pos':'V','Tense':'PRESENT','VerbType':'TRANSITIVE','Voice':'ACTIVE'},'name':'nescio'}]}],'name':'nescio@V'}]">nescio</w><c> </c><w lemma="[{'id':242816363,'ls':[{'id':242816364,'name':'qui','wfs':[{'id':244990010,'morph':{'Casus':'ABLATIVE','Genus':'NEUTER','Numerus':'SINGULAR','Pos':'PRO','PronounType':'RELATIVE'},'name':'quo'}]}],'name':'qui@PRO'}]">quo</w><c> </c><w lemma="[{'id':1220399,'ls':[{'id':6731,'name':'pactum','wfs':[{'id':1220409,'morph':{'Casus':'ABLATIVE','DeclensionType':'SECOND_DECLENSION','Genus':'NEUTER','Numerus':'SINGULAR','Pos':'NN'},'name':'pacto'}]}],'name':'pactum@NN'}]">pacto</w><c> </c><lb n="12" xml:id="bsb00000824_00204_12"></lb><w lemma="[{'id':126826,'ls':[{'id':126837,'name':'assidue','wfs':[{'id':126839,'morph':{'ComparisonDegree':'POSITIVE','Pos':'ADV'},'name':'assidue'}]}],'name':'assidue@ADV'}]">assidue</w><c> </c><w lemma="[{'id':5001985,'ls':[{'id':3550,'name':'dimico','wfs':[{'id':411536,'morph':{'Casus':'DATIVE','ConjugationType':'FIRST_CONJUGATION','Genus':'MASCULINE','Mood':'PARTICIPLE','Numerus':'PLURAL','Pos':'V','Tense':'PRESENT','VerbType':'INTRANSITIVE','Voice':'ACTIVE'},'name':'dimicantibus'}]}],'name':'dimico@V'}]">dimicantibus</w><c> </c><w lemma="[{'id':2179487,'ls':[{'id':3510,'name':'difficilis','wfs':[{'id':2179625,'morph':{'Casus':'NOMINATIVE','ComparisonDegree':'POSITIVE','DeclensionType':'THIRD_DECLENSION','Genus':'NEUTER','Numerus':'SINGULAR','Pos':'ADJ'},'name':'difficile'}]}],'name':'difficilis@ADJ'}]">difficile</w><c> </c><w lemma="[{'id':7617143,'ls':[{'id':7617144,'name':'sum','wfs':[{'id':242825881,'morph':{'Mood':'INDICATIVE','Numerus':'SINGULAR','Person':'PERSON_3','Pos':'V','Tense':'PRESENT','VerbType':'VERBA_ANOMALA','Voice':'ACTIVE'},'name':'est'}]}],'name':'sum@V'}]">est</w><c> </c><w lemma="[{'id':1175418,'ls':[{'id':6230,'name':'mos','wfs':[{'id':1175424,'morph':{'Casus':'GENITIVE','DeclensionType':'THIRD_DECLENSION','Genus':'MASCULINE','Numerus':'PLURAL','Pos':'NN'},'name':'morum'}]}],'name':'mos@NN'}]">morum</w><c> </c><w lemma="[{'id':4681710,'ls':[{'id':2987,'name':'custodio','wfs':[{'id':4681791,'morph':{'ConjugationType':'FOURTH_CONJUGATION','Mood':'INFINITIVE','Pos':'V','Tense':'PRESENT','VerbType':'TRANSITIVE','Voice':'ACTIVE'},'name':'custodire'}]}],'name':'custodio@V'}]">custodire</w><c> </c><w lemma="[{'id':1164070,'ls':[{'id':6065,'name':'mensura','wfs':[{'id':1164079,'morph':{'Casus':'ACCUSATIVE','DeclensionType':'FIRST_DECLENSION','Genus':'FEMININE','Numerus':'SINGULAR','Pos':'NN'},'name':'mensuram'}]}],'name':'mensura@NN'}]">mensuram</w><c>.</c><c> </c></s><s><w lemma="[{'id':225709,'ls':[{'id':225710,'name':'quapropter','wfs':[{'id':225712,'morph':{'ComparisonDegree':'POSITIVE','Pos':'ADV'},'name':'quapropter'}]}],'name':'quapropter@ADV'}]">Quapropter</w><c> </c><w lemma="[{'id':2744416,'ls':[{'id':6625,'name':'omnis','wfs':[{'id':2744441,'morph':{'Casus':'ABLATIVE','ComparisonDegree':'POSITIVE','DeclensionType':'THIRD_DECLENSION','Genus':'FEMININE','Numerus':'SINGULAR','Pos':'ADJ'},'name':'omni'}]}],'name':'omnis@ADJ'}]">omni</w><c> </c><lb n="13" xml:id="bsb00000824_00204_13"></lb><w lemma="[{'id':1289941,'ls':[{'id':1289984,'name':'protervia','wfs':[{'id':1289993,'morph':{'Casus':'ABLATIVE','DeclensionType':'FIRST_DECLENSION','Genus':'FEMININE','Numerus':'SINGULAR','Pos':'NN'},'name':'protervia'}]}],'name':'protervitas@NN'}]">protervia</w><c> </c><w lemma="[{'id':7144979,'ls':[{'id':7858,'name':'removeo','wfs':[{'id':7145438,'morph':{'Casus':'ABLATIVE','ConjugationType':'SECOND_CONJUGATION','Genus':'FEMININE','Mood':'PARTICIPLE','Numerus':'SINGULAR','Pos':'V','Tense':'PERFECT','VerbType':'TRANSITIVE','Voice':'PASSIVE'},'name':'remota'}]}],'name':'removeo@V'}]">remota</w><c>,</c><c> </c><w lemma="[{'id':242816363,'ls':[{'id':242816364,'name':'qui','wfs':[{'id':296826594,'morph':{'Casus':'NOMINATIVE','Genus':'FEMININE','Numerus':'SINGULAR','Pos':'PRO','PronounType':'RELATIVE'},'name':'quae'}]}],'name':'qui@PRO'}]">quae</w><c> </c><w lemma="[{'id':109545,'ls':[{'id':109546,'name':'de','wfs':[{'id':109547,'morph':{'Pos':'AP'},'name':'de'}]}],'name':'de@AP'}]">de</w><c> </c><w lemma="[{'id':1274820,'ls':[{'id':7353,'name':'praesumptio','wfs':[{'id':243430014,'morph':{'Casus':'ABLATIVE','DeclensionType':'THIRD_DECLENSION','Genus':'FEMININE','Numerus':'SINGULAR','Pos':'NN'},'name':'praesumptione'}]}],'name':'praesumptio@NN'}]">praesumptione</w><c> </c><w lemma="[{'id':6741602,'ls':[{'id':7228,'name':'possum','wfs':[{'id':244516537,'morph':{'Mood':'INDICATIVE','Numerus':'SINGULAR','Person':'PERSON_3','Pos':'V','Tense':'PRESENT','VerbType':'VERBA_ANOMALA','Voice':'ACTIVE'},'name':'potest'}]}],'name':'possum@V'}]">potest</w><c> </c><w lemma="[{'id':1467592,'ls':[{'id':9290,'name':'virtus','wfs':[{'id':1467621,'morph':{'Casus':'GENITIVE','DeclensionType':'THIRD_DECLENSION','Genus':'FEMININE','Numerus':'SINGULAR','Pos':'NN'},'name':'virtutis'}]}],'name':'virtus@NN'}]">virtutis</w><c> </c><w lemma="[{'id':3790033,'ls':[{'id':3790843,'name':'assumo','wfs':[{'id':3790925,'morph':{'ConjugationType':'THIRD_CONJUGATION','Mood':'INFINITIVE','Pos':'V','Tense':'PRESENT','VerbType':'TRANSITIVE','Voice':'PASSIVE'},'name':'assumi'}]}],'name':'assumo@V'}]">assumi</w><c>,</c><c> </c><w lemma="[{'id':1265663,'ls':[{'id':7245,'name':'postulatum','wfs':[{'id':1265664,'morph':{'Casus':'ACCUSATIVE','DeclensionType':'SECOND_DECLENSION','Genus':'NEUTER','Numerus':'PLURAL','Pos':'NN'},'name':'postulata'}]}],'name':'postulatum@NN'}]">postulata</w><c> </c><w lemma="[{'id':5475468,'ls':[{'id':4230,'name':'facio','wfs':[{'id':5475682,'morph':{'ConjugationType':'THIRD_CONJUGATION','Mood':'INDICATIVE','Numerus':'SINGULAR','Person':'PERSON_2','Pos':'V','Tense':'FUTURE','VerbType':'TRANSITIVE','Voice':'ACTIVE'},'name':'facies'}]}],'name':'facio@V'}]">facies</w><c> </c><w lemma="[{'id':109658,'ls':[{'id':109659,'name':'sine','wfs':[{'id':109660,'morph':{'Pos':'AP'},'name':'sine'}]}],'name':'sine@AP'}]">sine</w><c> </c><lb n="14" xml:id="bsb00000824_00204_14"></lb><w lemma="[{'id':1108145,'ls':[{'id':5415,'name':'intermissio','wfs':[{'id':243373731,'morph':{'Casus':'ABLATIVE','DeclensionType':'THIRD_DECLENSION','Genus':'FEMININE','Numerus':'SINGULAR','Pos':'NN'},'name':'intermissione'}]}],'name':'intermissio@NN'}]">intermissione</w><c> </c><w lemma="[{'id':7209994,'ls':[{'id':7937,'name':'restituo','wfs':[{'id':7210076,'morph':{'ConjugationType':'THIRD_CONJUGATION','Mood':'INFINITIVE','Pos':'V','Tense':'PRESENT','VerbType':'TRANSITIVE','Voice':'PASSIVE'},'name':'restitui'}]}],'name':'restituo@V'}]">restitui</w><c>:</c><c> </c><w lemma="[{'id':205273,'ls':[{'id':6345,'name':'ne','wfs':[{'id':543715749,'morph':{'Pos':'ADV'},'name':'ne'}]}],'name':'ne@ADV'}]">ne</w><c> </c><w lemma="[{'id':109610,'ls':[{'id':109611,'name':'per','wfs':[{'id':109612,'morph':{'Pos':'AP'},'name':'per'}]}],'name':'per@AP'}]">per</w><c> </c><w lemma="[{'id':966254,'ls':[{'id':3535,'name':'dilatio','wfs':[{'id':966256,'morph':{'Casus':'GENITIVE','DeclensionType':'THIRD_DECLENSION','Genus':'FEMININE','Numerus':'SINGULAR','Pos':'NN'},'name':'dilationis'}]}],'name':'dilatio@NN'}]">dilationis</w><c> </c><w lemma="[{'id':1089335,'ls':[{'id':5086,'name':'incommodum','wfs':[{'id':1089336,'morph':{'Casus':'ACCUSATIVE','DeclensionType':'SECOND_DECLENSION','Genus':'NEUTER','Numerus':'PLURAL','Pos':'NN'},'name':'incommoda'}]}],'name':'incommodum@NN'}]">incommoda</w><c> </c><w lemma="[{'id':242816207,'ls':[{'id':242816208,'name':'is','wfs':[{'id':244510043,'morph':{'Casus':'GENITIVE','Genus':'MASCULINE','Numerus':'PLURAL','Pos':'PRO','PronounType':'PERSONAL'},'name':'eorum'}]}],'name':'is@PRO'}]">eorum</w><c> </c><w lemma="[{'id':8004098,'ls':[{'id':9253,'name':'video','wfs':[{'id':8004817,'morph':{'ConjugationType':'SECOND_CONJUGATION','Mood':'SUBJUNCTIVE','Numerus':'SINGULAR','Person':'PERSON_3','Pos':'V','Tense':'PRESENT','VerbType':'TRANSITIVE','Voice':'PASSIVE'},'name':'videatur'}]}],'name':'video@V'}]">videatur</w><c> </c><w lemma="[{'id':1402358,'ls':[{'id':1402359,'name':'supplex','wfs':[{'id':1402374,'morph':{'Casus':'NOMINATIVE','DeclensionType':'THIRD_DECLENSION','Genus':'MASCULINE','Numerus':'SINGULAR','Pos':'NN'},'name':'supplex'}]}],'name':'supplex@NN'}]">supplex</w><c> </c><w lemma="[{'id':6462635,'ls':[{'id':9373,'name':'odi','wfs':[{'id':6462637,'morph':{'ConjugationType':'FOURTH_CONJUGATION','Mood':'INFINITIVE','Pos':'V','Tense':'PERFECT','VerbType':'VERBA_DEFECTIVA','Voice':'ACTIVE'},'name':'odisse'}]}],'name':'odi@V'}]">odisse</w><c> </c><lb n="15" xml:id="bsb00000824_00204_15"></lb><w lemma="[{'id':1462316,'ls':[{'id':9252,'name':'victoria','wfs':[{'id':1462343,'morph':{'Casus':'ACCUSATIVE','DeclensionType':'FIRST_DECLENSION','Genus':'FEMININE','Numerus':'SINGULAR','Pos':'NN'},'name':'victoriam'}]}],'name':'victoria@NN'}]">victoriam</w><c>.</c></s></p></div></body></text></TEI>