<?xml version="1.0" ?><TEI xmlns="http://www.tei-c.org/ns/1.0"><teiHeader><fileDesc><titleStmt><title>MGH Auct. ant. 12: Cassiodori Senatoris Variae</title><editor>Mommsen, Theodor</editor></titleStmt><publicationStmt><publisher>Monumenta Germaniae Historica (MGH)</publisher><publisher>Bavarian State Library (BSB), München</publisher><idno type="BSB">bsb00000824</idno><idno type="MGH"><idno type="Annotation_created_by">sysop</idno><idno type="Annotation_created_on">Wed Oct 18 18:55:47 CEST 2017</idno><idno type="Annotation_last_changed_by">geelhaar</idno><idno type="Annotation_last_changed_on">Thu Aug 20 10:43:40 CEST 2020</idno><idno type="Author_(German)">Cassiodor (Flavius Magnus Aurelius Cassiodorus Senator)</idno><idno type="Author_(Latin)">Cassiodorus Vivariensis</idno><idno type="BSB">bsb00000824</idno><idno type="Bibliographical_Link">http://stabikat.de/DB=1/XMLPRS=N/PPN?PPN=235118842</idno><idno type="C_Stat">06</idno><idno type="C1">06</idno><idno type="C2">05</idno><idno type="Column">092</idno><idno type="Commentary">dated according to Stefan Krautschick, Cassiodor und die Politik seiner Zeit. Bonn 1983, 75.  (TG)</idno><idno type="Concordance_View">true</idno><idno type="Digital_Edition_Statement">Text retrieved from the critical edition and prepared by the BMBF funded project "Humanist Computer Interaction under Scrutiny"(https://humanist.hs-mainz.de/en/). The Latin Text Archive (LTA) version has been created at Goethe University Frankfurt by the CompHistSem-Work Group (hudesktop.hucompute.org).</idno><idno type="Edition">MGH Auctores antiquissimi 12</idno><idno type="LTA_Export">true</idno><idno type="Licence_Info">CC BY 4.0</idno><idno type="Multiple_Lemmata_under_a_unique_Super_lemma">0.00%</idno><idno type="Multiple_Super_lemmata">0.00%</idno><idno type="Multiple_Wordforms_under_a_unique_Lemma">0.00%</idno><idno type="Multiple_Wordforms._Tagger_based_result._Multiple_Lemmata_possible">0.00%</idno><idno type="Multiple_Wordforms._Tagger_based_result._Multiple_Super_Lemmata_possible">0.00%</idno><idno type="Not_yet_linked_or_unknown_Wordform">0.00%</idno><idno type="Page">092</idno><idno type="Provided_by">Monumenta Germaniae Historica</idno><idno type="RepFontMA">not available</idno><idno type="Status">c</idno><idno type="Text_Type">Letter</idno><idno type="Text_Type_Class">Letters</idno><idno type="Time">510</idno><idno type="Title">Variae 03.25 - Simeonio viro clarissimo comiti Theodericus rex</idno><idno type="Type_of_Corpus">Corpus of Letters</idno><idno type="URL">http://www.mgh.de/dmgh/resolving/MGH_Auct._ant._12_S._92</idno><idno type="Unique_Wordform">100,00%</idno><idno type="Unique_Wordform._Tagger_based_result._Multiple_Lemmata_possible">0.00%</idno><idno type="Unique_Wordform._Tagger_based_result._Multiple_Super_lemmata_possible">0.00%</idno><idno type="VIAF_(Expression)">182693798</idno><idno type="VIAF_(Expression)_Link">http://viaf.org/viaf/182693798</idno><idno type="VIAF_(Person)">95230707</idno><idno type="VIAF_(Person)_Link">http://viaf.org/viaf/95230707</idno><idno type="Volume">Auct. ant. 12</idno><idno type="Year_of_Publication_(interpreted)">0510</idno>MGH Auct. ant. 12</idno><availability><licence target="http://creativecommons.org/licenses/by/4.0/"><p>Distributed under the Creative Commons Attribution 4.0 International (CC BY 4.0) license.</p><p>This license covers the annotations added by the Monumenta Germaniae Historica and the
            Bavarian State Library, Munich, in the course of project "digital MGH"
            <ref target="http://www.dmgh.de">http://www.dmgh.de</ref>, funded by the
            German Research Foundation (DFG).</p><p>We do not claim any rights on the text itself which is believed to be in the public domain.</p><p>If you distribute a copy or a derivative version of this file, please indicate the source
            of the file by mentioning the Monumenta Germaniae Historica (MGH) and the
            Bavarian State Library, Munich (BSB).</p></licence></availability><date when="2016-11-28T16:32:43+01:00">2016-11-28, 16:32:43</date></publicationStmt><sourceDesc><biblFull><titleStmt><title>Cassiodori Senatoris Variae</title><editor>Mommsen, Theodor</editor></titleStmt><publicationStmt><publisher>Weidmann</publisher><pubPlace>Berlin</pubPlace><date>1894</date></publicationStmt><seriesStmt><title>Auctores antiquissimi</title><biblScope unit="volume">12</biblScope></seriesStmt></biblFull></sourceDesc></fileDesc><revisionDesc><change when="24-02-2018 13:59" who="mbecker"></change></revisionDesc></teiHeader><text><body><div><lb n="12" xml:id="bsb00000824_00276_12"></lb><head n="3"><s><w lemma="[{'id':241346594,'ls':[{'id':241346595,'name':'NUMERAL','wfs':[{'id':498534598,'morph':{'Pos':'NUM'},'name':'xxv'}]}],'name':'NUMERAL@NUM'}]">XXV</w><c>.</c><c> </c><lb n="13" xml:id="bsb00000824_00276_13"></lb><w lemma="[{'id':785395741,'ls':[{'id':785395742,'name':'Simeonius','wfs':[{'id':785395746,'morph':{'Casus':'DATIVE','DeclensionType':'SECOND_DECLENSION','Genus':'MASCULINE','Numerus':'SINGULAR','Pos':'NP'},'name':'Simeonio'}]}],'name':'Simeonius@NP'}]">SIMEONIO</w><c> </c><w lemma="[{'id':1466541,'ls':[{'id':9281,'name':'vir','wfs':[{'id':779458787,'morph':{'Casus':'DATIVE','DeclensionType':'SECOND_DECLENSION','Genus':'MASCULINE','Numerus':'SINGULAR','Pos':'NN'},'name':'v'}]}],'name':'vir@NN'}]">V</w><c>.</c><c> </c><w lemma="[{'id':1887165,'ls':[{'id':1931,'name':'clarus','wfs':[{'id':779546804,'morph':{'Casus':'DATIVE','ComparisonDegree':'SUPERLATIVE','DeclensionType':'SECOND_DECLENSION','Genus':'MASCULINE','Numerus':'SINGULAR','Pos':'ADJ'},'name':'C'}]}],'name':'clarus@ADJ'}]">C</w><c>.</c><c> </c><w lemma="[{'id':877368,'ls':[{'id':2109,'name':'comes','wfs':[{'id':877378,'morph':{'Casus':'DATIVE','DeclensionType':'THIRD_DECLENSION','Genus':'MASCULINE','Numerus':'SINGULAR','Pos':'NN'},'name':'comiti'}]}],'name':'comes@NN'}]">COMITI</w><c> </c><w lemma="[{'id':624521,'ls':[{'id':624522,'name':'Theodericus','wfs':[{'id':243244190,'morph':{'Casus':'NOMINATIVE','DeclensionType':'SECOND_DECLENSION','Genus':'MASCULINE','Numerus':'SINGULAR','Pos':'NP'},'name':'Theodericus'}]}],'name':'Theodericus@NP'}]">THEODERICUS</w><c> </c><w lemma="[{'id':1329481,'ls':[{'id':7965,'name':'rex','wfs':[{'id':1329499,'morph':{'Casus':'NOMINATIVE','DeclensionType':'THIRD_DECLENSION','Genus':'MASCULINE','Numerus':'SINGULAR','Pos':'NN'},'name':'rex'}]}],'name':'rex@NN'}]">REX</w><c>.</c></s></head><note><s><hi rend="ITALICS"><w lemma="[{'id':759853,'ls':[{'id':807,'name':'annus','wfs':[{'id':382849904,'morph':{'Casus':'ABLATIVE','DeclensionType':'SECOND_DECLENSION','Genus':'MASCULINE','Numerus':'SINGULAR','Pos':'NN'},'name':'a'}]}],'name':'annus@NN'}]">a</w><c>.</c><c> </c><w lemma="[{'id':241346594,'ls':[{'id':241346595,'name':'NUMERAL','wfs':[{'id':241346596,'morph':{'Pos':'NUM'},'name':'NUMERAL'}]}],'name':'NUMERAL@NUM'}]">510</w><c>/</c><w lemma="[{'id':241346594,'ls':[{'id':241346595,'name':'NUMERAL','wfs':[{'id':241346596,'morph':{'Pos':'NUM'},'name':'NUMERAL'}]}],'name':'NUMERAL@NUM'}]">511</w></hi></s></note><lb n="14" xml:id="bsb00000824_00276_14"></lb><p><s><w lemma="[{'id':3613136,'ls':[{'id':3613137,'name':'amo','wfs':[{'id':3613250,'morph':{'ConjugationType':'FIRST_CONJUGATION','Mood':'INDICATIVE','Numerus':'PLURAL','Person':'PERSON_1','Pos':'V','Tense':'PRESENT','VerbType':'TRANSITIVE','Voice':'ACTIVE'},'name':'amamus'}]}],'name':'amo@V'}]">Amamus</w><c> </c><w lemma="[{'id':2914003,'ls':[{'id':7599,'name':'publicus','wfs':[{'id':2914014,'morph':{'Casus':'DATIVE','ComparisonDegree':'POSITIVE','DeclensionType':'FIRST_DECLENSION','Genus':'FEMININE','Numerus':'PLURAL','Pos':'ADJ'},'name':'publicis'}]}],'name':'publicus@ADJ'}]">publicis</w><c> </c><w lemma="[{'id':709525,'ls':[{'id':175,'name':'actio','wfs':[{'id':243238339,'morph':{'Casus':'DATIVE','DeclensionType':'THIRD_DECLENSION','Genus':'FEMININE','Numerus':'PLURAL','Pos':'NN'},'name':'actionibus'}]}],'name':'actio@NN'}]">actionibus</w><c> </c><w lemma="[{'id':1245784,'ls':[{'id':7011,'name':'persona','wfs':[{'id':1245785,'morph':{'Casus':'ACCUSATIVE','DeclensionType':'FIRST_DECLENSION','Genus':'FEMININE','Numerus':'PLURAL','Pos':'NN'},'name':'personas'}]}],'name':'persona@NN'}]">personas</w><c> </c><w lemma="[{'id':5900318,'ls':[{'id':5317,'name':'insero','wfs':[{'id':5900440,'morph':{'ConjugationType':'THIRD_CONJUGATION','Mood':'INFINITIVE','Pos':'V','Tense':'PRESENT','VerbType':'TRANSITIVE','Voice':'ACTIVE'},'name':'inserere'}]}],'name':'insero@V'}]">inserere</w><c> </c><w lemma="[{'id':1175418,'ls':[{'id':6230,'name':'mos','wfs':[{'id':1175424,'morph':{'Casus':'GENITIVE','DeclensionType':'THIRD_DECLENSION','Genus':'MASCULINE','Numerus':'PLURAL','Pos':'NN'},'name':'morum'}]}],'name':'mos@NN'}]">morum</w><c> </c><w lemma="[{'id':1279667,'ls':[{'id':7406,'name':'probitas','wfs':[{'id':243431923,'morph':{'Casus':'ABLATIVE','DeclensionType':'THIRD_DECLENSION','Genus':'FEMININE','Numerus':'SINGULAR','Pos':'NN'},'name':'probitate'}]}],'name':'probitas@NN'}]">probitate</w><c> </c><w lemma="[{'id':2011449,'ls':[{'id':2575,'name':'conspicuus','wfs':[{'id':2011452,'morph':{'Casus':'ACCUSATIVE','ComparisonDegree':'POSITIVE','DeclensionType':'FIRST_DECLENSION','Genus':'FEMININE','Numerus':'PLURAL','Pos':'ADJ'},'name':'conspicuas'}]}],'name':'conspicuus@ADJ'}]">conspicuas</w><c>,</c><c> </c><w lemma="[{'id':110061,'ls':[{'id':110062,'name':'ut','wfs':[{'id':110063,'morph':{'Pos':'CON'},'name':'ut'}]}],'name':'ut@CON'}]">ut</w><c> </c><lb n="15" xml:id="bsb00000824_00276_15"></lb><w lemma="[{'id':109610,'ls':[{'id':109611,'name':'per','wfs':[{'id':109612,'morph':{'Pos':'AP'},'name':'per'}]}],'name':'per@AP'}]">per</w><c> </c><w lemma="[{'id':1202179,'ls':[{'id':6522,'name':'obsequium','wfs':[{'id':243406820,'morph':{'Casus':'ACCUSATIVE','DeclensionType':'SECOND_DECLENSION','Genus':'NEUTER','Numerus':'PLURAL','Pos':'NN'},'name':'obsequia'}]}],'name':'obsequium@NN'}]">obsequia</w><c> </c><w lemma="[{'id':1033216,'ls':[{'id':1033217,'name':'fidelis','wfs':[{'id':1033224,'morph':{'Casus':'GENITIVE','DeclensionType':'THIRD_DECLENSION','Genus':'COMMON','Numerus':'PLURAL','Pos':'NN'},'name':'fidelium'}]}],'name':'fidelis@NN'}]">fidelium</w><c> </c><w lemma="[{'id':242816286,'ls':[{'id':242816287,'name':'nos','wfs':[{'id':594760049,'morph':{'Casus':'DATIVE','Genus':'MASCULINE','Numerus':'PLURAL','Pos':'PRO','PronounType':'PERSONAL'},'name':'nobis'}]}],'name':'nos@PRO'}]">nobis</w><c> </c><w lemma="[{'id':4641727,'ls':[{'id':2862,'name':'cresco','wfs':[{'id':4642086,'morph':{'ConjugationType':'THIRD_CONJUGATION','Mood':'SUBJUNCTIVE','Numerus':'SINGULAR','Person':'PERSON_3','Pos':'V','Tense':'PRESENT','VerbType':'INTRANSITIVE','Voice':'ACTIVE'},'name':'crescat'}]}],'name':'cresco@V'}]">crescat</w><c> </c><w lemma="[{'id':1443775,'ls':[{'id':9082,'name':'utilitas','wfs':[{'id':1443789,'morph':{'Casus':'GENITIVE','DeclensionType':'THIRD_DECLENSION','Genus':'FEMININE','Numerus':'SINGULAR','Pos':'NN'},'name':'utilitatis'}]}],'name':'utilitas@NN'}]">utilitatis</w><c> </c><w lemma="[{'id':798138,'ls':[{'id':1206,'name':'augmentum','wfs':[{'id':798151,'morph':{'Casus':'NOMINATIVE','DeclensionType':'SECOND_DECLENSION','Genus':'NEUTER','Numerus':'SINGULAR','Pos':'NN'},'name':'augmentum'}]}],'name':'augmentum@NN'}]">augmentum</w><c>.</c><c> </c></s><s><w lemma="[{'id':222625,'ls':[{'id':222628,'name':'proinde','wfs':[{'id':222631,'morph':{'ComparisonDegree':'POSITIVE','Pos':'ADV'},'name':'proinde'}]}],'name':'proinde@ADV'}]">proinde</w><c> </c><w lemma="[{'id':1362918,'ls':[{'id':1362919,'name':'sinceritas','wfs':[{'id':243461861,'morph':{'Casus':'ACCUSATIVE','DeclensionType':'THIRD_DECLENSION','Genus':'FEMININE','Numerus':'SINGULAR','Pos':'NN'},'name':'sinceritatem'}]}],'name':'sinceritas@NN'}]">sinceritatem</w><c> </c><w lemma="[{'id':758332,'ls':[{'id':792,'name':'animus','wfs':[{'id':758345,'morph':{'Casus':'GENITIVE','DeclensionType':'SECOND_DECLENSION','Genus':'MASCULINE','Numerus':'SINGULAR','Pos':'NN'},'name':'animi'}]}],'name':'animus@NN'}]">animi</w><c> </c><lb n="16" xml:id="bsb00000824_00276_16"></lb><w lemma="[{'id':242816823,'ls':[{'id':242816824,'name':'tu','wfs':[{'id':244512085,'morph':{'Casus':'GENITIVE','Genus':'MASCULINE','Numerus':'SINGULAR','Pos':'PRO','PronounType':'PERSONAL'},'name':'tui'}]}],'name':'tu@PRO'}]">tui</w><c> </c><w lemma="[{'id':109610,'ls':[{'id':109611,'name':'per','wfs':[{'id':109612,'morph':{'Pos':'AP'},'name':'per'}]}],'name':'per@AP'}]">per</w><c> </c><w lemma="[{'id':2857280,'ls':[{'id':2857281,'name':'praeclarus','wfs':[{'id':2857332,'morph':{'Casus':'ACCUSATIVE','ComparisonDegree':'POSITIVE','DeclensionType':'SECOND_DECLENSION','Genus':'NEUTER','Numerus':'PLURAL','Pos':'ADJ'},'name':'praeclara'}]}],'name':'praeclarus@ADJ'}]">praeclara</w><c> </c><w lemma="[{'id':978969,'ls':[{'id':3684,'name':'documentum','wfs':[{'id':978970,'morph':{'Casus':'ACCUSATIVE','DeclensionType':'SECOND_DECLENSION','Genus':'NEUTER','Numerus':'PLURAL','Pos':'NN'},'name':'documenta'}]}],'name':'documentum@NN'}]">documenta</w><c> </c><w lemma="[{'id':6327887,'ls':[{'id':6419,'name':'nosco','wfs':[{'id':6328346,'morph':{'Casus':'NOMINATIVE','ConjugationType':'THIRD_CONJUGATION','Genus':'MASCULINE','Mood':'PARTICIPLE','Numerus':'PLURAL','Pos':'V','Tense':'PRESENT','VerbType':'TRANSITIVE','Voice':'ACTIVE'},'name':'noscentes'}]}],'name':'nosco@V'}]">noscentes</w><c> </c><w lemma="[{'id':743447584,'ls':[{'id':743447585,'name':'siliquaticum','wfs':[{'id':785395738,'morph':{'Casus':'GENITIVE','DeclensionType':'SECOND_DECLENSION','Genus':'NEUTER','Numerus':'SINGULAR','Pos':'NN'},'name':'siliquatici'}]}],'name':'siliquaticum@NN'}]">siliquatici</w><c> </c><w lemma="[{'id':1420465,'ls':[{'id':8854,'name':'titulus','wfs':[{'id':1420474,'morph':{'Casus':'ACCUSATIVE','DeclensionType':'SECOND_DECLENSION','Genus':'MASCULINE','Numerus':'SINGULAR','Pos':'NN'},'name':'titulum'}]}],'name':'titulus@NN'}]">titulum</w><c>,</c><c> </c><w lemma="[{'id':242816363,'ls':[{'id':242816364,'name':'qui','wfs':[{'id':539256813,'morph':{'Casus':'ACCUSATIVE','Genus':'MASCULINE','Numerus':'SINGULAR','Pos':'PRO','PronounType':'RELATIVE'},'name':'quem'}]}],'name':'qui@PRO'}]">quem</w><c> </c><w lemma="[{'id':2323250,'ls':[{'id':4358,'name':'fidus','wfs':[{'id':2323330,'morph':{'Casus':'DATIVE','ComparisonDegree':'POSITIVE','DeclensionType':'FIRST_DECLENSION','Genus':'FEMININE','Numerus':'SINGULAR','Pos':'ADJ'},'name':'fidae'}]}],'name':'fidus@ADJ'}]">fidae</w><c> </c><w lemma="[{'id':483610010,'ls':[{'id':483610011,'name':'dominicatus','wfs':[{'id':483610017,'morph':{'Casus':'GENITIVE','DeclensionType':'FOURTH_DECLENSION','Genus':'MASCULINE','Numerus':'SINGULAR','Pos':'NN'},'name':'dominicatus'}]}],'name':'dominicatus@NN'}]">dominicatus</w><c> </c><w lemma="[{'id':197050,'ls':[{'id':197051,'name':'iure','wfs':[{'id':197053,'morph':{'ComparisonDegree':'POSITIVE','Pos':'ADV'},'name':'iure'}]}],'name':'iure@ADV'}]">iure</w><c> </c><lb n="17" xml:id="bsb00000824_00276_17"></lb><w lemma="[{'id':5109084,'ls':[{'id':3001,'name':'do','wfs':[{'id':5109182,'morph':{'ConjugationType':'FIRST_CONJUGATION','Mood':'INDICATIVE','Numerus':'PLURAL','Person':'PERSON_1','Pos':'V','Tense':'PLUPERFECT','VerbType':'TRANSITIVE','Voice':'ACTIVE'},'name':'dederamus'}]}],'name':'do@V'}]">dederamus</w><c> </c><w lemma="[{'id':971611,'ls':[{'id':971612,'name':'discussio','wfs':[{'id':243324830,'morph':{'Casus':'DATIVE','DeclensionType':'THIRD_DECLENSION','Genus':'FEMININE','Numerus':'SINGULAR','Pos':'NN'},'name':'discussioni'}]}],'name':'discussio@NN'}]">discussioni</w><c> </c><w lemma="[{'id':1092043,'ls':[{'id':5140,'name':'indictio','wfs':[{'id':1092046,'morph':{'Casus':'GENITIVE','DeclensionType':'THIRD_DECLENSION','Genus':'FEMININE','Numerus':'SINGULAR','Pos':'NN'},'name':'indictionis'}]}],'name':'indictio@NN'}]">indictionis</w><c> </c><w lemma="[{'id':2887502,'ls':[{'id':2887503,'name':'primus','wfs':[{'id':2887572,'morph':{'Casus':'GENITIVE','ComparisonDegree':'POSITIVE','DeclensionType':'FIRST_DECLENSION','Genus':'FEMININE','Numerus':'SINGULAR','Pos':'ADJ'},'name':'primae'}]}],'name':'primus@ADJ'}]">primae</w><c>,</c><c> </c><w lemma="[{'id':3026205,'ls':[{'id':8210,'name':'secundus','wfs':[{'id':3026234,'morph':{'Casus':'GENITIVE','ComparisonDegree':'POSITIVE','DeclensionType':'FIRST_DECLENSION','Genus':'FEMININE','Numerus':'SINGULAR','Pos':'ADJ'},'name':'secundae'}]}],'name':'secundus@ADJ'}]">secundae</w><c> </c><w lemma="[{'id':110077,'ls':[{'id':110078,'name':'vel','wfs':[{'id':110080,'morph':{'Pos':'CON'},'name':'vel'}]}],'name':'vel@CON'}]">vel</w><c> </c><w lemma="[{'id':259056,'ls':[{'id':259057,'name':'tertius','wfs':[{'id':259082,'morph':{'Casus':'GENITIVE','Genus':'FEMININE','Numerus':'SINGULAR','Pos':'ORD'},'name':'tertiae'}]}],'name':'tertius@ORD'}]">tertiae</w><c> </c><w lemma="[{'id':109610,'ls':[{'id':109611,'name':'per','wfs':[{'id':109612,'morph':{'Pos':'AP'},'name':'per'}]}],'name':'per@AP'}]">per</w><c> </c><w lemma="[{'id':1291084,'ls':[{'id':7580,'name':'provincia','wfs':[{'id':1291110,'morph':{'Casus':'ACCUSATIVE','DeclensionType':'FIRST_DECLENSION','Genus':'FEMININE','Numerus':'SINGULAR','Pos':'NN'},'name':'provinciam'}]}],'name':'provincia@NN'}]">provinciam</w><c> </c><lb n="18" xml:id="bsb00000824_00276_18"></lb><w lemma="[{'id':241522636,'ls':[{'id':241522637,'name':'Dalmaticus','wfs':[{'id':241522659,'morph':{'Casus':'ACCUSATIVE','ComparisonDegree':'POSITIVE','DeclensionType':'FIRST_DECLENSION','Genus':'FEMININE','Numerus':'SINGULAR','Pos':'ADJ'},'name':'Dalmaticam'}]}],'name':'Dalmaticus@ADJ'}]">Dalmaticam</w><c>,</c><c> </c><w lemma="[{'id':1216157,'ls':[{'id':1216158,'name':'ordinatio','wfs':[{'id':1216162,'morph':{'Casus':'NOMINATIVE','DeclensionType':'THIRD_DECLENSION','Genus':'FEMININE','Numerus':'SINGULAR','Pos':'NN'},'name':'ordinatio'}]}],'name':'ordinatio@NN'}]">ordinatio</w><c> </c><w lemma="[{'id':242816823,'ls':[{'id':242816824,'name':'tu','wfs':[{'id':242816828,'morph':{'Casus':'DATIVE','Genus':'MASCULINE','Numerus':'SINGULAR','Pos':'PRO','PronounType':'PERSONAL'},'name':'tibi'}]}],'name':'tu@PRO'}]">tibi</w><c> </c><w lemma="[{'id':244510439,'ls':[{'id':244510440,'name':'noster','wfs':[{'id':244510472,'morph':{'Casus':'NOMINATIVE','DeclensionType':'FIRST_DECLENSION','Genus':'FEMININE','Numerus':'SINGULAR','Pos':'PRO','PronounType':'POSSESSIVE'},'name':'nostra'}]}],'name':'noster@PRO'}]">nostra</w><c> </c><w lemma="[{'id':4285261,'ls':[{'id':2162,'name':'committo','wfs':[{'id':4285582,'morph':{'ConjugationType':'THIRD_CONJUGATION','Mood':'INDICATIVE','Numerus':'SINGULAR','Person':'PERSON_3','Pos':'V','Tense':'PRESENT','VerbType':'TRANSITIVE','Voice':'ACTIVE'},'name':'committit'}]}],'name':'committo@V'}]">committit</w><c>:</c><c> </c><w lemma="[{'id':110061,'ls':[{'id':110062,'name':'ut','wfs':[{'id':110063,'morph':{'Pos':'CON'},'name':'ut'}]}],'name':'ut@CON'}]">ut</w><c> </c><w lemma="[{'id':242816570,'ls':[{'id':242816571,'name':'quilibet','wfs':[{'id':570390574,'morph':{'Casus':'ABLATIVE','Genus':'NEUTER','Numerus':'SINGULAR','Pos':'PRO','PronounType':'INDEFINITE'},'name':'quolibet'}]}],'name':'quilibet@PRO'}]">quolibet</w><c> </c><w lemma="[{'id':1040853,'ls':[{'id':4498,'name':'fraus','wfs':[{'id':1040867,'morph':{'Casus':'GENITIVE','DeclensionType':'THIRD_DECLENSION','Genus':'FEMININE','Numerus':'SINGULAR','Pos':'NN'},'name':'fraudis'}]}],'name':'fraus@NN'}]">fraudis</w><c> </c><w lemma="[{'id':1459541,'ls':[{'id':9227,'name':'vestigium','wfs':[{'id':243497103,'morph':{'Casus':'ABLATIVE','DeclensionType':'SECOND_DECLENSION','Genus':'NEUTER','Numerus':'SINGULAR','Pos':'NN'},'name':'vestigio'}]}],'name':'vestigium@NN'}]">vestigio</w><c> </c><w lemma="[{'id':935794,'ls':[{'id':3008,'name':'damnum','wfs':[{'id':241424342,'morph':{'Casus':'NOMINATIVE','DeclensionType':'SECOND_DECLENSION','Genus':'NEUTER','Numerus':'SINGULAR','Pos':'NN'},'name':'damnum'}]}],'name':'damnum@NN'}]">damnum</w><c> </c><w lemma="[{'id':2914003,'ls':[{'id':7599,'name':'publicus','wfs':[{'id':2914113,'morph':{'Casus':'NOMINATIVE','ComparisonDegree':'POSITIVE','DeclensionType':'SECOND_DECLENSION','Genus':'NEUTER','Numerus':'SINGULAR','Pos':'ADJ'},'name':'publicum'}]}],'name':'publicus@ADJ'}]">publicum</w><c> </c><lb n="19" xml:id="bsb00000824_00276_19"></lb><w lemma="[{'id':242816823,'ls':[{'id':242816824,'name':'tu','wfs':[{'id':484136613,'morph':{'Casus':'ABLATIVE','Genus':'MASCULINE','Numerus':'SINGULAR','Pos':'PRO','PronounType':'PERSONAL'},'name':'te'}]}],'name':'tu@PRO'}]">te</w><c> </c><w lemma="[{'id':7617143,'ls':[{'id':7617144,'name':'sum','wfs':[{'id':242825884,'morph':{'Mood':'SUBJUNCTIVE','Numerus':'SINGULAR','Person':'PERSON_3','Pos':'V','Tense':'PERFECT','VerbType':'VERBA_ANOMALA','Voice':'ACTIVE'},'name':'fuerit'}]}],'name':'sum@V'}]">fuerit</w><c> </c><w lemma="[{'id':5390093,'ls':[{'id':4138,'name':'exploro','wfs':[{'id':5390124,'morph':{'Casus':'ABLATIVE','ConjugationType':'FIRST_CONJUGATION','Genus':'MASCULINE','Mood':'PARTICIPLE','Numerus':'SINGULAR','Pos':'V','Tense':'PRESENT','VerbType':'TRANSITIVE','Voice':'ACTIVE'},'name':'explorante'}]}],'name':'exploro@V'}]">explorante</w><c> </c><w lemma="[{'id':7166317,'ls':[{'id':7878,'name':'reperio','wfs':[{'id':7166392,'morph':{'Casus':'NOMINATIVE','ConjugationType':'FOURTH_CONJUGATION','Genus':'NEUTER','Mood':'PARTICIPLE','Numerus':'SINGULAR','Pos':'V','Tense':'PERFECT','VerbType':'TRANSITIVE','Voice':'PASSIVE'},'name':'repertum'}]}],'name':'reperio@V'}]">repertum</w><c>,</c><c> </c><w lemma="[{'id':221991,'ls':[{'id':221992,'name':'procul','wfs':[{'id':221993,'morph':{'ComparisonDegree':'POSITIVE','Pos':'ADV'},'name':'procul'}]}],'name':'procul@ADV'}]">procul</w><c> </c><w lemma="[{'id':981660,'ls':[{'id':3723,'name':'dubium','wfs':[{'id':243328606,'morph':{'Casus':'ABLATIVE','DeclensionType':'SECOND_DECLENSION','Genus':'NEUTER','Numerus':'SINGULAR','Pos':'NN'},'name':'dubio'}]}],'name':'dubium@NN'}]">dubio</w><c> </c><w lemma="[{'id':244510439,'ls':[{'id':244510440,'name':'noster','wfs':[{'id':457578029,'morph':{'Casus':'ABLATIVE','DeclensionType':'FIRST_DECLENSION','Genus':'FEMININE','Numerus':'PLURAL','Pos':'PRO','PronounType':'POSSESSIVE'},'name':'nostris'}]}],'name':'noster@PRO'}]">nostris</w><c> </c><w lemma="[{'id':730091,'ls':[{'id':730092,'name':'aeraria','wfs':[{'id':243244234,'morph':{'Casus':'ABLATIVE','DeclensionType':'FIRST_DECLENSION','Genus':'FEMININE','Numerus':'PLURAL','Pos':'NN'},'name':'aerariis'}]}],'name':'aeraria@NN'}]">aerariis</w><c> </c><w lemma="[{'id':5837509,'ls':[{'id':5198,'name':'infero','wfs':[{'id':453952,'morph':{'Mood':'SUBJUNCTIVE','Numerus':'SINGULAR','Person':'PERSON_3','Pos':'V','Tense':'PRESENT','VerbType':'VERBA_ANOMALA','Voice':'PASSIVE'},'name':'inferatur'}]}],'name':'infero@V'}]">inferatur</w><c>:</c><c> </c><w lemma="[{'id':109966,'ls':[{'id':109967,'name':'quia','wfs':[{'id':109968,'morph':{'Pos':'CON'},'name':'quia'}]}],'name':'quia@CON'}]">quia</w><c> </c><w lemma="[{'id':206035,'ls':[{'id':6416,'name':'non','wfs':[{'id':241322627,'morph':{'Pos':'ADV'},'name':'non'}]}],'name':'non@ADV'}]">non</w><c> </c><w lemma="[{'id':245351,'ls':[{'id':8740,'name':'tantum','wfs':[{'id':245352,'morph':{'ComparisonDegree':'POSITIVE','Pos':'ADV'},'name':'tantum'}]}],'name':'tantum@ADV'}]">tantum</w><c> </c><lb n="20" xml:id="bsb00000824_00276_20"></lb><w lemma="[{'id':1146397,'ls':[{'id':5830,'name':'lucrum','wfs':[{'id':1146398,'morph':{'Casus':'ACCUSATIVE','DeclensionType':'SECOND_DECLENSION','Genus':'NEUTER','Numerus':'PLURAL','Pos':'NN'},'name':'lucra'}]}],'name':'lucrum@NN'}]">lucra</w><c> </c><w lemma="[{'id':7026606,'ls':[{'id':244494165,'name':'quaero','wfs':[{'id':7026728,'morph':{'ConjugationType':'THIRD_CONJUGATION','Mood':'INDICATIVE','Numerus':'PLURAL','Person':'PERSON_1','Pos':'V','Tense':'PRESENT','VerbType':'TRANSITIVE','Voice':'ACTIVE'},'name':'quaerimus'}]}],'name':'quaero@V'}]">quaerimus</w><c>,</c><c> </c><w lemma="[{'id':225674,'ls':[{'id':225675,'name':'quantum','wfs':[{'id':225676,'morph':{'ComparisonDegree':'POSITIVE','Pos':'ADV'},'name':'quantum'}]}],'name':'quantum@ADV'}]">quantum</w><c> </c><w lemma="[{'id':1175418,'ls':[{'id':6230,'name':'mos','wfs':[{'id':1175419,'morph':{'Casus':'ACCUSATIVE','DeclensionType':'THIRD_DECLENSION','Genus':'MASCULINE','Numerus':'PLURAL','Pos':'NN'},'name':'mores'}]}],'name':'mos@NN'}]">mores</w><c> </c><w lemma="[{'id':7464234,'ls':[{'id':7464235,'name':'subicio','wfs':[{'id':503593411,'morph':{'Casus':'GENITIVE','ConjugationType':'THIRD_CONJUGATION','Genus':'MASCULINE','Mood':'PARTICIPLE','Numerus':'PLURAL','Pos':'V','Tense':'PERFECT','VerbType':'TRANSITIVE','Voice':'PASSIVE'},'name':'subiectorum'}]}],'name':'subicio@V'}]">subiectorum</w><c> </c><w lemma="[{'id':4859740,'ls':[{'id':3317,'name':'deprehendo','wfs':[{'id':4859821,'morph':{'ConjugationType':'THIRD_CONJUGATION','Mood':'INFINITIVE','Pos':'V','Tense':'PRESENT','VerbType':'TRANSITIVE','Voice':'ACTIVE'},'name':'deprehendere'}]}],'name':'deprehendo@V'}]">deprehendere</w><c> </c><w lemma="[{'id':5500352,'ls':[{'id':4340,'name':'festino','wfs':[{'id':5500465,'morph':{'ConjugationType':'FIRST_CONJUGATION','Mood':'INDICATIVE','Numerus':'PLURAL','Person':'PERSON_1','Pos':'V','Tense':'PRESENT','VerbType':'TRANSITIVE','Voice':'ACTIVE'},'name':'festinamus'}]}],'name':'festino@V'}]">festinamus</w><c>.</c><c> </c></s><s><w lemma="[{'id':220864,'ls':[{'id':7357,'name':'praeterea','wfs':[{'id':220865,'morph':{'ComparisonDegree':'POSITIVE','Pos':'ADV'},'name':'praeterea'}]}],'name':'praeterea@ADV'}]">Praeterea</w><c> </c><lb n="21" xml:id="bsb00000824_00276_21"></lb><w lemma="[{'id':1031399,'ls':[{'id':1031400,'name':'ferraria','wfs':[{'id':1031401,'morph':{'Casus':'ACCUSATIVE','DeclensionType':'FIRST_DECLENSION','Genus':'FEMININE','Numerus':'PLURAL','Pos':'NN'},'name':'ferrarias'}]}],'name':'ferraria@NN'}]">ferrarias</w><c> </c><w lemma="[{'id':2859931,'ls':[{'id':2859932,'name':'praedictus','wfs':[{'id':2860001,'morph':{'Casus':'GENITIVE','ComparisonDegree':'POSITIVE','DeclensionType':'FIRST_DECLENSION','Genus':'FEMININE','Numerus':'SINGULAR','Pos':'ADJ'},'name':'praedictae'}]}],'name':'praedictus@ADJ'}]">praedictae</w><c> </c><w lemma="[{'id':241362022,'ls':[{'id':241362027,'name':'Dalmatia','wfs':[{'id':935451,'morph':{'Casus':'GENITIVE','DeclensionType':'FIRST_DECLENSION','Genus':'FEMININE','Numerus':'SINGULAR','Pos':'NN'},'name':'dalmatiae'}]}],'name':'Dalmatia@NE'}]">Dalmatiae</w><c> </c><w lemma="[{'id':929860,'ls':[{'id':2953,'name':'cuniculus','wfs':[{'id':929871,'morph':{'Casus':'ABLATIVE','DeclensionType':'SECOND_DECLENSION','Genus':'MASCULINE','Numerus':'SINGULAR','Pos':'NN'},'name':'cuniculo'}]}],'name':'cuniculus@NN'}]">cuniculo</w><c> </c><w lemma="[{'id':242816823,'ls':[{'id':242816824,'name':'tu','wfs':[{'id':244512059,'morph':{'Casus':'ACCUSATIVE','Genus':'MASCULINE','Numerus':'SINGULAR','Pos':'PRO','PronounType':'PERSONAL'},'name':'te'}]}],'name':'tu@PRO'}]">te</w><c> </c><w lemma="[{'id':1455678,'ls':[{'id':9192,'name':'veritas','wfs':[{'id':1455702,'morph':{'Casus':'GENITIVE','DeclensionType':'THIRD_DECLENSION','Genus':'FEMININE','Numerus':'SINGULAR','Pos':'NN'},'name':'veritatis'}]}],'name':'veritas@NN'}]">veritatis</w><c> </c><w lemma="[{'id':6069512,'ls':[{'id':244530716,'name':'iubeo','wfs':[{'id':243203011,'morph':{'ConjugationType':'SECOND_CONJUGATION','Mood':'INDICATIVE','Numerus':'PLURAL','Person':'PERSON_1','Pos':'V','Tense':'PRESENT','VerbType':'TRANSITIVE','Voice':'ACTIVE'},'name':'iubemus'}]}],'name':'iubeo@V'}]">iubemus</w><c> </c><w lemma="[{'id':5893338,'ls':[{'id':5293,'name':'inquiro','wfs':[{'id':5893862,'morph':{'ConjugationType':'THIRD_CONJUGATION','Mood':'INFINITIVE','Pos':'V','Tense':'PRESENT','VerbType':'TRANSITIVE','Voice':'ACTIVE'},'name':'inquirere'}]}],'name':'inquiro@V'}]">inquirere</w><c>,</c><c> </c><w lemma="[{'id':249332,'ls':[{'id':249333,'name':'ubi','wfs':[{'id':249334,'morph':{'Pos':'ADV'},'name':'ubi'}]}],'name':'ubi@ADV'}]">ubi</w><c> </c><w lemma="[{'id':1330871,'ls':[{'id':7977,'name':'rigor','wfs':[{'id':243451475,'morph':{'Casus':'ACCUSATIVE','DeclensionType':'THIRD_DECLENSION','Genus':'MASCULINE','Numerus':'SINGULAR','Pos':'NN'},'name':'rigorem'}]}],'name':'rigor@NN'}]">rigorem</w><c> </c><lb n="22" xml:id="bsb00000824_00276_22"></lb><w lemma="[{'id':1031538,'ls':[{'id':4327,'name':'ferrum','wfs':[{'id':1031550,'morph':{'Casus':'GENITIVE','DeclensionType':'SECOND_DECLENSION','Genus':'NEUTER','Numerus':'SINGULAR','Pos':'NN'},'name':'ferri'}]}],'name':'ferrum@NN'}]">ferri</w><c> </c><w lemma="[{'id':6529853,'ls':[{'id':6824,'name':'parturio','wfs':[{'id':6530058,'morph':{'ConjugationType':'FOURTH_CONJUGATION','Mood':'INDICATIVE','Numerus':'SINGULAR','Person':'PERSON_3','Pos':'V','Tense':'PRESENT','VerbType':'TRANSITIVE','Voice':'ACTIVE'},'name':'parturit'}]}],'name':'parturio@V'}]">parturit</w><c> </c><w lemma="[{'id':3185124,'ls':[{'id':8802,'name':'terrenus','wfs':[{'id':3185196,'morph':{'Casus':'NOMINATIVE','ComparisonDegree':'POSITIVE','DeclensionType':'FIRST_DECLENSION','Genus':'FEMININE','Numerus':'SINGULAR','Pos':'ADJ'},'name':'terrena'}]}],'name':'terrenus@ADJ'}]">terrena</w><c> </c><w lemma="[{'id':1172720,'ls':[{'id':1172721,'name':'mollities','wfs':[{'id':1172729,'morph':{'Casus':'NOMINATIVE','DeclensionType':'THIRD_DECLENSION','Genus':'FEMININE','Numerus':'SINGULAR','Pos':'NN'},'name':'mollities'}]}],'name':'mollities@NN'}]">mollities</w><c> </c><w lemma="[{'id':109828,'ls':[{'id':109829,'name':'et','wfs':[{'id':109830,'morph':{'Pos':'CON'},'name':'et'}]}],'name':'et@CON'}]">et</w><c> </c><w lemma="[{'id':1076316,'ls':[{'id':1076317,'name':'ignis','wfs':[{'id':382841924,'morph':{'Casus':'ABLATIVE','DeclensionType':'THIRD_DECLENSION','Genus':'MASCULINE','Numerus':'SINGULAR','Pos':'NN'},'name':'igne'}]}],'name':'ignis@NN'}]">igne</w><c> </c><w lemma="[{'id':4716708,'ls':[{'id':3068,'name':'decoquo','wfs':[{'id':4717029,'morph':{'ConjugationType':'THIRD_CONJUGATION','Mood':'INDICATIVE','Numerus':'SINGULAR','Person':'PERSON_3','Pos':'V','Tense':'PRESENT','VerbType':'TRANSITIVE','Voice':'PASSIVE'},'name':'decoquitur'}]}],'name':'decoquo@V'}]">decoquitur</w><c>,</c><c> </c><w lemma="[{'id':110061,'ls':[{'id':110062,'name':'ut','wfs':[{'id':110063,'morph':{'Pos':'CON'},'name':'ut'}]}],'name':'ut@CON'}]">ut</w><c> </c><w lemma="[{'id':109577,'ls':[{'id':109578,'name':'in','wfs':[{'id':109579,'morph':{'Pos':'AP'},'name':'in'}]}],'name':'in@AP'}]">in</w><c> </c><w lemma="[{'id':984009,'ls':[{'id':3751,'name':'duritia','wfs':[{'id':984015,'morph':{'Casus':'ACCUSATIVE','DeclensionType':'FIRST_DECLENSION','Genus':'FEMININE','Numerus':'SINGULAR','Pos':'NN'},'name':'duritiam'}]}],'name':'duritia@NN'}]">duritiam</w><c> </c><w lemma="[{'id':7828082,'ls':[{'id':8905,'name':'transfero','wfs':[{'id':552392,'morph':{'Mood':'SUBJUNCTIVE','Numerus':'SINGULAR','Person':'PERSON_3','Pos':'V','Tense':'PRESENT','VerbType':'VERBA_ANOMALA','Voice':'PASSIVE'},'name':'transferatur'}]}],'name':'transfero@V'}]">transferatur</w><c>.</c><c> </c></s><s><w lemma="[{'id':182444,'ls':[{'id':182445,'name':'hinc','wfs':[{'id':182446,'morph':{'ComparisonDegree':'POSITIVE','Pos':'ADV'},'name':'hinc'}]}],'name':'hinc@ADV'}]">hinc</w><c> </c><lb n="23" xml:id="bsb00000824_00276_23"></lb><w lemma="[{'id':3872052,'ls':[{'id':3872053,'name':'auxilio','wfs':[{'id':3872084,'morph':{'Casus':'ABLATIVE','ConjugationType':'FIRST_CONJUGATION','Genus':'MASCULINE','Mood':'PARTICIPLE','Numerus':'SINGULAR','Pos':'V','Tense':'PRESENT','VerbType':'TRANSITIVE','Voice':'ACTIVE'},'name':'auxiliante'}]}],'name':'auxilior@V'}]">auxiliante</w><c> </c><w lemma="[{'id':958093,'ls':[{'id':958094,'name':'deus','wfs':[{'id':958105,'morph':{'Casus':'ABLATIVE','DeclensionType':'SECOND_DECLENSION','Genus':'MASCULINE','Numerus':'SINGULAR','Pos':'NN'},'name':'deo'}]}],'name':'deus@NN'}]">deo</w><c> </c><w lemma="[{'id':1229452,'ls':[{'id':6853,'name':'patria','wfs':[{'id':1229464,'morph':{'Casus':'GENITIVE','DeclensionType':'FIRST_DECLENSION','Genus':'FEMININE','Numerus':'SINGULAR','Pos':'NN'},'name':'patriae'}]}],'name':'patria@NN'}]">patriae</w><c> </c><w lemma="[{'id':942023,'ls':[{'id':3108,'name':'defensio','wfs':[{'id':942027,'morph':{'Casus':'NOMINATIVE','DeclensionType':'THIRD_DECLENSION','Genus':'FEMININE','Numerus':'SINGULAR','Pos':'NN'},'name':'defensio'}]}],'name':'defensio@NN'}]">defensio</w><c> </c><w lemma="[{'id':7964639,'ls':[{'id':9166,'name':'venio','wfs':[{'id':7965395,'morph':{'ConjugationType':'FOURTH_CONJUGATION','Mood':'INDICATIVE','Numerus':'SINGULAR','Person':'PERSON_3','Pos':'V','Tense':'PRESENT','VerbType':'INTRANSITIVE','Voice':'ACTIVE'},'name':'venit'}]}],'name':'venio@V'}]">venit</w><c>:</c><c> </c><w lemma="[{'id':182444,'ls':[{'id':182445,'name':'hinc','wfs':[{'id':182446,'morph':{'ComparisonDegree':'POSITIVE','Pos':'ADV'},'name':'hinc'}]}],'name':'hinc@ADV'}]">hinc</w><c> </c><w lemma="[{'id':735398,'ls':[{'id':559,'name':'ager','wfs':[{'id':735402,'morph':{'Casus':'GENITIVE','DeclensionType':'SECOND_DECLENSION','Genus':'MASCULINE','Numerus':'PLURAL','Pos':'NN'},'name':'agrorum'}]}],'name':'ager@NN'}]">agrorum</w><c> </c><w lemma="[{'id':1443775,'ls':[{'id':9082,'name':'utilitas','wfs':[{'id':241492903,'morph':{'Casus':'NOMINATIVE','DeclensionType':'THIRD_DECLENSION','Genus':'FEMININE','Numerus':'SINGULAR','Pos':'NN'},'name':'utilitas'}]}],'name':'utilitas@NN'}]">utilitas</w><c> </c><w lemma="[{'id':6901697,'ls':[{'id':7428,'name':'procuro','wfs':[{'id':6902048,'morph':{'ConjugationType':'FIRST_CONJUGATION','Mood':'INDICATIVE','Numerus':'SINGULAR','Person':'PERSON_3','Pos':'V','Tense':'PRESENT','VerbType':'TRANSITIVE','Voice':'PASSIVE'},'name':'procuratur'}]}],'name':'procuro@V'}]">procuratur</w><c> </c><w lemma="[{'id':109828,'ls':[{'id':109829,'name':'et','wfs':[{'id':109830,'morph':{'Pos':'CON'},'name':'et'}]}],'name':'et@CON'}]">et</w><c> </c><w lemma="[{'id':109577,'ls':[{'id':109578,'name':'in','wfs':[{'id':109579,'morph':{'Pos':'AP'},'name':'in'}]}],'name':'in@AP'}]">in</w><c> </c><w lemma="[{'id':1443466,'ls':[{'id':9069,'name':'usus','wfs':[{'id':1443468,'morph':{'Casus':'NOMINATIVE','DeclensionType':'FOURTH_DECLENSION','Genus':'MASCULINE','Numerus':'SINGULAR','Pos':'NN'},'name':'usus'}]}],'name':'usus@NN'}]">usus</w><c> </c><lb n="24" xml:id="bsb00000824_00276_24"></lb><w lemma="[{'id':1070253,'ls':[{'id':1070254,'name':'humana','wfs':[{'id':1070266,'morph':{'Casus':'DATIVE','DeclensionType':'FIRST_DECLENSION','Genus':'FEMININE','Numerus':'SINGULAR','Pos':'NN'},'name':'humanae'}]}],'name':'humana@NN'}]">humanae</w><c> </c><w lemma="[{'id':1468658,'ls':[{'id':9303,'name':'vita','wfs':[{'id':1468687,'morph':{'Casus':'DATIVE','DeclensionType':'FIRST_DECLENSION','Genus':'FEMININE','Numerus':'SINGULAR','Pos':'NN'},'name':'vitae'}]}],'name':'vita@NN'}]">vitae</w><c> </c><w lemma="[{'id':2681226,'ls':[{'id':262656362,'name':'multiplex','wfs':[{'id':244119021,'morph':{'Casus':'ABLATIVE','ComparisonDegree':'POSITIVE','DeclensionType':'THIRD_DECLENSION','Genus':'FEMININE','Numerus':'SINGULAR','Pos':'ADJ'},'name':'multiplici'}]}],'name':'multiplex@ADJ'}]">multiplici</w><c> </c><w lemma="[{'id':880443,'ls':[{'id':2170,'name':'commoditas','wfs':[{'id':243291803,'morph':{'Casus':'ABLATIVE','DeclensionType':'THIRD_DECLENSION','Genus':'FEMININE','Numerus':'SINGULAR','Pos':'NN'},'name':'commoditate'}]}],'name':'commoditas@NN'}]">commoditate</w><c> </c><w lemma="[{'id':6738142,'ls':[{'id':7215,'name':'porrigo','wfs':[{'id':6738678,'morph':{'ConjugationType':'THIRD_CONJUGATION','Mood':'INDICATIVE','Numerus':'SINGULAR','Person':'PERSON_3','Pos':'V','Tense':'PRESENT','VerbType':'TRANSITIVE','Voice':'PASSIVE'},'name':'porrigitur'}]}],'name':'porrigo@V'}]">porrigitur</w><c>.</c><c> </c></s><s><w lemma="[{'id':800193,'ls':[{'id':1217,'name':'aurum','wfs':[{'id':800204,'morph':{'Casus':'DATIVE','DeclensionType':'SECOND_DECLENSION','Genus':'NEUTER','Numerus':'SINGULAR','Pos':'NN'},'name':'auro'}]}],'name':'aurum@NN'}]">auro</w><c> </c><w lemma="[{'id':242816153,'ls':[{'id':242816154,'name':'ipse','wfs':[{'id':785395752,'morph':{'Casus':'DATIVE','Genus':'NEUTER','Numerus':'SINGULAR','Pos':'PRO','PronounType':'DEMONSTRATIVE'},'name':'ipsi'}]}],'name':'ipse@PRO'}]">ipsi</w><c> </c><w lemma="[{'id':5722946,'ls':[{'id':4981,'name':'impero','wfs':[{'id':5723296,'morph':{'ConjugationType':'FIRST_CONJUGATION','Mood':'INDICATIVE','Numerus':'SINGULAR','Person':'PERSON_3','Pos':'V','Tense':'PRESENT','VerbType':'TRANSITIVE','Voice':'ACTIVE'},'name':'imperat'}]}],'name':'impero@V'}]">imperat</w><c> </c><w lemma="[{'id':109828,'ls':[{'id':109829,'name':'et','wfs':[{'id':109830,'morph':{'Pos':'CON'},'name':'et'}]}],'name':'et@CON'}]">et</w><c> </c><w lemma="[{'id':7366338,'ls':[{'id':8289,'name':'servio','wfs':[{'id':7366824,'morph':{'ConjugationType':'FOURTH_CONJUGATION','Mood':'INFINITIVE','Pos':'V','Tense':'PRESENT','VerbType':'TRANSITIVE','Voice':'ACTIVE'},'name':'servire'}]}],'name':'servio@V'}]">servire</w><c> </c><w lemma="[{'id':4187754,'ls':[{'id':2007,'name':'cogo','wfs':[{'id':4188075,'morph':{'ConjugationType':'THIRD_CONJUGATION','Mood':'INDICATIVE','Numerus':'SINGULAR','Person':'PERSON_3','Pos':'V','Tense':'PRESENT','VerbType':'TRANSITIVE','Voice':'ACTIVE'},'name':'cogit'}]}],'name':'cogo@V'}]">cogit</w><c> </c><lb n="25" xml:id="bsb00000824_00276_25"></lb><w lemma="[{'id':2619009,'ls':[{'id':242241927,'name':'locuples','wfs':[{'id':242241980,'morph':{'Casus':'ACCUSATIVE','ComparisonDegree':'POSITIVE','DeclensionType':'THIRD_DECLENSION','Genus':'MASCULINE','Numerus':'PLURAL','Pos':'ADJ'},'name':'locupletes'}]}],'name':'locuples@ADJ'}]">locupletes</w><c> </c><w lemma="[{'id':1230053,'ls':[{'id':1230054,'name':'pauper','wfs':[{'id':1230058,'morph':{'Casus':'DATIVE','DeclensionType':'THIRD_DECLENSION','Genus':'MASCULINE','Numerus':'PLURAL','Pos':'NN'},'name':'pauperibus'}]}],'name':'pauper@NN'}]">pauperibus</w><c> </c><w lemma="[{'id':151640,'ls':[{'id':2582,'name':'constanter','wfs':[{'id':151643,'morph':{'ComparisonDegree':'POSITIVE','Pos':'ADV'},'name':'constanter'}]}],'name':'constanter@ADV'}]">constanter</w><c> </c><w lemma="[{'id':1667582,'ls':[{'id':1667583,'name':'armatus','wfs':[{'id':1667616,'morph':{'Casus':'DATIVE','ComparisonDegree':'POSITIVE','DeclensionType':'SECOND_DECLENSION','Genus':'MASCULINE','Numerus':'PLURAL','Pos':'ADJ'},'name':'armatis'}]}],'name':'armatus@ADJ'}]">armatis</w><c>.</c><c> </c></s><s><w lemma="[{'id':4573156,'ls':[{'id':2706,'name':'convenio','wfs':[{'id':4573875,'morph':{'ConjugationType':'FOURTH_CONJUGATION','Mood':'INDICATIVE','Numerus':'SINGULAR','Person':'PERSON_3','Pos':'V','Tense':'PRESENT','VerbType':'TRANSITIVE','Voice':'ACTIVE'},'name':'convenit'}]}],'name':'convenio@V'}]">convenit</w><c> </c><w lemma="[{'id':196539,'ls':[{'id':5546,'name':'itaque','wfs':[{'id':196541,'morph':{'Pos':'ADV'},'name':'itaque'}]}],'name':'itaque@ADV'}]">itaque</w><c> </c><w lemma="[{'id':242815996,'ls':[{'id':242815997,'name':'hic','wfs':[{'id':244509640,'morph':{'Casus':'ACCUSATIVE','Genus':'FEMININE','Numerus':'SINGULAR','Pos':'PRO','PronounType':'DEMONSTRATIVE'},'name':'hanc'}]}],'name':'hic@PRO'}]">hanc</w><c> </c><w lemma="[{'id':1368576,'ls':[{'id':8419,'name':'species','wfs':[{'id':243464005,'morph':{'Casus':'ACCUSATIVE','DeclensionType':'FIFTH_DECLENSION','Genus':'FEMININE','Numerus':'SINGULAR','Pos':'NN'},'name':'speciem'}]}],'name':'species@NN'}]">speciem</w><c> </c><w lemma="[{'id':2187147,'ls':[{'id':241916425,'name':'diligens','wfs':[{'id':243887933,'morph':{'Casus':'ABLATIVE','ComparisonDegree':'POSITIVE','DeclensionType':'THIRD_DECLENSION','Genus':'FEMININE','Numerus':'SINGULAR','Pos':'ADJ'},'name':'diligenti'}]}],'name':'diligens@ADJ'}]">diligenti</w><c> </c><lb n="26" xml:id="bsb00000824_00276_26"></lb><w lemma="[{'id':1091491,'ls':[{'id':5130,'name':'indagatio','wfs':[{'id':243367015,'morph':{'Casus':'ABLATIVE','DeclensionType':'THIRD_DECLENSION','Genus':'FEMININE','Numerus':'SINGULAR','Pos':'NN'},'name':'indagatione'}]}],'name':'indagatio@NN'}]">indagatione</w><c> </c><w lemma="[{'id':7255485,'ls':[{'id':7255486,'name':'rimo','wfs':[{'id':7255568,'morph':{'ConjugationType':'FIRST_CONJUGATION','Mood':'INFINITIVE','Pos':'V','Tense':'PRESENT','VerbType':'TRANSITIVE','Voice':'PASSIVE'},'name':'rimari'}]}],'name':'rimor@V'}]">rimari</w><c>,</c><c> </c><w lemma="[{'id':109610,'ls':[{'id':109611,'name':'per','wfs':[{'id':109612,'morph':{'Pos':'AP'},'name':'per'}]}],'name':'per@AP'}]">per</w><c> </c><w lemma="[{'id':242816363,'ls':[{'id':242816364,'name':'qui','wfs':[{'id':244510910,'morph':{'Casus':'ACCUSATIVE','Genus':'FEMININE','Numerus':'SINGULAR','Pos':'PRO','PronounType':'RELATIVE'},'name':'quam'}]}],'name':'qui@PRO'}]">quam</w><c> </c><w lemma="[{'id':109828,'ls':[{'id':109829,'name':'et','wfs':[{'id':109830,'morph':{'Pos':'CON'},'name':'et'}]}],'name':'et@CON'}]">et</w><c> </c><w lemma="[{'id':242816286,'ls':[{'id':242816287,'name':'nos','wfs':[{'id':594760049,'morph':{'Casus':'DATIVE','Genus':'MASCULINE','Numerus':'PLURAL','Pos':'PRO','PronounType':'PERSONAL'},'name':'nobis'}]}],'name':'nos@PRO'}]">nobis</w><c> </c><w lemma="[{'id':5589290,'ls':[{'id':4621,'name':'genero','wfs':[{'id':5589591,'morph':{'ConjugationType':'FIRST_CONJUGATION','Mood':'INDICATIVE','Numerus':'PLURAL','Person':'PERSON_3','Pos':'V','Tense':'PRESENT','VerbType':'TRANSITIVE','Voice':'PASSIVE'},'name':'generantur'}]}],'name':'genero@V'}]">generantur</w><c> </c><w lemma="[{'id':1146397,'ls':[{'id':5830,'name':'lucrum','wfs':[{'id':1146403,'morph':{'Casus':'NOMINATIVE','DeclensionType':'SECOND_DECLENSION','Genus':'NEUTER','Numerus':'PLURAL','Pos':'NN'},'name':'lucra'}]}],'name':'lucrum@NN'}]">lucra</w><c> </c><w lemma="[{'id':109828,'ls':[{'id':109829,'name':'et','wfs':[{'id':109830,'morph':{'Pos':'CON'},'name':'et'}]}],'name':'et@CON'}]">et</w><c> </c><w lemma="[{'id':1070191,'ls':[{'id':4886,'name':'hostis','wfs':[{'id':1070204,'morph':{'Casus':'DATIVE','DeclensionType':'THIRD_DECLENSION','Genus':'MASCULINE','Numerus':'PLURAL','Pos':'NN'},'name':'hostibus'}]}],'name':'hostis@NN'}]">hostibus</w><c> </c><w lemma="[{'id':6901697,'ls':[{'id':7428,'name':'procuro','wfs':[{'id':6901998,'morph':{'ConjugationType':'FIRST_CONJUGATION','Mood':'INDICATIVE','Numerus':'PLURAL','Person':'PERSON_3','Pos':'V','Tense':'PRESENT','VerbType':'TRANSITIVE','Voice':'PASSIVE'},'name':'procurantur'}]}],'name':'procuro@V'}]">procurantur</w><c> </c><w lemma="[{'id':1014810,'ls':[{'id':1014811,'name':'exitium','wfs':[{'id':243340935,'morph':{'Casus':'NOMINATIVE','DeclensionType':'SECOND_DECLENSION','Genus':'NEUTER','Numerus':'PLURAL','Pos':'NN'},'name':'exitia'}]}],'name':'exitium@NN'}]">exitia</w><c>.</c><c> </c><lb n="27" xml:id="bsb00000824_00276_27"></lb></s><s><w lemma="[{'id':7617143,'ls':[{'id':7617144,'name':'sum','wfs':[{'id':244519819,'morph':{'Mood':'IMPERATIVE','Numerus':'SINGULAR','Person':'PERSON_2','Pos':'V','Tense':'FUTURE','VerbType':'VERBA_ANOMALA','Voice':'ACTIVE'},'name':'esto'}]}],'name':'sum@V'}]">esto</w><c> </c><w lemma="[{'id':171912,'ls':[{'id':171913,'name':'ergo','wfs':[{'id':171914,'morph':{'ComparisonDegree':'POSITIVE','Pos':'ADV'},'name':'ergo'}]}],'name':'ergo@ADV'}]">ergo</w><c> </c><w lemma="[{'id':109545,'ls':[{'id':109546,'name':'de','wfs':[{'id':109547,'morph':{'Pos':'AP'},'name':'de'}]}],'name':'de@AP'}]">de</w><c> </c><w lemma="[{'id':241678684,'ls':[{'id':241678685,'name':'antefatus','wfs':[{'id':785534772,'morph':{'Casus':'ABLATIVE','ComparisonDegree':'POSITIVE','DeclensionType':'FIRST_DECLENSION','Genus':'FEMININE','Numerus':'SINGULAR','Pos':'ADJ'},'name':'antefata'}]}],'name':'antefatus@ADJ'}]">antefata</w><c> </c><w lemma="[{'id':971611,'ls':[{'id':971612,'name':'discussio','wfs':[{'id':241427259,'morph':{'Casus':'ABLATIVE','DeclensionType':'THIRD_DECLENSION','Genus':'FEMININE','Numerus':'SINGULAR','Pos':'NN'},'name':'discussione'}]}],'name':'discussio@NN'}]">discussione</w><c> </c><w lemma="[{'id':3063897,'ls':[{'id':8375,'name':'sollicitus','wfs':[{'id':3063994,'morph':{'Casus':'NOMINATIVE','ComparisonDegree':'POSITIVE','DeclensionType':'SECOND_DECLENSION','Genus':'MASCULINE','Numerus':'SINGULAR','Pos':'ADJ'},'name':'sollicitus'}]}],'name':'sollicitus@ADJ'}]">sollicitus</w><c> </c><w lemma="[{'id':109828,'ls':[{'id':109829,'name':'et','wfs':[{'id':109830,'morph':{'Pos':'CON'},'name':'et'}]}],'name':'et@CON'}]">et</w><c> </c><w lemma="[{'id':109577,'ls':[{'id':109578,'name':'in','wfs':[{'id':109579,'morph':{'Pos':'AP'},'name':'in'}]}],'name':'in@AP'}]">in</w><c> </c><w lemma="[{'id':2914003,'ls':[{'id':7599,'name':'publicus','wfs':[{'id':2914010,'morph':{'Casus':'ABLATIVE','ComparisonDegree':'POSITIVE','DeclensionType':'FIRST_DECLENSION','Genus':'FEMININE','Numerus':'PLURAL','Pos':'ADJ'},'name':'publicis'}]}],'name':'publicus@ADJ'}]">publicis</w><c> </c><w lemma="[{'id':1443775,'ls':[{'id':9082,'name':'utilitas','wfs':[{'id':1443777,'morph':{'Casus':'ABLATIVE','DeclensionType':'THIRD_DECLENSION','Genus':'FEMININE','Numerus':'PLURAL','Pos':'NN'},'name':'utilitatibus'}]}],'name':'utilitas@NN'}]">utilitatibus</w><c> </c><w lemma="[{'id':3180073,'ls':[{'id':8765,'name':'temperatus','wfs':[{'id':3180170,'morph':{'Casus':'NOMINATIVE','ComparisonDegree':'POSITIVE','DeclensionType':'SECOND_DECLENSION','Genus':'MASCULINE','Numerus':'SINGULAR','Pos':'ADJ'},'name':'temperatus'}]}],'name':'temperatus@ADJ'}]">temperatus</w><c>,</c><c> </c><w lemma="[{'id':110061,'ls':[{'id':110062,'name':'ut','wfs':[{'id':110063,'morph':{'Pos':'CON'},'name':'ut'}]}],'name':'ut@CON'}]">ut</w><c> </c><lb n="28" xml:id="bsb00000824_00276_28"></lb><w lemma="[{'id':244510439,'ls':[{'id':244510440,'name':'noster','wfs':[{'id':244510482,'morph':{'Casus':'NOMINATIVE','DeclensionType':'SECOND_DECLENSION','Genus':'NEUTER','Numerus':'SINGULAR','Pos':'PRO','PronounType':'POSSESSIVE'},'name':'nostrum'}]}],'name':'noster@PRO'}]">nostrum</w><c> </c><w lemma="[{'id':2948566,'ls':[{'id':7739,'name':'rationabilis','wfs':[{'id':244251093,'morph':{'Casus':'NOMINATIVE','ComparisonDegree':'POSITIVE','DeclensionType':'THIRD_DECLENSION','Genus':'NEUTER','Numerus':'SINGULAR','Pos':'ADJ'},'name':'rationabile'}]}],'name':'rationabilis@ADJ'}]">rationabile</w><c> </c><w lemma="[{'id':883680,'ls':[{'id':2212,'name':'compendium','wfs':[{'id':241417506,'morph':{'Casus':'NOMINATIVE','DeclensionType':'SECOND_DECLENSION','Genus':'NEUTER','Numerus':'SINGULAR','Pos':'NN'},'name':'compendium'}]}],'name':'compendium@NN'}]">compendium</w><c> </c><w lemma="[{'id':4641727,'ls':[{'id':2862,'name':'cresco','wfs':[{'id':496863308,'morph':{'Casus':'GENITIVE','DeclensionType':'SECOND_DECLENSION','Genus':'NEUTER','Mood':'GERUND','Numerus':'SINGULAR','Pos':'V'},'name':'crescendi'}]}],'name':'cresco@V'}]">crescendi</w><c> </c><w lemma="[{'id':242816823,'ls':[{'id':242816824,'name':'tu','wfs':[{'id':242816828,'morph':{'Casus':'DATIVE','Genus':'MASCULINE','Numerus':'SINGULAR','Pos':'PRO','PronounType':'PERSONAL'},'name':'tibi'}]}],'name':'tu@PRO'}]">tibi</w><c> </c><w lemma="[{'id':6901697,'ls':[{'id':7428,'name':'procuro','wfs':[{'id':6901778,'morph':{'ConjugationType':'FIRST_CONJUGATION','Mood':'INFINITIVE','Pos':'V','Tense':'PRESENT','VerbType':'TRANSITIVE','Voice':'ACTIVE'},'name':'procurare'}]}],'name':'procuro@V'}]">procurare</w><c> </c><w lemma="[{'id':6741602,'ls':[{'id':7228,'name':'possum','wfs':[{'id':244516516,'morph':{'Mood':'SUBJUNCTIVE','Numerus':'SINGULAR','Person':'PERSON_3','Pos':'V','Tense':'PRESENT','VerbType':'VERBA_ANOMALA','Voice':'ACTIVE'},'name':'possit'}]}],'name':'possum@V'}]">possit</w><c> </c><w lemma="[{'id':798138,'ls':[{'id':1206,'name':'augmentum','wfs':[{'id':798151,'morph':{'Casus':'NOMINATIVE','DeclensionType':'SECOND_DECLENSION','Genus':'NEUTER','Numerus':'SINGULAR','Pos':'NN'},'name':'augmentum'}]}],'name':'augmentum@NN'}]">augmentum</w><c>.</c></s></p></div></body></text></TEI>