<?xml version="1.0" ?><TEI xmlns="http://www.tei-c.org/ns/1.0"><teiHeader><fileDesc><titleStmt><title>MGH Auct. ant. 12: Cassiodori Senatoris Variae</title><editor>Mommsen, Theodor</editor></titleStmt><publicationStmt><publisher>Monumenta Germaniae Historica (MGH)</publisher><publisher>Bavarian State Library (BSB), München</publisher><idno type="BSB">bsb00000824</idno><idno type="MGH"><idno type="Annotation_created_by">sysop</idno><idno type="Annotation_created_on">Wed Oct 18 18:56:42 CEST 2017</idno><idno type="Annotation_last_changed_by">geelhaar</idno><idno type="Annotation_last_changed_on">Thu Aug 20 10:43:40 CEST 2020</idno><idno type="Author_(German)">Cassiodor (Flavius Magnus Aurelius Cassiodorus Senator)</idno><idno type="Author_(Latin)">Cassiodorus Vivariensis</idno><idno type="BSB">bsb00000824</idno><idno type="Bibliographical_Link">http://stabikat.de/DB=1/XMLPRS=N/PPN?PPN=235118842</idno><idno type="C_Stat">06</idno><idno type="C1">06</idno><idno type="C2">05</idno><idno type="Column">079</idno><idno type="Commentary">dated according to Stefan Krautschick, Cassiodor und die Politik seiner Zeit. Bonn 1983, 75.  (TG)</idno><idno type="Concordance_View">true</idno><idno type="Digital_Edition_Statement">Text retrieved from the critical edition and prepared by the BMBF funded project "Humanist Computer Interaction under Scrutiny"(https://humanist.hs-mainz.de/en/). The Latin Text Archive (LTA) version has been created at Goethe University Frankfurt by the CompHistSem-Work Group (hudesktop.hucompute.org).</idno><idno type="Edition">MGH Auctores antiquissimi 12</idno><idno type="LTA_Export">true</idno><idno type="Licence_Info">CC BY 4.0</idno><idno type="Multiple_Lemmata_under_a_unique_Super_lemma">0.00%</idno><idno type="Multiple_Super_lemmata">0.00%</idno><idno type="Multiple_Wordforms_under_a_unique_Lemma">0.00%</idno><idno type="Multiple_Wordforms._Tagger_based_result._Multiple_Lemmata_possible">0.00%</idno><idno type="Multiple_Wordforms._Tagger_based_result._Multiple_Super_Lemmata_possible">0.00%</idno><idno type="Not_yet_linked_or_unknown_Wordform">0.00%</idno><idno type="Page">079</idno><idno type="Provided_by">Monumenta Germaniae Historica</idno><idno type="RepFontMA">not available</idno><idno type="Status">c</idno><idno type="Text_Type">Letter</idno><idno type="Text_Type_Class">Letters</idno><idno type="Time">506/507</idno><idno type="Title">Variae 03.02 - Gundibado regi Burgundionum Theodericus rex</idno><idno type="Type_of_Corpus">Corpus of Letters</idno><idno type="URL">http://www.mgh.de/dmgh/resolving/MGH_Auct._ant._12_S._79</idno><idno type="Unique_Wordform">100,00%</idno><idno type="Unique_Wordform._Tagger_based_result._Multiple_Lemmata_possible">0.00%</idno><idno type="Unique_Wordform._Tagger_based_result._Multiple_Super_lemmata_possible">0.00%</idno><idno type="VIAF_(Expression)">182693798</idno><idno type="VIAF_(Expression)_Link">http://viaf.org/viaf/182693798</idno><idno type="VIAF_(Person)">95230707</idno><idno type="VIAF_(Person)_Link">http://viaf.org/viaf/95230707</idno><idno type="Volume">Auct. ant. 12</idno><idno type="Year_of_Publication_(interpreted)">0507</idno>MGH Auct. ant. 12</idno><availability><licence target="http://creativecommons.org/licenses/by/4.0/"><p>Distributed under the Creative Commons Attribution 4.0 International (CC BY 4.0) license.</p><p>This license covers the annotations added by the Monumenta Germaniae Historica and the
            Bavarian State Library, Munich, in the course of project "digital MGH"
            <ref target="http://www.dmgh.de">http://www.dmgh.de</ref>, funded by the
            German Research Foundation (DFG).</p><p>We do not claim any rights on the text itself which is believed to be in the public domain.</p><p>If you distribute a copy or a derivative version of this file, please indicate the source
            of the file by mentioning the Monumenta Germaniae Historica (MGH) and the
            Bavarian State Library, Munich (BSB).</p></licence></availability><date when="2016-11-28T16:32:43+01:00">2016-11-28, 16:32:43</date></publicationStmt><sourceDesc><biblFull><titleStmt><title>Cassiodori Senatoris Variae</title><editor>Mommsen, Theodor</editor></titleStmt><publicationStmt><publisher>Weidmann</publisher><pubPlace>Berlin</pubPlace><date>1894</date></publicationStmt><seriesStmt><title>Auctores antiquissimi</title><biblScope unit="volume">12</biblScope></seriesStmt></biblFull></sourceDesc></fileDesc><revisionDesc><change when="11-05-2018 09:15" who="vzernovnikov"></change></revisionDesc></teiHeader><text><body><div><pb n="79" xml:id="bsb00000824_00263"></pb><lb n="1" xml:id="bsb00000824_00263_1"></lb><head n="3"><s><w lemma="[{'id':241346594,'ls':[{'id':241346595,'name':'NUMERAL','wfs':[{'id':533291562,'morph':{'Pos':'NUM'},'name':'ii'}]}],'name':'NUMERAL@NUM'}]">II</w><c>.</c><c> </c><lb n="2" xml:id="bsb00000824_00263_2"></lb><w lemma="[{'id':442456,'ls':[{'id':779515442,'name':'Gundibadus','wfs':[{'id':779515446,'morph':{'Casus':'DATIVE','DeclensionType':'SECOND_DECLENSION','Genus':'MASCULINE','Numerus':'SINGULAR','Pos':'NP'},'name':'Gundibado'}]}],'name':'Gundobadus@NP'}]">GUNDIBADO</w><c> </c><w lemma="[{'id':1329481,'ls':[{'id':7965,'name':'rex','wfs':[{'id':236891161,'morph':{'Casus':'DATIVE','DeclensionType':'THIRD_DECLENSION','Genus':'MASCULINE','Numerus':'SINGULAR','Pos':'NN'},'name':'regi'}]}],'name':'rex@NN'}]">REGI</w><c> </c><w lemma="[{'id':338893,'ls':[{'id':338894,'name':'Burgundiones','wfs':[{'id':594156674,'morph':{'Casus':'GENITIVE','DeclensionType':'THIRD_DECLENSION','Genus':'MASCULINE','Numerus':'PLURAL','Pos':'NE'},'name':'Burgundionum'}]}],'name':'Burgundiones@NE'}]">BURGUNDIONUM</w><c> </c><w lemma="[{'id':624521,'ls':[{'id':624522,'name':'Theodericus','wfs':[{'id':243244190,'morph':{'Casus':'NOMINATIVE','DeclensionType':'SECOND_DECLENSION','Genus':'MASCULINE','Numerus':'SINGULAR','Pos':'NP'},'name':'Theodericus'}]}],'name':'Theodericus@NP'}]">THEODERICUS</w><c> </c><w lemma="[{'id':1329481,'ls':[{'id':7965,'name':'rex','wfs':[{'id':1329499,'morph':{'Casus':'NOMINATIVE','DeclensionType':'THIRD_DECLENSION','Genus':'MASCULINE','Numerus':'SINGULAR','Pos':'NN'},'name':'rex'}]}],'name':'rex@NN'}]">REX</w><c>.</c></s></head><note><s><hi rend="ITALICS"><w lemma="[{'id':759853,'ls':[{'id':807,'name':'annus','wfs':[{'id':382849904,'morph':{'Casus':'ABLATIVE','DeclensionType':'SECOND_DECLENSION','Genus':'MASCULINE','Numerus':'SINGULAR','Pos':'NN'},'name':'a'}]}],'name':'annus@NN'}]">a</w><c>.</c><c> </c><w lemma="[{'id':241346594,'ls':[{'id':241346595,'name':'NUMERAL','wfs':[{'id':241346596,'morph':{'Pos':'NUM'},'name':'NUMERAL'}]}],'name':'NUMERAL@NUM'}]">507</w></hi></s></note><lb n="3" xml:id="bsb00000824_00263_3"></lb><p><s><w lemma="[{'id':2374812,'ls':[{'id':4723,'name':'gravis','wfs':[{'id':2375095,'morph':{'Casus':'NOMINATIVE','ComparisonDegree':'POSITIVE','DeclensionType':'THIRD_DECLENSION','Genus':'NEUTER','Numerus':'SINGULAR','Pos':'ADJ'},'name':'grave'}]}],'name':'gravis@ADJ'}]">Grave</w><c> </c><w lemma="[{'id':1154228,'ls':[{'id':5923,'name':'malum','wfs':[{'id':1154241,'morph':{'Casus':'NOMINATIVE','DeclensionType':'SECOND_DECLENSION','Genus':'NEUTER','Numerus':'SINGULAR','Pos':'NN'},'name':'malum'}]}],'name':'malum@NN'}]">malum</w><c> </c><w lemma="[{'id':7617143,'ls':[{'id':7617144,'name':'sum','wfs':[{'id':242825881,'morph':{'Mood':'INDICATIVE','Numerus':'SINGULAR','Person':'PERSON_3','Pos':'V','Tense':'PRESENT','VerbType':'VERBA_ANOMALA','Voice':'ACTIVE'},'name':'est'}]}],'name':'sum@V'}]">est</w><c> </c><w lemma="[{'id':109587,'ls':[{'id':109588,'name':'inter','wfs':[{'id':109589,'morph':{'Pos':'AP'},'name':'inter'}]}],'name':'inter@AP'}]">inter</w><c> </c><w lemma="[{'id':1813598,'ls':[{'id':1605,'name':'carus','wfs':[{'id':1813601,'morph':{'Casus':'ACCUSATIVE','ComparisonDegree':'POSITIVE','DeclensionType':'FIRST_DECLENSION','Genus':'FEMININE','Numerus':'PLURAL','Pos':'ADJ'},'name':'caras'}]}],'name':'carus@ADJ'}]">caras</w><c> </c><w lemma="[{'id':2964815,'ls':[{'id':2964816,'name':'regius','wfs':[{'id':501687604,'morph':{'Casus':'ACCUSATIVE','ComparisonDegree':'POSITIVE','DeclensionType':'FIRST_DECLENSION','Genus':'FEMININE','Numerus':'PLURAL','Pos':'ADJ'},'name':'regiasque'}]}],'name':'regius@ADJ'}]">regiasque</w><c> </c><w lemma="[{'id':1245784,'ls':[{'id':7011,'name':'persona','wfs':[{'id':1245785,'morph':{'Casus':'ACCUSATIVE','DeclensionType':'FIRST_DECLENSION','Genus':'FEMININE','Numerus':'PLURAL','Pos':'NN'},'name':'personas'}]}],'name':'persona@NN'}]">personas</w><c> </c><w lemma="[{'id':1472625,'ls':[{'id':9334,'name':'voluntas','wfs':[{'id':1472640,'morph':{'Casus':'ACCUSATIVE','DeclensionType':'THIRD_DECLENSION','Genus':'FEMININE','Numerus':'PLURAL','Pos':'NN'},'name':'voluntates'}]}],'name':'voluntas@NN'}]">voluntates</w><c> </c><w lemma="[{'id':242816760,'ls':[{'id':242816761,'name':'semet','wfs':[{'id':242816764,'morph':{'Casus':'DATIVE','Pos':'PRO'},'name':'sibimet'}]}],'name':'semet@PRO'}]">sibimet</w><c> </c><w lemma="[{'id':8004098,'ls':[{'id':9253,'name':'video','wfs':[{'id':8004579,'morph':{'ConjugationType':'SECOND_CONJUGATION','Mood':'INFINITIVE','Pos':'V','Tense':'PRESENT','VerbType':'TRANSITIVE','Voice':'ACTIVE'},'name':'videre'}]}],'name':'video@V'}]">videre</w><c> </c><lb n="4" xml:id="bsb00000824_00263_4"></lb><w lemma="[{'id':2029015,'ls':[{'id':2664,'name':'contrarius','wfs':[{'id':2029018,'morph':{'Casus':'ACCUSATIVE','ComparisonDegree':'POSITIVE','DeclensionType':'FIRST_DECLENSION','Genus':'FEMININE','Numerus':'PLURAL','Pos':'ADJ'},'name':'contrarias'}]}],'name':'contrarius@ADJ'}]">contrarias</w><c> </c><w lemma="[{'id':109828,'ls':[{'id':109829,'name':'et','wfs':[{'id':109830,'morph':{'Pos':'CON'},'name':'et'}]}],'name':'et@CON'}]">et</w><c> </c><w lemma="[{'id':5071725,'ls':[{'id':3625,'name':'dissimulo','wfs':[{'id':497406907,'morph':{'Casus':'ABLATIVE','DeclensionType':'SECOND_DECLENSION','Genus':'NEUTER','Mood':'GERUND','Numerus':'SINGULAR','Pos':'V'},'name':'dissimulando'}]}],'name':'dissimulo@V'}]">dissimulando</w><c> </c><w lemma="[{'id':7402576,'ls':[{'id':8423,'name':'specto','wfs':[{'id':7402657,'morph':{'ConjugationType':'FIRST_CONJUGATION','Mood':'INFINITIVE','Pos':'V','Tense':'PRESENT','VerbType':'TRANSITIVE','Voice':'ACTIVE'},'name':'spectare'}]}],'name':'specto@V'}]">spectare</w><c>,</c><c> </c><w lemma="[{'id':110061,'ls':[{'id':110062,'name':'ut','wfs':[{'id':110063,'morph':{'Pos':'CON'},'name':'ut'}]}],'name':'ut@CON'}]">ut</w><c> </c><w lemma="[{'id':109545,'ls':[{'id':109546,'name':'de','wfs':[{'id':109547,'morph':{'Pos':'AP'},'name':'de'}]}],'name':'de@AP'}]">de</w><c> </c><w lemma="[{'id':256816,'ls':[{'id':256817,'name':'unus','wfs':[{'id':256848,'morph':{'Casus':'ABLATIVE','DeclensionType':'SECOND_DECLENSION','Genus':'MASCULINE','Numerus':'SINGULAR','Pos':'NUM'},'name':'uno'}]}],'name':'unus@NUM'}]">uno</w><c> </c><w lemma="[{'id':242815921,'ls':[{'id':242815922,'name':'aliquis','wfs':[{'id':244509332,'morph':{'Casus':'NOMINATIVE','Genus':'NEUTER','Numerus':'SINGULAR','Pos':'PRO','PronounType':'INDEFINITE'},'name':'aliquid'}]}],'name':'aliquis@PRO'}]">aliquid</w><c> </c><w lemma="[{'id':5111199,'ls':[{'id':3689,'name':'doleo','wfs':[{'id':497400301,'morph':{'Casus':'NOMINATIVE','ComparisonDegree':'POSITIVE','DeclensionType':'SECOND_DECLENSION','Genus':'NEUTER','Mood':'GERUNDIVE','Numerus':'SINGULAR','Pos':'V'},'name':'dolendum'}]}],'name':'doleo@V'}]">dolendum</w><c> </c><w lemma="[{'id':6741602,'ls':[{'id':7228,'name':'possum','wfs':[{'id':244516516,'morph':{'Mood':'SUBJUNCTIVE','Numerus':'SINGULAR','Person':'PERSON_3','Pos':'V','Tense':'PRESENT','VerbType':'VERBA_ANOMALA','Voice':'ACTIVE'},'name':'possit'}]}],'name':'possum@V'}]">possit</w><c> </c><w lemma="[{'id':5212671,'ls':[{'id':3857,'name':'emergo','wfs':[{'id':5212752,'morph':{'ConjugationType':'THIRD_CONJUGATION','Mood':'INFINITIVE','Pos':'V','Tense':'PRESENT','VerbType':'TRANSITIVE','Voice':'ACTIVE'},'name':'emergere'}]}],'name':'emergo@V'}]">emergere</w><c>.</c><c> </c></s><s><w lemma="[{'id':206035,'ls':[{'id':6416,'name':'non','wfs':[{'id':241322627,'morph':{'Pos':'ADV'},'name':'non'}]}],'name':'non@ADV'}]">non</w><c> </c><lb n="5" xml:id="bsb00000824_00263_5"></lb><w lemma="[{'id':109658,'ls':[{'id':109659,'name':'sine','wfs':[{'id':109660,'morph':{'Pos':'AP'},'name':'sine'}]}],'name':'sine@AP'}]">sine</w><c> </c><w lemma="[{'id':1113976,'ls':[{'id':5501,'name':'invidia','wfs':[{'id':1114003,'morph':{'Casus':'ABLATIVE','DeclensionType':'FIRST_DECLENSION','Genus':'FEMININE','Numerus':'SINGULAR','Pos':'NN'},'name':'invidia'}]}],'name':'invidia@NN'}]">invidia</w><c> </c><w lemma="[{'id':244510439,'ls':[{'id':244510440,'name':'noster','wfs':[{'id':6614821,'morph':{'Casus':'ABLATIVE','DeclensionType':'FIRST_DECLENSION','Genus':'FEMININE','Numerus':'SINGULAR','Pos':'PRO','PronounType':'POSSESSIVE'},'name':'nostra'}]}],'name':'noster@PRO'}]">nostra</w><c> </c><w lemma="[{'id':5592400,'ls':[{'id':4645,'name':'gero','wfs':[{'id':5592722,'morph':{'ConjugationType':'THIRD_CONJUGATION','Mood':'INDICATIVE','Numerus':'SINGULAR','Person':'PERSON_3','Pos':'V','Tense':'PRESENT','VerbType':'TRANSITIVE','Voice':'PASSIVE'},'name':'geritur'}]}],'name':'gero@V'}]">geritur</w><c>,</c><c> </c><w lemma="[{'id':110020,'ls':[{'id':110021,'name':'si','wfs':[{'id':110022,'morph':{'Pos':'CON'},'name':'si'}]}],'name':'si@CON'}]">si</w><c> </c><w lemma="[{'id':242816286,'ls':[{'id':242816287,'name':'nos','wfs':[{'id':555363025,'morph':{'Casus':'ABLATIVE','Genus':'MASCULINE','Numerus':'PLURAL','Pos':'PRO','PronounType':'PERSONAL'},'name':'nobis'}]}],'name':'nos@PRO'}]">nobis</w><c> </c><w lemma="[{'id':6534354,'ls':[{'id':6845,'name':'patior','wfs':[{'id':6534760,'morph':{'Casus':'ABLATIVE','ConjugationType':'THIRD_CONJUGATION','Genus':'MASCULINE','Mood':'PARTICIPLE','Numerus':'PLURAL','Pos':'V','Tense':'PRESENT','VerbType':'DEPONENT','Voice':'ACTIVE'},'name':'patientibus'}]}],'name':'patior@V'}]">patientibus</w><c> </c><w lemma="[{'id':733314,'ls':[{'id':733360,'name':'affinis','wfs':[{'id':779276113,'morph':{'Casus':'GENITIVE','DeclensionType':'THIRD_DECLENSION','Genus':'MASCULINE','Numerus':'PLURAL','Pos':'NN'},'name':'affinium'}]}],'name':'affinis@NN'}]">affinium</w><c> </c><w lemma="[{'id':862072,'ls':[{'id':1923,'name':'clades','wfs':[{'id':243284743,'morph':{'Casus':'ABLATIVE','DeclensionType':'THIRD_DECLENSION','Genus':'FEMININE','Numerus':'SINGULAR','Pos':'NN'},'name':'clade'}]}],'name':'clades@NN'}]">clade</w><c> </c><w lemma="[{'id':5001985,'ls':[{'id':3550,'name':'dimico','wfs':[{'id':412316,'morph':{'ConjugationType':'FIRST_CONJUGATION','Mood':'SUBJUNCTIVE','Numerus':'SINGULAR','Person':'PERSON_3','Pos':'V','Tense':'PRESENT','VerbType':'INTRANSITIVE','Voice':'PASSIVE'},'name':'dimicetur'}]}],'name':'dimico@V'}]">dimicetur</w><c>.</c><c> </c></s><s><w lemma="[{'id':5618354,'ls':[{'id':4757,'name':'habeo','wfs':[{'id':5618558,'morph':{'ConjugationType':'SECOND_CONJUGATION','Mood':'INDICATIVE','Numerus':'PLURAL','Person':'PERSON_2','Pos':'V','Tense':'PRESENT','VerbType':'TRANSITIVE','Voice':'ACTIVE'},'name':'habetis'}]}],'name':'habeo@V'}]">habetis</w><c> </c><lb n="6" xml:id="bsb00000824_00263_6"></lb><w lemma="[{'id':2744416,'ls':[{'id':6625,'name':'omnis','wfs':[{'id':2744431,'morph':{'Casus':'NOMINATIVE','ComparisonDegree':'POSITIVE','DeclensionType':'THIRD_DECLENSION','Genus':'MASCULINE','Numerus':'PLURAL','Pos':'ADJ'},'name':'omnes'}]}],'name':'omnis@ADJ'}]">omnes</w><c> </c><w lemma="[{'id':109610,'ls':[{'id':109611,'name':'per','wfs':[{'id':109612,'morph':{'Pos':'AP'},'name':'per'}]}],'name':'per@AP'}]">per</w><c> </c><w lemma="[{'id':242815965,'ls':[{'id':242815966,'name':'ego','wfs':[{'id':594806569,'morph':{'Casus':'ACCUSATIVE','Genus':'MASCULINE','Numerus':'SINGULAR','Pos':'PRO','PronounType':'REFLEXIVE'},'name':'me'}]}],'name':'ego@PRO'}]">me</w><c> </c><w lemma="[{'id':1254164,'ls':[{'id':7095,'name':'pignus','wfs':[{'id':1254165,'morph':{'Casus':'ACCUSATIVE','DeclensionType':'THIRD_DECLENSION','Genus':'NEUTER','Numerus':'PLURAL','Pos':'NN'},'name':'pignora'}]}],'name':'pignus@NN'}]">pignora</w><c> </c><w lemma="[{'id':2637442,'ls':[{'id':5911,'name':'magnus','wfs':[{'id':2637527,'morph':{'Casus':'GENITIVE','ComparisonDegree':'POSITIVE','DeclensionType':'FIRST_DECLENSION','Genus':'FEMININE','Numerus':'SINGULAR','Pos':'ADJ'},'name':'magnae'}]}],'name':'magnus@ADJ'}]">magnae</w><c> </c><w lemma="[{'id':1056993,'ls':[{'id':4717,'name':'gratia','wfs':[{'id':1057005,'morph':{'Casus':'GENITIVE','DeclensionType':'FIRST_DECLENSION','Genus':'FEMININE','Numerus':'SINGULAR','Pos':'NN'},'name':'gratiae'}]}],'name':'gratia@NN'}]">gratiae</w><c>:</c><c> </c><w lemma="[{'id':206035,'ls':[{'id':6416,'name':'non','wfs':[{'id':241322627,'morph':{'Pos':'ADV'},'name':'non'}]}],'name':'non@ADV'}]">non</w><c> </c><w lemma="[{'id':7617143,'ls':[{'id':7617144,'name':'sum','wfs':[{'id':242825881,'morph':{'Mood':'INDICATIVE','Numerus':'SINGULAR','Person':'PERSON_3','Pos':'V','Tense':'PRESENT','VerbType':'VERBA_ANOMALA','Voice':'ACTIVE'},'name':'est'}]}],'name':'sum@V'}]">est</w><c> </c><w lemma="[{'id':3241748,'ls':[{'id':3241749,'name':'unus','wfs':[{'id':3241841,'morph':{'Casus':'NOMINATIVE','ComparisonDegree':'POSITIVE','DeclensionType':'SECOND_DECLENSION','Genus':'MASCULINE','Numerus':'SINGULAR','Pos':'ADJ'},'name':'unus'}]}],'name':'unus@ADJ'}]">unus</w><c> </c><w lemma="[{'id':109436,'ls':[{'id':109437,'name':'ab','wfs':[{'id':109438,'morph':{'Pos':'AP'},'name':'ab'}]}],'name':'ab@AP'}]">ab</w><c> </c><w lemma="[{'id':242815932,'ls':[{'id':242815933,'name':'alius','wfs':[{'id':241038647,'morph':{'Casus':'ABLATIVE','DeclensionType':'SECOND_DECLENSION','Genus':'MASCULINE','Numerus':'SINGULAR','Pos':'PRO','PronounType':'INDEFINITE'},'name':'alio'}]}],'name':'alius@PRO'}]">alio</w><c> </c><w lemma="[{'id':7342413,'ls':[{'id':7342414,'name':'segrego','wfs':[{'id':7342773,'morph':{'ConjugationType':'FIRST_CONJUGATION','Genus':'MASCULINE','Mood':'INDICATIVE','Numerus':'SINGULAR','Person':'PERSON_3','Pos':'V','Tense':'PERFECT','VerbType':'TRANSITIVE','Voice':'PASSIVE'},'name':'segregatus'}]}],'name':'segrego@V'}]">segregatus</w><c>:</c><c> </c><w lemma="[{'id':110020,'ls':[{'id':110021,'name':'si','wfs':[{'id':110022,'morph':{'Pos':'CON'},'name':'si'}]}],'name':'si@CON'}]">si</w><c> </c><w lemma="[{'id':242815921,'ls':[{'id':242815922,'name':'aliquis','wfs':[{'id':416008042,'morph':{'Casus':'ACCUSATIVE','Genus':'NEUTER','Numerus':'SINGULAR','Pos':'PRO','PronounType':'INDEFINITE'},'name':'quid'}]}],'name':'aliquis@PRO'}]">quid</w><c> </c><w lemma="[{'id':109577,'ls':[{'id':109578,'name':'in','wfs':[{'id':109579,'morph':{'Pos':'AP'},'name':'in'}]}],'name':'in@AP'}]">in</w><c> </c><lb n="7" xml:id="bsb00000824_00263_7"></lb><w lemma="[{'id':242816974,'ls':[{'id':242816975,'name':'vos','wfs':[{'id':315043,'morph':{'Casus':'ABLATIVE','Numerus':'PLURAL','Pos':'PRO','PronounType':'PERSONAL'},'name':'vobis'}]}],'name':'vos@PRO'}]">vobis</w><c> </c><w lemma="[{'id':4803156,'ls':[{'id':3199,'name':'delinquo','wfs':[{'id':4803789,'morph':{'ConjugationType':'THIRD_CONJUGATION','Mood':'INDICATIVE','Numerus':'PLURAL','Person':'PERSON_2','Pos':'V','Tense':'PRESENT','VerbType':'TRANSITIVE','Voice':'ACTIVE'},'name':'delinquitis'}]}],'name':'delinquo@V'}]">delinquitis</w><c>,</c><c> </c><w lemma="[{'id':244510189,'ls':[{'id':244510190,'name':'meus','wfs':[{'id':255613508,'morph':{'Casus':'ABLATIVE','Genus':'MASCULINE','Numerus':'SINGULAR','Pos':'PRO','PronounType':'POSSESSIVE'},'name':'meo'}]}],'name':'meus@PRO'}]">meo</w><c> </c><w lemma="[{'id':181531,'ls':[{'id':4729,'name':'graviter','wfs':[{'id':181538,'morph':{'ComparisonDegree':'POSITIVE','Pos':'ADV'},'name':'graviter'}]}],'name':'graviter@ADV'}]">graviter</w><c> </c><w lemma="[{'id':979458,'ls':[{'id':3691,'name':'dolor','wfs':[{'id':243327805,'morph':{'Casus':'ABLATIVE','DeclensionType':'THIRD_DECLENSION','Genus':'MASCULINE','Numerus':'SINGULAR','Pos':'NN'},'name':'dolore'}]}],'name':'dolor@NN'}]">dolore</w><c> </c><w lemma="[{'id':6543567,'ls':[{'id':6872,'name':'pecco','wfs':[{'id':6543662,'morph':{'ConjugationType':'FIRST_CONJUGATION','Mood':'INDICATIVE','Numerus':'PLURAL','Person':'PERSON_2','Pos':'V','Tense':'PRESENT','VerbType':'INTRANSITIVE','Voice':'ACTIVE'},'name':'peccatis'}]}],'name':'pecco@V'}]">peccatis</w><c>.</c><c> </c></s><s><w lemma="[{'id':244510439,'ls':[{'id':244510440,'name':'noster','wfs':[{'id':244510482,'morph':{'Casus':'NOMINATIVE','DeclensionType':'SECOND_DECLENSION','Genus':'NEUTER','Numerus':'SINGULAR','Pos':'PRO','PronounType':'POSSESSIVE'},'name':'nostrum'}]}],'name':'noster@PRO'}]">Nostrum</w><c> </c><w lemma="[{'id':7617143,'ls':[{'id':7617144,'name':'sum','wfs':[{'id':242825881,'morph':{'Mood':'INDICATIVE','Numerus':'SINGULAR','Person':'PERSON_3','Pos':'V','Tense':'PRESENT','VerbType':'VERBA_ANOMALA','Voice':'ACTIVE'},'name':'est'}]}],'name':'sum@V'}]">est</w><c> </c><w lemma="[{'id':2964815,'ls':[{'id':2964816,'name':'regius','wfs':[{'id':2964836,'morph':{'Casus':'ACCUSATIVE','ComparisonDegree':'POSITIVE','DeclensionType':'SECOND_DECLENSION','Genus':'MASCULINE','Numerus':'PLURAL','Pos':'ADJ'},'name':'regios'}]}],'name':'regius@ADJ'}]">regios</w><c> </c><w lemma="[{'id':1125033,'ls':[{'id':1125059,'name':'iuvenis','wfs':[{'id':1125069,'morph':{'Casus':'ACCUSATIVE','DeclensionType':'THIRD_DECLENSION','Genus':'MASCULINE','Numerus':'PLURAL','Pos':'NN'},'name':'iuvenes'}]}],'name':'iuvenis@NN'}]">iuvenes</w><c> </c><w lemma="[{'id':6360790,'ls':[{'id':6483,'name':'obicio','wfs':[{'id':6360888,'morph':{'Casus':'ABLATIVE','ConjugationType':'THIRD_CONJUGATION','Genus':'FEMININE','Mood':'PARTICIPLE','Numerus':'SINGULAR','Pos':'V','Tense':'PERFECT','VerbType':'TRANSITIVE','Voice':'PASSIVE'},'name':'obiecta'}]}],'name':'obicio@V'}]">obiecta</w><c> </c><lb n="8" xml:id="bsb00000824_00263_8"></lb><w lemma="[{'id':1307428,'ls':[{'id':7734,'name':'ratio','wfs':[{'id':241472615,'morph':{'Casus':'ABLATIVE','DeclensionType':'THIRD_DECLENSION','Genus':'FEMININE','Numerus':'SINGULAR','Pos':'NN'},'name':'ratione'}]}],'name':'ratio@NN'}]">ratione</w><c> </c><w lemma="[{'id':6257639,'ls':[{'id':6159,'name':'moderor','wfs':[{'id':6258040,'morph':{'ConjugationType':'FIRST_CONJUGATION','Mood':'INFINITIVE','Pos':'V','Tense':'PRESENT','VerbType':'DEPONENT','Voice':'PASSIVE'},'name':'moderari'}]}],'name':'moderor@V'}]">moderari</w><c>,</c><c> </c><w lemma="[{'id':109966,'ls':[{'id':109967,'name':'quia','wfs':[{'id':109968,'morph':{'Pos':'CON'},'name':'quia'}]}],'name':'quia@CON'}]">quia</w><c> </c><w lemma="[{'id':242816114,'ls':[{'id':242816115,'name':'ille','wfs':[{'id':244509845,'morph':{'Casus':'NOMINATIVE','Genus':'MASCULINE','Numerus':'PLURAL','Pos':'PRO','PronounType':'DEMONSTRATIVE'},'name':'illi'}]}],'name':'ille@PRO'}]">illi</w><c>,</c><c> </c><w lemma="[{'id':110020,'ls':[{'id':110021,'name':'si','wfs':[{'id':110022,'morph':{'Pos':'CON'},'name':'si'}]}],'name':'si@CON'}]">si</w><c> </c><w lemma="[{'id':242816286,'ls':[{'id':242816287,'name':'nos','wfs':[{'id':594760049,'morph':{'Casus':'DATIVE','Genus':'MASCULINE','Numerus':'PLURAL','Pos':'PRO','PronounType':'PERSONAL'},'name':'nobis'}]}],'name':'nos@PRO'}]">nobis</w><c> </c><w lemma="[{'id':252377,'ls':[{'id':9187,'name':'vere','wfs':[{'id':252384,'morph':{'ComparisonDegree':'POSITIVE','Pos':'ADV'},'name':'vere'}]}],'name':'vere@ADV'}]">vere</w><c> </c><w lemma="[{'id':7355982,'ls':[{'id':244500552,'name':'sentio','wfs':[{'id':297496777,'morph':{'ConjugationType':'FOURTH_CONJUGATION','Mood':'INDICATIVE','Numerus':'PLURAL','Person':'PERSON_3','Pos':'V','Tense':'PRESENT','VerbType':'INTRANSITIVE','Voice':'ACTIVE'},'name':'sentiunt'}]}],'name':'sentio@V'}]">sentiunt</w><c> </c><w lemma="[{'id':5056062,'ls':[{'id':5056063,'name':'displiceo','wfs':[{'id':5056144,'morph':{'ConjugationType':'SECOND_CONJUGATION','Mood':'INFINITIVE','Pos':'V','Tense':'PRESENT','VerbType':'TRANSITIVE','Voice':'ACTIVE'},'name':'displicere'}]}],'name':'displiceo@V'}]">displicere</w><c> </c><w lemma="[{'id':242816363,'ls':[{'id':242816364,'name':'qui','wfs':[{'id':245004334,'morph':{'Casus':'ACCUSATIVE','Genus':'NEUTER','Numerus':'SINGULAR','Pos':'PRO','PronounType':'RELATIVE'},'name':'quod'}]}],'name':'qui@PRO'}]">quod</w><c> </c><w lemma="[{'id':201171,'ls':[{'id':5930,'name':'male','wfs':[{'id':201174,'morph':{'ComparisonDegree':'POSITIVE','Pos':'ADV'},'name':'male'}]}],'name':'male@ADV'}]">male</w><c> </c><w lemma="[{'id':4669725,'ls':[{'id':2957,'name':'cupio','wfs':[{'id':4670064,'morph':{'ConjugationType':'THIRD_CONJUGATION','Mood':'INDICATIVE','Numerus':'PLURAL','Person':'PERSON_3','Pos':'V','Tense':'PRESENT','VerbType':'TRANSITIVE','Voice':'ACTIVE'},'name':'cupiunt'}]}],'name':'cupio@V'}]">cupiunt</w><c>,</c><c> </c><w lemma="[{'id':797144,'ls':[{'id':1186,'name':'audacia','wfs':[{'id':797153,'morph':{'Casus':'ACCUSATIVE','DeclensionType':'FIRST_DECLENSION','Genus':'FEMININE','Numerus':'SINGULAR','Pos':'NN'},'name':'audaciam'}]}],'name':'audacia@NN'}]">audaciam</w><c> </c><lb n="9" xml:id="bsb00000824_00263_9"></lb><w lemma="[{'id':244511757,'ls':[{'id':244511758,'name':'suus','wfs':[{'id':245550214,'morph':{'Casus':'GENITIVE','Genus':'FEMININE','Numerus':'SINGULAR','Pos':'PRO','PronounType':'POSSESSIVE'},'name':'suae'}]}],'name':'suus@PRO'}]">suae</w><c> </c><w lemma="[{'id':1472625,'ls':[{'id':9334,'name':'voluntas','wfs':[{'id':1472651,'morph':{'Casus':'GENITIVE','DeclensionType':'THIRD_DECLENSION','Genus':'FEMININE','Numerus':'SINGULAR','Pos':'NN'},'name':'voluntatis'}]}],'name':'voluntas@NN'}]">voluntatis</w><c> </c><w lemma="[{'id':7220434,'ls':[{'id':7947,'name':'retineo','wfs':[{'id':7220515,'morph':{'ConjugationType':'SECOND_CONJUGATION','Mood':'INFINITIVE','Pos':'V','Tense':'PRESENT','VerbType':'TRANSITIVE','Voice':'ACTIVE'},'name':'retinere'}]}],'name':'retineo@V'}]">retinere</w><c> </c><w lemma="[{'id':206035,'ls':[{'id':6416,'name':'non','wfs':[{'id':241322627,'morph':{'Pos':'ADV'},'name':'non'}]}],'name':'non@ADV'}]">non</w><c> </c><w lemma="[{'id':6741602,'ls':[{'id':7228,'name':'possum','wfs':[{'id':244516520,'morph':{'Mood':'INDICATIVE','Numerus':'PLURAL','Person':'PERSON_3','Pos':'V','Tense':'PRESENT','VerbType':'VERBA_ANOMALA','Voice':'ACTIVE'},'name':'possunt'}]}],'name':'possum@V'}]">possunt</w><c>.</c><c> </c></s><s><w lemma="[{'id':7975160,'ls':[{'id':9180,'name':'vereor','wfs':[{'id':244508378,'morph':{'ConjugationType':'SECOND_CONJUGATION','Mood':'INDICATIVE','Numerus':'PLURAL','Person':'PERSON_3','Pos':'V','Tense':'PRESENT','VerbType':'DEPONENT','Voice':'PASSIVE'},'name':'verentur'}]}],'name':'vereor@V'}]">verentur</w><c> </c><w lemma="[{'id':1354946,'ls':[{'id':8245,'name':'senex','wfs':[{'id':1354947,'morph':{'Casus':'ACCUSATIVE','DeclensionType':'THIRD_DECLENSION','Genus':'MASCULINE','Numerus':'PLURAL','Pos':'NN'},'name':'senes'}]}],'name':'senex@NN'}]">senes</w><c>,</c><c> </c><w lemma="[{'id':109941,'ls':[{'id':109942,'name':'quamvis','wfs':[{'id':109944,'morph':{'Pos':'CON'},'name':'quamvis'}]}],'name':'quamvis@CON'}]">quamvis</w><c> </c><w lemma="[{'id':7617143,'ls':[{'id':7617144,'name':'sum','wfs':[{'id':244519862,'morph':{'Mood':'SUBJUNCTIVE','Numerus':'PLURAL','Person':'PERSON_3','Pos':'V','Tense':'PRESENT','VerbType':'VERBA_ANOMALA','Voice':'ACTIVE'},'name':'sint'}]}],'name':'sum@V'}]">sint</w><c> </c><w lemma="[{'id':2329072,'ls':[{'id':2329073,'name':'floridus','wfs':[{'id':2329139,'morph':{'Casus':'ABLATIVE','ComparisonDegree':'POSITIVE','DeclensionType':'FIRST_DECLENSION','Genus':'FEMININE','Numerus':'SINGULAR','Pos':'ADJ'},'name':'florida'}]}],'name':'floridus@ADJ'}]">florida</w><c> </c><w lemma="[{'id':731884,'ls':[{'id':538,'name':'aetas','wfs':[{'id':243244786,'morph':{'Casus':'ABLATIVE','DeclensionType':'THIRD_DECLENSION','Genus':'FEMININE','Numerus':'SINGULAR','Pos':'NN'},'name':'aetate'}]}],'name':'aetas@NN'}]">aetate</w><c> </c><lb n="10" xml:id="bsb00000824_00263_10"></lb><w lemma="[{'id':5499326,'ls':[{'id':5500175,'name':'fervo','wfs':[{'id':5500191,'morph':{'Casus':'NOMINATIVE','ConjugationType':'THIRD_CONJUGATION','Genus':'MASCULINE','Mood':'PARTICIPLE','Numerus':'PLURAL','Pos':'V','Tense':'PRESENT','VerbType':'INTRANSITIVE','Voice':'ACTIVE'},'name':'ferventes'}]}],'name':'ferveo@V'}]">ferventes</w><c>.</c><c> </c></s><s><w lemma="[{'id':7319987,'ls':[{'id':8159,'name':'scio','wfs':[{'id':7320171,'morph':{'ConjugationType':'FOURTH_CONJUGATION','Mood':'SUBJUNCTIVE','Numerus':'PLURAL','Person':'PERSON_3','Pos':'V','Tense':'PRESENT','VerbType':'TRANSITIVE','Voice':'ACTIVE'},'name':'sciant'}]}],'name':'scio@V'}]">sciant</w><c> </c><w lemma="[{'id':242816286,'ls':[{'id':242816287,'name':'nos','wfs':[{'id':386315174,'morph':{'Casus':'ACCUSATIVE','Genus':'MASCULINE','Numerus':'PLURAL','Pos':'PRO','PronounType':'PERSONAL'},'name':'nos'}]}],'name':'nos@PRO'}]">nos</w><c> </c><w lemma="[{'id':1554308,'ls':[{'id':1554506,'name':'adversarius','wfs':[{'id':1554526,'morph':{'Casus':'ACCUSATIVE','ComparisonDegree':'POSITIVE','DeclensionType':'SECOND_DECLENSION','Genus':'MASCULINE','Numerus':'PLURAL','Pos':'ADJ'},'name':'adversarios'}]}],'name':'adversarius@ADJ'}]">adversarios</w><c> </c><w lemma="[{'id':7617143,'ls':[{'id':7617144,'name':'sum','wfs':[{'id':7617145,'morph':{'Mood':'INFINITIVE','Pos':'V','Tense':'PRESENT','VerbType':'VERBA_ANOMALA','Voice':'ACTIVE'},'name':'esse'}]}],'name':'sum@V'}]">esse</w><c> </c><w lemma="[{'id':909020,'ls':[{'id':2665,'name':'contrarietas','wfs':[{'id':909024,'morph':{'Casus':'DATIVE','DeclensionType':'THIRD_DECLENSION','Genus':'FEMININE','Numerus':'PLURAL','Pos':'NN'},'name':'contrarietatibus'}]}],'name':'contrarietas@NN'}]">contrarietatibus</w><c> </c><w lemma="[{'id':1406782,'ls':[{'id':488516594,'name':'suus','wfs':[{'id':488516607,'morph':{'Casus':'DATIVE','DeclensionType':'SECOND_DECLENSION','Genus':'MASCULINE','Numerus':'PLURAL','Pos':'NN'},'name':'suis'}]}],'name':'suus@NN'}]">suis</w><c> </c><w lemma="[{'id':109828,'ls':[{'id':109829,'name':'et','wfs':[{'id':109830,'morph':{'Pos':'CON'},'name':'et'}]}],'name':'et@CON'}]">et</w><c> </c><w lemma="[{'id':242816114,'ls':[{'id':242816115,'name':'ille','wfs':[{'id':242816141,'morph':{'Casus':'ACCUSATIVE','Genus':'NEUTER','Numerus':'SINGULAR','Pos':'PRO','PronounType':'DEMONSTRATIVE'},'name':'illud'}]}],'name':'ille@PRO'}]">illud</w><c> </c><w lemma="[{'id':8038609,'ls':[{'id':9327,'name':'volo','wfs':[{'id':8038724,'morph':{'Mood':'INFINITIVE','Pos':'V','Tense':'PRESENT','VerbType':'VERBA_ANOMALA','Voice':'ACTIVE'},'name':'velle'}]}],'name':'volo@V'}]">velle</w><c> </c><w lemma="[{'id':6655433,'ls':[{'id':7006,'name':'persequor','wfs':[{'id':6655473,'morph':{'ConjugationType':'THIRD_CONJUGATION','Mood':'INFINITIVE','Pos':'V','Tense':'PRESENT','VerbType':'DEPONENT','Voice':'PASSIVE'},'name':'persequi'}]}],'name':'persequor@V'}]">persequi</w><c>,</c><c> </c><w lemma="[{'id':109868,'ls':[{'id':109869,'name':'ne','wfs':[{'id':109870,'morph':{'Pos':'CON'},'name':'ne'}]}],'name':'ne@CON'}]">ne</w><c> </c><lb n="11" xml:id="bsb00000824_00263_11"></lb><w lemma="[{'id':109436,'ls':[{'id':109437,'name':'ab','wfs':[{'id':109438,'morph':{'Pos':'AP'},'name':'ab'}]}],'name':'ab@AP'}]">ab</w><c> </c><w lemma="[{'id':242816930,'ls':[{'id':242816931,'name':'uterque','wfs':[{'id':244512393,'morph':{'Casus':'ABLATIVE','Numerus':'PLURAL','Pos':'PRO','PronounType':'INDEFINITE'},'name':'utrisque'}]}],'name':'uterque@PRO'}]">utrisque</w><c> </c><w lemma="[{'id':6741602,'ls':[{'id':7228,'name':'possum','wfs':[{'id':244516516,'morph':{'Mood':'SUBJUNCTIVE','Numerus':'SINGULAR','Person':'PERSON_3','Pos':'V','Tense':'PRESENT','VerbType':'VERBA_ANOMALA','Voice':'ACTIVE'},'name':'possit'}]}],'name':'possum@V'}]">possit</w><c> </c><w lemma="[{'id':5328723,'ls':[{'id':4027,'name':'excedo','wfs':[{'id':5328805,'morph':{'ConjugationType':'THIRD_CONJUGATION','Mood':'INFINITIVE','Pos':'V','Tense':'PRESENT','VerbType':'TRANSITIVE','Voice':'PASSIVE'},'name':'excedi'}]}],'name':'excedo@V'}]">excedi</w><c>.</c><c> </c></s><s><w lemma="[{'id':4708992,'ls':[{'id':4708993,'name':'decet','wfs':[{'id':4709145,'morph':{'ConjugationType':'SECOND_CONJUGATION','Mood':'INDICATIVE','Numerus':'SINGULAR','Person':'PERSON_3','Pos':'V','Tense':'PRESENT','VerbType':'IMPERSONAL','Voice':'ACTIVE'},'name':'decet'}]}],'name':'decet@V'}]">decet</w><c> </c><w lemma="[{'id':109821,'ls':[{'id':109822,'name':'enim','wfs':[{'id':109823,'morph':{'Pos':'CON'},'name':'enim'}]}],'name':'enim@CON'}]">enim</w><c> </c><w lemma="[{'id':242816286,'ls':[{'id':242816287,'name':'nos','wfs':[{'id':386315174,'morph':{'Casus':'ACCUSATIVE','Genus':'MASCULINE','Numerus':'PLURAL','Pos':'PRO','PronounType':'PERSONAL'},'name':'nos'}]}],'name':'nos@PRO'}]">nos</w><c> </c><w lemma="[{'id':1679134,'ls':[{'id':1079,'name':'asper','wfs':[{'id':1679184,'morph':{'Casus':'ACCUSATIVE','ComparisonDegree':'POSITIVE','DeclensionType':'SECOND_DECLENSION','Genus':'NEUTER','Numerus':'PLURAL','Pos':'ADJ'},'name':'aspera'}]}],'name':'asper@ADJ'}]">aspera</w><c> </c><w lemma="[{'id':1454736,'ls':[{'id':9183,'name':'verbum','wfs':[{'id':1454754,'morph':{'Casus':'ACCUSATIVE','DeclensionType':'SECOND_DECLENSION','Genus':'NEUTER','Numerus':'PLURAL','Pos':'NN'},'name':'verba'}]}],'name':'verbum@NN'}]">verba</w><c> </c><w lemma="[{'id':4961932,'ls':[{'id':244530688,'name':'dico','wfs':[{'id':4962094,'morph':{'ConjugationType':'THIRD_CONJUGATION','Mood':'INFINITIVE','Pos':'V','Tense':'PRESENT','VerbType':'TRANSITIVE','Voice':'ACTIVE'},'name':'dicere'}]}],'name':'dico@V'}]">dicere</w><c>,</c><c> </c><w lemma="[{'id':109868,'ls':[{'id':109869,'name':'ne','wfs':[{'id':109870,'morph':{'Pos':'CON'},'name':'ne'}]}],'name':'ne@CON'}]">ne</w><c> </c><w lemma="[{'id':733314,'ls':[{'id':733360,'name':'affinis','wfs':[{'id':733377,'morph':{'Casus':'NOMINATIVE','DeclensionType':'THIRD_DECLENSION','Genus':'MASCULINE','Numerus':'PLURAL','Pos':'NN'},'name':'affines'}]}],'name':'affinis@NN'}]">affines</w><c> </c><w lemma="[{'id':245551298,'ls':[{'id':245551299,'name':'nostri','wfs':[{'id':245551301,'morph':{'Casus':'NOMINATIVE','DeclensionType':'SECOND_DECLENSION','Genus':'MASCULINE','Numerus':'PLURAL','Pos':'NN'},'name':'nostri'}]}],'name':'nostri@NN'}]">nostri</w><c> </c><w lemma="[{'id':109453,'ls':[{'id':109454,'name':'ad','wfs':[{'id':109455,'morph':{'Pos':'AP'},'name':'ad'}]}],'name':'ad@AP'}]">ad</w><c> </c><lb n="12" xml:id="bsb00000824_00263_12"></lb><w lemma="[{'id':1023765,'ls':[{'id':1023766,'name':'extremum','wfs':[{'id':1023774,'morph':{'Casus':'ACCUSATIVE','DeclensionType':'SECOND_DECLENSION','Genus':'NEUTER','Numerus':'SINGULAR','Pos':'NN'},'name':'extremum'}]}],'name':'extremum@NN'}]">extremum</w><c> </c><w lemma="[{'id':4694501,'ls':[{'id':3027,'name':'debeo','wfs':[{'id':4694804,'morph':{'ConjugationType':'SECOND_CONJUGATION','Mood':'SUBJUNCTIVE','Numerus':'PLURAL','Person':'PERSON_3','Pos':'V','Tense':'PRESENT','VerbType':'TRANSITIVE','Voice':'ACTIVE'},'name':'debeant'}]}],'name':'debeo@V'}]">debeant</w><c> </c><w lemma="[{'id':6683384,'ls':[{'id':7038,'name':'pervenio','wfs':[{'id':6683867,'morph':{'ConjugationType':'FOURTH_CONJUGATION','Mood':'INFINITIVE','Pos':'V','Tense':'PRESENT','VerbType':'TRANSITIVE','Voice':'ACTIVE'},'name':'pervenire'}]}],'name':'pervenio@V'}]">pervenire</w><c>.</c><c> </c></s><s><w lemma="[{'id':109828,'ls':[{'id':109829,'name':'et','wfs':[{'id':109830,'morph':{'Pos':'CON'},'name':'et'}]}],'name':'et@CON'}]">Et</w><c> </c><w lemma="[{'id':183546,'ls':[{'id':183547,'name':'ideo','wfs':[{'id':183548,'morph':{'ComparisonDegree':'POSITIVE','Pos':'ADV'},'name':'ideo'}]}],'name':'ideo@ADV'}]">ideo</w><c> </c><w lemma="[{'id':242816114,'ls':[{'id':242816115,'name':'ille','wfs':[{'id':242816143,'morph':{'Casus':'ACCUSATIVE','Genus':'MASCULINE','Numerus':'SINGULAR','Pos':'PRO','PronounType':'DEMONSTRATIVE'},'name':'illum'}]}],'name':'ille@PRO'}]">illum</w><c> </c><w lemma="[{'id':109828,'ls':[{'id':109829,'name':'et','wfs':[{'id':109830,'morph':{'Pos':'CON'},'name':'et'}]}],'name':'et@CON'}]">et</w><c> </c><w lemma="[{'id':242816114,'ls':[{'id':242816115,'name':'ille','wfs':[{'id':242816143,'morph':{'Casus':'ACCUSATIVE','Genus':'MASCULINE','Numerus':'SINGULAR','Pos':'PRO','PronounType':'DEMONSTRATIVE'},'name':'illum'}]}],'name':'ille@PRO'}]">illum</w><c> </c><w lemma="[{'id':1134741,'ls':[{'id':5674,'name':'legatus','wfs':[{'id':1134749,'morph':{'Casus':'ACCUSATIVE','DeclensionType':'SECOND_DECLENSION','Genus':'MASCULINE','Numerus':'PLURAL','Pos':'NN'},'name':'legatos'}]}],'name':'legatus@NN'}]">legatos</w><c> </c><w lemma="[{'id':109453,'ls':[{'id':109454,'name':'ad','wfs':[{'id':109455,'morph':{'Pos':'AP'},'name':'ad'}]}],'name':'ad@AP'}]">ad</w><c> </c><w lemma="[{'id':1040575,'ls':[{'id':4494,'name':'fraternitas','wfs':[{'id':243349949,'morph':{'Casus':'ACCUSATIVE','DeclensionType':'THIRD_DECLENSION','Genus':'FEMININE','Numerus':'SINGULAR','Pos':'NN'},'name':'fraternitatem'}]}],'name':'fraternitas@NN'}]">fraternitatem</w><c> </c><w lemma="[{'id':244512131,'ls':[{'id':244512132,'name':'tuus','wfs':[{'id':244512133,'morph':{'Casus':'ACCUSATIVE','DeclensionType':'FIRST_DECLENSION','Genus':'FEMININE','Numerus':'SINGULAR','Pos':'PRO','PronounType':'POSSESSIVE'},'name':'tuam'}]}],'name':'tuus@PRO'}]">tuam</w><c> </c><lb n="13" xml:id="bsb00000824_00263_13"></lb><w lemma="[{'id':4637462,'ls':[{'id':2846,'name':'credo','wfs':[{'id':4637582,'morph':{'ConjugationType':'THIRD_CONJUGATION','Mood':'INDICATIVE','Numerus':'PLURAL','Person':'PERSON_1','Pos':'V','Tense':'PERFECT','VerbType':'TRANSITIVE','Voice':'ACTIVE'},'name':'credidimus'}]}],'name':'credo@V'}]">credidimus</w><c> </c><w lemma="[{'id':4904178,'ls':[{'id':3400,'name':'destino','wfs':[{'id':496919824,'morph':{'Casus':'ACCUSATIVE','ComparisonDegree':'POSITIVE','DeclensionType':'SECOND_DECLENSION','Genus':'MASCULINE','Mood':'GERUNDIVE','Numerus':'PLURAL','Pos':'V'},'name':'destinandos'}]}],'name':'destino@V'}]">destinandos</w><c>,</c><c> </c><w lemma="[{'id':110061,'ls':[{'id':110062,'name':'ut','wfs':[{'id':110063,'morph':{'Pos':'CON'},'name':'ut'}]}],'name':'ut@CON'}]">ut</w><c>,</c><c> </c><w lemma="[{'id':110020,'ls':[{'id':110021,'name':'si','wfs':[{'id':110022,'morph':{'Pos':'CON'},'name':'si'}]}],'name':'si@CON'}]">si</w><c> </c><w lemma="[{'id':1034174,'ls':[{'id':4372,'name':'filius','wfs':[{'id':243348000,'morph':{'Casus':'DATIVE','DeclensionType':'SECOND_DECLENSION','Genus':'MASCULINE','Numerus':'SINGULAR','Pos':'NN'},'name':'filio'}]}],'name':'filius@NN'}]">filio</w><c> </c><w lemma="[{'id':244510439,'ls':[{'id':244510440,'name':'noster','wfs':[{'id':244510454,'morph':{'Casus':'DATIVE','DeclensionType':'SECOND_DECLENSION','Genus':'MASCULINE','Numerus':'SINGULAR','Pos':'PRO','PronounType':'POSSESSIVE'},'name':'nostro'}]}],'name':'noster@PRO'}]">nostro</w><c> </c><w lemma="[{'id':281530,'ls':[{'id':281531,'name':'Alaricus','wfs':[{'id':243181545,'morph':{'Casus':'DATIVE','DeclensionType':'SECOND_DECLENSION','Genus':'MASCULINE','Numerus':'SINGULAR','Pos':'NP'},'name':'Alarico'}]}],'name':'Alaricus@NP'}]">Alarico</w><c> </c><w lemma="[{'id':242815904,'ls':[{'id':244520791,'name':'videor','wfs':[{'id':232322906,'morph':{'Casus':'NOMINATIVE','ConjugationType':'SECOND_CONJUGATION','Genus':'NEUTER','Mood':'PARTICIPLE','Numerus':'SINGULAR','Pos':'V','Tense':'PERFECT','VerbType':'DEPONENT','Voice':'PASSIVE'},'name':'visum'}]}],'name':'videor@V'}]">visum</w><c> </c><w lemma="[{'id':7617143,'ls':[{'id':7617144,'name':'sum','wfs':[{'id':242825884,'morph':{'Mood':'SUBJUNCTIVE','Numerus':'SINGULAR','Person':'PERSON_3','Pos':'V','Tense':'PERFECT','VerbType':'VERBA_ANOMALA','Voice':'ACTIVE'},'name':'fuerit'}]}],'name':'sum@V'}]">fuerit</w><c>,</c><c> </c><w lemma="[{'id':109453,'ls':[{'id':109454,'name':'ad','wfs':[{'id':109455,'morph':{'Pos':'AP'},'name':'ad'}]}],'name':'ad@AP'}]">ad</w><c> </c><w lemma="[{'id':1329481,'ls':[{'id':7965,'name':'rex','wfs':[{'id':236891162,'morph':{'Casus':'ACCUSATIVE','DeclensionType':'THIRD_DECLENSION','Genus':'MASCULINE','Numerus':'SINGULAR','Pos':'NN'},'name':'regem'}]}],'name':'rex@NN'}]">regem</w><c> </c><w lemma="[{'id':409106,'ls':[{'id':409107,'name':'Franci','wfs':[{'id':243199239,'morph':{'Casus':'GENITIVE','DeclensionType':'SECOND_DECLENSION','Genus':'MASCULINE','Numerus':'PLURAL','Pos':'NE'},'name':'Francorum'}]}],'name':'Franci@NE'}]">Francorum</w><c> </c><lb n="14" xml:id="bsb00000824_00263_14"></lb><w lemma="[{'id':109541,'ls':[{'id':109542,'name':'cum','wfs':[{'id':109543,'morph':{'Pos':'AP'},'name':'cum'}]}],'name':'cum@AP'}]">cum</w><c> </c><w lemma="[{'id':2000553,'ls':[{'id':2000554,'name':'coniuratus','wfs':[{'id':2000561,'morph':{'Casus':'ABLATIVE','ComparisonDegree':'POSITIVE','DeclensionType':'FIRST_DECLENSION','Genus':'FEMININE','Numerus':'PLURAL','Pos':'ADJ'},'name':'coniuratis'}]}],'name':'coniuratus@ADJ'}]">coniuratis</w><c> </c><w lemma="[{'id':242816286,'ls':[{'id':242816287,'name':'nos','wfs':[{'id':594760049,'morph':{'Casus':'DATIVE','Genus':'MASCULINE','Numerus':'PLURAL','Pos':'PRO','PronounType':'PERSONAL'},'name':'nobis'}]}],'name':'nos@PRO'}]">nobis</w><c> </c><w lemma="[{'id':1052032,'ls':[{'id':4633,'name':'gens','wfs':[{'id':1052034,'morph':{'Casus':'ABLATIVE','DeclensionType':'THIRD_DECLENSION','Genus':'FEMININE','Numerus':'PLURAL','Pos':'NN'},'name':'gentibus'}]}],'name':'gens@NN'}]">gentibus</w><c> </c><w lemma="[{'id':5013658,'ls':[{'id':3561,'name':'dirigo','wfs':[{'id':5014144,'morph':{'ConjugationType':'THIRD_CONJUGATION','Mood':'INFINITIVE','Pos':'V','Tense':'PRESENT','VerbType':'TRANSITIVE','Voice':'ACTIVE'},'name':'dirigere'}]}],'name':'dirigo@V'}]">dirigere</w><c> </c><w lemma="[{'id':4694501,'ls':[{'id':3027,'name':'debeo','wfs':[{'id':4694618,'morph':{'ConjugationType':'SECOND_CONJUGATION','Mood':'SUBJUNCTIVE','Numerus':'PLURAL','Person':'PERSON_1','Pos':'V','Tense':'PRESENT','VerbType':'TRANSITIVE','Voice':'ACTIVE'},'name':'debeamus'}]}],'name':'debeo@V'}]">debeamus</w><c>,</c><c> </c><w lemma="[{'id':225825,'ls':[{'id':225826,'name':'quatenus','wfs':[{'id':225827,'morph':{'ComparisonDegree':'POSITIVE','Pos':'ADV'},'name':'quatenus'}]}],'name':'quatenus@ADV'}]">quatenus</w><c> </c><w lemma="[{'id':839994,'ls':[{'id':1705,'name':'causa','wfs':[{'id':840008,'morph':{'Casus':'NOMINATIVE','DeclensionType':'FIRST_DECLENSION','Genus':'FEMININE','Numerus':'SINGULAR','Pos':'NN'},'name':'causa'}]}],'name':'causa@NN'}]">causa</w><c>,</c><c> </c><w lemma="[{'id':242816363,'ls':[{'id':242816364,'name':'qui','wfs':[{'id':296826594,'morph':{'Casus':'NOMINATIVE','Genus':'FEMININE','Numerus':'SINGULAR','Pos':'PRO','PronounType':'RELATIVE'},'name':'quae'}]}],'name':'qui@PRO'}]">quae</w><c> </c><w lemma="[{'id':109587,'ls':[{'id':109588,'name':'inter','wfs':[{'id':109589,'morph':{'Pos':'AP'},'name':'inter'}]}],'name':'inter@AP'}]">inter</w><c> </c><w lemma="[{'id':242816207,'ls':[{'id':242816208,'name':'is','wfs':[{'id':244510049,'morph':{'Casus':'ACCUSATIVE','Genus':'MASCULINE','Numerus':'PLURAL','Pos':'PRO','PronounType':'PERSONAL'},'name':'eos'}]}],'name':'is@PRO'}]">eos</w><c> </c><lb n="15" xml:id="bsb00000824_00263_15"></lb><w lemma="[{'id':7985780,'ls':[{'id':9207,'name':'verto','wfs':[{'id':7986946,'morph':{'ConjugationType':'THIRD_CONJUGATION','Mood':'INDICATIVE','Numerus':'SINGULAR','Person':'PERSON_3','Pos':'V','Tense':'PRESENT','VerbType':'TRANSITIVE','Voice':'PASSIVE'},'name':'vertitur'}]}],'name':'verto@V'}]">vertitur</w><c>,</c><c> </c><w lemma="[{'id':1603769,'ls':[{'id':1603770,'name':'amicus','wfs':[{'id':1603788,'morph':{'Casus':'ABLATIVE','ComparisonDegree':'POSITIVE','DeclensionType':'SECOND_DECLENSION','Genus':'MASCULINE','Numerus':'PLURAL','Pos':'ADJ'},'name':'amicis'}]}],'name':'amicus@ADJ'}]">amicis</w><c> </c><w lemma="[{'id':1161338,'ls':[{'id':1161339,'name':'medius','wfs':[{'id':243392762,'morph':{'Casus':'ABLATIVE','DeclensionType':'SECOND_DECLENSION','Genus':'MASCULINE','Numerus':'PLURAL','Pos':'NN'},'name':'mediis'}]}],'name':'medius@NN'}]">mediis</w><c> </c><w lemma="[{'id':226878,'ls':[{'id':226879,'name':'rationabiliter','wfs':[{'id':226882,'morph':{'ComparisonDegree':'POSITIVE','Pos':'ADV'},'name':'rationabiliter'}]}],'name':'rationabiliter@ADV'}]">rationabiliter</w><c> </c><w lemma="[{'id':3354797,'ls':[{'id':59,'name':'abscido','wfs':[{'id':3355527,'morph':{'ConjugationType':'THIRD_CONJUGATION','Mood':'SUBJUNCTIVE','Numerus':'SINGULAR','Person':'PERSON_3','Pos':'V','Tense':'PRESENT','VerbType':'TRANSITIVE','Voice':'PASSIVE'},'name':'abscidatur'}]}],'name':'abscido@V'}]">abscidatur</w><c>.</c><c> </c></s><s><w lemma="[{'id':4573156,'ls':[{'id':2706,'name':'convenio','wfs':[{'id':4573875,'morph':{'ConjugationType':'FOURTH_CONJUGATION','Mood':'INDICATIVE','Numerus':'SINGULAR','Person':'PERSON_3','Pos':'V','Tense':'PRESENT','VerbType':'TRANSITIVE','Voice':'ACTIVE'},'name':'convenit'}]}],'name':'convenio@V'}]">convenit</w><c> </c><w lemma="[{'id':109821,'ls':[{'id':109822,'name':'enim','wfs':[{'id':109823,'morph':{'Pos':'CON'},'name':'enim'}]}],'name':'enim@CON'}]">enim</w><c> </c><w lemma="[{'id':244511865,'ls':[{'id':244511866,'name':'talis','wfs':[{'id':546237336,'morph':{'Casus':'ACCUSATIVE','DeclensionType':'THIRD_DECLENSION','Genus':'MASCULINE','Numerus':'PLURAL','Pos':'PRO','PronounType':'CORRELATIVE'},'name':'tales'}]}],'name':'talis@PRO'}]">tales</w><c> </c><w lemma="[{'id':244511939,'ls':[{'id':244511940,'name':'tantus','wfs':[{'id':244511965,'morph':{'Pos':'PRO','PronounType':'CORRELATIVE'},'name':'tantosque'}]}],'name':'tantus@PRO'}]">tantosque</w><c> </c><w lemma="[{'id':1329481,'ls':[{'id':7965,'name':'rex','wfs':[{'id':1329482,'morph':{'Casus':'ACCUSATIVE','DeclensionType':'THIRD_DECLENSION','Genus':'MASCULINE','Numerus':'PLURAL','Pos':'NN'},'name':'reges'}]}],'name':'rex@NN'}]">reges</w><c> </c><w lemma="[{'id':206035,'ls':[{'id':6416,'name':'non','wfs':[{'id':241322627,'morph':{'Pos':'ADV'},'name':'non'}]}],'name':'non@ADV'}]">non</w><c> </c><lb n="16" xml:id="bsb00000824_00263_16"></lb><w lemma="[{'id':109587,'ls':[{'id':109588,'name':'inter','wfs':[{'id':109589,'morph':{'Pos':'AP'},'name':'inter'}]}],'name':'inter@AP'}]">inter</w><c> </c><w lemma="[{'id':242816792,'ls':[{'id':242816793,'name':'sui','wfs':[{'id':594734072,'morph':{'Casus':'ACCUSATIVE','Genus':'MASCULINE','Numerus':'PLURAL','Pos':'PRO','PronounType':'REFLEXIVE'},'name':'se'}]}],'name':'sui@PRO'}]">se</w><c> </c><w lemma="[{'id':2594751,'ls':[{'id':2594752,'name':'lamentabilis','wfs':[{'id':2594782,'morph':{'Casus':'ACCUSATIVE','ComparisonDegree':'POSITIVE','DeclensionType':'THIRD_DECLENSION','Genus':'MASCULINE','Numerus':'PLURAL','Pos':'ADJ'},'name':'lamentabiles'}]}],'name':'lamentabilis@ADJ'}]">lamentabiles</w><c> </c><w lemma="[{'id':1331431,'ls':[{'id':7986,'name':'rixa','wfs':[{'id':1331432,'morph':{'Casus':'ACCUSATIVE','DeclensionType':'FIRST_DECLENSION','Genus':'FEMININE','Numerus':'PLURAL','Pos':'NN'},'name':'rixas'}]}],'name':'rixa@NN'}]">rixas</w><c> </c><w lemma="[{'id':7026606,'ls':[{'id':244494165,'name':'quaero','wfs':[{'id':7026687,'morph':{'ConjugationType':'THIRD_CONJUGATION','Mood':'INFINITIVE','Pos':'V','Tense':'PRESENT','VerbType':'TRANSITIVE','Voice':'ACTIVE'},'name':'quaerere'}]}],'name':'quaero@V'}]">quaerere</w><c>,</c><c> </c><w lemma="[{'id':110061,'ls':[{'id':110062,'name':'ut','wfs':[{'id':110063,'morph':{'Pos':'CON'},'name':'ut'}]}],'name':'ut@CON'}]">ut</w><c> </c><w lemma="[{'id':109545,'ls':[{'id':109546,'name':'de','wfs':[{'id':109547,'morph':{'Pos':'AP'},'name':'de'}]}],'name':'de@AP'}]">de</w><c> </c><w lemma="[{'id':1406782,'ls':[{'id':488516594,'name':'suus','wfs':[{'id':488516608,'morph':{'Casus':'ABLATIVE','DeclensionType':'SECOND_DECLENSION','Genus':'MASCULINE','Numerus':'PLURAL','Pos':'NN'},'name':'suis'}]}],'name':'suus@NN'}]">suis</w><c> </c><w lemma="[{'id':109828,'ls':[{'id':109829,'name':'et','wfs':[{'id':109830,'morph':{'Pos':'CON'},'name':'et'}]}],'name':'et@CON'}]">et</w><c> </c><w lemma="[{'id':242816286,'ls':[{'id':242816287,'name':'nos','wfs':[{'id':386315174,'morph':{'Casus':'ACCUSATIVE','Genus':'MASCULINE','Numerus':'PLURAL','Pos':'PRO','PronounType':'PERSONAL'},'name':'nos'}]}],'name':'nos@PRO'}]">nos</w><c> </c><w lemma="[{'id':6741602,'ls':[{'id':7228,'name':'possum','wfs':[{'id':244516514,'morph':{'Mood':'SUBJUNCTIVE','Numerus':'PLURAL','Person':'PERSON_3','Pos':'V','Tense':'PRESENT','VerbType':'VERBA_ANOMALA','Voice':'ACTIVE'},'name':'possint'}]}],'name':'possum@V'}]">possint</w><c> </c><w lemma="[{'id':837051,'ls':[{'id':1647,'name':'casus','wfs':[{'id':243276915,'morph':{'Casus':'ABLATIVE','DeclensionType':'FOURTH_DECLENSION','Genus':'MASCULINE','Numerus':'PLURAL','Pos':'NN'},'name':'casibus'}]}],'name':'casus@NN'}]">casibus</w><c> </c><w lemma="[{'id':7309644,'ls':[{'id':8130,'name':'saucio','wfs':[{'id':7309725,'morph':{'ConjugationType':'FIRST_CONJUGATION','Mood':'INFINITIVE','Pos':'V','Tense':'PRESENT','VerbType':'TRANSITIVE','Voice':'ACTIVE'},'name':'sauciare'}]}],'name':'saucio@V'}]">sauciare</w><c>.</c><c> </c><lb n="17" xml:id="bsb00000824_00263_17"></lb></s><s><w lemma="[{'id':225709,'ls':[{'id':225710,'name':'quapropter','wfs':[{'id':225712,'morph':{'ComparisonDegree':'POSITIVE','Pos':'ADV'},'name':'quapropter'}]}],'name':'quapropter@ADV'}]">Quapropter</w><c> </c><w lemma="[{'id':1040575,'ls':[{'id':4494,'name':'fraternitas','wfs':[{'id':1040588,'morph':{'Casus':'NOMINATIVE','DeclensionType':'THIRD_DECLENSION','Genus':'FEMININE','Numerus':'SINGULAR','Pos':'NN'},'name':'fraternitas'}]}],'name':'fraternitas@NN'}]">fraternitas</w><c> </c><w lemma="[{'id':244512458,'ls':[{'id':244512459,'name':'vester','wfs':[{'id':244512539,'morph':{'Casus':'NOMINATIVE','DeclensionType':'FIRST_DECLENSION','Genus':'FEMININE','Numerus':'SINGULAR','Pos':'PRO','PronounType':'POSSESSIVE'},'name':'vestra'}]}],'name':'vester@PRO'}]">vestra</w><c> </c><w lemma="[{'id':713774,'ls':[{'id':713775,'name':'adhibitus','wfs':[{'id':713786,'morph':{'Casus':'ABLATIVE','DeclensionType':'SECOND_DECLENSION','Genus':'MASCULINE','Numerus':'SINGULAR','Pos':'NN'},'name':'adhibito'}]}],'name':'adhibitus@NN'}]">adhibito</w><c> </c><w lemma="[{'id':242815965,'ls':[{'id':242815966,'name':'ego','wfs':[{'id':244509591,'morph':{'Casus':'ABLATIVE','Pos':'PRO','PronounType':'PERSONAL'},'name':'mecum'}]}],'name':'ego@PRO'}]">mecum</w><c> </c><w lemma="[{'id':1378738,'ls':[{'id':8538,'name':'studium','wfs':[{'id':243467420,'morph':{'Casus':'ABLATIVE','DeclensionType':'SECOND_DECLENSION','Genus':'NEUTER','Numerus':'SINGULAR','Pos':'NN'},'name':'studio'}]}],'name':'studium@NN'}]">studio</w><c> </c><w lemma="[{'id':242816207,'ls':[{'id':242816208,'name':'is','wfs':[{'id':644441610,'morph':{'Casus':'GENITIVE','Genus':'MASCULINE','Numerus':'PLURAL','Pos':'PRO','PronounType':'DEMONSTRATIVE'},'name':'eorum'}]}],'name':'is@PRO'}]">eorum</w><c> </c><w lemma="[{'id':6322383,'ls':[{'id':6397,'name':'nitor','wfs':[{'id':6322480,'morph':{'ConjugationType':'THIRD_CONJUGATION','Mood':'SUBJUNCTIVE','Numerus':'SINGULAR','Person':'PERSON_3','Pos':'V','Tense':'PRESENT','VerbType':'DEPONENT','Voice':'PASSIVE'},'name':'nitatur'}]}],'name':'nitor@V'}]">nitatur</w><c> </c><w lemma="[{'id':7160597,'ls':[{'id':7868,'name':'reparo','wfs':[{'id':7160678,'morph':{'ConjugationType':'FIRST_CONJUGATION','Mood':'INFINITIVE','Pos':'V','Tense':'PRESENT','VerbType':'TRANSITIVE','Voice':'ACTIVE'},'name':'reparare'}]}],'name':'reparo@V'}]">reparare</w><c> </c><w lemma="[{'id':889859,'ls':[{'id':2337,'name':'concordia','wfs':[{'id':889868,'morph':{'Casus':'ACCUSATIVE','DeclensionType':'FIRST_DECLENSION','Genus':'FEMININE','Numerus':'SINGULAR','Pos':'NN'},'name':'concordiam'}]}],'name':'concordia@NN'}]">concordiam</w><c>:</c><c> </c><lb n="18" xml:id="bsb00000824_00263_18"></lb><w lemma="[{'id':109966,'ls':[{'id':109967,'name':'quia','wfs':[{'id':109968,'morph':{'Pos':'CON'},'name':'quia'}]}],'name':'quia@CON'}]">quia</w><c> </c><w lemma="[{'id':242816277,'ls':[{'id':242816278,'name':'nemo','wfs':[{'id':244510271,'morph':{'Casus':'NOMINATIVE','Genus':'MASCULINE','Numerus':'SINGULAR','Pos':'PRO','PronounType':'INDEFINITE'},'name':'nemo'}]}],'name':'nemo@PRO'}]">nemo</w><c> </c><w lemma="[{'id':6741602,'ls':[{'id':7228,'name':'possum','wfs':[{'id':244516537,'morph':{'Mood':'INDICATIVE','Numerus':'SINGULAR','Person':'PERSON_3','Pos':'V','Tense':'PRESENT','VerbType':'VERBA_ANOMALA','Voice':'ACTIVE'},'name':'potest'}]}],'name':'possum@V'}]">potest</w><c> </c><w lemma="[{'id':4637462,'ls':[{'id':2846,'name':'credo','wfs':[{'id':4637543,'morph':{'ConjugationType':'THIRD_CONJUGATION','Mood':'INFINITIVE','Pos':'V','Tense':'PRESENT','VerbType':'TRANSITIVE','Voice':'ACTIVE'},'name':'credere'}]}],'name':'credo@V'}]">credere</w><c> </c><w lemma="[{'id':109658,'ls':[{'id':109659,'name':'sine','wfs':[{'id':109660,'morph':{'Pos':'AP'},'name':'sine'}]}],'name':'sine@AP'}]">sine</w><c> </c><w lemma="[{'id':244510439,'ls':[{'id':244510440,'name':'noster','wfs':[{'id':252932514,'morph':{'Casus':'ABLATIVE','DeclensionType':'SECOND_DECLENSION','Genus':'NEUTER','Numerus':'SINGULAR','Pos':'PRO','PronounType':'POSSESSIVE'},'name':'nostro'}]}],'name':'noster@PRO'}]">nostro</w><c> </c><w lemma="[{'id':1473777,'ls':[{'id':9345,'name':'votum','wfs':[{'id':1473804,'morph':{'Casus':'ABLATIVE','DeclensionType':'SECOND_DECLENSION','Genus':'NEUTER','Numerus':'SINGULAR','Pos':'NN'},'name':'voto'}]}],'name':'votum@NN'}]">voto</w><c> </c><w lemma="[{'id':242816114,'ls':[{'id':242816115,'name':'ille','wfs':[{'id':242816139,'morph':{'Casus':'ACCUSATIVE','Genus':'MASCULINE','Numerus':'PLURAL','Pos':'PRO','PronounType':'DEMONSTRATIVE'},'name':'illos'}]}],'name':'ille@PRO'}]">illos</w><c> </c><w lemma="[{'id':109453,'ls':[{'id':109454,'name':'ad','wfs':[{'id':109455,'morph':{'Pos':'AP'},'name':'ad'}]}],'name':'ad@AP'}]">ad</w><c> </c><w lemma="[{'id':242815996,'ls':[{'id':242815997,'name':'hic','wfs':[{'id':244509721,'morph':{'Casus':'ACCUSATIVE','Genus':'NEUTER','Numerus':'PLURAL','Pos':'PRO','PronounType':'DEMONSTRATIVE'},'name':'haec'}]}],'name':'hic@PRO'}]">haec</w><c> </c><w lemma="[{'id':1282038,'ls':[{'id':7440,'name':'proelium','wfs':[{'id':243432796,'morph':{'Casus':'ACCUSATIVE','DeclensionType':'SECOND_DECLENSION','Genus':'NEUTER','Numerus':'PLURAL','Pos':'NN'},'name':'proelia'}]}],'name':'proelium@NN'}]">proelia</w><c> </c><w lemma="[{'id':6683384,'ls':[{'id':7038,'name':'pervenio','wfs':[{'id':6683869,'morph':{'ConjugationType':'FOURTH_CONJUGATION','Mood':'INFINITIVE','Pos':'V','Tense':'PERFECT','VerbType':'TRANSITIVE','Voice':'ACTIVE'},'name':'pervenisse'}]}],'name':'pervenio@V'}]">pervenisse</w><c>,</c><c> </c><w lemma="[{'id':109907,'ls':[{'id':109908,'name':'nisi','wfs':[{'id':109909,'morph':{'Pos':'CON'},'name':'nisi'}]}],'name':'nisi@CON'}]">nisi</w><c> </c><w lemma="[{'id':209701,'ls':[{'id':6626,'name':'omnino','wfs':[{'id':209702,'morph':{'ComparisonDegree':'POSITIVE','Pos':'ADV'},'name':'omnino'}]}],'name':'omnino@ADV'}]">omnino</w><c> </c><lb n="19" xml:id="bsb00000824_00263_19"></lb><w lemma="[{'id':4146649,'ls':[{'id':4146650,'name':'clareo','wfs':[{'id':4146785,'morph':{'ConjugationType':'SECOND_CONJUGATION','Mood':'SUBJUNCTIVE','Numerus':'SINGULAR','Person':'PERSON_3','Pos':'V','Tense':'PRESENT','VerbType':'INTRANSITIVE','Voice':'ACTIVE'},'name':'clareat'}]}],'name':'clareo@V'}]">clareat</w><c>,</c><c> </c><w lemma="[{'id':109868,'ls':[{'id':109869,'name':'ne','wfs':[{'id':109870,'morph':{'Pos':'CON'},'name':'ne'}]}],'name':'ne@CON'}]">ne</w><c> </c><w lemma="[{'id':109453,'ls':[{'id':109454,'name':'ad','wfs':[{'id':109455,'morph':{'Pos':'AP'},'name':'ad'}]}],'name':'ad@AP'}]">ad</w><c> </c><w lemma="[{'id':894903,'ls':[{'id':2433,'name':'conflictus','wfs':[{'id':496413089,'morph':{'Casus':'ACCUSATIVE','DeclensionType':'FOURTH_DECLENSION','Genus':'MASCULINE','Numerus':'SINGULAR','Pos':'NN'},'name':'conflictum'}]}],'name':'conflictus@NN'}]">conflictum</w><c> </c><w lemma="[{'id':7964639,'ls':[{'id':9166,'name':'venio','wfs':[{'id':7965348,'morph':{'ConjugationType':'FOURTH_CONJUGATION','Mood':'SUBJUNCTIVE','Numerus':'PLURAL','Person':'PERSON_3','Pos':'V','Tense':'PRESENT','VerbType':'INTRANSITIVE','Voice':'ACTIVE'},'name':'veniant'}]}],'name':'venio@V'}]">veniant</w><c>,</c><c> </c><w lemma="[{'id':245551289,'ls':[{'id':245551290,'name':'nostra','wfs':[{'id':245551297,'morph':{'Casus':'ACCUSATIVE','DeclensionType':'SECOND_DECLENSION','Genus':'NEUTER','Numerus':'PLURAL','Pos':'NN'},'name':'nostra'}]}],'name':'nostra@NN'}]">nostra</w><c> </c><w lemma="[{'id':218458,'ls':[{'id':218459,'name':'pote','wfs':[{'id':218460,'morph':{'ComparisonDegree':'COMPARATIVE','Pos':'ADV'},'name':'potius'}]}],'name':'pote@ADV'}]">potius</w><c> </c><w lemma="[{'id':7617143,'ls':[{'id':7617144,'name':'sum','wfs':[{'id':7617145,'morph':{'Mood':'INFINITIVE','Pos':'V','Tense':'PRESENT','VerbType':'VERBA_ANOMALA','Voice':'ACTIVE'},'name':'esse'}]}],'name':'sum@V'}]">esse</w><c> </c><w lemma="[{'id':846666,'ls':[{'id':1774,'name':'certamen','wfs':[{'id':243280138,'morph':{'Casus':'ACCUSATIVE','DeclensionType':'THIRD_DECLENSION','Genus':'NEUTER','Numerus':'PLURAL','Pos':'NN'},'name':'certamina'}]}],'name':'certamen@NN'}]">certamina</w><c>.</c><c> </c></s><s><w lemma="[{'id':242815916,'ls':[{'id':242815917,'name':'aliqui','wfs':[{'id':481107061,'morph':{'Casus':'ACCUSATIVE','Genus':'NEUTER','Numerus':'PLURAL','Pos':'PRO','PronounType':'INDEFINITE'},'name':'aliqua'}]}],'name':'aliqui@PRO'}]">aliqua</w><c> </c><w lemma="[{'id':252583,'ls':[{'id':9197,'name':'vero','wfs':[{'id':550000524,'morph':{'Pos':'ADV'},'name':'vero'}]}],'name':'vero@ADV'}]">vero</w><c> </c><w lemma="[{'id':109433,'ls':[{'id':109434,'name':'a','wfs':[{'id':109435,'morph':{'Pos':'AP'},'name':'a'}]}],'name':'a@AP'}]">a</w><c> </c><lb n="20" xml:id="bsb00000824_00263_20"></lb><w lemma="[{'id':2874459,'ls':[{'id':242457998,'name':'praesens','wfs':[{'id':244213305,'morph':{'Casus':'GENITIVE','ComparisonDegree':'POSITIVE','DeclensionType':'THIRD_DECLENSION','Genus':'FEMININE','Numerus':'PLURAL','Pos':'ADJ'},'name':'praesentium'}]}],'name':'praesens@ADJ'}]">praesentium</w><c> </c><w lemma="[{'id':1052917,'ls':[{'id':4651,'name':'gerulus','wfs':[{'id':1052920,'morph':{'Casus':'DATIVE','DeclensionType':'SECOND_DECLENSION','Genus':'MASCULINE','Numerus':'PLURAL','Pos':'NN'},'name':'gerulis'}]}],'name':'gerulus@NN'}]">gerulis</w><c> </c><w lemma="[{'id':1142644,'ls':[{'id':5789,'name':'littera','wfs':[{'id':1142663,'morph':{'Casus':'GENITIVE','DeclensionType':'FIRST_DECLENSION','Genus':'FEMININE','Numerus':'PLURAL','Pos':'NN'},'name':'litterarum'}]}],'name':'littera@NN'}]">litterarum</w><c> </c><w lemma="[{'id':1357117,'ls':[{'id':8278,'name':'sermo','wfs':[{'id':243460086,'morph':{'Casus':'ABLATIVE','DeclensionType':'THIRD_DECLENSION','Genus':'MASCULINE','Numerus':'SINGULAR','Pos':'NN'},'name':'sermone'}]}],'name':'sermo@NN'}]">sermone</w><c> </c><w lemma="[{'id':242816974,'ls':[{'id':242816975,'name':'vos','wfs':[{'id':242816977,'morph':{'Casus':'DATIVE','Numerus':'PLURAL','Pos':'PRO','PronounType':'PERSONAL'},'name':'vobis'}]}],'name':'vos@PRO'}]">vobis</w><c> </c><w lemma="[{'id':4285261,'ls':[{'id':2162,'name':'committo','wfs':[{'id':4285381,'morph':{'ConjugationType':'THIRD_CONJUGATION','Mood':'INDICATIVE','Numerus':'PLURAL','Person':'PERSON_1','Pos':'V','Tense':'PERFECT','VerbType':'TRANSITIVE','Voice':'ACTIVE'},'name':'commisimus'}]}],'name':'committo@V'}]">commisimus</w><c> </c><w lemma="[{'id':5995770,'ls':[{'id':5448,'name':'intimo','wfs':[{'id':497538234,'morph':{'Casus':'ACCUSATIVE','ComparisonDegree':'POSITIVE','DeclensionType':'SECOND_DECLENSION','Genus':'NEUTER','Mood':'GERUNDIVE','Numerus':'PLURAL','Pos':'V'},'name':'intimanda'}]}],'name':'intimo@V'}]">intimanda</w><c>,</c><c> </c><w lemma="[{'id':110061,'ls':[{'id':110062,'name':'ut','wfs':[{'id':110063,'morph':{'Pos':'CON'},'name':'ut'}]}],'name':'ut@CON'}]">ut</w><c> </c><w lemma="[{'id':235482,'ls':[{'id':8302,'name':'sic','wfs':[{'id':241337168,'morph':{'Pos':'ADV'},'name':'sic'}]}],'name':'sic@ADV'}]">sic</w><c> </c><w lemma="[{'id':1291846,'ls':[{'id':7588,'name':'prudentia','wfs':[{'id':1291860,'morph':{'Casus':'NOMINATIVE','DeclensionType':'FIRST_DECLENSION','Genus':'FEMININE','Numerus':'SINGULAR','Pos':'NN'},'name':'prudentia'}]}],'name':'prudentia@NN'}]">prudentia</w><c> </c><w lemma="[{'id':244512458,'ls':[{'id':244512459,'name':'vester','wfs':[{'id':244512539,'morph':{'Casus':'NOMINATIVE','DeclensionType':'FIRST_DECLENSION','Genus':'FEMININE','Numerus':'SINGULAR','Pos':'PRO','PronounType':'POSSESSIVE'},'name':'vestra'}]}],'name':'vester@PRO'}]">vestra</w><c> </c><lb n="21" xml:id="bsb00000824_00263_21"></lb><w lemma="[{'id':2081351,'ls':[{'id':2081352,'name':'cunctus','wfs':[{'id':2081365,'morph':{'Casus':'ACCUSATIVE','ComparisonDegree':'POSITIVE','DeclensionType':'SECOND_DECLENSION','Genus':'NEUTER','Numerus':'PLURAL','Pos':'ADJ'},'name':'cuncta'}]}],'name':'cunctus@ADJ'}]">cuncta</w><c> </c><w lemma="[{'id':4343116,'ls':[{'id':2239,'name':'compono','wfs':[{'id':4343475,'morph':{'ConjugationType':'THIRD_CONJUGATION','Mood':'SUBJUNCTIVE','Numerus':'SINGULAR','Person':'PERSON_3','Pos':'V','Tense':'PRESENT','VerbType':'TRANSITIVE','Voice':'ACTIVE'},'name':'componat'}]}],'name':'compono@V'}]">componat</w><c>,</c><c> </c><w lemma="[{'id':225864,'ls':[{'id':7687,'name':'quemadmodum','wfs':[{'id':225865,'morph':{'ComparisonDegree':'POSITIVE','Pos':'ADV'},'name':'quemadmodum'}]}],'name':'quemadmodum@ADV'}]">quemadmodum</w><c> </c><w lemma="[{'id':4520334,'ls':[{'id':2601,'name':'consuesco','wfs':[{'id':4520697,'morph':{'ConjugationType':'THIRD_CONJUGATION','Mood':'INDICATIVE','Numerus':'SINGULAR','Person':'PERSON_3','Pos':'V','Tense':'PERFECT','VerbType':'TRANSITIVE','Voice':'ACTIVE'},'name':'consuevit'}]}],'name':'consuesco@V'}]">consuevit</w><c> </c><w lemma="[{'id':958093,'ls':[{'id':958094,'name':'deus','wfs':[{'id':958105,'morph':{'Casus':'ABLATIVE','DeclensionType':'SECOND_DECLENSION','Genus':'MASCULINE','Numerus':'SINGULAR','Pos':'NN'},'name':'deo'}]}],'name':'deus@NN'}]">deo</w><c> </c><w lemma="[{'id':6101654,'ls':[{'id':6102055,'name':'iuvo','wfs':[{'id':6102086,'morph':{'Casus':'ABLATIVE','ConjugationType':'FIRST_CONJUGATION','Genus':'MASCULINE','Mood':'PARTICIPLE','Numerus':'SINGULAR','Pos':'V','Tense':'PRESENT','VerbType':'TRANSITIVE','Voice':'ACTIVE'},'name':'iuvante'}]}],'name':'iuvo@V'}]">iuvante</w><c> </c><w lemma="[{'id':6595696,'ls':[{'id':6946,'name':'perficio','wfs':[{'id':6595777,'morph':{'ConjugationType':'THIRD_CONJUGATION','Mood':'INFINITIVE','Pos':'V','Tense':'PRESENT','VerbType':'TRANSITIVE','Voice':'ACTIVE'},'name':'perficere'}]}],'name':'perficio@V'}]">perficere</w><c>,</c><c> </c><w lemma="[{'id':249938,'ls':[{'id':9043,'name':'unde','wfs':[{'id':249940,'morph':{'ComparisonDegree':'POSITIVE','Pos':'ADV'},'name':'unde'}]}],'name':'unde@ADV'}]">unde</w><c> </c><w lemma="[{'id':7391310,'ls':[{'id':484151260,'name':'soleo','wfs':[{'id':484151562,'morph':{'ConjugationType':'SECOND_CONJUGATION','Mood':'INDICATIVE','Numerus':'SINGULAR','Person':'PERSON_3','Pos':'V','Tense':'PRESENT','VerbType':'SEMIDEPONENT','Voice':'ACTIVE'},'name':'solet'}]}],'name':'soleo@V'}]">solet</w><c> </c><lb n="22" xml:id="bsb00000824_00263_22"></lb><w lemma="[{'id':165760,'ls':[{'id':3540,'name':'diligenter','wfs':[{'id':165764,'morph':{'ComparisonDegree':'SUPERLATIVE','Pos':'ADV'},'name':'diligentissime'}]}],'name':'diligenter@ADV'}]">diligentissime</w><c> </c><w lemma="[{'id':4185453,'ls':[{'id':2008,'name':'cogito','wfs':[{'id':4185534,'morph':{'ConjugationType':'FIRST_CONJUGATION','Mood':'INFINITIVE','Pos':'V','Tense':'PRESENT','VerbType':'TRANSITIVE','Voice':'ACTIVE'},'name':'cogitare'}]}],'name':'cogito@V'}]">cogitare</w><c>.</c></s></p></div></body></text></TEI>