<?xml version="1.0" ?><TEI xmlns="http://www.tei-c.org/ns/1.0"><teiHeader><fileDesc><titleStmt><title>MGH Auct. ant. 12: Cassiodori Senatoris Variae</title><editor>Mommsen, Theodor</editor></titleStmt><publicationStmt><publisher>Monumenta Germaniae Historica (MGH)</publisher><publisher>Bavarian State Library (BSB), München</publisher><idno type="BSB">bsb00000824</idno><idno type="MGH"><idno type="Annotation_created_by">sysop</idno><idno type="Annotation_created_on">Wed Oct 18 19:00:01 CEST 2017</idno><idno type="Annotation_last_changed_by">geelhaar</idno><idno type="Annotation_last_changed_on">Thu Aug 20 10:43:41 CEST 2020</idno><idno type="Author_(German)">Cassiodor (Flavius Magnus Aurelius Cassiodorus Senator)</idno><idno type="Author_(Latin)">Cassiodorus Vivariensis</idno><idno type="BSB">bsb00000824</idno><idno type="Bibliographical_Link">http://stabikat.de/DB=1/XMLPRS=N/PPN?PPN=235118842</idno><idno type="C_Stat">06</idno><idno type="C1">06</idno><idno type="C2">05</idno><idno type="Column">024</idno><idno type="Commentary">dated according to the edition (TG)</idno><idno type="Concordance_View">true</idno><idno type="Digital_Edition_Statement">Text retrieved from the critical edition and prepared by the BMBF funded project "Humanist Computer Interaction under Scrutiny"(https://humanist.hs-mainz.de/en/). The Latin Text Archive (LTA) version has been created at Goethe University Frankfurt by the CompHistSem-Work Group (hudesktop.hucompute.org).</idno><idno type="Edition">MGH Auctores antiquissimi 12</idno><idno type="LTA_Export">true</idno><idno type="Licence_Info">CC BY 4.0</idno><idno type="Multiple_Lemmata_under_a_unique_Super_lemma">0.00%</idno><idno type="Multiple_Super_lemmata">0.00%</idno><idno type="Multiple_Wordforms_under_a_unique_Lemma">0.00%</idno><idno type="Multiple_Wordforms._Tagger_based_result._Multiple_Lemmata_possible">0.00%</idno><idno type="Multiple_Wordforms._Tagger_based_result._Multiple_Super_Lemmata_possible">0.00%</idno><idno type="Not_yet_linked_or_unknown_Wordform">0.00%</idno><idno type="Page">024-025</idno><idno type="Provided_by">Monumenta Germaniae Historica</idno><idno type="RepFontMA">not available</idno><idno type="Status">c</idno><idno type="Text_Type">Letter</idno><idno type="Text_Type_Class">Letters</idno><idno type="Time">507/511</idno><idno type="Title">Variae 01.19 - Saturnino et Umbisvo viris spectabilibus Theodericus rex</idno><idno type="Type_of_Corpus">Corpus of Letters</idno><idno type="URL">http://www.mgh.de/dmgh/resolving/MGH_Auct._ant._12_S._24</idno><idno type="Unique_Wordform">100,00%</idno><idno type="Unique_Wordform._Tagger_based_result._Multiple_Lemmata_possible">0.00%</idno><idno type="Unique_Wordform._Tagger_based_result._Multiple_Super_lemmata_possible">0.00%</idno><idno type="VIAF_(Expression)">182693798</idno><idno type="VIAF_(Expression)_Link">http://viaf.org/viaf/182693798</idno><idno type="VIAF_(Person)">95230707</idno><idno type="VIAF_(Person)_Link">http://viaf.org/viaf/95230707</idno><idno type="Volume">Auct. ant. 12</idno><idno type="Year_of_Publication_(interpreted)">0511</idno>MGH Auct. ant. 12</idno><availability><licence target="http://creativecommons.org/licenses/by/4.0/"><p>Distributed under the Creative Commons Attribution 4.0 International (CC BY 4.0) license.</p><p>This license covers the annotations added by the Monumenta Germaniae Historica and the
            Bavarian State Library, Munich, in the course of project "digital MGH"
            <ref target="http://www.dmgh.de">http://www.dmgh.de</ref>, funded by the
            German Research Foundation (DFG).</p><p>We do not claim any rights on the text itself which is believed to be in the public domain.</p><p>If you distribute a copy or a derivative version of this file, please indicate the source
            of the file by mentioning the Monumenta Germaniae Historica (MGH) and the
            Bavarian State Library, Munich (BSB).</p></licence></availability><date when="2016-11-28T16:32:43+01:00">2016-11-28, 16:32:43</date></publicationStmt><sourceDesc><biblFull><titleStmt><title>Cassiodori Senatoris Variae</title><editor>Mommsen, Theodor</editor></titleStmt><publicationStmt><publisher>Weidmann</publisher><pubPlace>Berlin</pubPlace><date>1894</date></publicationStmt><seriesStmt><title>Auctores antiquissimi</title><biblScope unit="volume">12</biblScope></seriesStmt></biblFull></sourceDesc></fileDesc></teiHeader><text><body><div><lb n="23" xml:id="bsb00000824_00208_23"></lb><head n="3"><s><w lemma="[{'id':256746,'ls':[{'id':256770,'name':'undeviginti','wfs':[{'id':779486766,'morph':{'Casus':'INDECLINABLE','Pos':'NUM'},'name':'XVIIII'}]}],'name':'undeviginti@NUM'}]">XVIIII</w><c>.</c><c> </c><lb n="24" xml:id="bsb00000824_00208_24"></lb><w lemma="[{'id':593469,'ls':[{'id':593470,'name':'Saturninus','wfs':[{'id':593482,'morph':{'Casus':'DATIVE','DeclensionType':'SECOND_DECLENSION','Genus':'MASCULINE','Numerus':'SINGULAR','Pos':'NP'},'name':'Saturnino'}]}],'name':'Saturninus@NP'}]">SATURNINO</w><c> </c><w lemma="[{'id':109828,'ls':[{'id':109829,'name':'et','wfs':[{'id':109830,'morph':{'Pos':'CON'},'name':'et'}]}],'name':'et@CON'}]">ET</w><c> </c><w lemma="[{'id':779487047,'ls':[{'id':779487048,'name':'Vmbisvus','wfs':[{'id':779487049,'morph':{'Casus':'DATIVE','DeclensionType':'SECOND_DECLENSION','Genus':'MASCULINE','Numerus':'SINGULAR','Pos':'NP'},'name':'VMBISVO'}]}],'name':'Umbisuus@NP'}]">VMBISVO</w><c> </c><w lemma="[{'id':1466541,'ls':[{'id':743417409,'name':'VV (short)','wfs':[{'id':743417410,'morph':{'Numerus':'PLURAL','Pos':'NN'},'name':'VV'}]}],'name':'vir@NN'}]">VV</w><c>.</c><c> </c><w lemma="[{'id':3069095,'ls':[{'id':3069096,'name':'spectabilis','wfs':[{'id':782631404,'morph':{'Casus':'DATIVE','ComparisonDegree':'POSITIVE','DeclensionType':'THIRD_DECLENSION','Genus':'MASCULINE','Numerus':'PLURAL','Pos':'ADJ'},'name':'SS'}]}],'name':'spectabilis@ADJ'}]">SS</w><c>.</c><c> </c><w lemma="[{'id':624521,'ls':[{'id':624522,'name':'Theodericus','wfs':[{'id':243244190,'morph':{'Casus':'NOMINATIVE','DeclensionType':'SECOND_DECLENSION','Genus':'MASCULINE','Numerus':'SINGULAR','Pos':'NP'},'name':'Theodericus'}]}],'name':'Theodericus@NP'}]">THEODERICUS</w><c> </c><w lemma="[{'id':1329481,'ls':[{'id':7965,'name':'rex','wfs':[{'id':1329499,'morph':{'Casus':'NOMINATIVE','DeclensionType':'THIRD_DECLENSION','Genus':'MASCULINE','Numerus':'SINGULAR','Pos':'NN'},'name':'rex'}]}],'name':'rex@NN'}]">REX</w><c>.</c></s></head><note><s><hi rend="ITALICS"><w lemma="[{'id':759853,'ls':[{'id':807,'name':'annus','wfs':[{'id':382849904,'morph':{'Casus':'ABLATIVE','DeclensionType':'SECOND_DECLENSION','Genus':'MASCULINE','Numerus':'SINGULAR','Pos':'NN'},'name':'a'}]}],'name':'annus@NN'}]">a</w><c>.</c><c> </c><w lemma="[{'id':241346594,'ls':[{'id':241346595,'name':'NUMERAL','wfs':[{'id':241346596,'morph':{'Pos':'NUM'},'name':'NUMERAL'}]}],'name':'NUMERAL@NUM'}]">507</w><c>/</c><w lemma="[{'id':241346594,'ls':[{'id':241346595,'name':'NUMERAL','wfs':[{'id':241346596,'morph':{'Pos':'NUM'},'name':'NUMERAL'}]}],'name':'NUMERAL@NUM'}]">511</w></hi></s></note><lb n="25" xml:id="bsb00000824_00208_25"></lb><p><s><w lemma="[{'id':1034850,'ls':[{'id':1034851,'name':'fiscus','wfs':[{'id':1034864,'morph':{'Casus':'GENITIVE','DeclensionType':'SECOND_DECLENSION','Genus':'MASCULINE','Numerus':'SINGULAR','Pos':'NN'},'name':'fisci'}]}],'name':'fiscus@NN'}]">Fisci</w><c> </c><w lemma="[{'id':8038609,'ls':[{'id':9327,'name':'volo','wfs':[{'id':243116354,'morph':{'Mood':'INDICATIVE','Numerus':'PLURAL','Person':'PERSON_1','Pos':'V','Tense':'PRESENT','VerbType':'VERBA_ANOMALA','Voice':'ACTIVE'},'name':'volumus'}]}],'name':'volo@V'}]">volumus</w><c> </c><w lemma="[{'id':2605169,'ls':[{'id':5673,'name':'legalis','wfs':[{'id':2605256,'morph':{'Casus':'ACCUSATIVE','ComparisonDegree':'POSITIVE','DeclensionType':'THIRD_DECLENSION','Genus':'NEUTER','Numerus':'SINGULAR','Pos':'ADJ'},'name':'legale'}]}],'name':'legalis@ADJ'}]">legale</w><c> </c><w lemma="[{'id':4681710,'ls':[{'id':2987,'name':'custodio','wfs':[{'id':4681791,'morph':{'ConjugationType':'FOURTH_CONJUGATION','Mood':'INFINITIVE','Pos':'V','Tense':'PRESENT','VerbType':'TRANSITIVE','Voice':'ACTIVE'},'name':'custodire'}]}],'name':'custodio@V'}]">custodire</w><c> </c><w lemma="[{'id':883680,'ls':[{'id':2212,'name':'compendium','wfs':[{'id':243292907,'morph':{'Casus':'ACCUSATIVE','DeclensionType':'SECOND_DECLENSION','Genus':'NEUTER','Numerus':'SINGULAR','Pos':'NN'},'name':'compendium'}]}],'name':'compendium@NN'}]">compendium</w><c>,</c><c> </c><w lemma="[{'id':109966,'ls':[{'id':109967,'name':'quia','wfs':[{'id':109968,'morph':{'Pos':'CON'},'name':'quia'}]}],'name':'quia@CON'}]">quia</w><c> </c><w lemma="[{'id':244510439,'ls':[{'id':244510440,'name':'noster','wfs':[{'id':244510472,'morph':{'Casus':'NOMINATIVE','DeclensionType':'FIRST_DECLENSION','Genus':'FEMININE','Numerus':'SINGULAR','Pos':'PRO','PronounType':'POSSESSIVE'},'name':'nostra'}]}],'name':'noster@PRO'}]">nostra</w><c> </c><w lemma="[{'id':863829,'ls':[{'id':1956,'name':'clementia','wfs':[{'id':863843,'morph':{'Casus':'NOMINATIVE','DeclensionType':'FIRST_DECLENSION','Genus':'FEMININE','Numerus':'SINGULAR','Pos':'NN'},'name':'clementia'}]}],'name':'clementia@NN'}]">clementia</w><c> </c><w lemma="[{'id':1322669,'ls':[{'id':964024,'name':'res','wfs':[{'id':242825947,'morph':{'Casus':'ABLATIVE','DeclensionType':'FIFTH_DECLENSION','Genus':'FEMININE','Numerus':'PLURAL','Pos':'NN'},'name':'rebus'}]}],'name':'res@NN'}]">rebus</w><c> </c><w lemma="[{'id':2905058,'ls':[{'id':7523,'name':'proprius','wfs':[{'id':297496561,'morph':{'Casus':'ABLATIVE','ComparisonDegree':'POSITIVE','DeclensionType':'FIRST_DECLENSION','Genus':'FEMININE','Numerus':'PLURAL','Pos':'ADJ'},'name':'propriis'}]}],'name':'proprius@ADJ'}]">propriis</w><c> </c><lb n="26" xml:id="bsb00000824_00208_26"></lb><w lemma="[{'id':242815904,'ls':[{'id':244520791,'name':'videor','wfs':[{'id':232322737,'morph':{'ConjugationType':'SECOND_CONJUGATION','Mood':'INDICATIVE','Numerus':'SINGULAR','Person':'PERSON_3','Pos':'V','Tense':'PRESENT','VerbType':'DEPONENT','Voice':'PASSIVE'},'name':'videtur'}]}],'name':'videor@V'}]">videtur</w><c> </c><w lemma="[{'id':7617143,'ls':[{'id':7617144,'name':'sum','wfs':[{'id':7617145,'morph':{'Mood':'INFINITIVE','Pos':'V','Tense':'PRESENT','VerbType':'VERBA_ANOMALA','Voice':'ACTIVE'},'name':'esse'}]}],'name':'sum@V'}]">esse</w><c> </c><w lemma="[{'id':2023562,'ls':[{'id':2637,'name':'contentus','wfs':[{'id':2023634,'morph':{'Casus':'NOMINATIVE','ComparisonDegree':'POSITIVE','DeclensionType':'FIRST_DECLENSION','Genus':'FEMININE','Numerus':'SINGULAR','Pos':'ADJ'},'name':'contenta'}]}],'name':'contentus@ADJ'}]">contenta</w><c>,</c><c> </c><w lemma="[{'id':109828,'ls':[{'id':109829,'name':'et','wfs':[{'id':109830,'morph':{'Pos':'CON'},'name':'et'}]}],'name':'et@CON'}]">et</w><c> </c><w lemma="[{'id':235568,'ls':[{'id':8310,'name':'sicut','wfs':[{'id':235569,'morph':{'Pos':'ADV'},'name':'sicut'}]}],'name':'sicut@ADV'}]">sicut</w><c> </c><w lemma="[{'id':1194950,'ls':[{'id':1194951,'name':'nullus','wfs':[{'id':1194960,'morph':{'Casus':'ACCUSATIVE','DeclensionType':'SECOND_DECLENSION','Genus':'MASCULINE','Numerus':'SINGULAR','Pos':'NN'},'name':'nullum'}]}],'name':'nullus@NN'}]">nullum</w><c> </c><w lemma="[{'id':5609409,'ls':[{'id':4722,'name':'gravo','wfs':[{'id':5610664,'morph':{'ConjugationType':'FIRST_CONJUGATION','Mood':'INFINITIVE','Pos':'V','Tense':'PRESENT','VerbType':'TRANSITIVE','Voice':'ACTIVE'},'name':'gravare'}]}],'name':'gravo@V'}]">gravare</w><c> </c><w lemma="[{'id':4669725,'ls':[{'id':2957,'name':'cupio','wfs':[{'id':4669847,'morph':{'ConjugationType':'THIRD_CONJUGATION','Mood':'INDICATIVE','Numerus':'PLURAL','Person':'PERSON_1','Pos':'V','Tense':'PRESENT','VerbType':'TRANSITIVE','Voice':'ACTIVE'},'name':'cupimus'}]}],'name':'cupio@V'}]">cupimus</w><c>,</c><c> </c><w lemma="[{'id':196519,'ls':[{'id':5544,'name':'ita','wfs':[{'id':196520,'morph':{'Pos':'ADV'},'name':'ita'}]}],'name':'ita@ADV'}]">ita</w><c> </c><w lemma="[{'id':242816286,'ls':[{'id':242816287,'name':'nos','wfs':[{'id':594760049,'morph':{'Casus':'DATIVE','Genus':'MASCULINE','Numerus':'PLURAL','Pos':'PRO','PronounType':'PERSONAL'},'name':'nobis'}]}],'name':'nos@PRO'}]">nobis</w><c> </c><w lemma="[{'id':937260,'ls':[{'id':3036,'name':'debitum','wfs':[{'id':937261,'morph':{'Casus':'ACCUSATIVE','DeclensionType':'SECOND_DECLENSION','Genus':'NEUTER','Numerus':'PLURAL','Pos':'NN'},'name':'debita'}]}],'name':'debitum@NN'}]">debita</w><c> </c><w lemma="[{'id':6585053,'ls':[{'id':6933,'name':'perdo','wfs':[{'id':6585134,'morph':{'ConjugationType':'THIRD_CONJUGATION','Mood':'INFINITIVE','Pos':'V','Tense':'PRESENT','VerbType':'TRANSITIVE','Voice':'ACTIVE'},'name':'perdere'}]}],'name':'perdo@V'}]">perdere</w><c> </c><w lemma="[{'id':206035,'ls':[{'id':6416,'name':'non','wfs':[{'id':241322627,'morph':{'Pos':'ADV'},'name':'non'}]}],'name':'non@ADV'}]">non</w><c> </c><lb n="27" xml:id="bsb00000824_00208_27"></lb><w lemma="[{'id':4694501,'ls':[{'id':3027,'name':'debeo','wfs':[{'id':4694614,'morph':{'ConjugationType':'SECOND_CONJUGATION','Mood':'INDICATIVE','Numerus':'PLURAL','Person':'PERSON_1','Pos':'V','Tense':'PRESENT','VerbType':'TRANSITIVE','Voice':'ACTIVE'},'name':'debemus'}]}],'name':'debeo@V'}]">debemus</w><c>.</c><c> </c></s><s><w lemma="[{'id':1092263,'ls':[{'id':1092264,'name':'indigentia','wfs':[{'id':1092273,'morph':{'Casus':'ACCUSATIVE','DeclensionType':'FIRST_DECLENSION','Genus':'FEMININE','Numerus':'SINGULAR','Pos':'NN'},'name':'indigentiam'}]}],'name':'indigentia@NN'}]">indigentiam</w><c> </c><w lemma="[{'id':197240,'ls':[{'id':197241,'name':'iuste','wfs':[{'id':197243,'morph':{'ComparisonDegree':'POSITIVE','Pos':'ADV'},'name':'iuste'}]}],'name':'iuste@ADV'}]">iuste</w><c> </c><w lemma="[{'id':5564837,'ls':[{'id':4543,'name':'fugio','wfs':[{'id':5564983,'morph':{'ConjugationType':'THIRD_CONJUGATION','Mood':'INDICATIVE','Numerus':'PLURAL','Person':'PERSON_1','Pos':'V','Tense':'PERFECT','VerbType':'TRANSITIVE','Voice':'ACTIVE'},'name':'fugimus'}]}],'name':'fugio@V'}]">fugimus</w><c>,</c><c> </c><w lemma="[{'id':242816363,'ls':[{'id':242816364,'name':'qui','wfs':[{'id':296826594,'morph':{'Casus':'NOMINATIVE','Genus':'FEMININE','Numerus':'SINGULAR','Pos':'PRO','PronounType':'RELATIVE'},'name':'quae'}]}],'name':'qui@PRO'}]">quae</w><c> </c><w lemma="[{'id':7438573,'ls':[{'id':8549,'name':'suadeo','wfs':[{'id':7438888,'morph':{'ConjugationType':'SECOND_CONJUGATION','Mood':'INDICATIVE','Numerus':'SINGULAR','Person':'PERSON_3','Pos':'V','Tense':'PRESENT','VerbType':'TRANSITIVE','Voice':'ACTIVE'},'name':'suadet'}]}],'name':'suadeo@V'}]">suadet</w><c> </c><w lemma="[{'id':1010698,'ls':[{'id':4037,'name':'excessus','wfs':[{'id':1010700,'morph':{'Casus':'ACCUSATIVE','DeclensionType':'FOURTH_DECLENSION','Genus':'MASCULINE','Numerus':'PLURAL','Pos':'NN'},'name':'excessus'}]}],'name':'excessus@NN'}]">excessus</w><c>,</c><c> </c><w lemma="[{'id':109813,'ls':[{'id':109814,'name':'dum','wfs':[{'id':109815,'morph':{'Pos':'CON'},'name':'dum'}]}],'name':'dum@CON'}]">dum</w><c> </c><w lemma="[{'id':242404756,'ls':[{'id':2809165,'name':'perniciosus','wfs':[{'id':2809229,'morph':{'Casus':'NOMINATIVE','ComparisonDegree':'POSITIVE','DeclensionType':'FIRST_DECLENSION','Genus':'FEMININE','Numerus':'SINGULAR','Pos':'ADJ'},'name':'perniciosa'}]}],'name':'pernitiosus@ADJ'}]">perniciosa</w><c> </c><w lemma="[{'id':1322669,'ls':[{'id':964024,'name':'res','wfs':[{'id':964026,'morph':{'Casus':'NOMINATIVE','DeclensionType':'FIFTH_DECLENSION','Genus':'FEMININE','Numerus':'SINGULAR','Pos':'NN'},'name':'res'}]}],'name':'res@NN'}]">res</w><c> </c><w lemma="[{'id':7617143,'ls':[{'id':7617144,'name':'sum','wfs':[{'id':242825881,'morph':{'Mood':'INDICATIVE','Numerus':'SINGULAR','Person':'PERSON_3','Pos':'V','Tense':'PRESENT','VerbType':'VERBA_ANOMALA','Voice':'ACTIVE'},'name':'est'}]}],'name':'sum@V'}]">est</w><c> </c><lb n="28" xml:id="bsb00000824_00208_28"></lb><w lemma="[{'id':109577,'ls':[{'id':109578,'name':'in','wfs':[{'id':109579,'morph':{'Pos':'AP'},'name':'in'}]}],'name':'in@AP'}]">in</w><c> </c><w lemma="[{'id':5722946,'ls':[{'id':4981,'name':'impero','wfs':[{'id':5722977,'morph':{'Casus':'ABLATIVE','ConjugationType':'FIRST_CONJUGATION','Genus':'MASCULINE','Mood':'PARTICIPLE','Numerus':'SINGULAR','Pos':'V','Tense':'PRESENT','VerbType':'TRANSITIVE','Voice':'ACTIVE'},'name':'imperante'}]}],'name':'impero@V'}]">imperante</w><c> </c><w lemma="[{'id':1413816,'ls':[{'id':1413817,'name':'tenuitas','wfs':[{'id':1413829,'morph':{'Casus':'NOMINATIVE','DeclensionType':'THIRD_DECLENSION','Genus':'FEMININE','Numerus':'SINGULAR','Pos':'NN'},'name':'tenuitas'}]}],'name':'tenuitas@NN'}]">tenuitas</w><c>.</c><c> </c></s><s><w lemma="[{'id':1171851,'ls':[{'id':6157,'name':'modus','wfs':[{'id':1171885,'morph':{'Casus':'NOMINATIVE','DeclensionType':'SECOND_DECLENSION','Genus':'MASCULINE','Numerus':'SINGULAR','Pos':'NN'},'name':'modus'}]}],'name':'modus@NN'}]">modus</w><c> </c><w lemma="[{'id':249371,'ls':[{'id':249372,'name':'ubique','wfs':[{'id':249374,'morph':{'ComparisonDegree':'POSITIVE','Pos':'ADV'},'name':'ubique'}]}],'name':'ubique@ADV'}]">ubique</w><c> </c><w lemma="[{'id':6130438,'ls':[{'id':5644,'name':'laudo','wfs':[{'id':497605052,'morph':{'Casus':'NOMINATIVE','ComparisonDegree':'POSITIVE','DeclensionType':'SECOND_DECLENSION','Genus':'MASCULINE','Mood':'GERUNDIVE','Numerus':'SINGULAR','Pos':'V'},'name':'laudandus'}]}],'name':'laudo@V'}]">laudandus</w><c> </c><w lemma="[{'id':7617143,'ls':[{'id':7617144,'name':'sum','wfs':[{'id':242825881,'morph':{'Mood':'INDICATIVE','Numerus':'SINGULAR','Person':'PERSON_3','Pos':'V','Tense':'PRESENT','VerbType':'VERBA_ANOMALA','Voice':'ACTIVE'},'name':'est'}]}],'name':'sum@V'}]">est</w><c>.</c><c> </c></s><s><w lemma="[{'id':109861,'ls':[{'id':109862,'name':'nam','wfs':[{'id':109863,'morph':{'Pos':'CON'},'name':'nam'}]}],'name':'nam@CON'}]">nam</w><c> </c><w lemma="[{'id':157070,'ls':[{'id':2961,'name':'cur','wfs':[{'id':157071,'morph':{'ComparisonDegree':'POSITIVE','Pos':'ADV'},'name':'cur'}]}],'name':'cur@ADV'}]">cur</w><c> </c><w lemma="[{'id':109788,'ls':[{'id':109789,'name':'aut','wfs':[{'id':109790,'morph':{'Pos':'CON'},'name':'aut'}]}],'name':'aut@CON'}]">aut</w><c> </c><w lemma="[{'id':3297606,'ls':[{'id':3297722,'name':'vituperabilis','wfs':[{'id':3297802,'morph':{'Casus':'NOMINATIVE','ComparisonDegree':'POSITIVE','DeclensionType':'THIRD_DECLENSION','Genus':'FEMININE','Numerus':'SINGULAR','Pos':'ADJ'},'name':'vituperabilis'}]}],'name':'vituperabilis@ADJ'}]">vituperabilis</w><c> </c><lb n="29" xml:id="bsb00000824_00208_29"></lb><w lemma="[{'id':1188438,'ls':[{'id':6368,'name':'neglegentia','wfs':[{'id':1188464,'morph':{'Casus':'NOMINATIVE','DeclensionType':'FIRST_DECLENSION','Genus':'FEMININE','Numerus':'SINGULAR','Pos':'NN'},'name':'neglegentia'}]}],'name':'neglegentia@NN'}]">neglegentia</w><c> </c><w lemma="[{'id':109577,'ls':[{'id':109578,'name':'in','wfs':[{'id':109579,'morph':{'Pos':'AP'},'name':'in'}]}],'name':'in@AP'}]">in</w><c> </c><w lemma="[{'id':1287034,'ls':[{'id':1287035,'name':'proprium','wfs':[{'id':243435176,'morph':{'Casus':'ABLATIVE','DeclensionType':'SECOND_DECLENSION','Genus':'NEUTER','Numerus':'PLURAL','Pos':'NN'},'name':'propriis'}]}],'name':'proprium@NN'}]">propriis</w><c> </c><w lemma="[{'id':4749658,'ls':[{'id':3128,'name':'defluo','wfs':[{'id':379708,'morph':{'ConjugationType':'THIRD_CONJUGATION','Mood':'SUBJUNCTIVE','Numerus':'SINGULAR','Person':'PERSON_3','Pos':'V','Tense':'PRESENT','VerbType':'INTRANSITIVE','Voice':'ACTIVE'},'name':'defluat'}]}],'name':'defluo@V'}]">defluat</w><c> </c><w lemma="[{'id':109788,'ls':[{'id':109789,'name':'aut','wfs':[{'id':109790,'morph':{'Pos':'CON'},'name':'aut'}]}],'name':'aut@CON'}]">aut</w><c> </c><w lemma="[{'id':1587169,'ls':[{'id':1587170,'name':'alienus','wfs':[{'id':1587256,'morph':{'Casus':'NOMINATIVE','ComparisonDegree':'POSITIVE','DeclensionType':'FIRST_DECLENSION','Genus':'FEMININE','Numerus':'SINGULAR','Pos':'ADJ'},'name':'aliena'}]}],'name':'alienus@ADJ'}]">aliena</w><c> </c><w lemma="[{'id':930106,'ls':[{'id':930107,'name':'cupiditas','wfs':[{'id':930120,'morph':{'Casus':'NOMINATIVE','DeclensionType':'THIRD_DECLENSION','Genus':'FEMININE','Numerus':'SINGULAR','Pos':'NN'},'name':'cupiditas'}]}],'name':'cupiditas@NN'}]">cupiditas</w><c> </c><w lemma="[{'id':3226433,'ls':[{'id':8996,'name':'turpis','wfs':[{'id':3226529,'morph':{'Casus':'NOMINATIVE','ComparisonDegree':'POSITIVE','DeclensionType':'THIRD_DECLENSION','Genus':'FEMININE','Numerus':'SINGULAR','Pos':'ADJ'},'name':'turpis'}]}],'name':'turpis@ADJ'}]">turpis</w><c> </c><w lemma="[{'id':3348501,'ls':[{'id':51,'name':'abrado','wfs':[{'id':3348825,'morph':{'ConjugationType':'THIRD_CONJUGATION','Mood':'SUBJUNCTIVE','Numerus':'SINGULAR','Person':'PERSON_3','Pos':'V','Tense':'PRESENT','VerbType':'TRANSITIVE','Voice':'ACTIVE'},'name':'abradat'}]}],'name':'abrado@V'}]">abradat</w><c>?</c><c> </c></s><s><w lemma="[{'id':109828,'ls':[{'id':109829,'name':'et','wfs':[{'id':109830,'morph':{'Pos':'CON'},'name':'et'}]}],'name':'et@CON'}]">Et</w><c> </c><w lemma="[{'id':183546,'ls':[{'id':183547,'name':'ideo','wfs':[{'id':183548,'morph':{'ComparisonDegree':'POSITIVE','Pos':'ADV'},'name':'ideo'}]}],'name':'ideo@ADV'}]">ideo</w><c> </c><w lemma="[{'id':2874459,'ls':[{'id':242457998,'name':'praesens','wfs':[{'id':244213372,'morph':{'Casus':'ABLATIVE','ComparisonDegree':'POSITIVE','DeclensionType':'THIRD_DECLENSION','Genus':'FEMININE','Numerus':'SINGULAR','Pos':'ADJ'},'name':'praesenti'}]}],'name':'praesens@ADJ'}]">praesenti</w><c> </c><w lemma="[{'id':242816974,'ls':[{'id':242816975,'name':'vos','wfs':[{'id':242816977,'morph':{'Casus':'DATIVE','Numerus':'PLURAL','Pos':'PRO','PronounType':'PERSONAL'},'name':'vobis'}]}],'name':'vos@PRO'}]">vobis</w><c> </c><lb n="30" xml:id="bsb00000824_00208_30"></lb><w lemma="[{'id':1123200,'ls':[{'id':1123201,'name':'iussio','wfs':[{'id':243379762,'morph':{'Casus':'ABLATIVE','DeclensionType':'THIRD_DECLENSION','Genus':'FEMININE','Numerus':'SINGULAR','Pos':'NN'},'name':'iussione'}]}],'name':'iussio@NN'}]">iussione</w><c> </c><w lemma="[{'id':6758115,'ls':[{'id':7274,'name':'praecipio','wfs':[{'id':6758228,'morph':{'ConjugationType':'THIRD_CONJUGATION','Mood':'INDICATIVE','Numerus':'PLURAL','Person':'PERSON_1','Pos':'V','Tense':'PRESENT','VerbType':'TRANSITIVE','Voice':'ACTIVE'},'name':'praecipimus'}]}],'name':'praecipio@V'}]">praecipimus</w><c>,</c><c> </c><w lemma="[{'id':110061,'ls':[{'id':110062,'name':'ut','wfs':[{'id':110063,'morph':{'Pos':'CON'},'name':'ut'}]}],'name':'ut@CON'}]">ut</w><c> </c><w lemma="[{'id':570256,'ls':[{'id':570257,'name':'Adriana','wfs':[{'id':570276,'morph':{'Casus':'GENITIVE','DeclensionType':'FIRST_DECLENSION','Genus':'FEMININE','Numerus':'SINGULAR','Pos':'NE'},'name':'Adrianae'}]}],'name':'Adriana@NE'}]">Adrianae</w><c> </c><w lemma="[{'id':861918,'ls':[{'id':1922,'name':'civitas','wfs':[{'id':861946,'morph':{'Casus':'GENITIVE','DeclensionType':'THIRD_DECLENSION','Genus':'FEMININE','Numerus':'SINGULAR','Pos':'NN'},'name':'civitatis'}]}],'name':'civitas@NN'}]">civitatis</w><c> </c><w lemma="[{'id':931437,'ls':[{'id':931438,'name':'curialis','wfs':[{'id':931445,'morph':{'Casus':'GENITIVE','DeclensionType':'THIRD_DECLENSION','Genus':'MASCULINE','Numerus':'PLURAL','Pos':'NN'},'name':'curialium'}]}],'name':'curialis@NN'}]">curialium</w><c> </c><w lemma="[{'id':1102214,'ls':[{'id':1102215,'name':'insinuatio','wfs':[{'id':243371339,'morph':{'Casus':'ABLATIVE','DeclensionType':'THIRD_DECLENSION','Genus':'FEMININE','Numerus':'SINGULAR','Pos':'NN'},'name':'insinuatione'}]}],'name':'insinuatio@NN'}]">insinuatione</w><c> </c><w lemma="[{'id':7755891,'ls':[{'id':8690,'name':'suscipio','wfs':[{'id':7756763,'morph':{'Casus':'ABLATIVE','ConjugationType':'THIRD_CONJUGATION','Genus':'FEMININE','Mood':'PARTICIPLE','Numerus':'SINGULAR','Pos':'V','Tense':'PERFECT','VerbType':'TRANSITIVE','Voice':'PASSIVE'},'name':'suscepta'}]}],'name':'suscipio@V'}]">suscepta</w><c>,</c><c> </c><w lemma="[{'id':242816449,'ls':[{'id':242816450,'name':'quicumque','wfs':[{'id':382867632,'morph':{'Casus':'NOMINATIVE','Genus':'MASCULINE','Numerus':'SINGULAR','Pos':'PRO','PronounType':'RELATIVE'},'name':'quicumque'}]}],'name':'quicumque@PRO'}]">quicumque</w><c> </c><lb n="31" xml:id="bsb00000824_00208_31"></lb><w lemma="[{'id':436483,'ls':[{'id':436484,'name':'Gothus','wfs':[{'id':436488,'morph':{'Casus':'GENITIVE','DeclensionType':'SECOND_DECLENSION','Genus':'MASCULINE','Numerus':'PLURAL','Pos':'NE'},'name':'Gothorum'}]}],'name':'Gothus@NE'}]">Gothorum</w><c> </c><w lemma="[{'id':1034850,'ls':[{'id':1034851,'name':'fiscus','wfs':[{'id':1034860,'morph':{'Casus':'ACCUSATIVE','DeclensionType':'SECOND_DECLENSION','Genus':'MASCULINE','Numerus':'SINGULAR','Pos':'NN'},'name':'fiscum'}]}],'name':'fiscus@NN'}]">fiscum</w><c> </c><w lemma="[{'id':4925691,'ls':[{'id':3444,'name':'detrecto','wfs':[{'id':4926478,'morph':{'ConjugationType':'FIRST_CONJUGATION','Mood':'INDICATIVE','Numerus':'SINGULAR','Person':'PERSON_3','Pos':'V','Tense':'PRESENT','VerbType':'TRANSITIVE','Voice':'ACTIVE'},'name':'detrectat'}]}],'name':'detrecto@V'}]">detrectat</w><c> </c><w lemma="[{'id':5732472,'ls':[{'id':4999,'name':'impleo','wfs':[{'id':5732553,'morph':{'ConjugationType':'SECOND_CONJUGATION','Mood':'INFINITIVE','Pos':'V','Tense':'PRESENT','VerbType':'TRANSITIVE','Voice':'ACTIVE'},'name':'implere'}]}],'name':'impleo@V'}]">implere</w><c>,</c><c> </c><w lemma="[{'id':242816207,'ls':[{'id':242816208,'name':'is','wfs':[{'id':242816231,'morph':{'Casus':'ACCUSATIVE','Genus':'MASCULINE','Numerus':'SINGULAR','Pos':'PRO','PronounType':'PERSONAL'},'name':'eum'}]}],'name':'is@PRO'}]">eum</w><c> </c><w lemma="[{'id':109453,'ls':[{'id':109454,'name':'ad','wfs':[{'id':109455,'morph':{'Pos':'AP'},'name':'ad'}]}],'name':'ad@AP'}]">ad</w><c> </c><w lemma="[{'id':729556,'ls':[{'id':516,'name':'aequitas','wfs':[{'id':243116310,'morph':{'Casus':'ACCUSATIVE','DeclensionType':'THIRD_DECLENSION','Genus':'FEMININE','Numerus':'SINGULAR','Pos':'NN'},'name':'aequitatem'}]}],'name':'aequitas@NN'}]">aequitatem</w><c> </c><w lemma="[{'id':1312259,'ls':[{'id':1312260,'name':'redhibitio','wfs':[{'id':1312263,'morph':{'Casus':'GENITIVE','DeclensionType':'THIRD_DECLENSION','Genus':'FEMININE','Numerus':'SINGULAR','Pos':'NN'},'name':'redhibitionis'}]}],'name':'redhibitio@NN'}]">redhibitionis</w><c> </c><w lemma="[{'id':3723347,'ls':[{'id':4509259,'name':'arto','wfs':[{'id':4999356,'morph':{'ConjugationType':'FIRST_CONJUGATION','Mood':'SUBJUNCTIVE','Numerus':'PLURAL','Person':'PERSON_2','Pos':'V','Tense':'PRESENT','VerbType':'TRANSITIVE','Voice':'ACTIVE'},'name':'artetis'}]}],'name':'arcto@V'}]">artetis</w><c>,</c><c> </c><w lemma="[{'id':109868,'ls':[{'id':109869,'name':'ne','wfs':[{'id':109870,'morph':{'Pos':'CON'},'name':'ne'}]}],'name':'ne@CON'}]">ne</w><c> </c><w lemma="[{'id':3183231,'ls':[{'id':8788,'name':'tenuis','wfs':[{'id':3183345,'morph':{'Casus':'NOMINATIVE','ComparisonDegree':'POSITIVE','DeclensionType':'THIRD_DECLENSION','Genus':'MASCULINE','Numerus':'SINGULAR','Pos':'ADJ'},'name':'tenuis'}]}],'name':'tenuis@ADJ'}]">tenuis</w><c> </c><pb n="25" xml:id="bsb00000824_00209"></pb><lb n="1" xml:id="bsb00000824_00209_1"></lb><w lemma="[{'id':109545,'ls':[{'id':109546,'name':'de','wfs':[{'id':109547,'morph':{'Pos':'AP'},'name':'de'}]}],'name':'de@AP'}]">de</w><c> </c><w lemma="[{'id':1287034,'ls':[{'id':1287035,'name':'proprium','wfs':[{'id':243435184,'morph':{'Casus':'ABLATIVE','DeclensionType':'SECOND_DECLENSION','Genus':'NEUTER','Numerus':'SINGULAR','Pos':'NN'},'name':'proprio'}]}],'name':'proprium@NN'}]">proprio</w><c> </c><w lemma="[{'id':4187754,'ls':[{'id':2007,'name':'cogo','wfs':[{'id':4188079,'morph':{'ConjugationType':'THIRD_CONJUGATION','Mood':'SUBJUNCTIVE','Numerus':'SINGULAR','Person':'PERSON_3','Pos':'V','Tense':'PRESENT','VerbType':'TRANSITIVE','Voice':'PASSIVE'},'name':'cogatur'}]}],'name':'cogo@V'}]">cogatur</w><c> </c><w lemma="[{'id':5418749,'ls':[{'id':4174,'name':'exsolvo','wfs':[{'id':5420311,'morph':{'ConjugationType':'THIRD_CONJUGATION','Mood':'INFINITIVE','Pos':'V','Tense':'PRESENT','VerbType':'TRANSITIVE','Voice':'ACTIVE'},'name':'exsolvere'}]}],'name':'exsolvo@V'}]">exsolvere</w><c>,</c><c> </c><w lemma="[{'id':109986,'ls':[{'id':109987,'name':'quod','wfs':[{'id':109988,'morph':{'Pos':'CON'},'name':'quod'}]}],'name':'quod@CON'}]">quod</w><c> </c><w lemma="[{'id':4508476,'ls':[{'id':4508477,'name':'constat','wfs':[{'id':4508638,'morph':{'ConjugationType':'FIRST_CONJUGATION','Mood':'INDICATIVE','Numerus':'SINGULAR','Person':'PERSON_3','Pos':'V','Tense':'PRESENT','VerbType':'IMPERSONAL','Voice':'ACTIVE'},'name':'constat'}]}],'name':'constat@V'}]">constat</w><c> </c><w lemma="[{'id':2403147,'ls':[{'id':2403148,'name':'idoneus','wfs':[{'id':2403175,'morph':{'Casus':'ACCUSATIVE','ComparisonDegree':'POSITIVE','DeclensionType':'SECOND_DECLENSION','Genus':'MASCULINE','Numerus':'PLURAL','Pos':'ADJ'},'name':'idoneos'}]}],'name':'idoneus@ADJ'}]">idoneos</w><c> </c><w lemma="[{'id':188843,'ls':[{'id':188844,'name':'indebite','wfs':[{'id':188847,'morph':{'ComparisonDegree':'POSITIVE','Pos':'ADV'},'name':'indebite'}]}],'name':'indebite@ADV'}]">indebite</w><c> </c><w lemma="[{'id':4920755,'ls':[{'id':3434,'name':'detineo','wfs':[{'id':4920836,'morph':{'ConjugationType':'SECOND_CONJUGATION','Mood':'INFINITIVE','Pos':'V','Tense':'PRESENT','VerbType':'TRANSITIVE','Voice':'ACTIVE'},'name':'detinere'}]}],'name':'detineo@V'}]">detinere</w><c>:</c><c> </c><w lemma="[{'id':242815996,'ls':[{'id':242815997,'name':'hic','wfs':[{'id':244509636,'morph':{'Casus':'ABLATIVE','Genus':'FEMININE','Numerus':'SINGULAR','Pos':'PRO','PronounType':'DEMONSTRATIVE'},'name':'hac'}]}],'name':'hic@PRO'}]">hac</w><c> </c><w lemma="[{'id':233002,'ls':[{'id':8162,'name':'scilicet','wfs':[{'id':241336076,'morph':{'Pos':'ADV'},'name':'scilicet'}]}],'name':'scilicet@ADV'}]">scilicet</w><c> </c><w lemma="[{'id':1307428,'ls':[{'id':7734,'name':'ratio','wfs':[{'id':241472615,'morph':{'Casus':'ABLATIVE','DeclensionType':'THIRD_DECLENSION','Genus':'FEMININE','Numerus':'SINGULAR','Pos':'NN'},'name':'ratione'}]}],'name':'ratio@NN'}]">ratione</w><c> </c><lb n="2" xml:id="bsb00000824_00209_2"></lb><w lemma="[{'id':7367147,'ls':[{'id':8287,'name':'servo','wfs':[{'id':7367606,'morph':{'Casus':'ABLATIVE','ConjugationType':'FIRST_CONJUGATION','Genus':'FEMININE','Mood':'PARTICIPLE','Numerus':'SINGULAR','Pos':'V','Tense':'PERFECT','VerbType':'TRANSITIVE','Voice':'PASSIVE'},'name':'servata'}]}],'name':'servo@V'}]">servata</w><c>,</c><c> </c><w lemma="[{'id':110061,'ls':[{'id':110062,'name':'ut','wfs':[{'id':110063,'morph':{'Pos':'CON'},'name':'ut'}]}],'name':'ut@CON'}]">ut</w><c> </c><w lemma="[{'id':110020,'ls':[{'id':110021,'name':'si','wfs':[{'id':110022,'morph':{'Pos':'CON'},'name':'si'}]}],'name':'si@CON'}]">si</w><c> </c><w lemma="[{'id':242815921,'ls':[{'id':242815922,'name':'aliquis','wfs':[{'id':595339718,'morph':{'Casus':'NOMINATIVE','Genus':'MASCULINE','Numerus':'SINGULAR','Pos':'PRO','PronounType':'INDEFINITE'},'name':'quis'}]}],'name':'aliquis@PRO'}]">quis</w><c> </c><w lemma="[{'id':909987,'ls':[{'id':2685,'name':'contumacia','wfs':[{'id':909999,'morph':{'Casus':'GENITIVE','DeclensionType':'FIRST_DECLENSION','Genus':'FEMININE','Numerus':'SINGULAR','Pos':'NN'},'name':'contumaciae'}]}],'name':'contumacia@NN'}]">contumaciae</w><c> </c><w lemma="[{'id':1469706,'ls':[{'id':9307,'name':'vitium','wfs':[{'id':243500851,'morph':{'Casus':'ABLATIVE','DeclensionType':'SECOND_DECLENSION','Genus':'NEUTER','Numerus':'SINGULAR','Pos':'NN'},'name':'vitio'}]}],'name':'vitium@NN'}]">vitio</w><c> </c><w lemma="[{'id':6203526,'ls':[{'id':5924,'name':'malo','wfs':[{'id':244515751,'morph':{'Pos':'V'},'name':'maluerit'}]}],'name':'malo@V'}]">maluerit</w><c> </c><w lemma="[{'id':244510439,'ls':[{'id':244510440,'name':'noster','wfs':[{'id':457578023,'morph':{'Casus':'ACCUSATIVE','DeclensionType':'SECOND_DECLENSION','Genus':'NEUTER','Numerus':'PLURAL','Pos':'PRO','PronounType':'POSSESSIVE'},'name':'nostra'}]}],'name':'noster@PRO'}]">nostra</w><c> </c><w lemma="[{'id':1123242,'ls':[{'id':1123243,'name':'iussum','wfs':[{'id':1123244,'morph':{'Casus':'ACCUSATIVE','DeclensionType':'SECOND_DECLENSION','Genus':'NEUTER','Numerus':'PLURAL','Pos':'NN'},'name':'iussa'}]}],'name':'iussum@NN'}]">iussa</w><c> </c><w lemma="[{'id':7777796,'ls':[{'id':8744,'name':'tardo','wfs':[{'id':7777877,'morph':{'ConjugationType':'FIRST_CONJUGATION','Mood':'INFINITIVE','Pos':'V','Tense':'PRESENT','VerbType':'TRANSITIVE','Voice':'ACTIVE'},'name':'tardare'}]}],'name':'tardo@V'}]">tardare</w><c>,</c><c> </c><w lemma="[{'id':241279615,'ls':[{'id':241279619,'name':'cum','wfs':[{'id':241279620,'morph':{'Pos':'CON'},'name':'cum'}]}],'name':'cum@CON'}]">cum</w><c> </c><w lemma="[{'id':1177762,'ls':[{'id':1177763,'name':'multum','wfs':[{'id':1177764,'morph':{'Casus':'ACCUSATIVE','DeclensionType':'SECOND_DECLENSION','Genus':'NEUTER','Numerus':'PLURAL','Pos':'NN'},'name':'multa'}]}],'name':'multum@NN'}]">multa</w><c> </c><w lemma="[{'id':7086882,'ls':[{'id':7788,'name':'reddo','wfs':[{'id':7087206,'morph':{'ConjugationType':'THIRD_CONJUGATION','Mood':'SUBJUNCTIVE','Numerus':'SINGULAR','Person':'PERSON_3','Pos':'V','Tense':'PRESENT','VerbType':'TRANSITIVE','Voice':'ACTIVE'},'name':'reddat'}]}],'name':'reddo@V'}]">reddat</w><c> </c><lb n="3" xml:id="bsb00000824_00209_3"></lb><w lemma="[{'id':109986,'ls':[{'id':109987,'name':'quod','wfs':[{'id':109988,'morph':{'Pos':'CON'},'name':'quod'}]}],'name':'quod@CON'}]">quod</w><c> </c><w lemma="[{'id':4694501,'ls':[{'id':3027,'name':'debeo','wfs':[{'id':4694857,'morph':{'ConjugationType':'SECOND_CONJUGATION','Mood':'INDICATIVE','Numerus':'SINGULAR','Person':'PERSON_3','Pos':'V','Tense':'PERFECT','VerbType':'TRANSITIVE','Voice':'ACTIVE'},'name':'debuit'}]}],'name':'debeo@V'}]">debuit</w><c> </c><w lemma="[{'id':241306828,'ls':[{'id':241306833,'name':'etiam','wfs':[{'id':241306835,'morph':{'Pos':'ADV'},'name':'etiam'}]}],'name':'etiam@ADV'}]">etiam</w><c> </c><w lemma="[{'id':206035,'ls':[{'id':6416,'name':'non','wfs':[{'id':241322627,'morph':{'Pos':'ADV'},'name':'non'}]}],'name':'non@ADV'}]">non</w><c> </c><w lemma="[{'id':241805448,'ls':[{'id':241805449,'name':'compulsus','wfs':[{'id':241805537,'morph':{'Casus':'NOMINATIVE','ComparisonDegree':'POSITIVE','DeclensionType':'SECOND_DECLENSION','Genus':'MASCULINE','Numerus':'SINGULAR','Pos':'ADJ'},'name':'compulsus'}]}],'name':'compulsus@ADJ'}]">compulsus</w><c> </c><w lemma="[{'id':6465479,'ls':[{'id':6604,'name':'offero','wfs':[{'id':244483877,'morph':{'Mood':'INFINITIVE','Pos':'V','Tense':'PRESENT','VerbType':'TRANSITIVE','Voice':'ACTIVE'},'name':'offerre'}]}],'name':'offero@V'}]">offerre</w><c>,</c><c> </c><w lemma="[{'id':225825,'ls':[{'id':225826,'name':'quatenus','wfs':[{'id':225827,'morph':{'ComparisonDegree':'POSITIVE','Pos':'ADV'},'name':'quatenus'}]}],'name':'quatenus@ADV'}]">quatenus</w><c> </c><w lemma="[{'id':2908578,'ls':[{'id':2908691,'name':'protervus','wfs':[{'id':2908773,'morph':{'Casus':'ABLATIVE','ComparisonDegree':'POSITIVE','DeclensionType':'SECOND_DECLENSION','Genus':'MASCULINE','Numerus':'SINGULAR','Pos':'ADJ'},'name':'protervo'}]}],'name':'protervus@ADJ'}]">protervo</w><c> </c><w lemma="[{'id':1370724,'ls':[{'id':8444,'name':'spiritus','wfs':[{'id':244750258,'morph':{'Casus':'ABLATIVE','DeclensionType':'FOURTH_DECLENSION','Genus':'MASCULINE','Numerus':'SINGULAR','Pos':'NN'},'name':'spiritu'}]}],'name':'spiritus@NN'}]">spiritu</w><c> </c><w lemma="[{'id':188855,'ls':[{'id':188856,'name':'indecenter','wfs':[{'id':188859,'morph':{'ComparisonDegree':'POSITIVE','Pos':'ADV'},'name':'indecenter'}]}],'name':'indecenter@ADV'}]">indecenter</w><c> </c><w lemma="[{'id':5245621,'ls':[{'id':3939,'name':'erigo','wfs':[{'id':5245683,'morph':{'Casus':'NOMINATIVE','ConjugationType':'THIRD_CONJUGATION','Genus':'FEMININE','Mood':'PARTICIPLE','Numerus':'SINGULAR','Pos':'V','Tense':'PERFECT','VerbType':'TRANSITIVE','Voice':'PASSIVE'},'name':'erecta'}]}],'name':'erigo@V'}]">erecta</w><c> </c><lb n="4" xml:id="bsb00000824_00209_4"></lb><w lemma="[{'id':2444649,'ls':[{'id':484141292,'name':'inpunitus','wfs':[{'id':484141383,'morph':{'Casus':'NOMINATIVE','ComparisonDegree':'POSITIVE','DeclensionType':'FIRST_DECLENSION','Genus':'FEMININE','Numerus':'SINGULAR','Pos':'ADJ'},'name':'inpunita'}]}],'name':'impunitus@ADJ'}]">inpunita</w><c> </c><w lemma="[{'id':2586118,'ls':[{'id':2586119,'name':'iustus','wfs':[{'id':2586175,'morph':{'Casus':'DATIVE','ComparisonDegree':'POSITIVE','DeclensionType':'SECOND_DECLENSION','Genus':'NEUTER','Numerus':'PLURAL','Pos':'ADJ'},'name':'iustis'}]}],'name':'iustus@ADJ'}]">iustis</w><c> </c><w lemma="[{'id':1337219,'ls':[{'id':8041,'name':'saeculum','wfs':[{'id':1337239,'morph':{'Casus':'DATIVE','DeclensionType':'SECOND_DECLENSION','Genus':'NEUTER','Numerus':'PLURAL','Pos':'NN'},'name':'saeculis'}]}],'name':'saeculum@NN'}]">saeculis</w><c> </c><w lemma="[{'id':206035,'ls':[{'id':6416,'name':'non','wfs':[{'id':241322627,'morph':{'Pos':'ADV'},'name':'non'}]}],'name':'non@ADV'}]">non</w><c> </c><w lemma="[{'id':7131443,'ls':[{'id':7131444,'name':'relinquo','wfs':[{'id':7131769,'morph':{'ConjugationType':'THIRD_CONJUGATION','Mood':'SUBJUNCTIVE','Numerus':'SINGULAR','Person':'PERSON_3','Pos':'V','Tense':'PRESENT','VerbType':'TRANSITIVE','Voice':'PASSIVE'},'name':'relinquatur'}]}],'name':'relinquo@V'}]">relinquatur</w><c> </c><w lemma="[{'id':797144,'ls':[{'id':1186,'name':'audacia','wfs':[{'id':797158,'morph':{'Casus':'NOMINATIVE','DeclensionType':'FIRST_DECLENSION','Genus':'FEMININE','Numerus':'SINGULAR','Pos':'NN'},'name':'audacia'}]}],'name':'audacia@NN'}]">audacia</w><c>.</c></s></p></div></body></text></TEI>