<?xml version="1.0" ?><TEI xmlns="http://www.tei-c.org/ns/1.0"><teiHeader><fileDesc><titleStmt><title>MGH Auct. ant. 12: Cassiodori Senatoris Variae</title><editor>Mommsen, Theodor</editor></titleStmt><publicationStmt><publisher>Monumenta Germaniae Historica (MGH)</publisher><publisher>Bavarian State Library (BSB), München</publisher><idno type="BSB">bsb00000824</idno><idno type="MGH"><idno type="Annotation_created_by">sysop</idno><idno type="Annotation_created_on">Wed Oct 18 18:59:06 CEST 2017</idno><idno type="Annotation_last_changed_by">geelhaar</idno><idno type="Annotation_last_changed_on">Thu Aug 20 10:43:41 CEST 2020</idno><idno type="Author_(German)">Cassiodor (Flavius Magnus Aurelius Cassiodorus Senator)</idno><idno type="Author_(Latin)">Cassiodorus Vivariensis</idno><idno type="BSB">bsb00000824</idno><idno type="Bibliographical_Link">http://stabikat.de/DB=1/XMLPRS=N/PPN?PPN=235118842</idno><idno type="C_Stat">06</idno><idno type="C1">06</idno><idno type="C2">05</idno><idno type="Column">038</idno><idno type="Commentary">dated according to Stefan Krautschick, Cassiodor und die Politik seiner Zeit. Bonn 1983, 73.  (TG)</idno><idno type="Concordance_View">true</idno><idno type="Digital_Edition_Statement">Text retrieved from the critical edition and prepared by the BMBF funded project "Humanist Computer Interaction under Scrutiny"(https://humanist.hs-mainz.de/en/). The Latin Text Archive (LTA) version has been created at Goethe University Frankfurt by the CompHistSem-Work Group (hudesktop.hucompute.org).</idno><idno type="Edition">MGH Auctores antiquissimi 12</idno><idno type="LTA_Export">true</idno><idno type="Licence_Info">CC BY 4.0</idno><idno type="Multiple_Lemmata_under_a_unique_Super_lemma">0.00%</idno><idno type="Multiple_Super_lemmata">0.00%</idno><idno type="Multiple_Wordforms_under_a_unique_Lemma">0.00%</idno><idno type="Multiple_Wordforms._Tagger_based_result._Multiple_Lemmata_possible">0.00%</idno><idno type="Multiple_Wordforms._Tagger_based_result._Multiple_Super_Lemmata_possible">0.00%</idno><idno type="Not_yet_linked_or_unknown_Wordform">0.00%</idno><idno type="Page">038-039</idno><idno type="Provided_by">Monumenta Germaniae Historica</idno><idno type="RepFontMA">not available</idno><idno type="Status">c</idno><idno type="Text_Type">Letter</idno><idno type="Text_Type_Class">Letters</idno><idno type="Time">509.09.01 ante</idno><idno type="Title">Variae 01.43 - Senatui urbis Romae Theodericus rex</idno><idno type="Type_of_Corpus">Corpus of Letters</idno><idno type="URL">http://www.mgh.de/dmgh/resolving/MGH_Auct._ant._12_S._38</idno><idno type="Unique_Wordform">100,00%</idno><idno type="Unique_Wordform._Tagger_based_result._Multiple_Lemmata_possible">0.00%</idno><idno type="Unique_Wordform._Tagger_based_result._Multiple_Super_lemmata_possible">0.00%</idno><idno type="VIAF_(Expression)">182693798</idno><idno type="VIAF_(Expression)_Link">http://viaf.org/viaf/182693798</idno><idno type="VIAF_(Person)">95230707</idno><idno type="VIAF_(Person)_Link">http://viaf.org/viaf/95230707</idno><idno type="Volume">Auct. ant. 12</idno><idno type="Year_of_Publication_(interpreted)">0509</idno>MGH Auct. ant. 12</idno><availability><licence target="http://creativecommons.org/licenses/by/4.0/"><p>Distributed under the Creative Commons Attribution 4.0 International (CC BY 4.0) license.</p><p>This license covers the annotations added by the Monumenta Germaniae Historica and the
            Bavarian State Library, Munich, in the course of project "digital MGH"
            <ref target="http://www.dmgh.de">http://www.dmgh.de</ref>, funded by the
            German Research Foundation (DFG).</p><p>We do not claim any rights on the text itself which is believed to be in the public domain.</p><p>If you distribute a copy or a derivative version of this file, please indicate the source
            of the file by mentioning the Monumenta Germaniae Historica (MGH) and the
            Bavarian State Library, Munich (BSB).</p></licence></availability><date when="2016-11-28T16:32:43+01:00">2016-11-28, 16:32:43</date></publicationStmt><sourceDesc><biblFull><titleStmt><title>Cassiodori Senatoris Variae</title><editor>Mommsen, Theodor</editor></titleStmt><publicationStmt><publisher>Weidmann</publisher><pubPlace>Berlin</pubPlace><date>1894</date></publicationStmt><seriesStmt><title>Auctores antiquissimi</title><biblScope unit="volume">12</biblScope></seriesStmt></biblFull></sourceDesc></fileDesc></teiHeader><text><body><div><lb n="15" xml:id="bsb00000824_00222_15"></lb><head n="3"><s><w lemma="[{'id':241346594,'ls':[{'id':241346595,'name':'NUMERAL','wfs':[{'id':498534585,'morph':{'Pos':'NUM'},'name':'xliii'}]}],'name':'NUMERAL@NUM'}]">XLIII</w><c>.</c><c> </c><lb n="16" xml:id="bsb00000824_00222_16"></lb><w lemma="[{'id':1354812,'ls':[{'id':8240,'name':'senatus','wfs':[{'id':251223013,'morph':{'Casus':'DATIVE','DeclensionType':'FOURTH_DECLENSION','Genus':'MASCULINE','Numerus':'SINGULAR','Pos':'NN'},'name':'senatui'}]}],'name':'senatus@NN'}]">SENATUI</w><c> </c><w lemma="[{'id':1441746,'ls':[{'id':9065,'name':'urbs','wfs':[{'id':1441747,'morph':{'Casus':'GENITIVE','DeclensionType':'THIRD_DECLENSION','Genus':'FEMININE','Numerus':'SINGULAR','Pos':'NN'},'name':'urbis'}]}],'name':'urbs@NN'}]">URBIS</w><c> </c><w lemma="[{'id':241385502,'ls':[{'id':241385503,'name':'Roma','wfs':[{'id':241385505,'morph':{'DeclensionType':'FIRST_DECLENSION','Genus':'FEMININE','Numerus':'SINGULAR','Pos':'NE'},'name':'Romae'}]}],'name':'Roma@NE'}]">ROMAE</w><c> </c><w lemma="[{'id':624521,'ls':[{'id':624522,'name':'Theodericus','wfs':[{'id':243244190,'morph':{'Casus':'NOMINATIVE','DeclensionType':'SECOND_DECLENSION','Genus':'MASCULINE','Numerus':'SINGULAR','Pos':'NP'},'name':'Theodericus'}]}],'name':'Theodericus@NP'}]">THEODERICUS</w><c> </c><w lemma="[{'id':1329481,'ls':[{'id':7965,'name':'rex','wfs':[{'id':1329499,'morph':{'Casus':'NOMINATIVE','DeclensionType':'THIRD_DECLENSION','Genus':'MASCULINE','Numerus':'SINGULAR','Pos':'NN'},'name':'rex'}]}],'name':'rex@NN'}]">REX</w><c>.</c></s></head><note><s><hi rend="ITALICS"><w lemma="[{'id':759853,'ls':[{'id':807,'name':'annus','wfs':[{'id':382849904,'morph':{'Casus':'ABLATIVE','DeclensionType':'SECOND_DECLENSION','Genus':'MASCULINE','Numerus':'SINGULAR','Pos':'NN'},'name':'a'}]}],'name':'annus@NN'}]">a</w><c>.</c><c> </c><w lemma="[{'id':241346594,'ls':[{'id':241346595,'name':'NUMERAL','wfs':[{'id':241346596,'morph':{'Pos':'NUM'},'name':'NUMERAL'}]}],'name':'NUMERAL@NUM'}]">509</w><c>|</c><w lemma="[{'id':241346594,'ls':[{'id':241346595,'name':'NUMERAL','wfs':[{'id':241346596,'morph':{'Pos':'NUM'},'name':'NUMERAL'}]}],'name':'NUMERAL@NUM'}]">510</w></hi></s></note><lb n="17" xml:id="bsb00000824_00222_17"></lb><p><s><w lemma="[{'id':7319987,'ls':[{'id':8159,'name':'scio','wfs':[{'id':7320099,'morph':{'ConjugationType':'FOURTH_CONJUGATION','Mood':'INDICATIVE','Numerus':'PLURAL','Person':'PERSON_2','Pos':'V','Tense':'PRESENT','VerbType':'TRANSITIVE','Voice':'ACTIVE'},'name':'scitis'}]}],'name':'scio@V'}]">Scitis</w><c>,</c><c> </c><w lemma="[{'id':1228946,'ls':[{'id':6842,'name':'pater','wfs':[{'id':496020006,'morph':{'Casus':'VOCATIVE','DeclensionType':'THIRD_DECLENSION','Genus':'MASCULINE','Numerus':'PLURAL','Pos':'NN'},'name':'patres'}]}],'name':'pater@NN'}]">patres</w><c> </c><w lemma="[{'id':4484986,'ls':[{'id':2508,'name':'conscribo','wfs':[{'id':779637343,'morph':{'Casus':'VOCATIVE','ConjugationType':'THIRD_CONJUGATION','Genus':'MASCULINE','Mood':'PARTICIPLE','Numerus':'PLURAL','Pos':'V','Tense':'PERFECT','Voice':'PASSIVE'},'name':'conscripti'}]}],'name':'conscribo@V'}]">conscripti</w><c>,</c><c> </c><w lemma="[{'id':244512458,'ls':[{'id':244512459,'name':'vester','wfs':[{'id':481107035,'morph':{'Casus':'ACCUSATIVE','DeclensionType':'SECOND_DECLENSION','Genus':'MASCULINE','Numerus':'SINGULAR','Pos':'PRO','PronounType':'POSSESSIVE'},'name':'vestrum'}]}],'name':'vester@PRO'}]">vestrum</w><c> </c><w lemma="[{'id':7617143,'ls':[{'id':7617144,'name':'sum','wfs':[{'id':7617145,'morph':{'Mood':'INFINITIVE','Pos':'V','Tense':'PRESENT','VerbType':'VERBA_ANOMALA','Voice':'ACTIVE'},'name':'esse'}]}],'name':'sum@V'}]">esse</w><c> </c><w lemma="[{'id':1052011,'ls':[{'id':1052012,'name':'genium','wfs':[{'id':243353599,'morph':{'Casus':'ACCUSATIVE','DeclensionType':'SECOND_DECLENSION','Genus':'NEUTER','Numerus':'SINGULAR','Pos':'NN'},'name':'genium'}]}],'name':'genius@NN'}]">genium</w><c> </c><w lemma="[{'id':927657,'ls':[{'id':2929,'name':'culmen','wfs':[{'id':243309265,'morph':{'Casus':'ACCUSATIVE','DeclensionType':'THIRD_DECLENSION','Genus':'NEUTER','Numerus':'PLURAL','Pos':'NN'},'name':'culmina'}]}],'name':'culmen@NN'}]">culmina</w><c> </c><w lemma="[{'id':965405,'ls':[{'id':3526,'name':'dignitas','wfs':[{'id':965411,'morph':{'Casus':'GENITIVE','DeclensionType':'THIRD_DECLENSION','Genus':'FEMININE','Numerus':'PLURAL','Pos':'NN'},'name':'dignitatum'}]}],'name':'dignitas@NN'}]">dignitatum</w><c>:</c><c> </c><w lemma="[{'id':7319987,'ls':[{'id':8159,'name':'scio','wfs':[{'id':7320099,'morph':{'ConjugationType':'FOURTH_CONJUGATION','Mood':'INDICATIVE','Numerus':'PLURAL','Person':'PERSON_2','Pos':'V','Tense':'PRESENT','VerbType':'TRANSITIVE','Voice':'ACTIVE'},'name':'scitis'}]}],'name':'scio@V'}]">scitis</w><c> </c><w lemma="[{'id':242816974,'ls':[{'id':242816975,'name':'vos','wfs':[{'id':242816977,'morph':{'Casus':'DATIVE','Numerus':'PLURAL','Pos':'PRO','PronounType':'PERSONAL'},'name':'vobis'}]}],'name':'vos@PRO'}]">vobis</w><c> </c><lb n="18" xml:id="bsb00000824_00222_18"></lb><w lemma="[{'id':6914688,'ls':[{'id':6914689,'name':'proficio','wfs':[{'id':6914775,'morph':{'ConjugationType':'THIRD_CONJUGATION','Mood':'INFINITIVE','Pos':'V','Tense':'PRESENT','VerbType':'TRANSITIVE','Voice':'ACTIVE'},'name':'proficere'}]}],'name':'proficio@V'}]">proficere</w><c>,</c><c> </c><w lemma="[{'id':242816363,'ls':[{'id':242816364,'name':'qui','wfs':[{'id':296826590,'morph':{'Casus':'NOMINATIVE','Genus':'NEUTER','Numerus':'SINGULAR','Pos':'PRO','PronounType':'RELATIVE'},'name':'quod'}]}],'name':'qui@PRO'}]">quod</w><c> </c><w lemma="[{'id':242816286,'ls':[{'id':242816287,'name':'nos','wfs':[{'id':594760049,'morph':{'Casus':'DATIVE','Genus':'MASCULINE','Numerus':'PLURAL','Pos':'PRO','PronounType':'PERSONAL'},'name':'nobis'}]}],'name':'nos@PRO'}]">nobis</w><c> </c><w lemma="[{'id':4542206,'ls':[{'id':4542207,'name':'contingo','wfs':[{'id':360615,'morph':{'ConjugationType':'THIRD_CONJUGATION','Mood':'SUBJUNCTIVE','Numerus':'SINGULAR','Person':'PERSON_3','Pos':'V','Tense':'PERFECT','VerbType':'INTRANSITIVE','Voice':'ACTIVE'},'name':'contigerit'}]}],'name':'contingo@V'}]">contigerit</w><c> </c><w lemma="[{'id':109577,'ls':[{'id':109578,'name':'in','wfs':[{'id':109579,'morph':{'Pos':'AP'},'name':'in'}]}],'name':'in@AP'}]">in</w><c> </c><w lemma="[{'id':1028056,'ls':[{'id':4277,'name':'fascia','wfs':[{'id':1028076,'morph':{'Casus':'GENITIVE','DeclensionType':'FIRST_DECLENSION','Genus':'FEMININE','Numerus':'PLURAL','Pos':'NN'},'name':'fascium'}]}],'name':'fascia@NN'}]">fascium</w><c> </c><w lemma="[{'id':614673272,'ls':[{'id':4860,'name':'honor','wfs':[{'id':243359050,'morph':{'Casus':'ABLATIVE','DeclensionType':'THIRD_DECLENSION','Genus':'MASCULINE','Numerus':'SINGULAR','Pos':'NN'},'name':'honore'}]}],'name':'honor@NN'}]">honore</w><c> </c><w lemma="[{'id':6846113,'ls':[{'id':7340,'name':'praesto','wfs':[{'id':6846235,'morph':{'ConjugationType':'FIRST_CONJUGATION','Mood':'INFINITIVE','Pos':'V','Tense':'PRESENT','VerbType':'TRANSITIVE','Voice':'ACTIVE'},'name':'praestare'}]}],'name':'praesto@V'}]">praestare</w><c>.</c><c> </c></s><s><w lemma="[{'id':242816688,'ls':[{'id':242816689,'name':'quisquis','wfs':[{'id':244511596,'morph':{'Casus':'NOMINATIVE','Genus':'NEUTER','Numerus':'SINGULAR','Pos':'PRO','PronounType':'INDEFINITE'},'name':'quicquid'}]}],'name':'quisquis@PRO'}]">quicquid</w><c> </c><w lemma="[{'id':109821,'ls':[{'id':109822,'name':'enim','wfs':[{'id':109823,'morph':{'Pos':'CON'},'name':'enim'}]}],'name':'enim@CON'}]">enim</w><c> </c><w lemma="[{'id':109436,'ls':[{'id':109437,'name':'ab','wfs':[{'id':109438,'morph':{'Pos':'AP'},'name':'ab'}]}],'name':'ab@AP'}]">ab</w><c> </c><lb n="19" xml:id="bsb00000824_00222_19"></lb><w lemma="[{'id':242816852,'ls':[{'id':242816858,'name':'unusquisque','wfs':[{'id':244512267,'morph':{'Casus':'ABLATIVE','Genus':'MASCULINE','Numerus':'SINGULAR','Pos':'PRO','PronounType':'INDEFINITE'},'name':'unoquoque'}]}],'name':'unusquisque@PRO'}]">unoquoque</w><c> </c><w lemma="[{'id':7755891,'ls':[{'id':8690,'name':'suscipio','wfs':[{'id':7757064,'morph':{'ConjugationType':'THIRD_CONJUGATION','Mood':'INDICATIVE','Numerus':'SINGULAR','Person':'PERSON_3','Pos':'V','Tense':'PRESENT','VerbType':'TRANSITIVE','Voice':'PASSIVE'},'name':'suscipitur'}]}],'name':'suscipio@V'}]">suscipitur</w><c>,</c><c> </c><w lemma="[{'id':1354812,'ls':[{'id':8240,'name':'senatus','wfs':[{'id':241479500,'morph':{'Casus':'NOMINATIVE','DeclensionType':'FOURTH_DECLENSION','Genus':'MASCULINE','Numerus':'SINGULAR','Pos':'NN'},'name':'senatus'}]}],'name':'senatus@NN'}]">senatus</w><c> </c><w lemma="[{'id':7617143,'ls':[{'id':7617144,'name':'sum','wfs':[{'id':242825881,'morph':{'Mood':'INDICATIVE','Numerus':'SINGULAR','Person':'PERSON_3','Pos':'V','Tense':'PRESENT','VerbType':'VERBA_ANOMALA','Voice':'ACTIVE'},'name':'est'}]}],'name':'sum@V'}]">est</w><c>,</c><c> </c><w lemma="[{'id':242816363,'ls':[{'id':242816364,'name':'qui','wfs':[{'id':244511016,'morph':{'Casus':'NOMINATIVE','Genus':'MASCULINE','Numerus':'SINGULAR','Pos':'PRO','PronounType':'RELATIVE'},'name':'qui'}]}],'name':'qui@PRO'}]">qui</w><c> </c><w lemma="[{'id':6234165,'ls':[{'id':6234166,'name':'mereor','wfs':[{'id':244478092,'morph':{'ConjugationType':'SECOND_CONJUGATION','Mood':'INDICATIVE','Numerus':'SINGULAR','Person':'PERSON_3','Pos':'V','Tense':'PRESENT','VerbType':'DEPONENT','Voice':'PASSIVE'},'name':'meretur'}]}],'name':'mereor@V'}]">meretur</w><c>.</c><c> </c></s><s><w lemma="[{'id':242816600,'ls':[{'id':242816601,'name':'quis','wfs':[{'id':244511379,'morph':{'Casus':'NOMINATIVE','Genus':'NEUTER','Numerus':'SINGULAR','Pos':'PRO','PronounType':'INDEFINITE'},'name':'quid'}]}],'name':'quis@PRO'}]">quid</w><c> </c><w lemma="[{'id':109821,'ls':[{'id':109822,'name':'enim','wfs':[{'id':109823,'morph':{'Pos':'CON'},'name':'enim'}]}],'name':'enim@CON'}]">enim</w><c> </c><w lemma="[{'id':109545,'ls':[{'id':109546,'name':'de','wfs':[{'id':109547,'morph':{'Pos':'AP'},'name':'de'}]}],'name':'de@AP'}]">de</w><c> </c><w lemma="[{'id':242816974,'ls':[{'id':242816975,'name':'vos','wfs':[{'id':315043,'morph':{'Casus':'ABLATIVE','Numerus':'PLURAL','Pos':'PRO','PronounType':'PERSONAL'},'name':'vobis'}]}],'name':'vos@PRO'}]">vobis</w><c> </c><w lemma="[{'id':3516475,'ls':[{'id':533,'name':'aestimo','wfs':[{'id':3516592,'morph':{'ConjugationType':'FIRST_CONJUGATION','Mood':'SUBJUNCTIVE','Numerus':'PLURAL','Person':'PERSON_1','Pos':'V','Tense':'PRESENT','VerbType':'TRANSITIVE','Voice':'ACTIVE'},'name':'aestimemus'}]}],'name':'aestimo@V'}]">aestimemus</w><c>,</c><c> </c><w lemma="[{'id':3558521,'ls':[{'id':580,'name':'agnosco','wfs':[{'id':3560056,'morph':{'ConjugationType':'THIRD_CONJUGATION','Mood':'INDICATIVE','Numerus':'PLURAL','Person':'PERSON_2','Pos':'V','Tense':'PRESENT','VerbType':'TRANSITIVE','Voice':'ACTIVE'},'name':'agnoscitis'}]}],'name':'agnosco@V'}]">agnoscitis</w><c>,</c><c> </c><lb n="20" xml:id="bsb00000824_00222_20"></lb><w lemma="[{'id':109946,'ls':[{'id':109947,'name':'quando','wfs':[{'id':109948,'morph':{'Pos':'CON'},'name':'quando'}]}],'name':'quando@CON'}]">quando</w><c> </c><w lemma="[{'id':1466541,'ls':[{'id':9281,'name':'vir','wfs':[{'id':1466559,'morph':{'Casus':'DATIVE','DeclensionType':'SECOND_DECLENSION','Genus':'MASCULINE','Numerus':'PLURAL','Pos':'NN'},'name':'viris'}]}],'name':'vir@NN'}]">viris</w><c> </c><w lemma="[{'id':2620660,'ls':[{'id':5808,'name':'longus','wfs':[{'id':2620757,'morph':{'Casus':'ABLATIVE','ComparisonDegree':'POSITIVE','DeclensionType':'SECOND_DECLENSION','Genus':'MASCULINE','Numerus':'SINGULAR','Pos':'ADJ'},'name':'longo'}]}],'name':'longus@ADJ'}]">longo</w><c> </c><w lemma="[{'id':1126285,'ls':[{'id':5563,'name':'labor','wfs':[{'id':243380813,'morph':{'Casus':'ABLATIVE','DeclensionType':'THIRD_DECLENSION','Genus':'MASCULINE','Numerus':'SINGULAR','Pos':'NN'},'name':'labore'}]}],'name':'labor@NN'}]">labore</w><c> </c><w lemma="[{'id':4326527,'ls':[{'id':2218,'name':'comperio','wfs':[{'id':4326575,'morph':{'Casus':'DATIVE','ConjugationType':'FOURTH_CONJUGATION','Genus':'MASCULINE','Mood':'PARTICIPLE','Numerus':'PLURAL','Pos':'V','Tense':'PERFECT','VerbType':'TRANSITIVE','Voice':'PASSIVE'},'name':'compertis'}]}],'name':'comperio@V'}]">compertis</w><c> </c><w lemma="[{'id':242815996,'ls':[{'id':242815997,'name':'hic','wfs':[{'id':36187642,'morph':{'Casus':'ACCUSATIVE','Genus':'NEUTER','Numerus':'SINGULAR','Pos':'PRO','PronounType':'DEMONSTRATIVE'},'name':'hoc'}]}],'name':'hic@PRO'}]">hoc</w><c> </c><w lemma="[{'id':137491,'ls':[{'id':1777,'name':'certe','wfs':[{'id':137494,'morph':{'ComparisonDegree':'POSITIVE','Pos':'ADV'},'name':'certe'}]}],'name':'certe@ADV'}]">certe</w><c> </c><w lemma="[{'id':109577,'ls':[{'id':109578,'name':'in','wfs':[{'id':109579,'morph':{'Pos':'AP'},'name':'in'}]}],'name':'in@AP'}]">in</w><c> </c><w lemma="[{'id':1271648,'ls':[{'id':7311,'name':'praemium','wfs':[{'id':243428429,'morph':{'Casus':'ACCUSATIVE','DeclensionType':'SECOND_DECLENSION','Genus':'NEUTER','Numerus':'SINGULAR','Pos':'NN'},'name':'praemium'}]}],'name':'praemium@NN'}]">praemium</w><c> </c><w lemma="[{'id':5109084,'ls':[{'id':3001,'name':'do','wfs':[{'id':5109192,'morph':{'ConjugationType':'FIRST_CONJUGATION','Mood':'INDICATIVE','Numerus':'PLURAL','Person':'PERSON_1','Pos':'V','Tense':'PRESENT','VerbType':'TRANSITIVE','Voice':'ACTIVE'},'name':'damus'}]}],'name':'do@V'}]">damus</w><c>,</c><c> </c><w lemma="[{'id':110061,'ls':[{'id':110062,'name':'ut','wfs':[{'id':110063,'morph':{'Pos':'CON'},'name':'ut'}]}],'name':'ut@CON'}]">ut</w><c> </c><w lemma="[{'id':244512458,'ls':[{'id':244512459,'name':'vester','wfs':[{'id':497737876,'morph':{'Casus':'GENITIVE','DeclensionType':'SECOND_DECLENSION','Genus':'NEUTER','Numerus':'SINGULAR','Pos':'PRO','PronounType':'POSSESSIVE'},'name':'vestri'}]}],'name':'vester@PRO'}]">vestri</w><c> </c><w lemma="[{'id':916873,'ls':[{'id':2783,'name':'corpus','wfs':[{'id':916909,'morph':{'Casus':'GENITIVE','DeclensionType':'THIRD_DECLENSION','Genus':'NEUTER','Numerus':'SINGULAR','Pos':'NN'},'name':'corporis'}]}],'name':'corpus@NN'}]">corporis</w><c> </c><lb n="21" xml:id="bsb00000824_00222_21"></lb><w lemma="[{'id':6234165,'ls':[{'id':6234166,'name':'mereor','wfs':[{'id':244478083,'morph':{'ConjugationType':'SECOND_CONJUGATION','Mood':'SUBJUNCTIVE','Numerus':'PLURAL','Person':'PERSON_3','Pos':'V','Tense':'PRESENT','VerbType':'DEPONENT','Voice':'PASSIVE'},'name':'mereantur'}]}],'name':'mereor@V'}]">mereantur</w><c> </c><w lemma="[{'id':7617143,'ls':[{'id':7617144,'name':'sum','wfs':[{'id':7617145,'morph':{'Mood':'INFINITIVE','Pos':'V','Tense':'PRESENT','VerbType':'VERBA_ANOMALA','Voice':'ACTIVE'},'name':'esse'}]}],'name':'sum@V'}]">esse</w><c> </c><w lemma="[{'id':1227375,'ls':[{'id':1227376,'name':'particeps','wfs':[{'id':1227393,'morph':{'Casus':'NOMINATIVE','DeclensionType':'THIRD_DECLENSION','Genus':'MASCULINE','Numerus':'PLURAL','Pos':'NN'},'name':'participes'}]}],'name':'particeps@NN'}]">participes</w><c>.</c><c> </c></s><s><w lemma="[{'id':242815996,'ls':[{'id':242815997,'name':'hic','wfs':[{'id':242816011,'morph':{'Casus':'NOMINATIVE','Genus':'MASCULINE','Numerus':'SINGULAR','Pos':'PRO','PronounType':'DEMONSTRATIVE'},'name':'hic'}]}],'name':'hic@PRO'}]">Hic</w><c> </c><w lemma="[{'id':7617143,'ls':[{'id':7617144,'name':'sum','wfs':[{'id':242825881,'morph':{'Mood':'INDICATIVE','Numerus':'SINGULAR','Person':'PERSON_3','Pos':'V','Tense':'PRESENT','VerbType':'VERBA_ANOMALA','Voice':'ACTIVE'},'name':'est'}]}],'name':'sum@V'}]">est</w><c> </c><w lemma="[{'id':109821,'ls':[{'id':109822,'name':'enim','wfs':[{'id':109823,'morph':{'Pos':'CON'},'name':'enim'}]}],'name':'enim@CON'}]">enim</w><c> </c><w lemma="[{'id':1466541,'ls':[{'id':9281,'name':'vir','wfs':[{'id':1466569,'morph':{'Casus':'NOMINATIVE','DeclensionType':'SECOND_DECLENSION','Genus':'MASCULINE','Numerus':'SINGULAR','Pos':'NN'},'name':'vir'}]}],'name':'vir@NN'}]">vir</w><c>,</c><c> </c><w lemma="[{'id':242816363,'ls':[{'id':242816364,'name':'qui','wfs':[{'id':244511016,'morph':{'Casus':'NOMINATIVE','Genus':'MASCULINE','Numerus':'SINGULAR','Pos':'PRO','PronounType':'RELATIVE'},'name':'qui'}]}],'name':'qui@PRO'}]">qui</w><c> </c><w lemma="[{'id':2364276,'ls':[{'id':2364277,'name':'genitalis','wfs':[{'id':2364371,'morph':{'Casus':'GENITIVE','ComparisonDegree':'POSITIVE','DeclensionType':'THIRD_DECLENSION','Genus':'NEUTER','Numerus':'SINGULAR','Pos':'ADJ'},'name':'genitalis'}]}],'name':'genitalis@ADJ'}]">genitalis</w><c> </c><w lemma="[{'id':1366178,'ls':[{'id':8359,'name':'solum','wfs':[{'id':1366197,'morph':{'Casus':'GENITIVE','DeclensionType':'SECOND_DECLENSION','Genus':'NEUTER','Numerus':'SINGULAR','Pos':'NN'},'name':'soli'}]}],'name':'solum@NN'}]">soli</w><c> </c><w lemma="[{'id':7131443,'ls':[{'id':7131444,'name':'relinquo','wfs':[{'id':7131503,'morph':{'Casus':'ABLATIVE','ConjugationType':'THIRD_CONJUGATION','Genus':'FEMININE','Mood':'PARTICIPLE','Numerus':'SINGULAR','Pos':'V','Tense':'PERFECT','VerbType':'TRANSITIVE','Voice':'PASSIVE'},'name':'relicta'}]}],'name':'relinquo@V'}]">relicta</w><c> </c><w lemma="[{'id':982503,'ls':[{'id':3738,'name':'dulcedo','wfs':[{'id':243328937,'morph':{'Casus':'ABLATIVE','DeclensionType':'THIRD_DECLENSION','Genus':'FEMININE','Numerus':'SINGULAR','Pos':'NN'},'name':'dulcedine'}]}],'name':'dulcedo@NN'}]">dulcedine</w><c> </c><w lemma="[{'id':242816286,'ls':[{'id':242816287,'name':'nos','wfs':[{'id':594760049,'morph':{'Casus':'DATIVE','Genus':'MASCULINE','Numerus':'PLURAL','Pos':'PRO','PronounType':'PERSONAL'},'name':'nobis'}]}],'name':'nos@PRO'}]">nobis</w><c> </c><lb n="22" xml:id="bsb00000824_00222_22"></lb><w lemma="[{'id':6203526,'ls':[{'id':5924,'name':'malo','wfs':[{'id':244515759,'morph':{'Pos':'V'},'name':'maluit'}]}],'name':'malo@V'}]">maluit</w><c> </c><w lemma="[{'id':5861876,'ls':[{'id':5861877,'name':'inhaereo','wfs':[{'id':5861958,'morph':{'ConjugationType':'SECOND_CONJUGATION','Mood':'INFINITIVE','Pos':'V','Tense':'PRESENT','VerbType':'TRANSITIVE','Voice':'ACTIVE'},'name':'inhaerere'}]}],'name':'inhaereo@V'}]">inhaerere</w><c>,</c><c> </c><w lemma="[{'id':109828,'ls':[{'id':109829,'name':'et','wfs':[{'id':109830,'morph':{'Pos':'CON'},'name':'et'}]}],'name':'et@CON'}]">et</w><c> </c><w lemma="[{'id':109855,'ls':[{'id':109856,'name':'licet','wfs':[{'id':109857,'morph':{'Pos':'CON'},'name':'licet'}]}],'name':'licet@CON'}]">licet</w><c> </c><w lemma="[{'id':7617143,'ls':[{'id':7617144,'name':'sum','wfs':[{'id':244519811,'morph':{'Mood':'SUBJUNCTIVE','Numerus':'SINGULAR','Person':'PERSON_3','Pos':'V','Tense':'IMPERFECT','VerbType':'VERBA_ANOMALA','Voice':'ACTIVE'},'name':'esset'}]}],'name':'sum@V'}]">esset</w><c> </c><w lemma="[{'id':1887165,'ls':[{'id':1931,'name':'clarus','wfs':[{'id':1887274,'morph':{'Casus':'NOMINATIVE','ComparisonDegree':'POSITIVE','DeclensionType':'SECOND_DECLENSION','Genus':'MASCULINE','Numerus':'SINGULAR','Pos':'ADJ'},'name':'clarus'}]}],'name':'clarus@ADJ'}]">clarus</w><c> </c><w lemma="[{'id':109577,'ls':[{'id':109578,'name':'in','wfs':[{'id':109579,'morph':{'Pos':'AP'},'name':'in'}]}],'name':'in@AP'}]">in</w><c> </c><w lemma="[{'id':1229452,'ls':[{'id':6853,'name':'patria','wfs':[{'id':1229462,'morph':{'Casus':'ABLATIVE','DeclensionType':'FIRST_DECLENSION','Genus':'FEMININE','Numerus':'SINGULAR','Pos':'NN'},'name':'patria'}]}],'name':'patria@NN'}]">patria</w><c>,</c><c> </c><w lemma="[{'id':244510439,'ls':[{'id':244510440,'name':'noster','wfs':[{'id':244510441,'morph':{'Casus':'ACCUSATIVE','DeclensionType':'FIRST_DECLENSION','Genus':'FEMININE','Numerus':'SINGULAR','Pos':'PRO','PronounType':'POSSESSIVE'},'name':'nostram'}]}],'name':'noster@PRO'}]">nostram</w><c> </c><w lemma="[{'id':245297,'ls':[{'id':245298,'name':'tamen','wfs':[{'id':245299,'morph':{'ComparisonDegree':'POSITIVE','Pos':'ADV'},'name':'tamen'}]}],'name':'tamen@ADV'}]">tamen</w><c> </c><w lemma="[{'id':5189377,'ls':[{'id':3832,'name':'eligo','wfs':[{'id':5189704,'morph':{'ConjugationType':'THIRD_CONJUGATION','Mood':'INDICATIVE','Numerus':'SINGULAR','Person':'PERSON_3','Pos':'V','Tense':'PERFECT','VerbType':'TRANSITIVE','Voice':'ACTIVE'},'name':'elegit'}]}],'name':'eligo@V'}]">elegit</w><c> </c><w lemma="[{'id':7462421,'ls':[{'id':8557,'name':'subeo','wfs':[{'id':532554,'morph':{'Mood':'INFINITIVE','Pos':'V','Tense':'PRESENT','VerbType':'VERBA_ANOMALA','Voice':'ACTIVE'},'name':'subire'}]}],'name':'subeo@V'}]">subire</w><c> </c><w lemma="[{'id':1039525,'ls':[{'id':4477,'name':'fortuna','wfs':[{'id':1039534,'morph':{'Casus':'ACCUSATIVE','DeclensionType':'FIRST_DECLENSION','Genus':'FEMININE','Numerus':'SINGULAR','Pos':'NN'},'name':'fortunam'}]}],'name':'fortuna@NN'}]">fortunam</w><c>,</c><c> </c><lb n="23" xml:id="bsb00000824_00222_23"></lb><w lemma="[{'id':7690792,'ls':[{'id':8658,'name':'supero','wfs':[{'id':7690826,'morph':{'Casus':'NOMINATIVE','ConjugationType':'FIRST_CONJUGATION','Genus':'MASCULINE','Mood':'PARTICIPLE','Numerus':'SINGULAR','Pos':'V','Tense':'PRESENT','VerbType':'TRANSITIVE','Voice':'ACTIVE'},'name':'superans'}]}],'name':'supero@V'}]">superans</w><c> </c><w lemma="[{'id':1056993,'ls':[{'id':4717,'name':'gratia','wfs':[{'id':1057005,'morph':{'Casus':'GENITIVE','DeclensionType':'FIRST_DECLENSION','Genus':'FEMININE','Numerus':'SINGULAR','Pos':'NN'},'name':'gratiae'}]}],'name':'gratia@NN'}]">gratiae</w><c> </c><w lemma="[{'id':1152577,'ls':[{'id':5920,'name':'magnitudo','wfs':[{'id':243389862,'morph':{'Casus':'ABLATIVE','DeclensionType':'THIRD_DECLENSION','Genus':'FEMININE','Numerus':'SINGULAR','Pos':'NN'},'name':'magnitudine'}]}],'name':'magnitudo@NN'}]">magnitudine</w><c> </c><w lemma="[{'id':1467747,'ls':[{'id':9291,'name':'vis','wfs':[{'id':241495911,'morph':{'Casus':'ACCUSATIVE','DeclensionType':'THIRD_DECLENSION','Genus':'FEMININE','Numerus':'SINGULAR','Pos':'NN'},'name':'vim'}]}],'name':'vis@NN'}]">vim</w><c> </c><w lemma="[{'id':1185336,'ls':[{'id':6331,'name':'natura','wfs':[{'id':1185348,'morph':{'Casus':'GENITIVE','DeclensionType':'FIRST_DECLENSION','Genus':'FEMININE','Numerus':'SINGULAR','Pos':'NN'},'name':'naturae'}]}],'name':'natura@NN'}]">naturae</w><c>,</c><c> </c><w lemma="[{'id':242816363,'ls':[{'id':242816364,'name':'qui','wfs':[{'id':244511016,'morph':{'Casus':'NOMINATIVE','Genus':'MASCULINE','Numerus':'SINGULAR','Pos':'PRO','PronounType':'RELATIVE'},'name':'qui'}]}],'name':'qui@PRO'}]">qui</w><c> </c><w lemma="[{'id':1278659,'ls':[{'id':1278660,'name':'princeps','wfs':[{'id':243431604,'morph':{'Casus':'ABLATIVE','DeclensionType':'THIRD_DECLENSION','Genus':'MASCULINE','Numerus':'SINGULAR','Pos':'NN'},'name':'principe'}]}],'name':'princeps@NN'}]">principe</w><c> </c><w lemma="[{'id':692157,'ls':[{'id':692158,'name':'Zenon','wfs':[{'id':243233313,'morph':{'Casus':'ABLATIVE','DeclensionType':'THIRD_DECLENSION','Genus':'MASCULINE','Numerus':'SINGULAR','Pos':'NP'},'name':'Zenone'}]}],'name':'Zenon@NP'}]">Zenone</w><c> </c><w lemma="[{'id':206035,'ls':[{'id':6416,'name':'non','wfs':[{'id':241322627,'morph':{'Pos':'ADV'},'name':'non'}]}],'name':'non@ADV'}]">non</w><c> </c><w lemma="[{'id':245290,'ls':[{'id':8736,'name':'tam','wfs':[{'id':245291,'morph':{'Pos':'ADV'},'name':'tam'}]}],'name':'tam@ADV'}]">tam</w><c> </c><w lemma="[{'id':1745413,'ls':[{'id':1745761,'name':'benivolus','wfs':[{'id':1745843,'morph':{'Casus':'ABLATIVE','ComparisonDegree':'POSITIVE','DeclensionType':'SECOND_DECLENSION','Genus':'MASCULINE','Numerus':'SINGULAR','Pos':'ADJ'},'name':'benivolo'}]}],'name':'benevolus@ADJ'}]">benivolo</w><c> </c><w lemma="[{'id':225505,'ls':[{'id':7683,'name':'quam','wfs':[{'id':225506,'morph':{'Pos':'ADV'},'name':'quam'}]}],'name':'quam@ADV'}]">quam</w><c> </c><lb n="24" xml:id="bsb00000824_00222_24"></lb><w lemma="[{'id':733314,'ls':[{'id':733360,'name':'affinis','wfs':[{'id':243245151,'morph':{'Casus':'ABLATIVE','DeclensionType':'THIRD_DECLENSION','Genus':'MASCULINE','Numerus':'SINGULAR','Pos':'NN'},'name':'affine'}]}],'name':'affinis@NN'}]">affine</w><c> </c><w lemma="[{'id':5586730,'ls':[{'id':4606,'name':'gaudeo','wfs':[{'id':244467406,'morph':{'ConjugationType':'SECOND_CONJUGATION','Mood':'INDICATIVE','Numerus':'SINGULAR','Person':'PERSON_3','Pos':'V','Tense':'IMPERFECT','VerbType':'SEMIDEPONENT','Voice':'ACTIVE'},'name':'gaudebat'}]}],'name':'gaudeo@V'}]">gaudebat</w><c>.</c><c> </c></s><s><w lemma="[{'id':109828,'ls':[{'id':109829,'name':'et','wfs':[{'id':109830,'morph':{'Pos':'CON'},'name':'et'}]}],'name':'et@CON'}]">et</w><c> </c><w lemma="[{'id':241331895,'ls':[{'id':241331896,'name':'quid','wfs':[{'id':422727876,'morph':{'Pos':'ADV','PronounType':'INTERROGATIVE'},'name':'quid'}]}],'name':'quid@ADV'}]">quid</w><c> </c><w lemma="[{'id':242816114,'ls':[{'id':242816115,'name':'ille','wfs':[{'id':242816118,'morph':{'Casus':'ABLATIVE','Genus':'FEMININE','Numerus':'SINGULAR','Pos':'PRO','PronounType':'DEMONSTRATIVE'},'name':'illa'}]}],'name':'ille@PRO'}]">illa</w><c> </c><w lemma="[{'id':1322669,'ls':[{'id':964024,'name':'res','wfs':[{'id':964029,'morph':{'Casus':'ABLATIVE','DeclensionType':'FIFTH_DECLENSION','Genus':'FEMININE','Numerus':'SINGULAR','Pos':'NN'},'name':'re'}]}],'name':'res@NN'}]">re</w><c> </c><w lemma="[{'id':2914003,'ls':[{'id':7599,'name':'publicus','wfs':[{'id':2914058,'morph':{'Casus':'NOMINATIVE','ComparisonDegree':'POSITIVE','DeclensionType':'SECOND_DECLENSION','Genus':'NEUTER','Numerus':'PLURAL','Pos':'ADJ'},'name':'publica'}]}],'name':'publicus@ADJ'}]">publica</w><c> </c><w lemma="[{'id':1056993,'ls':[{'id':4717,'name':'gratia','wfs':[{'id':1057007,'morph':{'Casus':'NOMINATIVE','DeclensionType':'FIRST_DECLENSION','Genus':'FEMININE','Numerus':'SINGULAR','Pos':'NN'},'name':'gratia'}]}],'name':'gratia@NN'}]">gratia</w><c> </c><w lemma="[{'id':206035,'ls':[{'id':6416,'name':'non','wfs':[{'id':241322627,'morph':{'Pos':'ADV'},'name':'non'}]}],'name':'non@ADV'}]">non</w><c> </c><w lemma="[{'id':6741602,'ls':[{'id':7228,'name':'possum','wfs':[{'id':242825908,'morph':{'Mood':'INDICATIVE','Numerus':'SINGULAR','Person':'PERSON_3','Pos':'V','Tense':'PERFECT','VerbType':'VERBA_ANOMALA','Voice':'ACTIVE'},'name':'potuit'}]}],'name':'possum@V'}]">potuit</w><c> </c><w lemma="[{'id':6421000,'ls':[{'id':6554,'name':'obtineo','wfs':[{'id':6421081,'morph':{'ConjugationType':'SECOND_CONJUGATION','Mood':'INFINITIVE','Pos':'V','Tense':'PRESENT','VerbType':'TRANSITIVE','Voice':'ACTIVE'},'name':'obtinere'}]}],'name':'obtineo@V'}]">obtinere</w><c> </c><w lemma="[{'id':1226219,'ls':[{'id':6802,'name':'parens','wfs':[{'id':243414428,'morph':{'Casus':'GENITIVE','DeclensionType':'THIRD_DECLENSION','Genus':'MASCULINE','Numerus':'SINGULAR','Pos':'NN'},'name':'parentis'}]}],'name':'parens@NN'}]">parentis</w><c>,</c><c> </c><w lemma="[{'id':242816363,'ls':[{'id':242816364,'name':'qui','wfs':[{'id':296826594,'morph':{'Casus':'NOMINATIVE','Genus':'FEMININE','Numerus':'SINGULAR','Pos':'PRO','PronounType':'RELATIVE'},'name':'quae'}]}],'name':'qui@PRO'}]">quae</w><c> </c><w lemma="[{'id':235482,'ls':[{'id':8302,'name':'sic','wfs':[{'id':241337168,'morph':{'Pos':'ADV'},'name':'sic'}]}],'name':'sic@ADV'}]">sic</w><c> </c><lb n="25" xml:id="bsb00000824_00222_25"></lb><w lemma="[{'id':176460,'ls':[{'id':4233,'name':'facile','wfs':[{'id':176464,'morph':{'ComparisonDegree':'SUPERLATIVE','Pos':'ADV'},'name':'facillime'}]}],'name':'faciliter@ADV'}]">facillime</w><c> </c><w lemma="[{'id':5483515,'ls':[{'id':4298,'name':'faveo','wfs':[{'id':5484378,'morph':{'ConjugationType':'SECOND_CONJUGATION','Mood':'INDICATIVE','Numerus':'SINGULAR','Person':'PERSON_3','Pos':'V','Tense':'PRESENT','VerbType':'TRANSITIVE','Voice':'ACTIVE'},'name':'favet'}]}],'name':'faveo@V'}]">favet</w><c> </c><w lemma="[{'id':2303212,'ls':[{'id':2303213,'name':'extraneus','wfs':[{'id':2303246,'morph':{'Casus':'DATIVE','ComparisonDegree':'POSITIVE','DeclensionType':'SECOND_DECLENSION','Genus':'MASCULINE','Numerus':'PLURAL','Pos':'ADJ'},'name':'extraneis'}]}],'name':'extraneus@ADJ'}]">extraneis</w><c>?</c><c> </c></s><s><w lemma="[{'id':110010,'ls':[{'id':110011,'name':'sed','wfs':[{'id':110012,'morph':{'Pos':'CON'},'name':'sed'}]}],'name':'sed@CON'}]">sed</w><c> </c><w lemma="[{'id':242815996,'ls':[{'id':242815997,'name':'hic','wfs':[{'id':244509721,'morph':{'Casus':'ACCUSATIVE','Genus':'NEUTER','Numerus':'PLURAL','Pos':'PRO','PronounType':'DEMONSTRATIVE'},'name':'haec'}]}],'name':'hic@PRO'}]">haec</w><c> </c><w lemma="[{'id':2744416,'ls':[{'id':6625,'name':'omnis','wfs':[{'id':2744433,'morph':{'Casus':'ACCUSATIVE','ComparisonDegree':'POSITIVE','DeclensionType':'THIRD_DECLENSION','Genus':'NEUTER','Numerus':'PLURAL','Pos':'ADJ'},'name':'omnia'}]}],'name':'omnis@ADJ'}]">omnia</w><c> </c><w lemma="[{'id':2700392,'ls':[{'id':2700393,'name':'nimius','wfs':[{'id':2700468,'morph':{'Casus':'NOMINATIVE','ComparisonDegree':'POSITIVE','DeclensionType':'SECOND_DECLENSION','Genus':'MASCULINE','Numerus':'SINGULAR','Pos':'ADJ'},'name':'nimius'}]}],'name':'nimius@ADJ'}]">nimius</w><c> </c><w lemma="[{'id':4897241,'ls':[{'id':3386,'name':'despicio','wfs':[{'id':4897572,'morph':{'ConjugationType':'THIRD_CONJUGATION','Mood':'INDICATIVE','Numerus':'SINGULAR','Person':'PERSON_3','Pos':'V','Tense':'PERFECT','VerbType':'TRANSITIVE','Voice':'ACTIVE'},'name':'despexit'}]}],'name':'despicio@V'}]">despexit</w><c> </c><w lemma="[{'id':732914,'ls':[{'id':732919,'name':'affectus','wfs':[{'id':243245085,'morph':{'Casus':'NOMINATIVE','DeclensionType':'FOURTH_DECLENSION','Genus':'MASCULINE','Numerus':'SINGULAR','Pos':'NN'},'name':'affectus'}]}],'name':'affectus@NN'}]">affectus</w><c>,</c><c> </c><w lemma="[{'id':110061,'ls':[{'id':110062,'name':'ut','wfs':[{'id':110063,'morph':{'Pos':'CON'},'name':'ut'}]}],'name':'ut@CON'}]">ut</w><c> </c><w lemma="[{'id':242816286,'ls':[{'id':242816287,'name':'nos','wfs':[{'id':645374322,'morph':{'Casus':'NOMINATIVE','Genus':'MASCULINE','Numerus':'PLURAL','Pos':'PRO','PronounType':'PERSONAL'},'name':'nos'}]}],'name':'nos@PRO'}]">nos</w><c> </c><w lemma="[{'id':242816153,'ls':[{'id':242816154,'name':'ipse','wfs':[{'id':244509977,'morph':{'Casus':'NOMINATIVE','Genus':'MASCULINE','Numerus':'PLURAL','Pos':'PRO','PronounType':'DEMONSTRATIVE'},'name':'ipsi'}]}],'name':'ipse@PRO'}]">ipsi</w><c>,</c><c> </c><w lemma="[{'id':109629,'ls':[{'id':109630,'name':'pro','wfs':[{'id':109631,'morph':{'Pos':'AP'},'name':'pro'}]}],'name':'pro@AP'}]">pro</w><c> </c><lb n="26" xml:id="bsb00000824_00222_26"></lb><w lemma="[{'id':242816363,'ls':[{'id':242816364,'name':'qui','wfs':[{'id':242816406,'morph':{'Casus':'ABLATIVE','Genus':'MASCULINE','Numerus':'PLURAL','Pos':'PRO','PronounType':'RELATIVE'},'name':'quibus'}]}],'name':'qui@PRO'}]">quibus</w><c> </c><w lemma="[{'id':242815996,'ls':[{'id':242815997,'name':'hic','wfs':[{'id':244509721,'morph':{'Casus':'ACCUSATIVE','Genus':'NEUTER','Numerus':'PLURAL','Pos':'PRO','PronounType':'DEMONSTRATIVE'},'name':'haec'}]}],'name':'hic@PRO'}]">haec</w><c> </c><w lemma="[{'id':5475468,'ls':[{'id':4230,'name':'facio','wfs':[{'id':5475554,'morph':{'ConjugationType':'THIRD_CONJUGATION','Mood':'INFINITIVE','Pos':'V','Tense':'PERFECT','VerbType':'TRANSITIVE','Voice':'ACTIVE'},'name':'fecisse'}]}],'name':'facio@V'}]">fecisse</w><c> </c><w lemma="[{'id':4186426,'ls':[{'id':2021,'name':'cognosco','wfs':[{'id':4186783,'morph':{'ConjugationType':'THIRD_CONJUGATION','Mood':'INDICATIVE','Numerus':'SINGULAR','Person':'PERSON_3','Pos':'V','Tense':'PRESENT','VerbType':'TRANSITIVE','Voice':'PASSIVE'},'name':'cognoscitur'}]}],'name':'cognosco@V'}]">cognoscitur</w><c>,</c><c> </c><w lemma="[{'id':202524,'ls':[{'id':6084,'name':'merito','wfs':[{'id':202525,'morph':{'ComparisonDegree':'POSITIVE','Pos':'ADV'},'name':'merito'}]}],'name':'merito@ADV'}]">merito</w><c> </c><w lemma="[{'id':7436263,'ls':[{'id':7436264,'name':'stupeo','wfs':[{'id':7436304,'morph':{'ConjugationType':'SECOND_CONJUGATION','Mood':'INFINITIVE','Pos':'V','Tense':'PRESENT','VerbType':'TRANSITIVE','Voice':'ACTIVE'},'name':'stupere'}]}],'name':'stupeo@V'}]">stupere</w><c> </c><w lemma="[{'id':242815904,'ls':[{'id':244520791,'name':'videor','wfs':[{'id':232322879,'morph':{'ConjugationType':'SECOND_CONJUGATION','Mood':'SUBJUNCTIVE','Numerus':'PLURAL','Person':'PERSON_1','Pos':'V','Tense':'PRESENT','VerbType':'DEPONENT','Voice':'PASSIVE'},'name':'videamur'}]}],'name':'videor@V'}]">videamur</w><c> </c><w lemma="[{'id':109577,'ls':[{'id':109578,'name':'in','wfs':[{'id':109579,'morph':{'Pos':'AP'},'name':'in'}]}],'name':'in@AP'}]">in</w><c> </c><w lemma="[{'id':3241748,'ls':[{'id':3241749,'name':'unus','wfs':[{'id':242750215,'morph':{'Casus':'GENITIVE','ComparisonDegree':'POSITIVE','DeclensionType':'SECOND_DECLENSION','Genus':'MASCULINE','Numerus':'SINGULAR','Pos':'ADJ'},'name':'unius'}]}],'name':'unus@ADJ'}]">unius</w><c> </c><w lemma="[{'id':1056993,'ls':[{'id':4717,'name':'gratia','wfs':[{'id':1057003,'morph':{'Casus':'ABLATIVE','DeclensionType':'FIRST_DECLENSION','Genus':'FEMININE','Numerus':'SINGULAR','Pos':'NN'},'name':'gratia'}]}],'name':'gratia@NN'}]">gratia</w><c> </c><w lemma="[{'id':241347125,'ls':[{'id':241347126,'name':'tot','wfs':[{'id':241347136,'morph':{'Pos':'ADJ'},'name':'tot'}]}],'name':'tot@NUM'}]">tot</w><c> </c><lb n="27" xml:id="bsb00000824_00222_27"></lb><w lemma="[{'id':2157043,'ls':[{'id':3364,'name':'desiderabilis','wfs':[{'id':2157094,'morph':{'Casus':'ACCUSATIVE','ComparisonDegree':'POSITIVE','DeclensionType':'THIRD_DECLENSION','Genus':'NEUTER','Numerus':'PLURAL','Pos':'ADJ'},'name':'desiderabilia'}]}],'name':'desiderabilis@ADJ'}]">desiderabilia</w><c> </c><w lemma="[{'id':7617143,'ls':[{'id':7617144,'name':'sum','wfs':[{'id':244519841,'morph':{'Mood':'INFINITIVE','Pos':'V','Tense':'PERFECT','VerbType':'VERBA_ANOMALA','Voice':'ACTIVE'},'name':'fuisse'}]}],'name':'sum@V'}]">fuisse</w><c> </c><w lemma="[{'id':4530036,'ls':[{'id':2626,'name':'contemno','wfs':[{'id':4530100,'morph':{'Casus':'ACCUSATIVE','ConjugationType':'THIRD_CONJUGATION','Genus':'NEUTER','Mood':'PARTICIPLE','Numerus':'PLURAL','Pos':'V','Tense':'PERFECT','VerbType':'TRANSITIVE','Voice':'PASSIVE'},'name':'contempta'}]}],'name':'contemno@V'}]">contempta</w><c>.</c><c> </c></s><s><w lemma="[{'id':242816363,'ls':[{'id':242816364,'name':'qui','wfs':[{'id':244511016,'morph':{'Casus':'NOMINATIVE','Genus':'MASCULINE','Numerus':'SINGULAR','Pos':'PRO','PronounType':'RELATIVE'},'name':'qui'}]}],'name':'qui@PRO'}]">Qui</w><c> </c><w lemma="[{'id':109669,'ls':[{'id':109670,'name':'super','wfs':[{'id':109671,'morph':{'Pos':'AP'},'name':'super'}]}],'name':'super@AP'}]">super</w><c> </c><w lemma="[{'id':242815996,'ls':[{'id':242815997,'name':'hic','wfs':[{'id':244509640,'morph':{'Casus':'ACCUSATIVE','Genus':'FEMININE','Numerus':'SINGULAR','Pos':'PRO','PronounType':'DEMONSTRATIVE'},'name':'hanc'}]}],'name':'hic@PRO'}]">hanc</w><c> </c><w lemma="[{'id':2283887,'ls':[{'id':4093,'name':'eximius','wfs':[{'id':2283939,'morph':{'Casus':'ACCUSATIVE','ComparisonDegree':'POSITIVE','DeclensionType':'FIRST_DECLENSION','Genus':'FEMININE','Numerus':'SINGULAR','Pos':'ADJ'},'name':'eximiam'}]}],'name':'eximius@ADJ'}]">eximiam</w><c> </c><w lemma="[{'id':1033331,'ls':[{'id':4357,'name':'fides','wfs':[{'id':243347758,'morph':{'Casus':'ACCUSATIVE','DeclensionType':'FIFTH_DECLENSION','Genus':'FEMININE','Numerus':'SINGULAR','Pos':'NN'},'name':'fidem'}]}],'name':'fides@NN'}]">fidem</w><c> </c><w lemma="[{'id':1365136,'ls':[{'id':8362,'name':'solacium','wfs':[{'id':243462624,'morph':{'Casus':'ACCUSATIVE','DeclensionType':'SECOND_DECLENSION','Genus':'NEUTER','Numerus':'PLURAL','Pos':'NN'},'name':'solacia'}]}],'name':'solacium@NN'}]">solacia</w><c> </c><w lemma="[{'id':242816286,'ls':[{'id':242816287,'name':'nos','wfs':[{'id':594760049,'morph':{'Casus':'DATIVE','Genus':'MASCULINE','Numerus':'PLURAL','Pos':'PRO','PronounType':'PERSONAL'},'name':'nobis'}]}],'name':'nos@PRO'}]">nobis</w><c> </c><w lemma="[{'id':244511757,'ls':[{'id':244511758,'name':'suus','wfs':[{'id':245550214,'morph':{'Casus':'GENITIVE','Genus':'FEMININE','Numerus':'SINGULAR','Pos':'PRO','PronounType':'POSSESSIVE'},'name':'suae'}]}],'name':'suus@PRO'}]">suae</w><c> </c><lb n="28" xml:id="bsb00000824_00222_28"></lb><w lemma="[{'id':893009,'ls':[{'id':2401,'name':'confabulatio','wfs':[{'id':893012,'morph':{'Casus':'GENITIVE','DeclensionType':'THIRD_DECLENSION','Genus':'FEMININE','Numerus':'SINGULAR','Pos':'NN'},'name':'confabulationis'}]}],'name':'confabulatio@NN'}]">confabulationis</w><c> </c><w lemma="[{'id':3445853,'ls':[{'id':266,'name':'adicio','wfs':[{'id':3446374,'morph':{'ConjugationType':'THIRD_CONJUGATION','Mood':'INDICATIVE','Numerus':'SINGULAR','Person':'PERSON_3','Pos':'V','Tense':'PERFECT','VerbType':'TRANSITIVE','Voice':'ACTIVE'},'name':'adiecit'}]}],'name':'adicio@V'}]">adiecit</w><c>,</c><c> </c><w lemma="[{'id':110061,'ls':[{'id':110062,'name':'ut','wfs':[{'id':110063,'morph':{'Pos':'CON'},'name':'ut'}]}],'name':'ut@CON'}]">ut</w><c> </c><w lemma="[{'id':1679134,'ls':[{'id':1079,'name':'asper','wfs':[{'id':1679137,'morph':{'Casus':'ACCUSATIVE','ComparisonDegree':'POSITIVE','DeclensionType':'FIRST_DECLENSION','Genus':'FEMININE','Numerus':'PLURAL','Pos':'ADJ'},'name':'asperas'}]}],'name':'asper@ADJ'}]">asperas</w><c> </c><w lemma="[{'id':206035,'ls':[{'id':6416,'name':'non','wfs':[{'id':241322627,'morph':{'Pos':'ADV'},'name':'non'}]}],'name':'non@ADV'}]">non</w><c> </c><w lemma="[{'id':206554,'ls':[{'id':206555,'name':'numquam','wfs':[{'id':206556,'morph':{'ComparisonDegree':'POSITIVE','Pos':'ADV'},'name':'numquam'}]}],'name':'numquam@ADV'}]">numquam</w><c> </c><w lemma="[{'id':1322669,'ls':[{'id':964024,'name':'res','wfs':[{'id':964027,'morph':{'Casus':'GENITIVE','DeclensionType':'FIFTH_DECLENSION','Genus':'FEMININE','Numerus':'SINGULAR','Pos':'NN'},'name':'rei'}]}],'name':'res@NN'}]">rei</w><c> </c><w lemma="[{'id':2914003,'ls':[{'id':7599,'name':'publicus','wfs':[{'id':2914072,'morph':{'Casus':'GENITIVE','ComparisonDegree':'POSITIVE','DeclensionType':'FIRST_DECLENSION','Genus':'FEMININE','Numerus':'SINGULAR','Pos':'ADJ'},'name':'publicae'}]}],'name':'publicus@ADJ'}]">publicae</w><c> </c><w lemma="[{'id':930846,'ls':[{'id':2962,'name':'cura','wfs':[{'id':930847,'morph':{'Casus':'ACCUSATIVE','DeclensionType':'FIRST_DECLENSION','Genus':'FEMININE','Numerus':'PLURAL','Pos':'NN'},'name':'curas'}]}],'name':'cura@NN'}]">curas</w><c>,</c><c> </c><w lemma="[{'id':242816363,'ls':[{'id':242816364,'name':'qui','wfs':[{'id':242816398,'morph':{'Casus':'ACCUSATIVE','Genus':'FEMININE','Numerus':'PLURAL','Pos':'PRO','PronounType':'RELATIVE'},'name':'quas'}]}],'name':'qui@PRO'}]">quas</w><c> </c><w lemma="[{'id':5212671,'ls':[{'id':3857,'name':'emergo','wfs':[{'id':5212677,'morph':{'Casus':'GENITIVE','ConjugationType':'THIRD_CONJUGATION','Genus':'FEMININE','Mood':'PARTICIPLE','Numerus':'PLURAL','Pos':'V','Tense':'PRESENT','VerbType':'TRANSITIVE','Voice':'ACTIVE'},'name':'emergentium'}]}],'name':'emergo@V'}]">emergentium</w><c> </c><w lemma="[{'id':1322669,'ls':[{'id':964024,'name':'res','wfs':[{'id':242825945,'morph':{'Casus':'GENITIVE','DeclensionType':'FIFTH_DECLENSION','Genus':'FEMININE','Numerus':'PLURAL','Pos':'NN'},'name':'rerum'}]}],'name':'res@NN'}]">rerum</w><c> </c><lb n="29" xml:id="bsb00000824_00222_29"></lb><w lemma="[{'id':1187795,'ls':[{'id':6355,'name':'necessitas','wfs':[{'id':243401529,'morph':{'Casus':'ABLATIVE','DeclensionType':'THIRD_DECLENSION','Genus':'FEMININE','Numerus':'SINGULAR','Pos':'NN'},'name':'necessitate'}]}],'name':'necessitas@NN'}]">necessitate</w><c> </c><w lemma="[{'id':7755891,'ls':[{'id':8690,'name':'suscipio','wfs':[{'id':7756819,'morph':{'ConjugationType':'THIRD_CONJUGATION','Mood':'INDICATIVE','Numerus':'PLURAL','Person':'PERSON_1','Pos':'V','Tense':'PRESENT','VerbType':'TRANSITIVE','Voice':'ACTIVE'},'name':'suscipimus'}]}],'name':'suscipio@V'}]">suscipimus</w><c>,</c><c> </c><w lemma="[{'id':1357117,'ls':[{'id':8278,'name':'sermo','wfs':[{'id':1357122,'morph':{'Casus':'GENITIVE','DeclensionType':'THIRD_DECLENSION','Genus':'MASCULINE','Numerus':'SINGULAR','Pos':'NN'},'name':'sermonis'}]}],'name':'sermo@NN'}]">sermonis</w><c> </c><w lemma="[{'id':1380155,'ls':[{'id':8553,'name':'suavitas','wfs':[{'id':243467998,'morph':{'Casus':'ABLATIVE','DeclensionType':'THIRD_DECLENSION','Genus':'FEMININE','Numerus':'SINGULAR','Pos':'NN'},'name':'suavitate'}]}],'name':'suavitas@NN'}]">suavitate</w><c> </c><w lemma="[{'id':4794786,'ls':[{'id':4795227,'name':'delinio','wfs':[{'id':4795562,'morph':{'ConjugationType':'FOURTH_CONJUGATION','Mood':'SUBJUNCTIVE','Numerus':'SINGULAR','Person':'PERSON_3','Pos':'V','Tense':'IMPERFECT','VerbType':'TRANSITIVE','Voice':'ACTIVE'},'name':'deliniret'}]}],'name':'delenio@V'}]">deliniret</w><c>.</c><c> </c></s><s><w lemma="[{'id':1761167,'ls':[{'id':1372,'name':'blandus','wfs':[{'id':1189359,'morph':{'Casus':'NOMINATIVE','ComparisonDegree':'POSITIVE','DeclensionType':'SECOND_DECLENSION','Genus':'MASCULINE','Numerus':'SINGULAR','Pos':'ADJ'},'name':'blandus'}]}],'name':'blandus@ADJ'}]">blandus</w><c> </c><w lemma="[{'id':744413,'ls':[{'id':744421,'name':'alloquium','wfs':[{'id':243248263,'morph':{'Casus':'ABLATIVE','DeclensionType':'SECOND_DECLENSION','Genus':'NEUTER','Numerus':'SINGULAR','Pos':'NN'},'name':'alloquio'}]}],'name':'alloquium@NN'}]">alloquio</w><c>,</c><c> </c><w lemma="[{'id':7733518,'ls':[{'id':8673,'name':'supplico','wfs':[{'id':7733970,'morph':{'Casus':'GENITIVE','ConjugationType':'FIRST_CONJUGATION','Genus':'MASCULINE','Mood':'PARTICIPLE','Numerus':'PLURAL','Pos':'V','Tense':'PRESENT','VerbType':'TRANSITIVE','Voice':'ACTIVE'},'name':'supplicantium'}]}],'name':'supplico@V'}]">supplicantium</w><c> </c><lb n="30" xml:id="bsb00000824_00222_30"></lb><w lemma="[{'id':2322664,'ls':[{'id':4360,'name':'fidelis','wfs':[{'id':2322780,'morph':{'Casus':'NOMINATIVE','ComparisonDegree':'POSITIVE','DeclensionType':'THIRD_DECLENSION','Genus':'MASCULINE','Numerus':'SINGULAR','Pos':'ADJ'},'name':'fidelis'}]}],'name':'fidelis@ADJ'}]">fidelis</w><c> </c><w lemma="[{'id':1229647,'ls':[{'id':6855,'name':'patronus','wfs':[{'id':1229662,'morph':{'Casus':'NOMINATIVE','DeclensionType':'SECOND_DECLENSION','Genus':'MASCULINE','Numerus':'SINGULAR','Pos':'NN'},'name':'patronus'}]}],'name':'patronus@NN'}]">patronus</w><c>,</c><c> </c><w lemma="[{'id':3407126,'ls':[{'id':141,'name':'accuso','wfs':[{'id':3407207,'morph':{'ConjugationType':'FIRST_CONJUGATION','Mood':'INFINITIVE','Pos':'V','Tense':'PRESENT','VerbType':'TRANSITIVE','Voice':'ACTIVE'},'name':'accusare'}]}],'name':'accuso@V'}]">accusare</w><c> </c><w lemma="[{'id':6316738,'ls':[{'id':6316739,'name':'nescio','wfs':[{'id':6316773,'morph':{'Casus':'NOMINATIVE','ConjugationType':'FOURTH_CONJUGATION','Genus':'MASCULINE','Mood':'PARTICIPLE','Numerus':'SINGULAR','Pos':'V','Tense':'PRESENT','VerbType':'TRANSITIVE','Voice':'ACTIVE'},'name':'nesciens'}]}],'name':'nescio@V'}]">nesciens</w><c>,</c><c> </c><w lemma="[{'id':4269480,'ls':[{'id':2135,'name':'commendo','wfs':[{'id':4269561,'morph':{'ConjugationType':'FIRST_CONJUGATION','Mood':'INFINITIVE','Pos':'V','Tense':'PRESENT','VerbType':'TRANSITIVE','Voice':'ACTIVE'},'name':'commendare'}]}],'name':'commendo@V'}]">commendare</w><c> </c><w lemma="[{'id':6849771,'ls':[{'id':7351,'name':'praesumo','wfs':[{'id':6849805,'morph':{'Casus':'NOMINATIVE','ConjugationType':'THIRD_CONJUGATION','Genus':'MASCULINE','Mood':'PARTICIPLE','Numerus':'SINGULAR','Pos':'V','Tense':'PRESENT','VerbType':'TRANSITIVE','Voice':'ACTIVE'},'name':'praesumens'}]}],'name':'praesumo@V'}]">praesumens</w><c>.</c><c> </c></s><s><w lemma="[{'id':242816363,'ls':[{'id':242816364,'name':'qui','wfs':[{'id':244511016,'morph':{'Casus':'NOMINATIVE','Genus':'MASCULINE','Numerus':'SINGULAR','Pos':'PRO','PronounType':'RELATIVE'},'name':'qui'}]}],'name':'qui@PRO'}]">qui</w><c> </c><w lemma="[{'id':244511939,'ls':[{'id':244511940,'name':'tantus','wfs':[{'id':484140381,'morph':{'Casus':'ABLATIVE','DeclensionType':'FIRST_DECLENSION','Genus':'FEMININE','Numerus':'SINGULAR','Pos':'PRO','PronounType':'CORRELATIVE'},'name':'tanta'}]}],'name':'tantus@PRO'}]">tanta</w><c> </c><w lemma="[{'id':242816792,'ls':[{'id':242816793,'name':'sui','wfs':[{'id':594734074,'morph':{'Casus':'ACCUSATIVE','Genus':'MASCULINE','Numerus':'SINGULAR','Pos':'PRO','PronounType':'REFLEXIVE'},'name':'se'}]}],'name':'sui@PRO'}]">se</w><c> </c><w lemma="[{'id':758332,'ls':[{'id':792,'name':'animus','wfs':[{'id':758345,'morph':{'Casus':'GENITIVE','DeclensionType':'SECOND_DECLENSION','Genus':'MASCULINE','Numerus':'SINGULAR','Pos':'NN'},'name':'animi'}]}],'name':'animus@NN'}]">animi</w><c> </c><lb n="31" xml:id="bsb00000824_00222_31"></lb><w lemma="[{'id':1299155,'ls':[{'id':1299156,'name':'puritas','wfs':[{'id':243439289,'morph':{'Casus':'ABLATIVE','DeclensionType':'THIRD_DECLENSION','Genus':'FEMININE','Numerus':'SINGULAR','Pos':'NN'},'name':'puritate'}]}],'name':'puritas@NN'}]">puritate</w><c> </c><w lemma="[{'id':4147883,'ls':[{'id':4147884,'name':'clarifico','wfs':[{'id':4148241,'morph':{'ConjugationType':'FIRST_CONJUGATION','Mood':'INDICATIVE','Numerus':'SINGULAR','Person':'PERSON_3','Pos':'V','Tense':'PERFECT','VerbType':'TRANSITIVE','Voice':'ACTIVE'},'name':'clarificavit'}]}],'name':'clarifico@V'}]">clarificavit</w><c>,</c><c> </c><w lemma="[{'id':110061,'ls':[{'id':110062,'name':'ut','wfs':[{'id':110063,'morph':{'Pos':'CON'},'name':'ut'}]}],'name':'ut@CON'}]">ut</w><c> </c><w lemma="[{'id':241279615,'ls':[{'id':241279619,'name':'cum','wfs':[{'id':241279620,'morph':{'Pos':'CON'},'name':'cum'}]}],'name':'cum@CON'}]">cum</w><c> </c><w lemma="[{'id':109487,'ls':[{'id':109488,'name':'apud','wfs':[{'id':109489,'morph':{'Pos':'AP'},'name':'apud'}]}],'name':'apud@AP'}]">apud</w><c> </c><w lemma="[{'id':242816286,'ls':[{'id':242816287,'name':'nos','wfs':[{'id':386315174,'morph':{'Casus':'ACCUSATIVE','Genus':'MASCULINE','Numerus':'PLURAL','Pos':'PRO','PronounType':'PERSONAL'},'name':'nos'}]}],'name':'nos@PRO'}]">nos</w><c> </c><w lemma="[{'id':6234165,'ls':[{'id':6234166,'name':'mereor','wfs':[{'id':244478090,'morph':{'ConjugationType':'SECOND_CONJUGATION','Mood':'SUBJUNCTIVE','Numerus':'SINGULAR','Person':'PERSON_3','Pos':'V','Tense':'IMPERFECT','VerbType':'DEPONENT','Voice':'PASSIVE'},'name':'mereretur'}]}],'name':'mereor@V'}]">mereretur</w><c> </c><w lemma="[{'id':1711817,'ls':[{'id':1711818,'name':'aulicus','wfs':[{'id':1711821,'morph':{'Casus':'ACCUSATIVE','ComparisonDegree':'POSITIVE','DeclensionType':'FIRST_DECLENSION','Genus':'FEMININE','Numerus':'PLURAL','Pos':'ADJ'},'name':'aulicas'}]}],'name':'aulicus@ADJ'}]">aulicas</w><c> </c><w lemma="[{'id':965405,'ls':[{'id':3526,'name':'dignitas','wfs':[{'id':965406,'morph':{'Casus':'ACCUSATIVE','DeclensionType':'THIRD_DECLENSION','Genus':'FEMININE','Numerus':'PLURAL','Pos':'NN'},'name':'dignitates'}]}],'name':'dignitas@NN'}]">dignitates</w><c>,</c><c> </c><w lemma="[{'id':1368648,'ls':[{'id':8424,'name':'spectaculum','wfs':[{'id':1368669,'morph':{'Casus':'GENITIVE','DeclensionType':'SECOND_DECLENSION','Genus':'NEUTER','Numerus':'PLURAL','Pos':'NN'},'name':'spectaculorum'}]}],'name':'spectaculum@NN'}]">spectaculorum</w><c> </c><lb n="32" xml:id="bsb00000824_00222_32"></lb><w lemma="[{'id':1216157,'ls':[{'id':1216158,'name':'ordinatio','wfs':[{'id':243411323,'morph':{'Casus':'ACCUSATIVE','DeclensionType':'THIRD_DECLENSION','Genus':'FEMININE','Numerus':'SINGULAR','Pos':'NN'},'name':'ordinationem'}]}],'name':'ordinatio@NN'}]">ordinationem</w><c> </c><w lemma="[{'id':2594032,'ls':[{'id':5583,'name':'laetus','wfs':[{'id':2594091,'morph':{'Casus':'ACCUSATIVE','ComparisonDegree':'SUPERLATIVE','DeclensionType':'FIRST_DECLENSION','Genus':'FEMININE','Numerus':'SINGULAR','Pos':'ADJ'},'name':'laetissimam'}]}],'name':'laetus@ADJ'}]">laetissimam</w><c> </c><w lemma="[{'id':242816792,'ls':[{'id':242816793,'name':'sui','wfs':[{'id':554766465,'morph':{'Casus':'DATIVE','Genus':'MASCULINE','Numerus':'SINGULAR','Pos':'PRO','PronounType':'REFLEXIVE'},'name':'sibi'}]}],'name':'sui@PRO'}]">sibi</w><c> </c><w lemma="[{'id':1168012,'ls':[{'id':6109,'name':'militia','wfs':[{'id':1168021,'morph':{'Casus':'ACCUSATIVE','DeclensionType':'FIRST_DECLENSION','Genus':'FEMININE','Numerus':'SINGULAR','Pos':'NN'},'name':'militiam'}]}],'name':'militia@NN'}]">militiam</w><c> </c><w lemma="[{'id':8016930,'ls':[{'id':9269,'name':'vindico','wfs':[{'id':8017630,'morph':{'ConjugationType':'FIRST_CONJUGATION','Mood':'SUBJUNCTIVE','Numerus':'SINGULAR','Person':'PERSON_3','Pos':'V','Tense':'IMPERFECT','VerbType':'TRANSITIVE','Voice':'ACTIVE'},'name':'vindicaret'}]}],'name':'vindico@V'}]">vindicaret</w><c>,</c><c> </c><w lemma="[{'id':225825,'ls':[{'id':225826,'name':'quatenus','wfs':[{'id':225827,'morph':{'ComparisonDegree':'POSITIVE','Pos':'ADV'},'name':'quatenus'}]}],'name':'quatenus@ADV'}]">quatenus</w><c> </c><w lemma="[{'id':109661,'ls':[{'id':109662,'name':'sub','wfs':[{'id':109663,'morph':{'Pos':'AP'},'name':'sub'}]}],'name':'sub@AP'}]">sub</w><c> </c><w lemma="[{'id':1368576,'ls':[{'id':8419,'name':'species','wfs':[{'id':243464006,'morph':{'Casus':'ABLATIVE','DeclensionType':'FIFTH_DECLENSION','Genus':'FEMININE','Numerus':'SINGULAR','Pos':'NN'},'name':'specie'}]}],'name':'species@NN'}]">specie</w><c> </c><w lemma="[{'id':1472665,'ls':[{'id':9335,'name':'voluptas','wfs':[{'id':1472690,'morph':{'Casus':'GENITIVE','DeclensionType':'THIRD_DECLENSION','Genus':'FEMININE','Numerus':'SINGULAR','Pos':'NN'},'name':'voluptatis'}]}],'name':'voluptas@NN'}]">voluptatis</w><c> </c><w lemma="[{'id':199041,'ls':[{'id':199042,'name':'libere','wfs':[{'id':199045,'morph':{'ComparisonDegree':'POSITIVE','Pos':'ADV'},'name':'libere'}]}],'name':'libere@ADV'}]">libere</w><c> </c><lb n="33" xml:id="bsb00000824_00222_33"></lb><w lemma="[{'id':242815904,'ls':[{'id':244520791,'name':'videor','wfs':[{'id':232322749,'morph':{'ConjugationType':'SECOND_CONJUGATION','Mood':'SUBJUNCTIVE','Numerus':'SINGULAR','Person':'PERSON_3','Pos':'V','Tense':'IMPERFECT','VerbType':'DEPONENT','Voice':'PASSIVE'},'name':'videretur'}]}],'name':'videor@V'}]">videretur</w><c> </c><w lemma="[{'id':8038609,'ls':[{'id':9327,'name':'volo','wfs':[{'id':8038724,'morph':{'Mood':'INFINITIVE','Pos':'V','Tense':'PRESENT','VerbType':'VERBA_ANOMALA','Voice':'ACTIVE'},'name':'velle'}]}],'name':'volo@V'}]">velle</w><c> </c><w lemma="[{'id':7366338,'ls':[{'id':8289,'name':'servio','wfs':[{'id':7366824,'morph':{'ConjugationType':'FOURTH_CONJUGATION','Mood':'INFINITIVE','Pos':'V','Tense':'PRESENT','VerbType':'TRANSITIVE','Voice':'ACTIVE'},'name':'servire'}]}],'name':'servio@V'}]">servire</w><c>,</c><c> </c><w lemma="[{'id':109433,'ls':[{'id':109434,'name':'a','wfs':[{'id':109435,'morph':{'Pos':'AP'},'name':'a'}]}],'name':'a@AP'}]">a</w><c> </c><w lemma="[{'id':1126285,'ls':[{'id':5563,'name':'labor','wfs':[{'id':1126287,'morph':{'Casus':'ABLATIVE','DeclensionType':'THIRD_DECLENSION','Genus':'MASCULINE','Numerus':'PLURAL','Pos':'NN'},'name':'laboribus'}]}],'name':'labor@NN'}]">laboribus</w><c> </c><w lemma="[{'id':225986,'ls':[{'id':7693,'name':'quidem','wfs':[{'id':241331904,'morph':{'Pos':'ADV'},'name':'quidem'}]}],'name':'quidem@ADV'}]">quidem</w><c> </c><w lemma="[{'id':7780766,'ls':[{'id':8762,'name':'tempero','wfs':[{'id':7780800,'morph':{'Casus':'NOMINATIVE','ConjugationType':'FIRST_CONJUGATION','Genus':'MASCULINE','Mood':'PARTICIPLE','Numerus':'SINGULAR','Pos':'V','Tense':'PRESENT','VerbType':'TRANSITIVE','Voice':'ACTIVE'},'name':'temperans'}]}],'name':'tempero@V'}]">temperans</w><c>,</c><c> </c><w lemma="[{'id':110010,'ls':[{'id':110011,'name':'sed','wfs':[{'id':110012,'morph':{'Pos':'CON'},'name':'sed'}]}],'name':'sed@CON'}]">sed</w><c> </c><w lemma="[{'id':109577,'ls':[{'id':109578,'name':'in','wfs':[{'id':109579,'morph':{'Pos':'AP'},'name':'in'}]}],'name':'in@AP'}]">in</w><c> </c><w lemma="[{'id':2709764,'ls':[{'id':2709765,'name':'nullus','wfs':[{'id':2709828,'morph':{'Casus':'ABLATIVE','ComparisonDegree':'POSITIVE','DeclensionType':'FIRST_DECLENSION','Genus':'FEMININE','Numerus':'SINGULAR','Pos':'ADJ'},'name':'nulla'}]}],'name':'nullus@ADJ'}]">nulla</w><c> </c><w lemma="[{'id':242816792,'ls':[{'id':242816793,'name':'sui','wfs':[{'id':594734074,'morph':{'Casus':'ACCUSATIVE','Genus':'MASCULINE','Numerus':'SINGULAR','Pos':'PRO','PronounType':'REFLEXIVE'},'name':'se'}]}],'name':'sui@PRO'}]">se</w><c> </c><w lemma="[{'id':242816286,'ls':[{'id':242816287,'name':'nos','wfs':[{'id':555363025,'morph':{'Casus':'ABLATIVE','Genus':'MASCULINE','Numerus':'PLURAL','Pos':'PRO','PronounType':'PERSONAL'},'name':'nobis'}]}],'name':'nos@PRO'}]">nobis</w><c> </c><w lemma="[{'id':1227224,'ls':[{'id':6813,'name':'pars','wfs':[{'id':243414708,'morph':{'Casus':'ABLATIVE','DeclensionType':'THIRD_DECLENSION','Genus':'FEMININE','Numerus':'SINGULAR','Pos':'NN'},'name':'parte'}]}],'name':'pars@NN'}]">parte</w><c> </c><lb n="34" xml:id="bsb00000824_00222_34"></lb><w lemma="[{'id':5074273,'ls':[{'id':3629,'name':'dissocio','wfs':[{'id':5074307,'morph':{'Casus':'NOMINATIVE','ConjugationType':'FIRST_CONJUGATION','Genus':'MASCULINE','Mood':'PARTICIPLE','Numerus':'SINGULAR','Pos':'V','Tense':'PRESENT','VerbType':'TRANSITIVE','Voice':'ACTIVE'},'name':'dissocians'}]}],'name':'dissocio@V'}]">dissocians</w><c>.</c><c> </c></s><s><w lemma="[{'id':575788,'ls':[{'id':575789,'name':'Regalis','wfs':[{'id':488478603,'morph':{'Casus':'ACCUSATIVE','DeclensionType':'THIRD_DECLENSION','Genus':'MASCULINE','Numerus':'SINGULAR','Pos':'NP'},'name':'Regalem'}]}],'name':'Regalis@NP'}]">Regalem</w><c> </c><w lemma="[{'id':226039,'ls':[{'id':226040,'name':'quin','wfs':[{'id':226041,'morph':{'ComparisonDegree':'POSITIVE','Pos':'ADV'},'name':'quin'}]}],'name':'quin@ADV'}]">quin</w><c> </c><w lemma="[{'id':109834,'ls':[{'id':109835,'name':'etiam','wfs':[{'id':109836,'morph':{'Pos':'CON'},'name':'etiam'}]}],'name':'etiam@CON'}]">etiam</w><c> </c><w lemma="[{'id':1163863,'ls':[{'id':6061,'name':'mensa','wfs':[{'id':1163872,'morph':{'Casus':'ACCUSATIVE','DeclensionType':'FIRST_DECLENSION','Genus':'FEMININE','Numerus':'SINGULAR','Pos':'NN'},'name':'mensam'}]}],'name':'mensa@NN'}]">mensam</w><c> </c><w lemma="[{'id':912788,'ls':[{'id':912826,'name':'conviva','wfs':[{'id':912855,'morph':{'Casus':'NOMINATIVE','DeclensionType':'FIRST_DECLENSION','Genus':'MASCULINE','Numerus':'SINGULAR','Pos':'NN'},'name':'conviva'}]}],'name':'conviva@NN'}]">conviva</w><c> </c><w lemma="[{'id':242069275,'ls':[{'id':242069276,'name':'geniatus','wfs':[{'id':242069279,'morph':{'Casus':'NOMINATIVE','ComparisonDegree':'POSITIVE','DeclensionType':'THIRD_DECLENSION','Genus':'MASCULINE','Numerus':'SINGULAR','Pos':'ADJ'},'name':'geniatus'}]}],'name':'geniatus@ADJ'}]">geniatus</w><c> </c><w lemma="[{'id':6502352,'ls':[{'id':6701,'name':'orno','wfs':[{'id':6502709,'morph':{'ConjugationType':'FIRST_CONJUGATION','Mood':'INDICATIVE','Numerus':'SINGULAR','Person':'PERSON_3','Pos':'V','Tense':'PERFECT','VerbType':'TRANSITIVE','Voice':'ACTIVE'},'name':'ornavit'}]}],'name':'orno@V'}]">ornavit</w><c>,</c><c> </c><w lemma="[{'id':183491,'ls':[{'id':4916,'name':'ibi','wfs':[{'id':183492,'morph':{'ComparisonDegree':'POSITIVE','Pos':'ADV'},'name':'ibi'}]}],'name':'ibi@ADV'}]">ibi</w><c> </c><w lemma="[{'id':242816792,'ls':[{'id':242816793,'name':'sui','wfs':[{'id':594734074,'morph':{'Casus':'ACCUSATIVE','Genus':'MASCULINE','Numerus':'SINGULAR','Pos':'PRO','PronounType':'REFLEXIVE'},'name':'se'}]}],'name':'sui@PRO'}]">se</w><c> </c><w lemma="[{'id':242816286,'ls':[{'id':242816287,'name':'nos','wfs':[{'id':594760049,'morph':{'Casus':'DATIVE','Genus':'MASCULINE','Numerus':'PLURAL','Pos':'PRO','PronounType':'PERSONAL'},'name':'nobis'}]}],'name':'nos@PRO'}]">nobis</w><c> </c><w lemma="[{'id':7434258,'ls':[{'id':7434259,'name':'studeo','wfs':[{'id':7434293,'morph':{'Casus':'NOMINATIVE','ConjugationType':'SECOND_CONJUGATION','Genus':'MASCULINE','Mood':'PARTICIPLE','Numerus':'SINGULAR','Pos':'V','Tense':'PRESENT','VerbType':'TRANSITIVE','Voice':'ACTIVE'},'name':'studens'}]}],'name':'studeo@V'}]">studens</w><c> </c><lb n="35" xml:id="bsb00000824_00222_35"></lb><w lemma="[{'id':6082886,'ls':[{'id':6082887,'name':'iungo','wfs':[{'id':6082968,'morph':{'ConjugationType':'THIRD_CONJUGATION','Mood':'INFINITIVE','Pos':'V','Tense':'PRESENT','VerbType':'TRANSITIVE','Voice':'ACTIVE'},'name':'iungere'}]}],'name':'iungo@V'}]">iungere</w><c>,</c><c> </c><w lemma="[{'id':249332,'ls':[{'id':249333,'name':'ubi','wfs':[{'id':249334,'morph':{'Pos':'ADV'},'name':'ubi'}]}],'name':'ubi@ADV'}]">ubi</w><c> </c><w lemma="[{'id':242816286,'ls':[{'id':242816287,'name':'nos','wfs':[{'id':386315174,'morph':{'Casus':'ACCUSATIVE','Genus':'MASCULINE','Numerus':'PLURAL','Pos':'PRO','PronounType':'PERSONAL'},'name':'nos'}]}],'name':'nos@PRO'}]">nos</w><c> </c><w lemma="[{'id':1840650,'ls':[{'id':1773,'name':'certus','wfs':[{'id':1840783,'morph':{'Casus':'NOMINATIVE','ComparisonDegree':'POSITIVE','DeclensionType':'SECOND_DECLENSION','Genus':'NEUTER','Numerus':'SINGULAR','Pos':'ADJ'},'name':'certum'}]}],'name':'certus@ADJ'}]">certum</w><c> </c><w lemma="[{'id':7617143,'ls':[{'id':7617144,'name':'sum','wfs':[{'id':242825881,'morph':{'Mood':'INDICATIVE','Numerus':'SINGULAR','Person':'PERSON_3','Pos':'V','Tense':'PRESENT','VerbType':'VERBA_ANOMALA','Voice':'ACTIVE'},'name':'est'}]}],'name':'sum@V'}]">est</w><c> </c><w lemma="[{'id':6741602,'ls':[{'id':7228,'name':'possum','wfs':[{'id':6741603,'morph':{'Mood':'INFINITIVE','Pos':'V','Tense':'PRESENT','VerbType':'VERBA_ANOMALA','Voice':'ACTIVE'},'name':'posse'}]}],'name':'possum@V'}]">posse</w><c> </c><w lemma="[{'id':5586730,'ls':[{'id':4606,'name':'gaudeo','wfs':[{'id':244467368,'morph':{'ConjugationType':'SECOND_CONJUGATION','Mood':'INFINITIVE','Pos':'V','Tense':'PRESENT','VerbType':'SEMIDEPONENT','Voice':'ACTIVE'},'name':'gaudere'}]}],'name':'gaudeo@V'}]">gaudere</w><c>.</c><c> </c></s><s><w lemma="[{'id':110010,'ls':[{'id':110011,'name':'sed','wfs':[{'id':110012,'morph':{'Pos':'CON'},'name':'sed'}]}],'name':'sed@CON'}]">sed</w><c> </c><w lemma="[{'id':242816600,'ls':[{'id':242816601,'name':'quis','wfs':[{'id':496031267,'morph':{'Casus':'NOMINATIVE','Genus':'NEUTER','Numerus':'SINGULAR','Pos':'PRO','PronounType':'INTERROGATIVE'},'name':'quid'}]}],'name':'quis@PRO'}]">quid</w><c> </c><w lemma="[{'id':249497,'ls':[{'id':9021,'name':'ultra','wfs':[{'id':249499,'morph':{'ComparisonDegree':'POSITIVE','Pos':'ADV'},'name':'ultra'}]}],'name':'ultra@ADV'}]">ultra</w><c> </c><w lemma="[{'id':109545,'ls':[{'id':109546,'name':'de','wfs':[{'id':109547,'morph':{'Pos':'AP'},'name':'de'}]}],'name':'de@AP'}]">de</w><c> </c><w lemma="[{'id':242816207,'ls':[{'id':242816208,'name':'is','wfs':[{'id':607984474,'morph':{'Casus':'GENITIVE','Genus':'MASCULINE','Numerus':'SINGULAR','Pos':'PRO','PronounType':'DEMONSTRATIVE'},'name':'eius'}]}],'name':'is@PRO'}]">eius</w><c> </c><w lemma="[{'id':1175418,'ls':[{'id':6230,'name':'mos','wfs':[{'id':1175420,'morph':{'Casus':'ABLATIVE','DeclensionType':'THIRD_DECLENSION','Genus':'MASCULINE','Numerus':'PLURAL','Pos':'NN'},'name':'moribus'}]}],'name':'mos@NN'}]">moribus</w><c> </c><w lemma="[{'id':7617143,'ls':[{'id':7617144,'name':'sum','wfs':[{'id':242825881,'morph':{'Mood':'INDICATIVE','Numerus':'SINGULAR','Person':'PERSON_3','Pos':'V','Tense':'PRESENT','VerbType':'VERBA_ANOMALA','Voice':'ACTIVE'},'name':'est'}]}],'name':'sum@V'}]">est</w><c> </c><pb n="39" xml:id="bsb00000824_00223"></pb><lb n="1" xml:id="bsb00000824_00223_1"></lb><w lemma="[{'id':4961932,'ls':[{'id':244530688,'name':'dico','wfs':[{'id':499340030,'morph':{'Casus':'NOMINATIVE','ComparisonDegree':'POSITIVE','DeclensionType':'SECOND_DECLENSION','Genus':'NEUTER','Mood':'GERUNDIVE','Numerus':'SINGULAR','Pos':'V'},'name':'dicendum'}]}],'name':'dico@V'}]">dicendum</w><c>,</c><c> </c><w lemma="[{'id':242816363,'ls':[{'id':242816364,'name':'qui','wfs':[{'id':244990008,'morph':{'Casus':'DATIVE','Genus':'MASCULINE','Numerus':'SINGULAR','Pos':'PRO','PronounType':'RELATIVE'},'name':'cui'}]}],'name':'qui@PRO'}]">cui</w><c> </c><w lemma="[{'id':109453,'ls':[{'id':109454,'name':'ad','wfs':[{'id':109455,'morph':{'Pos':'AP'},'name':'ad'}]}],'name':'ad@AP'}]">ad</w><c> </c><w lemma="[{'id':2796545,'ls':[{'id':6943,'name':'perfectus','wfs':[{'id':2796619,'morph':{'Casus':'ACCUSATIVE','ComparisonDegree':'POSITIVE','DeclensionType':'FIRST_DECLENSION','Genus':'FEMININE','Numerus':'SINGULAR','Pos':'ADJ'},'name':'perfectam'}]}],'name':'perfectus@ADJ'}]">perfectam</w><c> </c><w lemma="[{'id':1279517,'ls':[{'id':7405,'name':'probatio','wfs':[{'id':243431897,'morph':{'Casus':'ACCUSATIVE','DeclensionType':'THIRD_DECLENSION','Genus':'FEMININE','Numerus':'SINGULAR','Pos':'NN'},'name':'probationem'}]}],'name':'probatio@NN'}]">probationem</w><c> </c><w lemma="[{'id':7595468,'ls':[{'id':8626,'name':'sufficio','wfs':[{'id':7595798,'morph':{'ConjugationType':'THIRD_CONJUGATION','Mood':'INDICATIVE','Numerus':'SINGULAR','Person':'PERSON_3','Pos':'V','Tense':'PRESENT','VerbType':'TRANSITIVE','Voice':'ACTIVE'},'name':'sufficit'}]}],'name':'sufficio@V'}]">sufficit</w><c>,</c><c> </c><w lemma="[{'id':109986,'ls':[{'id':109987,'name':'quod','wfs':[{'id':109988,'morph':{'Pos':'CON'},'name':'quod'}]}],'name':'quod@CON'}]">quod</w><c> </c><w lemma="[{'id':751525,'ls':[{'id':721,'name':'amor','wfs':[{'id':243250327,'morph':{'Casus':'ACCUSATIVE','DeclensionType':'THIRD_DECLENSION','Genus':'MASCULINE','Numerus':'SINGULAR','Pos':'NN'},'name':'amorem'}]}],'name':'amor@NN'}]">amorem</w><c> </c><w lemma="[{'id':244510439,'ls':[{'id':244510440,'name':'noster','wfs':[{'id':2704742,'morph':{'Casus':'ACCUSATIVE','DeclensionType':'SECOND_DECLENSION','Genus':'MASCULINE','Numerus':'SINGULAR','Pos':'PRO','PronounType':'POSSESSIVE'},'name':'nostrum'}]}],'name':'noster@PRO'}]">nostrum</w><c> </c><w lemma="[{'id':196848,'ls':[{'id':196849,'name':'iugiter','wfs':[{'id':196851,'morph':{'ComparisonDegree':'POSITIVE','Pos':'ADV'},'name':'iugiter'}]}],'name':'iugiter@ADV'}]">iugiter</w><c> </c><w lemma="[{'id':5618354,'ls':[{'id':4757,'name':'habeo','wfs':[{'id':5618435,'morph':{'ConjugationType':'SECOND_CONJUGATION','Mood':'INFINITIVE','Pos':'V','Tense':'PRESENT','VerbType':'TRANSITIVE','Voice':'ACTIVE'},'name':'habere'}]}],'name':'habeo@V'}]">habere</w><c> </c><lb n="2" xml:id="bsb00000824_00223_2"></lb><w lemma="[{'id':6931697,'ls':[{'id':7484,'name':'promereo','wfs':[{'id':6932053,'morph':{'ConjugationType':'SECOND_CONJUGATION','Mood':'INDICATIVE','Numerus':'SINGULAR','Person':'PERSON_3','Pos':'V','Tense':'PERFECT','VerbType':'TRANSITIVE','Voice':'ACTIVE'},'name':'promeruit'}]}],'name':'promereo@V'}]">promeruit</w><c>?</c><c> </c></s><s><w lemma="[{'id':206035,'ls':[{'id':6416,'name':'non','wfs':[{'id':241322627,'morph':{'Pos':'ADV'},'name':'non'}]}],'name':'non@ADV'}]">non</w><c> </c><w lemma="[{'id':7617143,'ls':[{'id':7617144,'name':'sum','wfs':[{'id':242825881,'morph':{'Mood':'INDICATIVE','Numerus':'SINGULAR','Person':'PERSON_3','Pos':'V','Tense':'PRESENT','VerbType':'VERBA_ANOMALA','Voice':'ACTIVE'},'name':'est'}]}],'name':'sum@V'}]">est</w><c> </c><w lemma="[{'id':2637442,'ls':[{'id':5911,'name':'magnus','wfs':[{'id':2637573,'morph':{'Casus':'NOMINATIVE','ComparisonDegree':'COMPARATIVE','DeclensionType':'THIRD_DECLENSION','Genus':'NEUTER','Numerus':'SINGULAR','Pos':'ADJ'},'name':'maius'}]}],'name':'magnus@ADJ'}]">maius</w><c> </c><w lemma="[{'id':1165161,'ls':[{'id':6082,'name':'meritum','wfs':[{'id':1165174,'morph':{'Casus':'NOMINATIVE','DeclensionType':'SECOND_DECLENSION','Genus':'NEUTER','Numerus':'SINGULAR','Pos':'NN'},'name':'meritum'}]}],'name':'meritum@NN'}]">meritum</w><c> </c><w lemma="[{'id':225505,'ls':[{'id':7683,'name':'quam','wfs':[{'id':225506,'morph':{'Pos':'ADV'},'name':'quam'}]}],'name':'quam@ADV'}]">quam</w><c> </c><w lemma="[{'id':1056993,'ls':[{'id':4717,'name':'gratia','wfs':[{'id':1057002,'morph':{'Casus':'ACCUSATIVE','DeclensionType':'FIRST_DECLENSION','Genus':'FEMININE','Numerus':'SINGULAR','Pos':'NN'},'name':'gratiam'}]}],'name':'gratia@NN'}]">gratiam</w><c> </c><w lemma="[{'id':6021052,'ls':[{'id':5488,'name':'invenio','wfs':[{'id':6021537,'morph':{'ConjugationType':'FOURTH_CONJUGATION','Mood':'INFINITIVE','Pos':'V','Tense':'PERFECT','VerbType':'TRANSITIVE','Voice':'ACTIVE'},'name':'invenisse'}]}],'name':'invenio@V'}]">invenisse</w><c> </c><w lemma="[{'id':7118987,'ls':[{'id':7827,'name':'regno','wfs':[{'id':550594175,'morph':{'Casus':'GENITIVE','Genus':'MASCULINE','Mood':'PARTICIPLE','Numerus':'PLURAL','Pos':'V','Tense':'PRESENT','Voice':'ACTIVE'},'name':'regnantum'}]}],'name':'regno@V'}]">regnantum</w><c>:</c><c> </c><w lemma="[{'id':109861,'ls':[{'id':109862,'name':'nam','wfs':[{'id':109863,'morph':{'Pos':'CON'},'name':'nam'}]}],'name':'nam@CON'}]">nam</w><c> </c><w lemma="[{'id':242816363,'ls':[{'id':242816364,'name':'qui','wfs':[{'id':457578084,'morph':{'Casus':'DATIVE','Genus':'MASCULINE','Numerus':'PLURAL','Pos':'PRO','PronounType':'RELATIVE'},'name':'quibus'}]}],'name':'qui@PRO'}]">quibus</w><c> </c><lb n="3" xml:id="bsb00000824_00223_3"></lb><w lemma="[{'id':1028041,'ls':[{'id':4276,'name':'fas','wfs':[{'id':1028054,'morph':{'Casus':'NOMINATIVE','Genus':'NEUTER','Numerus':'SINGULAR','Pos':'NN'},'name':'fas'}]}],'name':'fas@NN'}]">fas</w><c> </c><w lemma="[{'id':7617143,'ls':[{'id':7617144,'name':'sum','wfs':[{'id':242825881,'morph':{'Mood':'INDICATIVE','Numerus':'SINGULAR','Person':'PERSON_3','Pos':'V','Tense':'PRESENT','VerbType':'VERBA_ANOMALA','Voice':'ACTIVE'},'name':'est'}]}],'name':'sum@V'}]">est</w><c> </c><w lemma="[{'id':109545,'ls':[{'id':109546,'name':'de','wfs':[{'id':109547,'morph':{'Pos':'AP'},'name':'de'}]}],'name':'de@AP'}]">de</w><c> </c><w lemma="[{'id':2081351,'ls':[{'id':2081352,'name':'cunctus','wfs':[{'id':2081360,'morph':{'Casus':'ABLATIVE','ComparisonDegree':'POSITIVE','DeclensionType':'SECOND_DECLENSION','Genus':'MASCULINE','Numerus':'PLURAL','Pos':'ADJ'},'name':'cunctis'}]}],'name':'cunctus@ADJ'}]">cunctis</w><c> </c><w lemma="[{'id':1764149,'ls':[{'id':1394,'name':'bonus','wfs':[{'id':1764173,'morph':{'Casus':'ACCUSATIVE','ComparisonDegree':'SUPERLATIVE','DeclensionType':'SECOND_DECLENSION','Genus':'MASCULINE','Numerus':'PLURAL','Pos':'ADJ'},'name':'optimos'}]}],'name':'bonus@ADJ'}]">optimos</w><c> </c><w lemma="[{'id':7026606,'ls':[{'id':244494165,'name':'quaero','wfs':[{'id':7026687,'morph':{'ConjugationType':'THIRD_CONJUGATION','Mood':'INFINITIVE','Pos':'V','Tense':'PRESENT','VerbType':'TRANSITIVE','Voice':'ACTIVE'},'name':'quaerere'}]}],'name':'quaero@V'}]">quaerere</w><c>,</c><c> </c><w lemma="[{'id':242815904,'ls':[{'id':244520791,'name':'videor','wfs':[{'id':232322767,'morph':{'ConjugationType':'SECOND_CONJUGATION','Mood':'INDICATIVE','Numerus':'PLURAL','Person':'PERSON_3','Pos':'V','Tense':'PRESENT','VerbType':'DEPONENT','Voice':'PASSIVE'},'name':'videntur'}]}],'name':'videor@V'}]">videntur</w><c> </c><w lemma="[{'id':234266,'ls':[{'id':8236,'name':'semper','wfs':[{'id':241336670,'morph':{'Pos':'ADV'},'name':'semper'}]}],'name':'semper@ADV'}]">semper</w><c> </c><w lemma="[{'id':6234165,'ls':[{'id':6234166,'name':'mereor','wfs':[{'id':779588738,'morph':{'Casus':'ACCUSATIVE','ConjugationType':'SECOND_CONJUGATION','Genus':'MASCULINE','Mood':'PARTICIPLE','Numerus':'PLURAL','Pos':'V','Tense':'PERFECT','VerbType':'DEPONENT','Voice':'PASSIVE'},'name':'meritos'}]}],'name':'mereor@V'}]">meritos</w><c> </c><w lemma="[{'id':5189377,'ls':[{'id':3832,'name':'eligo','wfs':[{'id':5189460,'morph':{'ConjugationType':'THIRD_CONJUGATION','Mood':'INFINITIVE','Pos':'V','Tense':'PERFECT','VerbType':'TRANSITIVE','Voice':'ACTIVE'},'name':'elegisse'}]}],'name':'eligo@V'}]">elegisse</w><c>.</c><c> </c></s><s><w lemma="[{'id':109772,'ls':[{'id':109773,'name':'atque','wfs':[{'id':109774,'morph':{'Pos':'CON'},'name':'atque'}]}],'name':'atque@CON'}]">Atque</w><c> </c><w lemma="[{'id':183546,'ls':[{'id':183547,'name':'ideo','wfs':[{'id':183548,'morph':{'ComparisonDegree':'POSITIVE','Pos':'ADV'},'name':'ideo'}]}],'name':'ideo@ADV'}]">ideo</w><c> </c><lb n="4" xml:id="bsb00000824_00223_4"></lb><w lemma="[{'id':1126285,'ls':[{'id':5563,'name':'labor','wfs':[{'id':1126286,'morph':{'Casus':'ACCUSATIVE','DeclensionType':'THIRD_DECLENSION','Genus':'MASCULINE','Numerus':'PLURAL','Pos':'NN'},'name':'labores'}]}],'name':'labor@NN'}]">labores</w><c> </c><w lemma="[{'id':242816207,'ls':[{'id':242816208,'name':'is','wfs':[{'id':607984474,'morph':{'Casus':'GENITIVE','Genus':'MASCULINE','Numerus':'SINGULAR','Pos':'PRO','PronounType':'DEMONSTRATIVE'},'name':'eius'}]}],'name':'is@PRO'}]">eius</w><c> </c><w lemma="[{'id':1318422,'ls':[{'id':7861,'name':'remuneratio','wfs':[{'id':243446810,'morph':{'Casus':'ABLATIVE','DeclensionType':'THIRD_DECLENSION','Genus':'FEMININE','Numerus':'SINGULAR','Pos':'NN'},'name':'remuneratione'}]}],'name':'remuneratio@NN'}]">remuneratione</w><c> </c><w lemma="[{'id':6558526,'ls':[{'id':6914,'name':'penso','wfs':[{'id':6558535,'morph':{'Casus':'ACCUSATIVE','ConjugationType':'FIRST_CONJUGATION','Genus':'MASCULINE','Mood':'PARTICIPLE','Numerus':'PLURAL','Pos':'V','Tense':'PRESENT','VerbType':'TRANSITIVE','Voice':'ACTIVE'},'name':'pensantes'}]}],'name':'penso@V'}]">pensantes</w><c> </c><w lemma="[{'id':305389,'ls':[{'id':305390,'name':'Artemidorus','wfs':[{'id':305402,'morph':{'Casus':'DATIVE','DeclensionType':'SECOND_DECLENSION','Genus':'MASCULINE','Numerus':'SINGULAR','Pos':'NP'},'name':'Artemidoro'}]}],'name':'Artemidorus@NP'}]">Artemidoro</w><c> </c><w lemma="[{'id':2413908,'ls':[{'id':4928,'name':'illustris','wfs':[{'id':2414017,'morph':{'Casus':'DATIVE','ComparisonDegree':'POSITIVE','DeclensionType':'THIRD_DECLENSION','Genus':'MASCULINE','Numerus':'SINGULAR','Pos':'ADJ'},'name':'illustri'}]}],'name':'illustris@ADJ'}]">illustri</w><c> </c><w lemma="[{'id':1466541,'ls':[{'id':9281,'name':'vir','wfs':[{'id':1466567,'morph':{'Casus':'DATIVE','DeclensionType':'SECOND_DECLENSION','Genus':'MASCULINE','Numerus':'SINGULAR','Pos':'NN'},'name':'viro'}]}],'name':'vir@NN'}]">viro</w><c> </c><w lemma="[{'id':3242426,'ls':[{'id':9063,'name':'urbanus','wfs':[{'id':3242497,'morph':{'Casus':'GENITIVE','ComparisonDegree':'POSITIVE','DeclensionType':'FIRST_DECLENSION','Genus':'FEMININE','Numerus':'SINGULAR','Pos':'ADJ'},'name':'urbanae'}]}],'name':'urbanus@ADJ'}]">urbanae</w><c> </c><w lemma="[{'id':1269588,'ls':[{'id':7303,'name':'praefectura','wfs':[{'id':1269599,'morph':{'Casus':'GENITIVE','DeclensionType':'FIRST_DECLENSION','Genus':'FEMININE','Numerus':'SINGULAR','Pos':'NN'},'name':'praefecturae'}]}],'name':'praefectura@NN'}]">praefecturae</w><c> </c><lb n="5" xml:id="bsb00000824_00223_5"></lb><w lemma="[{'id':1028229,'ls':[{'id':4279,'name':'fascis','wfs':[{'id':1028230,'morph':{'Casus':'ACCUSATIVE','DeclensionType':'THIRD_DECLENSION','Genus':'MASCULINE','Numerus':'PLURAL','Pos':'NN'},'name':'fasces'}]}],'name':'fascis@NN'}]">fasces</w><c> </c><w lemma="[{'id':5825528,'ls':[{'id':5163,'name':'indulgeo','wfs':[{'id':5825644,'morph':{'ConjugationType':'SECOND_CONJUGATION','Mood':'INDICATIVE','Numerus':'PLURAL','Person':'PERSON_1','Pos':'V','Tense':'PERFECT','VerbType':'TRANSITIVE','Voice':'ACTIVE'},'name':'indulsimus'}]}],'name':'indulgeo@V'}]">indulsimus</w><c>.</c><c> </c></s><s><w lemma="[{'id':242815996,'ls':[{'id':242815997,'name':'hic','wfs':[{'id':244509677,'morph':{'Casus':'DATIVE','Genus':'MASCULINE','Numerus':'SINGULAR','Pos':'PRO','PronounType':'DEMONSTRATIVE'},'name':'huic'}]}],'name':'hic@PRO'}]">huic</w><c> </c><w lemma="[{'id':171912,'ls':[{'id':171913,'name':'ergo','wfs':[{'id':171914,'morph':{'ComparisonDegree':'POSITIVE','Pos':'ADV'},'name':'ergo'}]}],'name':'ergo@ADV'}]">ergo</w><c>,</c><c> </c><w lemma="[{'id':1228946,'ls':[{'id':6842,'name':'pater','wfs':[{'id':496020006,'morph':{'Casus':'VOCATIVE','DeclensionType':'THIRD_DECLENSION','Genus':'MASCULINE','Numerus':'PLURAL','Pos':'NN'},'name':'patres'}]}],'name':'pater@NN'}]">patres</w><c> </c><w lemma="[{'id':4484986,'ls':[{'id':2508,'name':'conscribo','wfs':[{'id':779637343,'morph':{'Casus':'VOCATIVE','ConjugationType':'THIRD_CONJUGATION','Genus':'MASCULINE','Mood':'PARTICIPLE','Numerus':'PLURAL','Pos':'V','Tense':'PERFECT','Voice':'PASSIVE'},'name':'conscripti'}]}],'name':'conscribo@V'}]">conscripti</w><c>,</c><c> </c><w lemma="[{'id':241347125,'ls':[{'id':241347126,'name':'tot','wfs':[{'id':241347136,'morph':{'Pos':'ADJ'},'name':'tot'}]}],'name':'tot@NUM'}]">tot</w><c> </c><w lemma="[{'id':109722,'ls':[{'id':109723,'name':'ac','wfs':[{'id':109724,'morph':{'Pos':'CON'},'name':'ac'}]}],'name':'ac@CON'}]">ac</w><c> </c><w lemma="[{'id':244511865,'ls':[{'id':244511866,'name':'talis','wfs':[{'id':785529575,'morph':{'Casus':'ABLATIVE','DeclensionType':'THIRD_DECLENSION','Genus':'NEUTER','Numerus':'PLURAL','Pos':'PRO','PronounType':'CORRELATIVE'},'name':'talibus'}]}],'name':'talis@PRO'}]">talibus</w><c> </c><w lemma="[{'id':1165161,'ls':[{'id':6082,'name':'meritum','wfs':[{'id':1165163,'morph':{'Casus':'ABLATIVE','DeclensionType':'SECOND_DECLENSION','Genus':'NEUTER','Numerus':'PLURAL','Pos':'NN'},'name':'meritis'}]}],'name':'meritum@NN'}]">meritis</w><c> </c><w lemma="[{'id':6805705,'ls':[{'id':6805706,'name':'praeluceo','wfs':[{'id':6805738,'morph':{'Casus':'DATIVE','ConjugationType':'SECOND_CONJUGATION','Genus':'MASCULINE','Mood':'PARTICIPLE','Numerus':'SINGULAR','Pos':'V','Tense':'PRESENT','VerbType':'TRANSITIVE','Voice':'ACTIVE'},'name':'praelucenti'}]}],'name':'praeluceo@V'}]">praelucenti</w><c> </c><lb n="6" xml:id="bsb00000824_00223_6"></lb><w lemma="[{'id':5483515,'ls':[{'id':4298,'name':'faveo','wfs':[{'id':5484192,'morph':{'ConjugationType':'SECOND_CONJUGATION','Mood':'IMPERATIVE','Numerus':'PLURAL','Person':'PERSON_2','Pos':'V','Tense':'PRESENT','VerbType':'TRANSITIVE','Voice':'ACTIVE'},'name':'favete'}]}],'name':'faveo@V'}]">favete</w><c> </c><w lemma="[{'id':1141037,'ls':[{'id':5774,'name':'lingua','wfs':[{'id':1141040,'morph':{'Casus':'DATIVE','DeclensionType':'FIRST_DECLENSION','Genus':'FEMININE','Numerus':'PLURAL','Pos':'NN'},'name':'linguis'}]}],'name':'lingua@NN'}]">linguis</w><c>,</c><c> </c><w lemma="[{'id':5483515,'ls':[{'id':4298,'name':'faveo','wfs':[{'id':5484192,'morph':{'ConjugationType':'SECOND_CONJUGATION','Mood':'IMPERATIVE','Numerus':'PLURAL','Person':'PERSON_2','Pos':'V','Tense':'PRESENT','VerbType':'TRANSITIVE','Voice':'ACTIVE'},'name':'favete'}]}],'name':'faveo@V'}]">favete</w><c> </c><w lemma="[{'id':873006,'ls':[{'id':2053,'name':'collegium','wfs':[{'id':243288251,'morph':{'Casus':'DATIVE','DeclensionType':'SECOND_DECLENSION','Genus':'NEUTER','Numerus':'PLURAL','Pos':'NN'},'name':'collegiis'}]}],'name':'collegium@NN'}]">collegiis</w><c>.</c><c> </c></s><s><w lemma="[{'id':7617143,'ls':[{'id':7617144,'name':'sum','wfs':[{'id':244519797,'morph':{'Mood':'INDICATIVE','Numerus':'SINGULAR','Person':'PERSON_3','Pos':'V','Tense':'FUTURE','VerbType':'VERBA_ANOMALA','Voice':'ACTIVE'},'name':'erit'}]}],'name':'sum@V'}]">erit</w><c> </c><w lemma="[{'id':226369,'ls':[{'id':7700,'name':'quoque','wfs':[{'id':226371,'morph':{'Pos':'ADV'},'name':'quoque'}]}],'name':'quoque@ADV'}]">quoque</w><c> </c><w lemma="[{'id':244512458,'ls':[{'id':244512459,'name':'vester','wfs':[{'id':245551329,'morph':{'Casus':'GENITIVE','DeclensionType':'FIRST_DECLENSION','Genus':'FEMININE','Numerus':'SINGULAR','Pos':'PRO','PronounType':'POSSESSIVE'},'name':'vestrae'}]}],'name':'vester@PRO'}]">vestrae</w><c> </c><w lemma="[{'id':810365,'ls':[{'id':810417,'name':'benivolentia','wfs':[{'id':810427,'morph':{'Casus':'GENITIVE','DeclensionType':'FIRST_DECLENSION','Genus':'FEMININE','Numerus':'SINGULAR','Pos':'NN'},'name':'benivolentiae'}]}],'name':'benevolentia@NN'}]">benivolentiae</w><c> </c><w lemma="[{'id':1133332,'ls':[{'id':5649,'name':'laus','wfs':[{'id':1133349,'morph':{'Casus':'NOMINATIVE','DeclensionType':'THIRD_DECLENSION','Genus':'FEMININE','Numerus':'SINGULAR','Pos':'NN'},'name':'laus'}]}],'name':'laus@NN'}]">laus</w><c>,</c><c> </c><w lemma="[{'id':110061,'ls':[{'id':110062,'name':'ut','wfs':[{'id':110063,'morph':{'Pos':'CON'},'name':'ut'}]}],'name':'ut@CON'}]">ut</w><c>,</c><c> </c><w lemma="[{'id':241279615,'ls':[{'id':241279619,'name':'cum','wfs':[{'id':241279620,'morph':{'Pos':'CON'},'name':'cum'}]}],'name':'cum@CON'}]">cum</w><c> </c><w lemma="[{'id':2184160,'ls':[{'id':3522,'name':'dignus','wfs':[{'id':2184196,'morph':{'Casus':'DATIVE','ComparisonDegree':'POSITIVE','DeclensionType':'SECOND_DECLENSION','Genus':'MASCULINE','Numerus':'PLURAL','Pos':'ADJ'},'name':'dignis'}]}],'name':'dignus@ADJ'}]">dignis</w><c> </c><lb n="7" xml:id="bsb00000824_00223_7"></lb><w lemma="[{'id':834500,'ls':[{'id':1623,'name':'caritas','wfs':[{'id':243116322,'morph':{'Casus':'ACCUSATIVE','DeclensionType':'THIRD_DECLENSION','Genus':'FEMININE','Numerus':'SINGULAR','Pos':'NN'},'name':'caritatem'}]}],'name':'caritas@NN'}]">caritatem</w><c> </c><w lemma="[{'id':5719667,'ls':[{'id':4975,'name':'impendo','wfs':[{'id':5719857,'morph':{'ConjugationType':'THIRD_CONJUGATION','Mood':'INDICATIVE','Numerus':'PLURAL','Person':'PERSON_2','Pos':'V','Tense':'PRESENT','VerbType':'TRANSITIVE','Voice':'ACTIVE'},'name':'impenditis'}]}],'name':'impendo@V'}]">impenditis</w><c>,</c><c> </c><w lemma="[{'id':109453,'ls':[{'id':109454,'name':'ad','wfs':[{'id':109455,'morph':{'Pos':'AP'},'name':'ad'}]}],'name':'ad@AP'}]">ad</w><c> </c><w lemma="[{'id':1013135,'ls':[{'id':4067,'name':'exemplum','wfs':[{'id':241433392,'morph':{'Casus':'ACCUSATIVE','DeclensionType':'SECOND_DECLENSION','Genus':'NEUTER','Numerus':'SINGULAR','Pos':'NN'},'name':'exemplum'}]}],'name':'exemplum@NN'}]">exemplum</w><c> </c><w lemma="[{'id':1842878,'ls':[{'id':1842879,'name':'ceterus','wfs':[{'id':1842887,'morph':{'Casus':'ACCUSATIVE','ComparisonDegree':'POSITIVE','DeclensionType':'SECOND_DECLENSION','Genus':'MASCULINE','Numerus':'PLURAL','Pos':'ADJ'},'name':'ceteros'}]}],'name':'ceterus@ADJ'}]">ceteros</w><c> </c><w lemma="[{'id':5788172,'ls':[{'id':5068,'name':'incito','wfs':[{'id':5788380,'morph':{'ConjugationType':'FIRST_CONJUGATION','Mood':'SUBJUNCTIVE','Numerus':'PLURAL','Person':'PERSON_2','Pos':'V','Tense':'PRESENT','VerbType':'TRANSITIVE','Voice':'ACTIVE'},'name':'incitetis'}]}],'name':'incito@V'}]">incitetis</w><c>.</c></s></p></div></body></text></TEI>