<?xml version="1.0" ?><TEI xmlns="http://www.tei-c.org/ns/1.0"><teiHeader><fileDesc><titleStmt><title>MGH Auct. ant. 12: Cassiodori Senatoris Variae</title><editor>Mommsen, Theodor</editor></titleStmt><publicationStmt><publisher>Monumenta Germaniae Historica (MGH)</publisher><publisher>Bavarian State Library (BSB), München</publisher><idno type="BSB">bsb00000824</idno><idno type="MGH"><idno type="Annotation_created_by">sysop</idno><idno type="Annotation_created_on">Wed Oct 18 18:56:00 CEST 2017</idno><idno type="Annotation_last_changed_by">geelhaar</idno><idno type="Annotation_last_changed_on">Thu Aug 20 10:43:40 CEST 2020</idno><idno type="Author_(German)">Cassiodor (Flavius Magnus Aurelius Cassiodorus Senator)</idno><idno type="Author_(Latin)">Cassiodorus Vivariensis</idno><idno type="BSB">bsb00000824</idno><idno type="Bibliographical_Link">http://stabikat.de/DB=1/XMLPRS=N/PPN?PPN=235118842</idno><idno type="C_Stat">06</idno><idno type="C1">06</idno><idno type="C2">05</idno><idno type="Column">090</idno><idno type="Commentary">dated according to the edition (TG)</idno><idno type="Concordance_View">true</idno><idno type="Digital_Edition_Statement">Text retrieved from the critical edition and prepared by the BMBF funded project "Humanist Computer Interaction under Scrutiny"(https://humanist.hs-mainz.de/en/). The Latin Text Archive (LTA) version has been created at Goethe University Frankfurt by the CompHistSem-Work Group (hudesktop.hucompute.org).</idno><idno type="Edition">MGH Auctores antiquissimi 12</idno><idno type="LTA_Export">true</idno><idno type="Licence_Info">CC BY 4.0</idno><idno type="Multiple_Lemmata_under_a_unique_Super_lemma">0.00%</idno><idno type="Multiple_Super_lemmata">0.00%</idno><idno type="Multiple_Wordforms_under_a_unique_Lemma">0.00%</idno><idno type="Multiple_Wordforms._Tagger_based_result._Multiple_Lemmata_possible">0.00%</idno><idno type="Multiple_Wordforms._Tagger_based_result._Multiple_Super_Lemmata_possible">0.00%</idno><idno type="Not_yet_linked_or_unknown_Wordform">0.00%</idno><idno type="Page">090</idno><idno type="Provided_by">Monumenta Germaniae Historica</idno><idno type="RepFontMA">not available</idno><idno type="Status">c</idno><idno type="Text_Type">Letter</idno><idno type="Text_Type_Class">Letters</idno><idno type="Time">507/511</idno><idno type="Title">Variae 03.21 - Fausto viro illustri Theodericus rex</idno><idno type="Type_of_Corpus">Corpus of Letters</idno><idno type="URL">http://www.mgh.de/dmgh/resolving/MGH_Auct._ant._12_S._90</idno><idno type="Unique_Wordform">100,00%</idno><idno type="Unique_Wordform._Tagger_based_result._Multiple_Lemmata_possible">0.00%</idno><idno type="Unique_Wordform._Tagger_based_result._Multiple_Super_lemmata_possible">0.00%</idno><idno type="VIAF_(Expression)">182693798</idno><idno type="VIAF_(Expression)_Link">http://viaf.org/viaf/182693798</idno><idno type="VIAF_(Person)">95230707</idno><idno type="VIAF_(Person)_Link">http://viaf.org/viaf/95230707</idno><idno type="Volume">Auct. ant. 12</idno><idno type="Year_of_Publication_(interpreted)">0511</idno>MGH Auct. ant. 12</idno><availability><licence target="http://creativecommons.org/licenses/by/4.0/"><p>Distributed under the Creative Commons Attribution 4.0 International (CC BY 4.0) license.</p><p>This license covers the annotations added by the Monumenta Germaniae Historica and the
            Bavarian State Library, Munich, in the course of project "digital MGH"
            <ref target="http://www.dmgh.de">http://www.dmgh.de</ref>, funded by the
            German Research Foundation (DFG).</p><p>We do not claim any rights on the text itself which is believed to be in the public domain.</p><p>If you distribute a copy or a derivative version of this file, please indicate the source
            of the file by mentioning the Monumenta Germaniae Historica (MGH) and the
            Bavarian State Library, Munich (BSB).</p></licence></availability><date when="2016-11-28T16:32:43+01:00">2016-11-28, 16:32:43</date></publicationStmt><sourceDesc><biblFull><titleStmt><title>Cassiodori Senatoris Variae</title><editor>Mommsen, Theodor</editor></titleStmt><publicationStmt><publisher>Weidmann</publisher><pubPlace>Berlin</pubPlace><date>1894</date></publicationStmt><seriesStmt><title>Auctores antiquissimi</title><biblScope unit="volume">12</biblScope></seriesStmt></biblFull></sourceDesc></fileDesc><revisionDesc><change when="12-03-2018 10:31" who="dharnisch"></change></revisionDesc></teiHeader><text><body><div><lb n="15" xml:id="bsb00000824_00274_15"></lb><head n="3"><s><w lemma="[{'id':241346594,'ls':[{'id':241346595,'name':'NUMERAL','wfs':[{'id':498534599,'morph':{'Pos':'NUM'},'name':'xxi'}]}],'name':'NUMERAL@NUM'}]">XXI</w><c>.</c><c> </c><lb n="16" xml:id="bsb00000824_00274_16"></lb><w lemma="[{'id':403371,'ls':[{'id':403372,'name':'Faustus','wfs':[{'id':627439,'morph':{'Casus':'DATIVE','DeclensionType':'SECOND_DECLENSION','Genus':'MASCULINE','Numerus':'SINGULAR','Pos':'NP'},'name':'Fausto'}]}],'name':'Faustus@NP'}]">FAUSTO</w><c> </c><w lemma="[{'id':1466541,'ls':[{'id':9281,'name':'vir','wfs':[{'id':779458787,'morph':{'Casus':'DATIVE','DeclensionType':'SECOND_DECLENSION','Genus':'MASCULINE','Numerus':'SINGULAR','Pos':'NN'},'name':'v'}]}],'name':'vir@NN'}]">V</w><c>.</c><c> </c><w lemma="[{'id':2413908,'ls':[{'id':4928,'name':'illustris','wfs':[{'id':779459471,'morph':{'Casus':'DATIVE','ComparisonDegree':'POSITIVE','DeclensionType':'THIRD_DECLENSION','Genus':'MASCULINE','Numerus':'SINGULAR','Pos':'ADJ'},'name':'I'}]}],'name':'illustris@ADJ'}]">I</w><c>.</c><c> </c><w lemma="[{'id':624521,'ls':[{'id':624522,'name':'Theodericus','wfs':[{'id':243244190,'morph':{'Casus':'NOMINATIVE','DeclensionType':'SECOND_DECLENSION','Genus':'MASCULINE','Numerus':'SINGULAR','Pos':'NP'},'name':'Theodericus'}]}],'name':'Theodericus@NP'}]">THEODERICUS</w><c> </c><w lemma="[{'id':1329481,'ls':[{'id':7965,'name':'rex','wfs':[{'id':1329499,'morph':{'Casus':'NOMINATIVE','DeclensionType':'THIRD_DECLENSION','Genus':'MASCULINE','Numerus':'SINGULAR','Pos':'NN'},'name':'rex'}]}],'name':'rex@NN'}]">REX</w><c>.</c></s></head><note><s><hi rend="ITALICS"><w lemma="[{'id':759853,'ls':[{'id':807,'name':'annus','wfs':[{'id':382849904,'morph':{'Casus':'ABLATIVE','DeclensionType':'SECOND_DECLENSION','Genus':'MASCULINE','Numerus':'SINGULAR','Pos':'NN'},'name':'a'}]}],'name':'annus@NN'}]">a</w><c>.</c><c> </c><w lemma="[{'id':241346594,'ls':[{'id':241346595,'name':'NUMERAL','wfs':[{'id':241346596,'morph':{'Pos':'NUM'},'name':'NUMERAL'}]}],'name':'NUMERAL@NUM'}]">507</w><c>/</c><w lemma="[{'id':241346594,'ls':[{'id':241346595,'name':'NUMERAL','wfs':[{'id':241346596,'morph':{'Pos':'NUM'},'name':'NUMERAL'}]}],'name':'NUMERAL@NUM'}]">511</w></hi></s></note><lb n="17" xml:id="bsb00000824_00274_17"></lb><p><s><w lemma="[{'id':2396607,'ls':[{'id':4890,'name':'humanus','wfs':[{'id':2396690,'morph':{'Casus':'GENITIVE','ComparisonDegree':'POSITIVE','DeclensionType':'FIRST_DECLENSION','Genus':'FEMININE','Numerus':'SINGULAR','Pos':'ADJ'},'name':'humanae'}]}],'name':'humanus@ADJ'}]">Humanae</w><c> </c><w lemma="[{'id':905048,'ls':[{'id':2604,'name':'consuetudo','wfs':[{'id':905051,'morph':{'Casus':'GENITIVE','DeclensionType':'THIRD_DECLENSION','Genus':'FEMININE','Numerus':'SINGULAR','Pos':'NN'},'name':'consuetudinis'}]}],'name':'consuetudo@NN'}]">consuetudinis</w><c> </c><w lemma="[{'id':1175418,'ls':[{'id':6230,'name':'mos','wfs':[{'id':1175436,'morph':{'Casus':'NOMINATIVE','DeclensionType':'THIRD_DECLENSION','Genus':'MASCULINE','Numerus':'SINGULAR','Pos':'NN'},'name':'mos'}]}],'name':'mos@NN'}]">mos</w><c> </c><w lemma="[{'id':7617143,'ls':[{'id':7617144,'name':'sum','wfs':[{'id':242825881,'morph':{'Mood':'INDICATIVE','Numerus':'SINGULAR','Person':'PERSON_3','Pos':'V','Tense':'PRESENT','VerbType':'VERBA_ANOMALA','Voice':'ACTIVE'},'name':'est'}]}],'name':'sum@V'}]">est</w><c>,</c><c> </c><w lemma="[{'id':110061,'ls':[{'id':110062,'name':'ut','wfs':[{'id':110063,'morph':{'Pos':'CON'},'name':'ut'}]}],'name':'ut@CON'}]">ut</w><c> </c><w lemma="[{'id':7948423,'ls':[{'id':9117,'name':'vario','wfs':[{'id':7948854,'morph':{'Casus':'ACCUSATIVE','ConjugationType':'FIRST_CONJUGATION','Genus':'NEUTER','Mood':'PARTICIPLE','Numerus':'PLURAL','Pos':'V','Tense':'PERFECT','VerbType':'TRANSITIVE','Voice':'PASSIVE'},'name':'variata'}]}],'name':'vario@V'}]">variata</w><c> </c><w lemma="[{'id':204352,'ls':[{'id':6264,'name':'multum','wfs':[{'id':204353,'morph':{'ComparisonDegree':'COMPARATIVE','Pos':'ADV'},'name':'plus'}]}],'name':'multum@ADV'}]">plus</w><c> </c><w lemma="[{'id':3959978,'ls':[{'id':1580,'name':'capio','wfs':[{'id':3960273,'morph':{'ConjugationType':'THIRD_CONJUGATION','Mood':'SUBJUNCTIVE','Numerus':'PLURAL','Person':'PERSON_3','Pos':'V','Tense':'PRESENT','VerbType':'TRANSITIVE','Voice':'ACTIVE'},'name':'capiant'}]}],'name':'capio@V'}]">capiant</w><c> </c><w lemma="[{'id':109828,'ls':[{'id':109829,'name':'et','wfs':[{'id':109830,'morph':{'Pos':'CON'},'name':'et'}]}],'name':'et@CON'}]">et</w><c> </c><w lemma="[{'id':109941,'ls':[{'id':109942,'name':'quamvis','wfs':[{'id':109944,'morph':{'Pos':'CON'},'name':'quamvis'}]}],'name':'quamvis@CON'}]">quamvis</w><c> </c><w lemma="[{'id':109577,'ls':[{'id':109578,'name':'in','wfs':[{'id':109579,'morph':{'Pos':'AP'},'name':'in'}]}],'name':'in@AP'}]">in</w><c> </c><w lemma="[{'id':1443466,'ls':[{'id':9069,'name':'usus','wfs':[{'id':243491427,'morph':{'Casus':'ACCUSATIVE','DeclensionType':'FOURTH_DECLENSION','Genus':'MASCULINE','Numerus':'SINGULAR','Pos':'NN'},'name':'usum'}]}],'name':'usus@NN'}]">usum</w><c> </c><lb n="18" xml:id="bsb00000824_00274_18"></lb><w lemma="[{'id':5618354,'ls':[{'id':4757,'name':'habeo','wfs':[{'id':5618658,'morph':{'ConjugationType':'SECOND_CONJUGATION','Mood':'SUBJUNCTIVE','Numerus':'PLURAL','Person':'PERSON_3','Pos':'V','Tense':'PRESENT','VerbType':'TRANSITIVE','Voice':'PASSIVE'},'name':'habeantur'}]}],'name':'habeo@V'}]">habeantur</w><c> </c><w lemma="[{'id':2283887,'ls':[{'id':4093,'name':'eximius','wfs':[{'id':2283935,'morph':{'Casus':'NOMINATIVE','ComparisonDegree':'POSITIVE','DeclensionType':'SECOND_DECLENSION','Genus':'NEUTER','Numerus':'PLURAL','Pos':'ADJ'},'name':'eximia'}]}],'name':'eximius@ADJ'}]">eximia</w><c>,</c><c> </c><w lemma="[{'id':1028379,'ls':[{'id':4282,'name':'fastidium','wfs':[{'id':1028381,'morph':{'Casus':'NOMINATIVE','DeclensionType':'SECOND_DECLENSION','Genus':'NEUTER','Numerus':'SINGULAR','Pos':'NN'},'name':'fastidium'}]}],'name':'fastidium@NN'}]">fastidium</w><c> </c><w lemma="[{'id':6846113,'ls':[{'id':7340,'name':'praesto','wfs':[{'id':6846615,'morph':{'ConjugationType':'FIRST_CONJUGATION','Mood':'SUBJUNCTIVE','Numerus':'SINGULAR','Person':'PERSON_3','Pos':'V','Tense':'PRESENT','VerbType':'TRANSITIVE','Voice':'ACTIVE'},'name':'praestet'}]}],'name':'praesto@V'}]">praestet</w><c> </c><w lemma="[{'id':2744416,'ls':[{'id':6625,'name':'omnis','wfs':[{'id':2744452,'morph':{'Casus':'ACCUSATIVE','ComparisonDegree':'POSITIVE','DeclensionType':'THIRD_DECLENSION','Genus':'NEUTER','Numerus':'SINGULAR','Pos':'ADJ'},'name':'omne'}]}],'name':'omnis@ADJ'}]">omne</w><c> </c><w lemma="[{'id':242816363,'ls':[{'id':242816364,'name':'qui','wfs':[{'id':296826590,'morph':{'Casus':'NOMINATIVE','Genus':'NEUTER','Numerus':'SINGULAR','Pos':'PRO','PronounType':'RELATIVE'},'name':'quod'}]}],'name':'qui@PRO'}]">quod</w><c> </c><w lemma="[{'id':7306701,'ls':[{'id':8122,'name':'satio','wfs':[{'id':7307031,'morph':{'ConjugationType':'FIRST_CONJUGATION','Mood':'INDICATIVE','Numerus':'SINGULAR','Person':'PERSON_3','Pos':'V','Tense':'PRESENT','VerbType':'TRANSITIVE','Voice':'ACTIVE'},'name':'satiat'}]}],'name':'satio@V'}]">satiat</w><c>.</c><c> </c></s><s><w lemma="[{'id':222625,'ls':[{'id':222628,'name':'proinde','wfs':[{'id':222631,'morph':{'ComparisonDegree':'POSITIVE','Pos':'ADV'},'name':'proinde'}]}],'name':'proinde@ADV'}]">proinde</w><c> </c><w lemma="[{'id':3003043,'ls':[{'id':8028,'name':'sacer','wfs':[{'id':3003098,'morph':{'Casus':'DATIVE','ComparisonDegree':'POSITIVE','DeclensionType':'SECOND_DECLENSION','Genus':'NEUTER','Numerus':'PLURAL','Pos':'ADJ'},'name':'sacris'}]}],'name':'sacer@ADJ'}]">sacris</w><c> </c><w lemma="[{'id':1171989,'ls':[{'id':1171990,'name':'moene','wfs':[{'id':1171993,'morph':{'Casus':'DATIVE','DeclensionType':'THIRD_DECLENSION','Genus':'NEUTER','Numerus':'PLURAL','Pos':'NN'},'name':'moenibus'}]}],'name':'moene@NN'}]">moenibus</w><c> </c><lb n="19" xml:id="bsb00000824_00274_19"></lb><w lemma="[{'id':196848,'ls':[{'id':196849,'name':'iugiter','wfs':[{'id':196851,'morph':{'ComparisonDegree':'POSITIVE','Pos':'ADV'},'name':'iugiter'}]}],'name':'iugiter@ADV'}]">iugiter</w><c> </c><w lemma="[{'id':5703131,'ls':[{'id':5703132,'name':'immoror','wfs':[{'id':5703164,'morph':{'Casus':'DATIVE','ConjugationType':'FIRST_CONJUGATION','Genus':'MASCULINE','Mood':'PARTICIPLE','Numerus':'SINGULAR','Pos':'V','Tense':'PRESENT','VerbType':'DEPONENT','Voice':'ACTIVE'},'name':'immoranti'}]}],'name':'immoror@V'}]">immoranti</w><c> </c><w lemma="[{'id':5057763,'ls':[{'id':3611,'name':'dispono','wfs':[{'id':501685201,'morph':{'Casus':'GENITIVE','ComparisonDegree':'POSITIVE','DeclensionType':'FIRST_DECLENSION','Genus':'FEMININE','Mood':'GERUNDIVE','Numerus':'SINGULAR','Pos':'V'},'name':'disponendae'}]}],'name':'dispono@V'}]">disponendae</w><c> </c><w lemma="[{'id':1443775,'ls':[{'id':9082,'name':'utilitas','wfs':[{'id':1443789,'morph':{'Casus':'GENITIVE','DeclensionType':'THIRD_DECLENSION','Genus':'FEMININE','Numerus':'SINGULAR','Pos':'NN'},'name':'utilitatis'}]}],'name':'utilitas@NN'}]">utilitatis</w><c> </c><w lemma="[{'id':2905058,'ls':[{'id':7523,'name':'proprius','wfs':[{'id':297496485,'morph':{'Casus':'GENITIVE','ComparisonDegree':'POSITIVE','DeclensionType':'FIRST_DECLENSION','Genus':'FEMININE','Numerus':'SINGULAR','Pos':'ADJ'},'name':'propriae'}]}],'name':'proprius@ADJ'}]">propriae</w><c> </c><w lemma="[{'id':109501,'ls':[{'id':109502,'name':'causa','wfs':[{'id':109503,'morph':{'Casus':'INDECLINABLE','Pos':'AP'},'name':'causa'}]}],'name':'causa@AP'}]">causa</w><c> </c><w lemma="[{'id':1093749,'ls':[{'id':1093764,'name':'indutia','wfs':[{'id':1093765,'morph':{'Casus':'ACCUSATIVE','DeclensionType':'FIRST_DECLENSION','Genus':'FEMININE','Numerus':'PLURAL','Pos':'NN'},'name':'indutias'}]}],'name':'indutia@NN'}]">indutias</w><c> </c><w lemma="[{'id':242816823,'ls':[{'id':242816824,'name':'tu','wfs':[{'id':242816828,'morph':{'Casus':'DATIVE','Genus':'MASCULINE','Numerus':'SINGULAR','Pos':'PRO','PronounType':'PERSONAL'},'name':'tibi'}]}],'name':'tu@PRO'}]">tibi</w><c> </c><w lemma="[{'id':6744661,'ls':[{'id':7244,'name':'postulo','wfs':[{'id':6744911,'morph':{'ConjugationType':'FIRST_CONJUGATION','Mood':'INDICATIVE','Numerus':'SINGULAR','Person':'PERSON_2','Pos':'V','Tense':'PRESENT','VerbType':'TRANSITIVE','Voice':'ACTIVE'},'name':'postulas'}]}],'name':'postulo@V'}]">postulas</w><c> </c><w lemma="[{'id':4694501,'ls':[{'id':3027,'name':'debeo','wfs':[{'id':1132702,'morph':{'ConjugationType':'SECOND_CONJUGATION','Mood':'INFINITIVE','Pos':'V','Tense':'PRESENT','VerbType':'TRANSITIVE','Voice':'ACTIVE'},'name':'debere'}]}],'name':'debeo@V'}]">debere</w><c> </c><lb n="20" xml:id="bsb00000824_00274_20"></lb><w lemma="[{'id':4371976,'ls':[{'id':244530661,'name':'concedo','wfs':[{'id':4372028,'morph':{'ConjugationType':'THIRD_CONJUGATION','Mood':'INFINITIVE','Pos':'V','Tense':'PRESENT','VerbType':'TRANSITIVE','Voice':'PASSIVE'},'name':'concedi'}]}],'name':'concedo@V'}]">concedi</w><c>,</c><c> </c><w lemma="[{'id':206035,'ls':[{'id':6416,'name':'non','wfs':[{'id':241322627,'morph':{'Pos':'ADV'},'name':'non'}]}],'name':'non@ADV'}]">non</w><c> </c><w lemma="[{'id':109986,'ls':[{'id':109987,'name':'quod','wfs':[{'id':109988,'morph':{'Pos':'CON'},'name':'quod'}]}],'name':'quod@CON'}]">quod</w><c> </c><w lemma="[{'id':1060018,'ls':[{'id':4761,'name':'habitatio','wfs':[{'id':1060025,'morph':{'Casus':'NOMINATIVE','DeclensionType':'THIRD_DECLENSION','Genus':'FEMININE','Numerus':'SINGULAR','Pos':'NN'},'name':'habitatio'}]}],'name':'habitatio@NN'}]">habitatio</w><c> </c><w lemma="[{'id':245290,'ls':[{'id':8736,'name':'tam','wfs':[{'id':245291,'morph':{'Pos':'ADV'},'name':'tam'}]}],'name':'tam@ADV'}]">tam</w><c> </c><w lemma="[{'id':1887165,'ls':[{'id':1931,'name':'clarus','wfs':[{'id':1887253,'morph':{'Casus':'NOMINATIVE','ComparisonDegree':'POSITIVE','DeclensionType':'FIRST_DECLENSION','Genus':'FEMININE','Numerus':'SINGULAR','Pos':'ADJ'},'name':'clara'}]}],'name':'clarus@ADJ'}]">clara</w><c> </c><w lemma="[{'id':6666209,'ls':[{'id':6666210,'name':'pertaedet','wfs':[{'id':6666269,'morph':{'ConjugationType':'SECOND_CONJUGATION','Mood':'SUBJUNCTIVE','Numerus':'SINGULAR','Person':'PERSON_3','Pos':'V','Tense':'PRESENT','VerbType':'IMPERSONAL','Voice':'ACTIVE'},'name':'pertaedeat'}]}],'name':'pertaedet@V'}]">pertaedeat</w><c>,</c><c> </c><w lemma="[{'id':110010,'ls':[{'id':110011,'name':'sed','wfs':[{'id':110012,'morph':{'Pos':'CON'},'name':'sed'}]}],'name':'sed@CON'}]">sed</w><c> </c><w lemma="[{'id':109974,'ls':[{'id':109975,'name':'quo','wfs':[{'id':109976,'morph':{'Pos':'CON'},'name':'quo'}]}],'name':'quo@CON'}]">quo</w><c> </c><w lemma="[{'id':2220819,'ls':[{'id':3737,'name':'dulcis','wfs':[{'id':2220914,'morph':{'Casus':'NOMINATIVE','ComparisonDegree':'COMPARATIVE','DeclensionType':'THIRD_DECLENSION','Genus':'FEMININE','Numerus':'SINGULAR','Pos':'ADJ'},'name':'dulcior'}]}],'name':'dulcis@ADJ'}]">dulcior</w><c> </c><w lemma="[{'id':5511842,'ls':[{'id':4349,'name':'fio','wfs':[{'id':443114,'morph':{'Mood':'SUBJUNCTIVE','Numerus':'SINGULAR','Person':'PERSON_3','Pos':'V','Tense':'PRESENT','VerbType':'VERBA_ANOMALA','Voice':'ACTIVE'},'name':'fiat'}]}],'name':'fio@V'}]">fiat</w><c> </c><w lemma="[{'id':7153291,'ls':[{'id':7863,'name':'renovo','wfs':[{'id':7153753,'morph':{'Casus':'NOMINATIVE','ConjugationType':'FIRST_CONJUGATION','Genus':'FEMININE','Mood':'PARTICIPLE','Numerus':'SINGULAR','Pos':'V','Tense':'PERFECT','VerbType':'TRANSITIVE','Voice':'PASSIVE'},'name':'renovata'}]}],'name':'renovo@V'}]">renovata</w><c> </c><lb n="21" xml:id="bsb00000824_00274_21"></lb><w lemma="[{'id':1315401,'ls':[{'id':1315402,'name':'regressio','wfs':[{'id':1315405,'morph':{'Casus':'NOMINATIVE','DeclensionType':'THIRD_DECLENSION','Genus':'FEMININE','Numerus':'SINGULAR','Pos':'NN'},'name':'regressio'}]}],'name':'regressio@NN'}]">regressio</w><c>.</c><c> </c></s><s><w lemma="[{'id':109772,'ls':[{'id':109773,'name':'atque','wfs':[{'id':109774,'morph':{'Pos':'CON'},'name':'atque'}]}],'name':'atque@CON'}]">atque</w><c> </c><w lemma="[{'id':183546,'ls':[{'id':183547,'name':'ideo','wfs':[{'id':183548,'morph':{'ComparisonDegree':'POSITIVE','Pos':'ADV'},'name':'ideo'}]}],'name':'ideo@ADV'}]">ideo</w><c> </c><w lemma="[{'id':2413908,'ls':[{'id':4928,'name':'illustris','wfs':[{'id':2413997,'morph':{'Casus':'DATIVE','ComparisonDegree':'POSITIVE','DeclensionType':'THIRD_DECLENSION','Genus':'FEMININE','Numerus':'SINGULAR','Pos':'ADJ'},'name':'illustri'}]}],'name':'illustris@ADJ'}]">illustri</w><c> </c><w lemma="[{'id':1152577,'ls':[{'id':5920,'name':'magnitudo','wfs':[{'id':243389863,'morph':{'Casus':'DATIVE','DeclensionType':'THIRD_DECLENSION','Genus':'FEMININE','Numerus':'SINGULAR','Pos':'NN'},'name':'magnitudini'}]}],'name':'magnitudo@NN'}]">magnitudini</w><c> </c><w lemma="[{'id':244512131,'ls':[{'id':244512132,'name':'tuus','wfs':[{'id':243191877,'morph':{'Casus':'DATIVE','DeclensionType':'FIRST_DECLENSION','Genus':'FEMININE','Numerus':'SINGULAR','Pos':'PRO','PronounType':'POSSESSIVE'},'name':'tuae'}]}],'name':'tuus@PRO'}]">tuae</w><c> </c><w lemma="[{'id':7332912,'ls':[{'id':8202,'name':'secedo','wfs':[{'id':498791249,'morph':{'Casus':'GENITIVE','DeclensionType':'SECOND_DECLENSION','Genus':'NEUTER','Mood':'GERUND','Numerus':'SINGULAR','Pos':'V'},'name':'secedendi'}]}],'name':'secedo@V'}]">secedendi</w><c> </c><w lemma="[{'id':109453,'ls':[{'id':109454,'name':'ad','wfs':[{'id':109455,'morph':{'Pos':'AP'},'name':'ad'}]}],'name':'ad@AP'}]">ad</w><c> </c><w lemma="[{'id':1291084,'ls':[{'id':7580,'name':'provincia','wfs':[{'id':1291110,'morph':{'Casus':'ACCUSATIVE','DeclensionType':'FIRST_DECLENSION','Genus':'FEMININE','Numerus':'SINGULAR','Pos':'NN'},'name':'provinciam'}]}],'name':'provincia@NN'}]">provinciam</w><c> </c><w lemma="[{'id':241346870,'ls':[{'id':241346871,'name':'quattuor','wfs':[{'id':241346882,'morph':{'Casus':'GENITIVE','Genus':'MASCULINE','Numerus':'PLURAL','Pos':'NUM'},'name':'quattuor'}]}],'name':'quattuor@NUM'}]">quattuor</w><c> </c><lb n="22" xml:id="bsb00000824_00274_22"></lb><w lemma="[{'id':1163892,'ls':[{'id':6063,'name':'mensis','wfs':[{'id':1163897,'morph':{'Casus':'GENITIVE','DeclensionType':'THIRD_DECLENSION','Genus':'MASCULINE','Numerus':'PLURAL','Pos':'NN'},'name':'mensium'}]}],'name':'mensis@NN'}]">mensium</w><c> </c><w lemma="[{'id':1093749,'ls':[{'id':1093764,'name':'indutia','wfs':[{'id':1093765,'morph':{'Casus':'ACCUSATIVE','DeclensionType':'FIRST_DECLENSION','Genus':'FEMININE','Numerus':'PLURAL','Pos':'NN'},'name':'indutias'}]}],'name':'indutia@NN'}]">indutias</w><c> </c><w lemma="[{'id':1254025,'ls':[{'id':7092,'name':'pietas','wfs':[{'id':1254039,'morph':{'Casus':'NOMINATIVE','DeclensionType':'THIRD_DECLENSION','Genus':'FEMININE','Numerus':'SINGULAR','Pos':'NN'},'name':'pietas'}]}],'name':'pietas@NN'}]">pietas</w><c> </c><w lemma="[{'id':244510439,'ls':[{'id':244510440,'name':'noster','wfs':[{'id':244510472,'morph':{'Casus':'NOMINATIVE','DeclensionType':'FIRST_DECLENSION','Genus':'FEMININE','Numerus':'SINGULAR','Pos':'PRO','PronounType':'POSSESSIVE'},'name':'nostra'}]}],'name':'noster@PRO'}]">nostra</w><c> </c><w lemma="[{'id':6123040,'ls':[{'id':5619,'name':'largior','wfs':[{'id':6123575,'morph':{'ConjugationType':'FOURTH_CONJUGATION','Mood':'INDICATIVE','Numerus':'SINGULAR','Person':'PERSON_3','Pos':'V','Tense':'PRESENT','VerbType':'DEPONENT','Voice':'PASSIVE'},'name':'largitur'}]}],'name':'largior@V'}]">largitur</w><c>:</c><c> </c><w lemma="[{'id':196519,'ls':[{'id':5544,'name':'ita','wfs':[{'id':196520,'morph':{'Pos':'ADV'},'name':'ita'}]}],'name':'ita@ADV'}]">ita</w><c> </c><w lemma="[{'id':110061,'ls':[{'id':110062,'name':'ut','wfs':[{'id':110063,'morph':{'Pos':'CON'},'name':'ut'}]}],'name':'ut@CON'}]">ut</w><c> </c><w lemma="[{'id':5388112,'ls':[{'id':4128,'name':'expleo','wfs':[{'id':5388159,'morph':{'Casus':'ABLATIVE','ConjugationType':'SECOND_CONJUGATION','Genus':'MASCULINE','Mood':'PARTICIPLE','Numerus':'PLURAL','Pos':'V','Tense':'PERFECT','VerbType':'TRANSITIVE','Voice':'PASSIVE'},'name':'expletis'}]}],'name':'expleo@V'}]">expletis</w><c> </c><w lemma="[{'id':242816067,'ls':[{'id':242816068,'name':'idem','wfs':[{'id':297497080,'morph':{'Casus':'DATIVE','Genus':'MASCULINE','Numerus':'PLURAL','Pos':'PRO','PronounType':'DEMONSTRATIVE'},'name':'eisdem'}]}],'name':'idem@PRO'}]">eisdem</w><c> </c><w lemma="[{'id':109453,'ls':[{'id':109454,'name':'ad','wfs':[{'id':109455,'morph':{'Pos':'AP'},'name':'ad'}]}],'name':'ad@AP'}]">ad</w><c> </c><w lemma="[{'id':1233940,'ls':[{'id':1233941,'name':'penates','wfs':[{'id':243416941,'morph':{'Casus':'NOMINATIVE','DeclensionType':'THIRD_DECLENSION','Genus':'MASCULINE','Numerus':'SINGULAR','Pos':'NN'},'name':'penates'}]}],'name':'penates@NN'}]">penates</w><c> </c><w lemma="[{'id':2905058,'ls':[{'id':7523,'name':'proprius','wfs':[{'id':297496541,'morph':{'Casus':'ACCUSATIVE','ComparisonDegree':'POSITIVE','DeclensionType':'SECOND_DECLENSION','Genus':'MASCULINE','Numerus':'PLURAL','Pos':'ADJ'},'name':'proprios'}]}],'name':'proprius@ADJ'}]">proprios</w><c> </c><lb n="23" xml:id="bsb00000824_00274_23"></lb><w lemma="[{'id':7090397,'ls':[{'id':7789,'name':'redeo','wfs':[{'id':523537,'morph':{'Mood':'INFINITIVE','Pos':'V','Tense':'PRESENT','VerbType':'VERBA_ANOMALA','Voice':'ACTIVE'},'name':'redire'}]}],'name':'redeo@V'}]">redire</w><c> </c><w lemma="[{'id':5500352,'ls':[{'id':4340,'name':'festino','wfs':[{'id':5500606,'morph':{'ConjugationType':'FIRST_CONJUGATION','Mood':'SUBJUNCTIVE','Numerus':'SINGULAR','Person':'PERSON_2','Pos':'V','Tense':'PRESENT','VerbType':'TRANSITIVE','Voice':'ACTIVE'},'name':'festines'}]}],'name':'festino@V'}]">festines</w><c>,</c><c> </c><w lemma="[{'id':225825,'ls':[{'id':225826,'name':'quatenus','wfs':[{'id':225827,'morph':{'ComparisonDegree':'POSITIVE','Pos':'ADV'},'name':'quatenus'}]}],'name':'quatenus@ADV'}]">quatenus</w><c> </c><w lemma="[{'id':1060018,'ls':[{'id':4761,'name':'habitatio','wfs':[{'id':1060025,'morph':{'Casus':'NOMINATIVE','DeclensionType':'THIRD_DECLENSION','Genus':'FEMININE','Numerus':'SINGULAR','Pos':'NN'},'name':'habitatio'}]}],'name':'habitatio@NN'}]">habitatio</w><c> </c><w lemma="[{'id':2993336,'ls':[{'id':2993337,'name':'romanus','wfs':[{'id':243619156,'morph':{'Casus':'NOMINATIVE','ComparisonDegree':'POSITIVE','DeclensionType':'FIRST_DECLENSION','Genus':'FEMININE','Numerus':'SINGULAR','Pos':'ADJ'},'name':'Romana'}]}],'name':'romanus@ADJ'}]">Romana</w><c>,</c><c> </c><w lemma="[{'id':242816363,'ls':[{'id':242816364,'name':'qui','wfs':[{'id':244510910,'morph':{'Casus':'ACCUSATIVE','Genus':'FEMININE','Numerus':'SINGULAR','Pos':'PRO','PronounType':'RELATIVE'},'name':'quam'}]}],'name':'qui@PRO'}]">quam</w><c> </c><w lemma="[{'id':2681226,'ls':[{'id':262656362,'name':'multiplex','wfs':[{'id':244119056,'morph':{'Casus':'ABLATIVE','ComparisonDegree':'POSITIVE','DeclensionType':'THIRD_DECLENSION','Genus':'MASCULINE','Numerus':'SINGULAR','Pos':'ADJ'},'name':'multiplici'}]}],'name':'multiplex@ADJ'}]">multiplici</w><c> </c><w lemma="[{'id':8038609,'ls':[{'id':9327,'name':'volo','wfs':[{'id':243116354,'morph':{'Mood':'INDICATIVE','Numerus':'PLURAL','Person':'PERSON_1','Pos':'V','Tense':'PRESENT','VerbType':'VERBA_ANOMALA','Voice':'ACTIVE'},'name':'volumus'}]}],'name':'volo@V'}]">volumus</w><c> </c><w lemma="[{'id':4833995,'ls':[{'id':3257,'name':'denso','wfs':[{'id':4834076,'morph':{'ConjugationType':'FIRST_CONJUGATION','Mood':'INFINITIVE','Pos':'V','Tense':'PRESENT','VerbType':'TRANSITIVE','Voice':'ACTIVE'},'name':'densare'}]}],'name':'denso@V'}]">densare</w><c> </c><w lemma="[{'id':911636,'ls':[{'id':2710,'name':'conventus','wfs':[{'id':1376420,'morph':{'Casus':'ABLATIVE','DeclensionType':'FOURTH_DECLENSION','Genus':'MASCULINE','Numerus':'SINGULAR','Pos':'NN'},'name':'conventu'}]}],'name':'conventus@NN'}]">conventu</w><c>,</c><c> </c><lb n="24" xml:id="bsb00000824_00274_24"></lb><w lemma="[{'id':7553577,'ls':[{'id':8601,'name':'subtraho','wfs':[{'id':7553624,'morph':{'Casus':'ABLATIVE','ConjugationType':'THIRD_CONJUGATION','Genus':'MASCULINE','Mood':'PARTICIPLE','Numerus':'PLURAL','Pos':'V','Tense':'PERFECT','VerbType':'TRANSITIVE','Voice':'PASSIVE'},'name':'subtractis'}]}],'name':'subtraho@V'}]">subtractis</w><c> </c><w lemma="[{'id':1089191,'ls':[{'id':5082,'name':'incola','wfs':[{'id':1089200,'morph':{'Casus':'ABLATIVE','DeclensionType':'FIRST_DECLENSION','Genus':'MASCULINE','Numerus':'PLURAL','Pos':'NN'},'name':'incolis'}]}],'name':'incola@NN'}]">incolis</w><c> </c><w lemma="[{'id':1414743,'ls':[{'id':8799,'name':'terra','wfs':[{'id':1414763,'morph':{'Casus':'GENITIVE','DeclensionType':'FIRST_DECLENSION','Genus':'FEMININE','Numerus':'PLURAL','Pos':'NN'},'name':'terrarum'}]}],'name':'terra@NN'}]">terrarum</w><c> </c><w lemma="[{'id':2746906,'ls':[{'id':2746907,'name':'opinatus','wfs':[{'id':2746996,'morph':{'Casus':'NOMINATIVE','ComparisonDegree':'SUPERLATIVE','DeclensionType':'FIRST_DECLENSION','Genus':'FEMININE','Numerus':'SINGULAR','Pos':'ADJ'},'name':'opinatissima'}]}],'name':'opinatus@ADJ'}]">opinatissima</w><c> </c><w lemma="[{'id':206035,'ls':[{'id':6416,'name':'non','wfs':[{'id':241322627,'morph':{'Pos':'ADV'},'name':'non'}]}],'name':'non@ADV'}]">non</w><c> </c><w lemma="[{'id':7044078,'ls':[{'id':7044079,'name':'raresco','wfs':[{'id':7044215,'morph':{'ConjugationType':'THIRD_CONJUGATION','Mood':'SUBJUNCTIVE','Numerus':'SINGULAR','Person':'PERSON_3','Pos':'V','Tense':'PRESENT','VerbType':'TRANSITIVE','Voice':'ACTIVE'},'name':'rarescat'}]}],'name':'raresco@V'}]">rarescat</w><c>.</c><c> </c></s><s><w lemma="[{'id':242815996,'ls':[{'id':242815997,'name':'hic','wfs':[{'id':36187642,'morph':{'Casus':'ACCUSATIVE','Genus':'NEUTER','Numerus':'SINGULAR','Pos':'PRO','PronounType':'DEMONSTRATIVE'},'name':'hoc'}]}],'name':'hic@PRO'}]">hoc</w><c> </c><w lemma="[{'id':109834,'ls':[{'id':109835,'name':'etiam','wfs':[{'id':109836,'morph':{'Pos':'CON'},'name':'etiam'}]}],'name':'etiam@CON'}]">etiam</w><c> </c><w lemma="[{'id':109828,'ls':[{'id':109829,'name':'et','wfs':[{'id':109830,'morph':{'Pos':'CON'},'name':'et'}]}],'name':'et@CON'}]">et</w><c> </c><w lemma="[{'id':242816974,'ls':[{'id':242816975,'name':'vos','wfs':[{'id':242816977,'morph':{'Casus':'DATIVE','Numerus':'PLURAL','Pos':'PRO','PronounType':'PERSONAL'},'name':'vobis'}]}],'name':'vos@PRO'}]">vobis</w><c> </c><w lemma="[{'id':6076190,'ls':[{'id':6076191,'name':'iudico','wfs':[{'id':6076304,'morph':{'ConjugationType':'FIRST_CONJUGATION','Mood':'INDICATIVE','Numerus':'PLURAL','Person':'PERSON_1','Pos':'V','Tense':'PRESENT','VerbType':'TRANSITIVE','Voice':'ACTIVE'},'name':'iudicamus'}]}],'name':'iudico@V'}]">iudicamus</w><c> </c><lb n="25" xml:id="bsb00000824_00274_25"></lb><w lemma="[{'id':1650901,'ls':[{'id':943,'name':'aptus','wfs':[{'id':243710148,'morph':{'Casus':'ACCUSATIVE','ComparisonDegree':'SUPERLATIVE','DeclensionType':'SECOND_DECLENSION','Genus':'NEUTER','Numerus':'SINGULAR','Pos':'ADJ'},'name':'aptissimum'}]}],'name':'aptus@ADJ'}]">aptissimum</w><c>,</c><c> </c><w lemma="[{'id':109946,'ls':[{'id':109947,'name':'quando','wfs':[{'id':109948,'morph':{'Pos':'CON'},'name':'quando'}]}],'name':'quando@CON'}]">quando</w><c> </c><w lemma="[{'id':596852,'ls':[{'id':596853,'name':'Senator','wfs':[{'id':241398602,'morph':{'Casus':'NOMINATIVE','DeclensionType':'THIRD_DECLENSION','Genus':'MASCULINE','Numerus':'SINGULAR','Pos':'NP'},'name':'Senator'}]}],'name':'Senator@NP'}]">Senator</w><c> </c><w lemma="[{'id':2993336,'ls':[{'id':2993337,'name':'romanus','wfs':[{'id':241570502,'morph':{'Casus':'NOMINATIVE','ComparisonDegree':'POSITIVE','DeclensionType':'SECOND_DECLENSION','Genus':'MASCULINE','Numerus':'SINGULAR','Pos':'ADJ'},'name':'Romanus'}]}],'name':'romanus@ADJ'}]">Romanus</w><c> </c><w lemma="[{'id':119467,'ls':[{'id':617,'name':'alibi','wfs':[{'id':119468,'morph':{'ComparisonDegree':'POSITIVE','Pos':'ADV'},'name':'alibi'}]}],'name':'alibi@ADV'}]">alibi</w><c> </c><w lemma="[{'id':6741602,'ls':[{'id':7228,'name':'possum','wfs':[{'id':244516516,'morph':{'Mood':'SUBJUNCTIVE','Numerus':'SINGULAR','Person':'PERSON_3','Pos':'V','Tense':'PRESENT','VerbType':'VERBA_ANOMALA','Voice':'ACTIVE'},'name':'possit'}]}],'name':'possum@V'}]">possit</w><c> </c><w lemma="[{'id':5111199,'ls':[{'id':3689,'name':'doleo','wfs':[{'id':5111281,'morph':{'ConjugationType':'SECOND_CONJUGATION','Mood':'INFINITIVE','Pos':'V','Tense':'PRESENT','VerbType':'TRANSITIVE','Voice':'ACTIVE'},'name':'dolere'}]}],'name':'doleo@V'}]">dolere</w><c> </c><w lemma="[{'id':7777796,'ls':[{'id':8744,'name':'tardo','wfs':[{'id':7777864,'morph':{'Casus':'NOMINATIVE','ConjugationType':'FIRST_CONJUGATION','Genus':'MASCULINE','Mood':'PARTICIPLE','Numerus':'SINGULAR','Pos':'V','Tense':'PERFECT','VerbType':'TRANSITIVE','Voice':'PASSIVE'},'name':'tardatus'}]}],'name':'tardo@V'}]">tardatus</w><c>.</c><c> </c></s><s><w lemma="[{'id':249332,'ls':[{'id':249333,'name':'ubi','wfs':[{'id':249334,'morph':{'Pos':'ADV'},'name':'ubi'}]}],'name':'ubi@ADV'}]">ubi</w><c> </c><w lemma="[{'id':109821,'ls':[{'id':109822,'name':'enim','wfs':[{'id':109823,'morph':{'Pos':'CON'},'name':'enim'}]}],'name':'enim@CON'}]">enim</w><c> </c><w lemma="[{'id':242816114,'ls':[{'id':242816115,'name':'ille','wfs':[{'id':244509856,'morph':{'Casus':'NOMINATIVE','Genus':'FEMININE','Numerus':'SINGULAR','Pos':'PRO','PronounType':'DEMONSTRATIVE'},'name':'illa'}]}],'name':'ille@PRO'}]">illa</w><c> </c><w lemma="[{'id':1056993,'ls':[{'id':4717,'name':'gratia','wfs':[{'id':1057007,'morph':{'Casus':'NOMINATIVE','DeclensionType':'FIRST_DECLENSION','Genus':'FEMININE','Numerus':'SINGULAR','Pos':'NN'},'name':'gratia'}]}],'name':'gratia@NN'}]">gratia</w><c> </c><lb n="26" xml:id="bsb00000824_00274_26"></lb><w lemma="[{'id':1226219,'ls':[{'id':6802,'name':'parens','wfs':[{'id':1226231,'morph':{'Casus':'GENITIVE','DeclensionType':'THIRD_DECLENSION','Genus':'MASCULINE','Numerus':'PLURAL','Pos':'NN'},'name':'parentum'}]}],'name':'parens@NN'}]">parentum</w><c>?</c><c> </c></s><s><w lemma="[{'id':249332,'ls':[{'id':249333,'name':'ubi','wfs':[{'id':249334,'morph':{'Pos':'ADV'},'name':'ubi'}]}],'name':'ubi@ADV'}]">ubi</w><c> </c><w lemma="[{'id':244511939,'ls':[{'id':244511940,'name':'tantus','wfs':[{'id':244511978,'morph':{'Casus':'NOMINATIVE','Genus':'FEMININE','Numerus':'SINGULAR','Pos':'PRO','PronounType':'CORRELATIVE'},'name':'tanta'}]}],'name':'tantus@PRO'}]">tanta</w><c> </c><w lemma="[{'id':1172020,'ls':[{'id':1172021,'name':'moenia','wfs':[{'id':243396250,'morph':{'Casus':'GENITIVE','DeclensionType':'THIRD_DECLENSION','Genus':'NEUTER','Numerus':'PLURAL','Pos':'NN'},'name':'moenium'}]}],'name':'moenia@NN'}]">moenium</w><c> </c><w lemma="[{'id':6741602,'ls':[{'id':7228,'name':'possum','wfs':[{'id':244516516,'morph':{'Mood':'SUBJUNCTIVE','Numerus':'SINGULAR','Person':'PERSON_3','Pos':'V','Tense':'PRESENT','VerbType':'VERBA_ANOMALA','Voice':'ACTIVE'},'name':'possit'}]}],'name':'possum@V'}]">possit</w><c> </c><w lemma="[{'id':7203647,'ls':[{'id':7926,'name':'respicio','wfs':[{'id':7203733,'morph':{'ConjugationType':'THIRD_CONJUGATION','Mood':'INFINITIVE','Pos':'V','Tense':'PRESENT','VerbType':'TRANSITIVE','Voice':'PASSIVE'},'name':'respici'}]}],'name':'respicio@V'}]">respici</w><c> </c><w lemma="[{'id':1296022,'ls':[{'id':7621,'name':'pulchritudo','wfs':[{'id':1296028,'morph':{'Casus':'NOMINATIVE','DeclensionType':'THIRD_DECLENSION','Genus':'FEMININE','Numerus':'SINGULAR','Pos':'NN'},'name':'pulchritudo'}]}],'name':'pulchritudo@NN'}]">pulchritudo</w><c>?</c><c> </c></s><s><w lemma="[{'id':1253653,'ls':[{'id':1253654,'name':'piaculum','wfs':[{'id':1253666,'morph':{'Casus':'GENITIVE','DeclensionType':'SECOND_DECLENSION','Genus':'NEUTER','Numerus':'SINGULAR','Pos':'NN'},'name':'piaculi'}]}],'name':'piaculum@NN'}]">piaculi</w><c> </c><w lemma="[{'id':1052280,'ls':[{'id':4639,'name':'genus','wfs':[{'id':1052299,'morph':{'Casus':'NOMINATIVE','DeclensionType':'THIRD_DECLENSION','Genus':'NEUTER','Numerus':'SINGULAR','Pos':'NN'},'name':'genus'}]}],'name':'genus@NN'}]">genus</w><c> </c><w lemma="[{'id':7617143,'ls':[{'id':7617144,'name':'sum','wfs':[{'id':242825881,'morph':{'Mood':'INDICATIVE','Numerus':'SINGULAR','Person':'PERSON_3','Pos':'V','Tense':'PRESENT','VerbType':'VERBA_ANOMALA','Voice':'ACTIVE'},'name':'est'}]}],'name':'sum@V'}]">est</w><c> </c><w lemma="[{'id':1504494,'ls':[{'id':241597290,'name':'absens','wfs':[{'id':243653420,'morph':{'Casus':'ACCUSATIVE','ComparisonDegree':'POSITIVE','DeclensionType':'THIRD_DECLENSION','Genus':'FEMININE','Numerus':'SINGULAR','Pos':'ADJ'},'name':'absentem'}]}],'name':'absens@ADJ'}]">absentem</w><c> </c><lb n="27" xml:id="bsb00000824_00274_27"></lb><w lemma="[{'id':242816792,'ls':[{'id':242816793,'name':'sui','wfs':[{'id':554766465,'morph':{'Casus':'DATIVE','Genus':'MASCULINE','Numerus':'SINGULAR','Pos':'PRO','PronounType':'REFLEXIVE'},'name':'sibi'}]}],'name':'sui@PRO'}]">sibi</w><c> </c><w lemma="[{'id':241385502,'ls':[{'id':241385503,'name':'Roma','wfs':[{'id':243180166,'morph':{'Casus':'ACCUSATIVE','DeclensionType':'FIRST_DECLENSION','Genus':'FEMININE','Numerus':'SINGULAR','Pos':'NE'},'name':'Romam'}]}],'name':'Roma@NE'}]">Romam</w><c> </c><w lemma="[{'id':167818,'ls':[{'id':167819,'name':'diu','wfs':[{'id':167820,'morph':{'ComparisonDegree':'COMPARATIVE','Pos':'ADV'},'name':'diutius'}]}],'name':'diu@ADV'}]">diutius</w><c> </c><w lemma="[{'id':5475468,'ls':[{'id':4230,'name':'facio','wfs':[{'id':5475552,'morph':{'ConjugationType':'THIRD_CONJUGATION','Mood':'INFINITIVE','Pos':'V','Tense':'PRESENT','VerbType':'TRANSITIVE','Voice':'ACTIVE'},'name':'facere'}]}],'name':'facio@V'}]">facere</w><c>,</c><c> </c><w lemma="[{'id':242816363,'ls':[{'id':242816364,'name':'qui','wfs':[{'id':296826592,'morph':{'Casus':'NOMINATIVE','Genus':'MASCULINE','Numerus':'PLURAL','Pos':'PRO','PronounType':'RELATIVE'},'name':'qui'}]}],'name':'qui@PRO'}]">qui</w><c> </c><w lemma="[{'id':109577,'ls':[{'id':109578,'name':'in','wfs':[{'id':109579,'morph':{'Pos':'AP'},'name':'in'}]}],'name':'in@AP'}]">in</w><c> </c><w lemma="[{'id':242816207,'ls':[{'id':242816208,'name':'is','wfs':[{'id':422727873,'morph':{'Casus':'ABLATIVE','Genus':'FEMININE','Numerus':'SINGULAR','Pos':'PRO','PronounType':'DEMONSTRATIVE'},'name':'ea'}]}],'name':'is@PRO'}]">ea</w><c> </c><w lemma="[{'id':6741602,'ls':[{'id':7228,'name':'possum','wfs':[{'id':244516520,'morph':{'Mood':'INDICATIVE','Numerus':'PLURAL','Person':'PERSON_3','Pos':'V','Tense':'PRESENT','VerbType':'VERBA_ANOMALA','Voice':'ACTIVE'},'name':'possunt'}]}],'name':'possum@V'}]">possunt</w><c> </c><w lemma="[{'id':2014414,'ls':[{'id':2014415,'name':'constitutus','wfs':[{'id':2014445,'morph':{'Casus':'ABLATIVE','ComparisonDegree':'POSITIVE','DeclensionType':'SECOND_DECLENSION','Genus':'MASCULINE','Numerus':'PLURAL','Pos':'ADJ'},'name':'constitutis'}]}],'name':'constitutus@ADJ'}]">constitutis</w><c> </c><w lemma="[{'id':241373147,'ls':[{'id':241373148,'name':'Lares','wfs':[{'id':241373150,'morph':{'Pos':'NP'},'name':'laribus'}]}],'name':'Lares@NP'}]">laribus</w><c> </c><w lemma="[{'id':5619231,'ls':[{'id':4759,'name':'habito','wfs':[{'id':5619312,'morph':{'ConjugationType':'FIRST_CONJUGATION','Mood':'INFINITIVE','Pos':'V','Tense':'PRESENT','VerbType':'TRANSITIVE','Voice':'ACTIVE'},'name':'habitare'}]}],'name':'habito@V'}]">habitare</w><c>.</c></s></p></div></body></text></TEI>