<?xml version="1.0" ?><TEI xmlns="http://www.tei-c.org/ns/1.0"><teiHeader><fileDesc><titleStmt><title>MGH Auct. ant. 12: Cassiodori Senatoris Variae</title><editor>Mommsen, Theodor</editor></titleStmt><publicationStmt><publisher>Monumenta Germaniae Historica (MGH)</publisher><publisher>Bavarian State Library (BSB), München</publisher><idno type="BSB">bsb00000824</idno><idno type="MGH"><idno type="Annotation_created_by">sysop</idno><idno type="Annotation_created_on">Wed Oct 18 18:54:04 CEST 2017</idno><idno type="Annotation_last_changed_by">geelhaar</idno><idno type="Annotation_last_changed_on">Thu Aug 20 10:43:40 CEST 2020</idno><idno type="Author_(German)">Cassiodor (Flavius Magnus Aurelius Cassiodorus Senator)</idno><idno type="Author_(Latin)">Cassiodorus Vivariensis</idno><idno type="BSB">bsb00000824</idno><idno type="Bibliographical_Link">http://stabikat.de/DB=1/XMLPRS=N/PPN?PPN=235118842</idno><idno type="C_Stat">06</idno><idno type="C1">06</idno><idno type="C2">05</idno><idno type="Column">123</idno><idno type="Commentary">dated according to the edition (TG)</idno><idno type="Concordance_View">true</idno><idno type="Digital_Edition_Statement">Text retrieved from the critical edition and prepared by the BMBF funded project "Humanist Computer Interaction under Scrutiny"(https://humanist.hs-mainz.de/en/). The Latin Text Archive (LTA) version has been created at Goethe University Frankfurt by the CompHistSem-Work Group (hudesktop.hucompute.org).</idno><idno type="Edition">MGH Auctores antiquissimi 12</idno><idno type="LTA_Export">true</idno><idno type="Licence_Info">CC BY 4.0</idno><idno type="Multiple_Lemmata_under_a_unique_Super_lemma">0.00%</idno><idno type="Multiple_Super_lemmata">0.00%</idno><idno type="Multiple_Wordforms_under_a_unique_Lemma">0.00%</idno><idno type="Multiple_Wordforms._Tagger_based_result._Multiple_Lemmata_possible">0.00%</idno><idno type="Multiple_Wordforms._Tagger_based_result._Multiple_Super_Lemmata_possible">0.00%</idno><idno type="Not_yet_linked_or_unknown_Wordform">0.00%</idno><idno type="Page">123</idno><idno type="Provided_by">Monumenta Germaniae Historica</idno><idno type="RepFontMA">not available</idno><idno type="Status">a</idno><idno type="Text_Type">Letter</idno><idno type="Text_Type_Class">Letters</idno><idno type="Time">507/511</idno><idno type="Title">Variae 04.20 - Geberic viro spectabili Theodericus rex</idno><idno type="Type_of_Corpus">Corpus of Letters</idno><idno type="URL">http://www.mgh.de/dmgh/resolving/MGH_Auct._ant._12_S._123</idno><idno type="Unique_Wordform">100,00%</idno><idno type="Unique_Wordform._Tagger_based_result._Multiple_Lemmata_possible">0.00%</idno><idno type="Unique_Wordform._Tagger_based_result._Multiple_Super_lemmata_possible">0.00%</idno><idno type="VIAF_(Expression)">182693798</idno><idno type="VIAF_(Expression)_Link">http://viaf.org/viaf/182693798</idno><idno type="VIAF_(Person)">95230707</idno><idno type="VIAF_(Person)_Link">http://viaf.org/viaf/95230707</idno><idno type="Volume">Auct. ant. 12</idno><idno type="Year_of_Publication_(interpreted)">0511</idno>MGH Auct. ant. 12</idno><availability><licence target="http://creativecommons.org/licenses/by/4.0/"><p>Distributed under the Creative Commons Attribution 4.0 International (CC BY 4.0) license.</p><p>This license covers the annotations added by the Monumenta Germaniae Historica and the
            Bavarian State Library, Munich, in the course of project "digital MGH"
            <ref target="http://www.dmgh.de">http://www.dmgh.de</ref>, funded by the
            German Research Foundation (DFG).</p><p>We do not claim any rights on the text itself which is believed to be in the public domain.</p><p>If you distribute a copy or a derivative version of this file, please indicate the source
            of the file by mentioning the Monumenta Germaniae Historica (MGH) and the
            Bavarian State Library, Munich (BSB).</p></licence></availability><date when="2016-11-28T16:32:43+01:00">2016-11-28, 16:32:43</date></publicationStmt><sourceDesc><biblFull><titleStmt><title>Cassiodori Senatoris Variae</title><editor>Mommsen, Theodor</editor></titleStmt><publicationStmt><publisher>Weidmann</publisher><pubPlace>Berlin</pubPlace><date>1894</date></publicationStmt><seriesStmt><title>Auctores antiquissimi</title><biblScope unit="volume">12</biblScope></seriesStmt></biblFull></sourceDesc></fileDesc></teiHeader><text><body><div><lb n="9" xml:id="bsb00000824_00307_9"></lb><head n="3"><s><w lemma="[{'id':241346594,'ls':[{'id':241346595,'name':'NUMERAL','wfs':[{'id':498534600,'morph':{'Pos':'NUM'},'name':'xx'}]}],'name':'NUMERAL@NUM'}]">XX</w><c>.</c><c> </c><lb n="10" xml:id="bsb00000824_00307_10"></lb><w lemma="[{'id':803225758,'ls':[{'id':803225759,'name':'Geberic','wfs':[{'id':803225768,'morph':{'Casus':'OBLIQUE','Genus':'MASCULINE','Numerus':'SINGULAR','Pos':'NP'},'name':'Geberic'}]}],'name':'Geberic@NP'}]">GEBERIC</w><c> </c><w lemma="[{'id':1466541,'ls':[{'id':9281,'name':'vir','wfs':[{'id':779458787,'morph':{'Casus':'DATIVE','DeclensionType':'SECOND_DECLENSION','Genus':'MASCULINE','Numerus':'SINGULAR','Pos':'NN'},'name':'v'}]}],'name':'vir@NN'}]">V</w><c>.</c><w lemma="[{'id':243116350,'ls':[{'id':243116351,'name':'NON_WORD','wfs':[{'id':244750562,'morph':{'Pos':'XY'},'name':'S'}]}],'name':'NON_WORD@XY'}]">S</w><c>.</c><c> </c><w lemma="[{'id':624521,'ls':[{'id':624522,'name':'Theodericus','wfs':[{'id':243244190,'morph':{'Casus':'NOMINATIVE','DeclensionType':'SECOND_DECLENSION','Genus':'MASCULINE','Numerus':'SINGULAR','Pos':'NP'},'name':'Theodericus'}]}],'name':'Theodericus@NP'}]">THEODERICUS</w><c> </c><w lemma="[{'id':1329481,'ls':[{'id':7965,'name':'rex','wfs':[{'id':1329499,'morph':{'Casus':'NOMINATIVE','DeclensionType':'THIRD_DECLENSION','Genus':'MASCULINE','Numerus':'SINGULAR','Pos':'NN'},'name':'rex'}]}],'name':'rex@NN'}]">REX</w><c>.</c></s></head><note><s><hi rend="ITALICS"><w lemma="[{'id':759853,'ls':[{'id':807,'name':'annus','wfs':[{'id':382849904,'morph':{'Casus':'ABLATIVE','DeclensionType':'SECOND_DECLENSION','Genus':'MASCULINE','Numerus':'SINGULAR','Pos':'NN'},'name':'a'}]}],'name':'annus@NN'}]">a</w><c>.</c><c> </c><w lemma="[{'id':241346594,'ls':[{'id':241346595,'name':'NUMERAL','wfs':[{'id':241346596,'morph':{'Pos':'NUM'},'name':'NUMERAL'}]}],'name':'NUMERAL@NUM'}]">507</w><c>/</c><w lemma="[{'id':241346594,'ls':[{'id':241346595,'name':'NUMERAL','wfs':[{'id':241346596,'morph':{'Pos':'NUM'},'name':'NUMERAL'}]}],'name':'NUMERAL@NUM'}]">511</w></hi></s></note><lb n="11" xml:id="bsb00000824_00307_11"></lb><p><s><w lemma="[{'id':110020,'ls':[{'id':110021,'name':'si','wfs':[{'id':110022,'morph':{'Pos':'CON'},'name':'si'}]}],'name':'si@CON'}]">Si</w><c> </c><w lemma="[{'id':4890131,'ls':[{'id':3363,'name':'desidero','wfs':[{'id':4890244,'morph':{'ConjugationType':'FIRST_CONJUGATION','Mood':'INDICATIVE','Numerus':'PLURAL','Person':'PERSON_1','Pos':'V','Tense':'PRESENT','VerbType':'TRANSITIVE','Voice':'ACTIVE'},'name':'desideramus'}]}],'name':'desidero@V'}]">desideramus</w><c> </c><w lemma="[{'id':1143697,'ls':[{'id':5796,'name':'locus','wfs':[{'id':1143708,'morph':{'Casus':'ACCUSATIVE','DeclensionType':'SECOND_DECLENSION','Genus':'MASCULINE','Numerus':'SINGULAR','Pos':'NN'},'name':'locum'}]}],'name':'locus@NN'}]">locum</w><c> </c><w lemma="[{'id':810229,'ls':[{'id':1346,'name':'beneficium','wfs':[{'id':243268467,'morph':{'Casus':'ABLATIVE','DeclensionType':'SECOND_DECLENSION','Genus':'NEUTER','Numerus':'PLURAL','Pos':'NN'},'name':'beneficiis'}]}],'name':'beneficium@NN'}]">beneficiis</w><c> </c><w lemma="[{'id':6021052,'ls':[{'id':5488,'name':'invenio','wfs':[{'id':6021535,'morph':{'ConjugationType':'FOURTH_CONJUGATION','Mood':'INFINITIVE','Pos':'V','Tense':'PRESENT','VerbType':'TRANSITIVE','Voice':'ACTIVE'},'name':'invenire'}]}],'name':'invenio@V'}]">invenire</w><c>,</c><c> </c><w lemma="[{'id':110061,'ls':[{'id':110062,'name':'ut','wfs':[{'id':110063,'morph':{'Pos':'CON'},'name':'ut'}]}],'name':'ut@CON'}]">ut</w><c> </c><w lemma="[{'id':1420465,'ls':[{'id':8854,'name':'titulus','wfs':[{'id':243483213,'morph':{'Casus':'ACCUSATIVE','DeclensionType':'SECOND_DECLENSION','Genus':'MASCULINE','Numerus':'PLURAL','Pos':'NN'},'name':'titulos'}]}],'name':'titulus@NN'}]">titulos</w><c> </c><w lemma="[{'id':244510439,'ls':[{'id':244510440,'name':'noster','wfs':[{'id':245551334,'morph':{'Casus':'GENITIVE','DeclensionType':'FIRST_DECLENSION','Genus':'FEMININE','Numerus':'SINGULAR','Pos':'PRO','PronounType':'POSSESSIVE'},'name':'nostrae'}]}],'name':'noster@PRO'}]">nostrae</w><c> </c><w lemma="[{'id':6741602,'ls':[{'id':7228,'name':'possum','wfs':[{'id':244516513,'morph':{'Mood':'SUBJUNCTIVE','Numerus':'PLURAL','Person':'PERSON_1','Pos':'V','Tense':'PRESENT','VerbType':'VERBA_ANOMALA','Voice':'ACTIVE'},'name':'possimus'}]}],'name':'possum@V'}]">possimus</w><c> </c><w lemma="[{'id':1254025,'ls':[{'id':7092,'name':'pietas','wfs':[{'id':1254037,'morph':{'Casus':'GENITIVE','DeclensionType':'THIRD_DECLENSION','Genus':'FEMININE','Numerus':'SINGULAR','Pos':'NN'},'name':'pietatis'}]}],'name':'pietas@NN'}]">pietatis</w><c> </c><lb n="12" xml:id="bsb00000824_00307_12"></lb><w lemma="[{'id':5245621,'ls':[{'id':3939,'name':'erigo','wfs':[{'id':5245702,'morph':{'ConjugationType':'THIRD_CONJUGATION','Mood':'INFINITIVE','Pos':'V','Tense':'PRESENT','VerbType':'TRANSITIVE','Voice':'ACTIVE'},'name':'erigere'}]}],'name':'erigo@V'}]">erigere</w><c>,</c><c> </c><w lemma="[{'id':244510739,'ls':[{'id':244510740,'name':'quantus','wfs':[{'id':244510747,'morph':{'Casus':'ABLATIVE','Genus':'NEUTER','Numerus':'SINGULAR','Pos':'PRO','PronounType':'CORRELATIVE'},'name':'quanto'}]}],'name':'quantus@PRO'}]">quanto</w><c> </c><w lemma="[{'id':200930,'ls':[{'id':5907,'name':'magis','wfs':[{'id':200931,'morph':{'ComparisonDegree':'COMPARATIVE','Pos':'ADV'},'name':'magis'}]}],'name':'magis@ADV'}]">magis</w><c> </c><w lemma="[{'id':1587169,'ls':[{'id':1587170,'name':'alienus','wfs':[{'id':1587220,'morph':{'Casus':'ACCUSATIVE','ComparisonDegree':'POSITIVE','DeclensionType':'SECOND_DECLENSION','Genus':'NEUTER','Numerus':'PLURAL','Pos':'ADJ'},'name':'aliena'}]}],'name':'alienus@ADJ'}]">aliena</w><c> </c><w lemma="[{'id':810229,'ls':[{'id':1346,'name':'beneficium','wfs':[{'id':243116320,'morph':{'Casus':'ACCUSATIVE','DeclensionType':'SECOND_DECLENSION','Genus':'NEUTER','Numerus':'PLURAL','Pos':'NN'},'name':'beneficia'}]}],'name':'beneficium@NN'}]">beneficia</w><c> </c><w lemma="[{'id':2529637,'ls':[{'id':2529638,'name':'intactus','wfs':[{'id':2529681,'morph':{'Casus':'ACCUSATIVE','ComparisonDegree':'POSITIVE','DeclensionType':'SECOND_DECLENSION','Genus':'NEUTER','Numerus':'PLURAL','Pos':'ADJ'},'name':'intacta'}]}],'name':'intactus@ADJ'}]">intacta</w><c> </c><w lemma="[{'id':8038609,'ls':[{'id':9327,'name':'volo','wfs':[{'id':243116354,'morph':{'Mood':'INDICATIVE','Numerus':'PLURAL','Person':'PERSON_1','Pos':'V','Tense':'PRESENT','VerbType':'VERBA_ANOMALA','Voice':'ACTIVE'},'name':'volumus'}]}],'name':'volo@V'}]">volumus</w><c> </c><w lemma="[{'id':4740903,'ls':[{'id':3105,'name':'defendo','wfs':[{'id':4740985,'morph':{'ConjugationType':'THIRD_CONJUGATION','Mood':'INFINITIVE','Pos':'V','Tense':'PRESENT','VerbType':'TRANSITIVE','Voice':'PASSIVE'},'name':'defendi'}]}],'name':'defendo@V'}]">defendi</w><c>,</c><c> </c><w lemma="[{'id':242816363,'ls':[{'id':242816364,'name':'qui','wfs':[{'id':296826592,'morph':{'Casus':'NOMINATIVE','Genus':'MASCULINE','Numerus':'PLURAL','Pos':'PRO','PronounType':'RELATIVE'},'name':'qui'}]}],'name':'qui@PRO'}]">qui</w><c> </c><w lemma="[{'id':1287034,'ls':[{'id':1287035,'name':'proprium','wfs':[{'id':243435175,'morph':{'Casus':'ACCUSATIVE','DeclensionType':'SECOND_DECLENSION','Genus':'NEUTER','Numerus':'PLURAL','Pos':'NN'},'name':'propria'}]}],'name':'proprium@NN'}]">propria</w><c> </c><w lemma="[{'id':4669725,'ls':[{'id':2957,'name':'cupio','wfs':[{'id':4669847,'morph':{'ConjugationType':'THIRD_CONJUGATION','Mood':'INDICATIVE','Numerus':'PLURAL','Person':'PERSON_1','Pos':'V','Tense':'PRESENT','VerbType':'TRANSITIVE','Voice':'ACTIVE'},'name':'cupimus'}]}],'name':'cupio@V'}]">cupimus</w><c> </c><lb n="13" xml:id="bsb00000824_00307_13"></lb><w lemma="[{'id':595735028,'ls':[{'id':595735029,'name':'sponte','wfs':[{'id':595735030,'morph':{'ComparisonDegree':'POSITIVE','Pos':'ADV'},'name':'sponte'}]}],'name':'sponte@ADV'}]">sponte</w><c> </c><w lemma="[{'id':6123040,'ls':[{'id':5619,'name':'largior','wfs':[{'id':6123521,'morph':{'ConjugationType':'FOURTH_CONJUGATION','Mood':'INFINITIVE','Pos':'V','Tense':'PRESENT','VerbType':'DEPONENT','Voice':'PASSIVE'},'name':'largiri'}]}],'name':'largior@V'}]">largiri</w><c>,</c><c> </c><w lemma="[{'id':201080,'ls':[{'id':201081,'name':'magnus','wfs':[{'id':201084,'morph':{'ComparisonDegree':'SUPERLATIVE','Pos':'ADV'},'name':'maxime'}]}],'name':'magnus@ADV'}]">maxime</w><c> </c><w lemma="[{'id':109946,'ls':[{'id':109947,'name':'quando','wfs':[{'id':109948,'morph':{'Pos':'CON'},'name':'quando'}]}],'name':'quando@CON'}]">quando</w><c> </c><w lemma="[{'id':109828,'ls':[{'id':109829,'name':'et','wfs':[{'id':109830,'morph':{'Pos':'CON'},'name':'et'}]}],'name':'et@CON'}]">et</w><c> </c><w lemma="[{'id':242816114,'ls':[{'id':242816115,'name':'ille','wfs':[{'id':244509871,'morph':{'Casus':'NOMINATIVE','Genus':'NEUTER','Numerus':'SINGULAR','Pos':'PRO','PronounType':'DEMONSTRATIVE'},'name':'illud'}]}],'name':'ille@PRO'}]">illud</w><c> </c><w lemma="[{'id':900698,'ls':[{'id':2506,'name':'conscientia','wfs':[{'id':900707,'morph':{'Casus':'DATIVE','DeclensionType':'FIRST_DECLENSION','Genus':'FEMININE','Numerus':'SINGULAR','Pos':'NN'},'name':'conscientiae'}]}],'name':'conscientia@NN'}]">conscientiae</w><c> </c><w lemma="[{'id':244510439,'ls':[{'id':244510440,'name':'noster','wfs':[{'id':245547134,'morph':{'Casus':'DATIVE','DeclensionType':'FIRST_DECLENSION','Genus':'FEMININE','Numerus':'SINGULAR','Pos':'PRO','PronounType':'POSSESSIVE'},'name':'nostrae'}]}],'name':'noster@PRO'}]">nostrae</w><c> </c><w lemma="[{'id':7171255,'ls':[{'id':7885,'name':'repono','wfs':[{'id':7171648,'morph':{'ConjugationType':'THIRD_CONJUGATION','Mood':'INDICATIVE','Numerus':'SINGULAR','Person':'PERSON_3','Pos':'V','Tense':'PRESENT','VerbType':'TRANSITIVE','Voice':'PASSIVE'},'name':'reponitur'}]}],'name':'repono@V'}]">reponitur</w><c>,</c><c> </c><w lemma="[{'id':242816363,'ls':[{'id':242816364,'name':'qui','wfs':[{'id':296826590,'morph':{'Casus':'NOMINATIVE','Genus':'NEUTER','Numerus':'SINGULAR','Pos':'PRO','PronounType':'RELATIVE'},'name':'quod'}]}],'name':'qui@PRO'}]">quod</w><c> </c><w lemma="[{'id':109545,'ls':[{'id':109546,'name':'de','wfs':[{'id':109547,'morph':{'Pos':'AP'},'name':'de'}]}],'name':'de@AP'}]">de</w><c> </c><w lemma="[{'id':1034850,'ls':[{'id':1034851,'name':'fiscus','wfs':[{'id':1034862,'morph':{'Casus':'ABLATIVE','DeclensionType':'SECOND_DECLENSION','Genus':'MASCULINE','Numerus':'SINGULAR','Pos':'NN'},'name':'fisco'}]}],'name':'fiscus@NN'}]">fisco</w><c> </c><lb n="14" xml:id="bsb00000824_00307_14"></lb><w lemma="[{'id':109661,'ls':[{'id':109662,'name':'sub','wfs':[{'id':109663,'morph':{'Pos':'AP'},'name':'sub'}]}],'name':'sub@AP'}]">sub</w><c> </c><w lemma="[{'id':1635127,'ls':[{'id':846,'name':'antiquus','wfs':[{'id':1635530,'morph':{'Casus':'ABLATIVE','ComparisonDegree':'POSITIVE','DeclensionType':'FIRST_DECLENSION','Genus':'FEMININE','Numerus':'SINGULAR','Pos':'ADJ'},'name':'antiqua'}]}],'name':'antiquus@ADJ'}]">antiqua</w><c> </c><w lemma="[{'id':1365858,'ls':[{'id':1365873,'name':'sollemnitas','wfs':[{'id':245547128,'morph':{'Casus':'ABLATIVE','DeclensionType':'THIRD_DECLENSION','Genus':'FEMININE','Numerus':'SINGULAR','Pos':'NN'},'name':'sollemnitate'}]}],'name':'sollemnitas@NN'}]">sollemnitate</w><c> </c><w lemma="[{'id':6846113,'ls':[{'id':7340,'name':'praesto','wfs':[{'id':6846613,'morph':{'ConjugationType':'FIRST_CONJUGATION','Mood':'INDICATIVE','Numerus':'SINGULAR','Person':'PERSON_3','Pos':'V','Tense':'PRESENT','VerbType':'TRANSITIVE','Voice':'PASSIVE'},'name':'praestatur'}]}],'name':'praesto@V'}]">praestatur</w><c>!</c><c> </c></s><s><w lemma="[{'id':222625,'ls':[{'id':222628,'name':'proinde','wfs':[{'id':222631,'morph':{'ComparisonDegree':'POSITIVE','Pos':'ADV'},'name':'proinde'}]}],'name':'proinde@ADV'}]">proinde</w><c> </c><w lemma="[{'id':1466541,'ls':[{'id':9281,'name':'vir','wfs':[{'id':1466568,'morph':{'Casus':'GENITIVE','DeclensionType':'SECOND_DECLENSION','Genus':'MASCULINE','Numerus':'SINGULAR','Pos':'NN'},'name':'viri'}]}],'name':'vir@NN'}]">viri</w><c> </c><w lemma="[{'id':3264586,'ls':[{'id':3264702,'name':'venerabilis','wfs':[{'id':3264804,'morph':{'Casus':'GENITIVE','ComparisonDegree':'POSITIVE','DeclensionType':'THIRD_DECLENSION','Genus':'MASCULINE','Numerus':'SINGULAR','Pos':'ADJ'},'name':'venerabilis'}]}],'name':'venerabilis@ADJ'}]">venerabilis</w><c> </c><w lemma="[{'id':998014,'ls':[{'id':3910,'name':'episcopus','wfs':[{'id':998027,'morph':{'Casus':'GENITIVE','DeclensionType':'SECOND_DECLENSION','Genus':'MASCULINE','Numerus':'SINGULAR','Pos':'NN'},'name':'episcopi'}]}],'name':'episcopus@NN'}]">episcopi</w><c> </c><w lemma="[{'id':358984,'ls':[{'id':358985,'name':'Constantius','wfs':[{'id':243192910,'morph':{'Casus':'GENITIVE','DeclensionType':'SECOND_DECLENSION','Genus':'MASCULINE','Numerus':'SINGULAR','Pos':'NP'},'name':'Constantii'}]}],'name':'Constantius@NP'}]">Constantii</w><c> </c><lb n="15" xml:id="bsb00000824_00307_15"></lb><w lemma="[{'id':1402512,'ls':[{'id':8674,'name':'supplicatio','wfs':[{'id':243477260,'morph':{'Casus':'ABLATIVE','DeclensionType':'THIRD_DECLENSION','Genus':'FEMININE','Numerus':'SINGULAR','Pos':'NN'},'name':'supplicatione'}]}],'name':'supplicatio@NN'}]">supplicatione</w><c> </c><w lemma="[{'id':4326527,'ls':[{'id':2218,'name':'comperio','wfs':[{'id':4326643,'morph':{'ConjugationType':'FOURTH_CONJUGATION','Mood':'INDICATIVE','Numerus':'PLURAL','Person':'PERSON_1','Pos':'V','Tense':'PERFECT','VerbType':'TRANSITIVE','Voice':'ACTIVE'},'name':'comperimus'}]}],'name':'comperio@V'}]">comperimus</w><c> </c><w lemma="[{'id':3003991,'ls':[{'id':8040,'name':'sacrosanctus','wfs':[{'id':3004065,'morph':{'Casus':'GENITIVE','ComparisonDegree':'POSITIVE','DeclensionType':'FIRST_DECLENSION','Genus':'FEMININE','Numerus':'SINGULAR','Pos':'ADJ'},'name':'sacrosanctae'}]}],'name':'sacrosanctus@ADJ'}]">sacrosanctae</w><c> </c><w lemma="[{'id':985146,'ls':[{'id':3766,'name':'ecclesia','wfs':[{'id':985186,'morph':{'Casus':'GENITIVE','DeclensionType':'FIRST_DECLENSION','Genus':'FEMININE','Numerus':'SINGULAR','Pos':'NN'},'name':'ecclesiae'}]}],'name':'ecclesia@NN'}]">ecclesiae</w><c> </c><w lemma="[{'id':242816153,'ls':[{'id':242816154,'name':'ipse','wfs':[{'id':242816173,'morph':{'Casus':'GENITIVE','Genus':'FEMININE','Numerus':'SINGULAR','Pos':'PRO','PronounType':'DEMONSTRATIVE'},'name':'ipsius'}]}],'name':'ipse@PRO'}]">ipsius</w><c> </c><w lemma="[{'id':256816,'ls':[{'id':256817,'name':'unus','wfs':[{'id':256855,'morph':{'Casus':'ACCUSATIVE','DeclensionType':'SECOND_DECLENSION','Genus':'NEUTER','Numerus':'SINGULAR','Pos':'NUM'},'name':'unum'}]}],'name':'unus@NUM'}]">unum</w><c> </c><w lemma="[{'id':1120739,'ls':[{'id':1120740,'name':'iugum','wfs':[{'id':1120748,'morph':{'Casus':'ACCUSATIVE','DeclensionType':'SECOND_DECLENSION','Genus':'NEUTER','Numerus':'SINGULAR','Pos':'NN'},'name':'iugum'}]}],'name':'iugum@NN'}]">iugum</w><c>,</c><c> </c><w lemma="[{'id':1460460,'ls':[{'id':1460474,'name':'vetus','wfs':[{'id':1460480,'morph':{'Casus':'GENITIVE','DeclensionType':'THIRD_DECLENSION','Genus':'MASCULINE','Numerus':'PLURAL','Pos':'NN'},'name':'veterum'}]}],'name':'vetus@NN'}]">veterum</w><c> </c><w lemma="[{'id':1278659,'ls':[{'id':1278660,'name':'princeps','wfs':[{'id':1278666,'morph':{'Casus':'GENITIVE','DeclensionType':'THIRD_DECLENSION','Genus':'MASCULINE','Numerus':'PLURAL','Pos':'NN'},'name':'principum'}]}],'name':'princeps@NN'}]">principum</w><c> </c><w lemma="[{'id':1254025,'ls':[{'id':7092,'name':'pietas','wfs':[{'id':243422490,'morph':{'Casus':'ABLATIVE','DeclensionType':'THIRD_DECLENSION','Genus':'FEMININE','Numerus':'SINGULAR','Pos':'NN'},'name':'pietate'}]}],'name':'pietas@NN'}]">pietate</w><c> </c><lb n="16" xml:id="bsb00000824_00307_16"></lb><w lemma="[{'id':4420474,'ls':[{'id':2405,'name':'confero','wfs':[{'id':333873,'morph':{'Casus':'ACCUSATIVE','Genus':'NEUTER','Mood':'PARTICIPLE','Numerus':'SINGULAR','Pos':'V','Tense':'PERFECT','VerbType':'VERBA_ANOMALA','Voice':'PASSIVE'},'name':'collatum'}]}],'name':'confero@V'}]">collatum</w><c>,</c><c> </c><w lemma="[{'id':109828,'ls':[{'id':109829,'name':'et','wfs':[{'id':109830,'morph':{'Pos':'CON'},'name':'et'}]}],'name':'et@CON'}]">et</w><c> </c><w lemma="[{'id':206572,'ls':[{'id':206573,'name':'nunc','wfs':[{'id':241322948,'morph':{'Pos':'ADV'},'name':'nunc'}]}],'name':'nunc@ADV'}]">nunc</w><c> </c><w lemma="[{'id':242816519,'ls':[{'id':242816520,'name':'quidam','wfs':[{'id':487955815,'morph':{'Casus':'GENITIVE','Genus':'MASCULINE','Numerus':'PLURAL','Pos':'PRO','PronounType':'DEMONSTRATIVE'},'name':'quorundam'}]}],'name':'quidam@PRO'}]">quorundam</w><c> </c><w lemma="[{'id':1443337,'ls':[{'id':9078,'name':'usurpatio','wfs':[{'id':241492785,'morph':{'Casus':'ABLATIVE','DeclensionType':'THIRD_DECLENSION','Genus':'FEMININE','Numerus':'SINGULAR','Pos':'NN'},'name':'usurpatione'}]}],'name':'usurpatio@NN'}]">usurpatione</w><c> </c><w lemma="[{'id':3288645,'ls':[{'id':9277,'name':'violentus','wfs':[{'id':3288856,'morph':{'Casus':'ABLATIVE','ComparisonDegree':'POSITIVE','DeclensionType':'FIRST_DECLENSION','Genus':'FEMININE','Numerus':'SINGULAR','Pos':'ADJ'},'name':'violenta'}]}],'name':'violentus@ADJ'}]">violenta</w><c> </c><w lemma="[{'id':7220434,'ls':[{'id':7947,'name':'retineo','wfs':[{'id':7220516,'morph':{'ConjugationType':'SECOND_CONJUGATION','Mood':'INFINITIVE','Pos':'V','Tense':'PRESENT','VerbType':'TRANSITIVE','Voice':'PASSIVE'},'name':'retineri'}]}],'name':'retineo@V'}]">retineri</w><c>.</c><c> </c></s><s><w lemma="[{'id':110010,'ls':[{'id':110011,'name':'sed','wfs':[{'id':110012,'morph':{'Pos':'CON'},'name':'sed'}]}],'name':'sed@CON'}]">Sed</w><c> </c><w lemma="[{'id':109966,'ls':[{'id':109967,'name':'quia','wfs':[{'id':109968,'morph':{'Pos':'CON'},'name':'quia'}]}],'name':'quia@CON'}]">quia</w><c> </c><w lemma="[{'id':242816286,'ls':[{'id':242816287,'name':'nos','wfs':[{'id':645374322,'morph':{'Casus':'NOMINATIVE','Genus':'MASCULINE','Numerus':'PLURAL','Pos':'PRO','PronounType':'PERSONAL'},'name':'nos'}]}],'name':'nos@PRO'}]">nos</w><c> </c><w lemma="[{'id':7929602,'ls':[{'id':9079,'name':'utor','wfs':[{'id':7929782,'morph':{'ConjugationType':'THIRD_CONJUGATION','Mood':'INFINITIVE','Pos':'V','Tense':'PRESENT','VerbType':'DEPONENT','Voice':'PASSIVE'},'name':'uti'}]}],'name':'utor@V'}]">uti</w><c> </c><w lemma="[{'id':1194950,'ls':[{'id':1194951,'name':'nullus','wfs':[{'id':1194960,'morph':{'Casus':'ACCUSATIVE','DeclensionType':'SECOND_DECLENSION','Genus':'MASCULINE','Numerus':'SINGULAR','Pos':'NN'},'name':'nullum'}]}],'name':'nullus@NN'}]">nullum</w><c> </c><lb n="17" xml:id="bsb00000824_00307_17"></lb><w lemma="[{'id':8038609,'ls':[{'id':9327,'name':'volo','wfs':[{'id':243116354,'morph':{'Mood':'INDICATIVE','Numerus':'PLURAL','Person':'PERSON_1','Pos':'V','Tense':'PRESENT','VerbType':'VERBA_ANOMALA','Voice':'ACTIVE'},'name':'volumus'}]}],'name':'volo@V'}]">volumus</w><c> </c><w lemma="[{'id':1040853,'ls':[{'id':4498,'name':'fraus','wfs':[{'id':1040855,'morph':{'Casus':'ABLATIVE','DeclensionType':'THIRD_DECLENSION','Genus':'FEMININE','Numerus':'PLURAL','Pos':'NN'},'name':'fraudibus'}]}],'name':'fraus@NN'}]">fraudibus</w><c> </c><w lemma="[{'id':244511757,'ls':[{'id':244511758,'name':'suus','wfs':[{'id':297473112,'morph':{'Casus':'ABLATIVE','DeclensionType':'FIRST_DECLENSION','Genus':'FEMININE','Numerus':'PLURAL','Pos':'PRO','PronounType':'POSSESSIVE'},'name':'suis'}]}],'name':'suus@PRO'}]">suis</w><c>,</c><c> </c><w lemma="[{'id':220523,'ls':[{'id':7335,'name':'praesertim','wfs':[{'id':220524,'morph':{'ComparisonDegree':'POSITIVE','Pos':'ADV'},'name':'praesertim'}]}],'name':'praesertim@ADV'}]">praesertim</w><c> </c><w lemma="[{'id':241279615,'ls':[{'id':241279619,'name':'cum','wfs':[{'id':241279620,'morph':{'Pos':'CON'},'name':'cum'}]}],'name':'cum@CON'}]">cum</w><c> </c><w lemma="[{'id':109577,'ls':[{'id':109578,'name':'in','wfs':[{'id':109579,'morph':{'Pos':'AP'},'name':'in'}]}],'name':'in@AP'}]">in</w><c> </c><w lemma="[{'id':972649,'ls':[{'id':3600,'name':'dispendium','wfs':[{'id':243325241,'morph':{'Casus':'ABLATIVE','DeclensionType':'SECOND_DECLENSION','Genus':'NEUTER','Numerus':'SINGULAR','Pos':'NN'},'name':'dispendio'}]}],'name':'dispendium@NN'}]">dispendio</w><c> </c><w lemma="[{'id':1230053,'ls':[{'id':1230054,'name':'pauper','wfs':[{'id':1230060,'morph':{'Casus':'GENITIVE','DeclensionType':'THIRD_DECLENSION','Genus':'MASCULINE','Numerus':'PLURAL','Pos':'NN'},'name':'pauperum'}]}],'name':'pauper@NN'}]">pauperum</w><c> </c><w lemma="[{'id':2165144,'ls':[{'id':2165145,'name':'detestabilis','wfs':[{'id':241904600,'morph':{'Pos':'ADJ'},'name':'detestabili'}]}],'name':'detestabilis@ADJ'}]">detestabili</w><c> </c><w lemma="[{'id':1163829,'ls':[{'id':6062,'name':'mens','wfs':[{'id':243393421,'morph':{'Casus':'ABLATIVE','DeclensionType':'THIRD_DECLENSION','Genus':'FEMININE','Numerus':'SINGULAR','Pos':'NN'},'name':'mente'}]}],'name':'mens@NN'}]">mente</w><c> </c><lb n="18" xml:id="bsb00000824_00307_18"></lb><w lemma="[{'id':7983191,'ls':[{'id':9204,'name':'versor','wfs':[{'id':7984579,'morph':{'ConjugationType':'FIRST_CONJUGATION','Mood':'SUBJUNCTIVE','Numerus':'SINGULAR','Person':'PERSON_3','Pos':'V','Tense':'PRESENT','VerbType':'DEPONENT','Voice':'PASSIVE'},'name':'versetur'}]}],'name':'verso@V'}]">versetur</w><c>,</c><c> </c><w lemma="[{'id':2874459,'ls':[{'id':242457998,'name':'praesens','wfs':[{'id':244213372,'morph':{'Casus':'ABLATIVE','ComparisonDegree':'POSITIVE','DeclensionType':'THIRD_DECLENSION','Genus':'FEMININE','Numerus':'SINGULAR','Pos':'ADJ'},'name':'praesenti'}]}],'name':'praesens@ADJ'}]">praesenti</w><c> </c><w lemma="[{'id':796872,'ls':[{'id':1184,'name':'auctoritas','wfs':[{'id':243116312,'morph':{'Casus':'ABLATIVE','DeclensionType':'THIRD_DECLENSION','Genus':'FEMININE','Numerus':'SINGULAR','Pos':'NN'},'name':'auctoritate'}]}],'name':'auctoritas@NN'}]">auctoritate</w><c> </c><w lemma="[{'id':4707704,'ls':[{'id':3046,'name':'decerno','wfs':[{'id':4707821,'morph':{'ConjugationType':'THIRD_CONJUGATION','Mood':'INDICATIVE','Numerus':'PLURAL','Person':'PERSON_1','Pos':'V','Tense':'PRESENT','VerbType':'TRANSITIVE','Voice':'ACTIVE'},'name':'decernimus'}]}],'name':'decerno@V'}]">decernimus</w><c>,</c><c> </c><w lemma="[{'id':110061,'ls':[{'id':110062,'name':'ut','wfs':[{'id':110063,'morph':{'Pos':'CON'},'name':'ut'}]}],'name':'ut@CON'}]">ut</w><c> </c><w lemma="[{'id':242816207,'ls':[{'id':242816208,'name':'is','wfs':[{'id':242816209,'morph':{'Casus':'ACCUSATIVE','Genus':'NEUTER','Numerus':'PLURAL','Pos':'PRO','PronounType':'PERSONAL'},'name':'ea'}]}],'name':'is@PRO'}]">ea</w><c>,</c><c> </c><w lemma="[{'id':242816363,'ls':[{'id':242816364,'name':'qui','wfs':[{'id':244511026,'morph':{'Casus':'NOMINATIVE','Genus':'NEUTER','Numerus':'PLURAL','Pos':'PRO','PronounType':'RELATIVE'},'name':'quae'}]}],'name':'qui@PRO'}]">quae</w><c> </c><w lemma="[{'id':230394,'ls':[{'id':7952,'name':'retro','wfs':[{'id':230395,'morph':{'ComparisonDegree':'POSITIVE','Pos':'ADV'},'name':'retro'}]}],'name':'retro@ADV'}]">retro</w><c> </c><w lemma="[{'id':1278659,'ls':[{'id':1278660,'name':'princeps','wfs':[{'id':1278666,'morph':{'Casus':'GENITIVE','DeclensionType':'THIRD_DECLENSION','Genus':'MASCULINE','Numerus':'PLURAL','Pos':'NN'},'name':'principum'}]}],'name':'princeps@NN'}]">principum</w><c> </c><w lemma="[{'id':4497202,'ls':[{'id':2545,'name':'consisto','wfs':[{'id':4497492,'morph':{'ConjugationType':'THIRD_CONJUGATION','Mood':'SUBJUNCTIVE','Numerus':'PLURAL','Person':'PERSON_3','Pos':'V','Tense':'PERFECT','VerbType':'TRANSITIVE','Voice':'ACTIVE'},'name':'constiterint'}]}],'name':'consisto@V'}]">constiterint</w><c> </c><lb n="19" xml:id="bsb00000824_00307_19"></lb><w lemma="[{'id':1070408,'ls':[{'id':4891,'name':'humanitas','wfs':[{'id':243359501,'morph':{'Casus':'ABLATIVE','DeclensionType':'THIRD_DECLENSION','Genus':'FEMININE','Numerus':'SINGULAR','Pos':'NN'},'name':'humanitate'}]}],'name':'humanitas@NN'}]">humanitate</w><c> </c><w lemma="[{'id':4870024,'ls':[{'id':3325,'name':'deputo','wfs':[{'id':4870081,'morph':{'Casus':'NOMINATIVE','ConjugationType':'FIRST_CONJUGATION','Genus':'NEUTER','Mood':'PARTICIPLE','Numerus':'PLURAL','Pos':'V','Tense':'PERFECT','VerbType':'TRANSITIVE','Voice':'PASSIVE'},'name':'deputata'}]}],'name':'deputo@V'}]">deputata</w><c>,</c><c> </c><w lemma="[{'id':109673,'ls':[{'id':109674,'name':'supra','wfs':[{'id':109675,'morph':{'Pos':'AP'},'name':'supra'}]}],'name':'supra@AP'}]">supra</w><c> </c><w lemma="[{'id':242270158,'ls':[{'id':242270159,'name':'memoratus','wfs':[{'id':242270233,'morph':{'Casus':'NOMINATIVE','ComparisonDegree':'POSITIVE','DeclensionType':'FIRST_DECLENSION','Genus':'FEMININE','Numerus':'SINGULAR','Pos':'ADJ'},'name':'memorata'}]}],'name':'memoratus@ADJ'}]">memorata</w><c> </c><w lemma="[{'id':985146,'ls':[{'id':3766,'name':'ecclesia','wfs':[{'id':985188,'morph':{'Casus':'NOMINATIVE','DeclensionType':'FIRST_DECLENSION','Genus':'FEMININE','Numerus':'SINGULAR','Pos':'NN'},'name':'ecclesia'}]}],'name':'ecclesia@NN'}]">ecclesia</w><c> </c><w lemma="[{'id':109658,'ls':[{'id':109659,'name':'sine','wfs':[{'id':109660,'morph':{'Pos':'AP'},'name':'sine'}]}],'name':'sine@AP'}]">sine</w><c> </c><w lemma="[{'id':242815921,'ls':[{'id':242815922,'name':'aliquis','wfs':[{'id':244509331,'morph':{'Casus':'ABLATIVE','Genus':'FEMININE','Numerus':'SINGULAR','Pos':'PRO','PronounType':'INDEFINITE'},'name':'aliqua'}]}],'name':'aliquis@PRO'}]">aliqua</w><c> </c><w lemma="[{'id':1080211,'ls':[{'id':1080212,'name':'imminutio','wfs':[{'id':241442152,'morph':{'Casus':'ABLATIVE','DeclensionType':'THIRD_DECLENSION','Genus':'FEMININE','Numerus':'SINGULAR','Pos':'NN'},'name':'imminutione'}]}],'name':'imminutio@NN'}]">imminutione</w><c> </c><w lemma="[{'id':6571771,'ls':[{'id':6927,'name':'percipio','wfs':[{'id':6572097,'morph':{'ConjugationType':'THIRD_CONJUGATION','Mood':'SUBJUNCTIVE','Numerus':'SINGULAR','Person':'PERSON_3','Pos':'V','Tense':'PRESENT','VerbType':'TRANSITIVE','Voice':'ACTIVE'},'name':'percipiat'}]}],'name':'percipio@V'}]">percipiat</w><c>,</c><c> </c><lb n="20" xml:id="bsb00000824_00307_20"></lb><w lemma="[{'id':6207784,'ls':[{'id':5951,'name':'maneo','wfs':[{'id':6207810,'morph':{'Casus':'ABLATIVE','ConjugationType':'SECOND_CONJUGATION','Genus':'FEMININE','Mood':'PARTICIPLE','Numerus':'SINGULAR','Pos':'V','Tense':'PRESENT','VerbType':'TRANSITIVE','Voice':'ACTIVE'},'name':'manente'}]}],'name':'maneo@V'}]">manente</w><c> </c><w lemma="[{'id':1260283,'ls':[{'id':1260284,'name':'poena','wfs':[{'id':1260294,'morph':{'Casus':'ABLATIVE','DeclensionType':'FIRST_DECLENSION','Genus':'FEMININE','Numerus':'SINGULAR','Pos':'NN'},'name':'poena'}]}],'name':'poena@NN'}]">poena</w><c> </c><w lemma="[{'id':109834,'ls':[{'id':109835,'name':'etiam','wfs':[{'id':109836,'morph':{'Pos':'CON'},'name':'etiam'}]}],'name':'etiam@CON'}]">etiam</w><c> </c><w lemma="[{'id':1247941,'ls':[{'id':1247954,'name':'pervasor','wfs':[{'id':243420894,'morph':{'Casus':'DATIVE','DeclensionType':'THIRD_DECLENSION','Genus':'MASCULINE','Numerus':'SINGULAR','Pos':'NN'},'name':'pervasori'}]}],'name':'pervasor@NN'}]">pervasori</w><c>,</c><c> </c><w lemma="[{'id':242816363,'ls':[{'id':242816364,'name':'qui','wfs':[{'id':244511016,'morph':{'Casus':'NOMINATIVE','Genus':'MASCULINE','Numerus':'SINGULAR','Pos':'PRO','PronounType':'RELATIVE'},'name':'qui'}]}],'name':'qui@PRO'}]">qui</w><c> </c><w lemma="[{'id':109828,'ls':[{'id':109829,'name':'et','wfs':[{'id':109830,'morph':{'Pos':'CON'},'name':'et'}]}],'name':'et@CON'}]">et</w><c> </c><w lemma="[{'id':1460460,'ls':[{'id':1460474,'name':'vetus','wfs':[{'id':1460480,'morph':{'Casus':'GENITIVE','DeclensionType':'THIRD_DECLENSION','Genus':'MASCULINE','Numerus':'PLURAL','Pos':'NN'},'name':'veterum'}]}],'name':'vetus@NN'}]">veterum</w><c> </c><w lemma="[{'id':980362,'ls':[{'id':3708,'name':'donum','wfs':[{'id':980363,'morph':{'Casus':'ACCUSATIVE','DeclensionType':'SECOND_DECLENSION','Genus':'NEUTER','Numerus':'PLURAL','Pos':'NN'},'name':'dona'}]}],'name':'donum@NN'}]">dona</w><c> </c><w lemma="[{'id':109828,'ls':[{'id':109829,'name':'et','wfs':[{'id':109830,'morph':{'Pos':'CON'},'name':'et'}]}],'name':'et@CON'}]">et</w><c> </c><w lemma="[{'id':985146,'ls':[{'id':3766,'name':'ecclesia','wfs':[{'id':985186,'morph':{'Casus':'GENITIVE','DeclensionType':'FIRST_DECLENSION','Genus':'FEMININE','Numerus':'SINGULAR','Pos':'NN'},'name':'ecclesiae'}]}],'name':'ecclesia@NN'}]">ecclesiae</w><c> </c><w lemma="[{'id':6890785,'ls':[{'id':7404,'name':'probo','wfs':[{'id':6891136,'morph':{'ConjugationType':'FIRST_CONJUGATION','Mood':'INDICATIVE','Numerus':'SINGULAR','Person':'PERSON_3','Pos':'V','Tense':'PRESENT','VerbType':'TRANSITIVE','Voice':'PASSIVE'},'name':'probatur'}]}],'name':'probo@V'}]">probatur</w><c> </c><w lemma="[{'id':8018490,'ls':[{'id':9273,'name':'violo','wfs':[{'id':244520816,'morph':{'Pos':'V'},'name':'violasse'}]}],'name':'violo@V'}]">violasse</w><c> </c><lb n="21" xml:id="bsb00000824_00307_21"></lb><w lemma="[{'id':883680,'ls':[{'id':2212,'name':'compendium','wfs':[{'id':243292900,'morph':{'Casus':'ACCUSATIVE','DeclensionType':'SECOND_DECLENSION','Genus':'NEUTER','Numerus':'PLURAL','Pos':'NN'},'name':'compendia'}]}],'name':'compendium@NN'}]">compendia</w><c>.</c></s></p></div></body></text></TEI>