<?xml version="1.0" ?><TEI xmlns="http://www.tei-c.org/ns/1.0"><teiHeader><fileDesc><titleStmt><title>MGH Auct. ant. 12: Cassiodori Senatoris Variae</title><editor>Mommsen, Theodor</editor></titleStmt><publicationStmt><publisher>Monumenta Germaniae Historica (MGH)</publisher><publisher>Bavarian State Library (BSB), München</publisher><idno type="BSB">bsb00000824</idno><idno type="MGH"><idno type="Annotation_created_by">sysop</idno><idno type="Annotation_created_on">Wed Oct 18 18:58:48 CEST 2017</idno><idno type="Annotation_last_changed_by">geelhaar</idno><idno type="Annotation_last_changed_on">Thu Aug 20 10:43:41 CEST 2020</idno><idno type="Author_(German)">Cassiodor (Flavius Magnus Aurelius Cassiodorus Senator)</idno><idno type="Author_(Latin)">Cassiodorus Vivariensis</idno><idno type="BSB">bsb00000824</idno><idno type="Bibliographical_Link">http://stabikat.de/DB=1/XMLPRS=N/PPN?PPN=235118842</idno><idno type="C_Stat">06</idno><idno type="C1">06</idno><idno type="C2">05</idno><idno type="Column">042</idno><idno type="Commentary">dated according to the edition (TG)</idno><idno type="Concordance_View">true</idno><idno type="Digital_Edition_Statement">Text retrieved from the critical edition and prepared by the BMBF funded project "Humanist Computer Interaction under Scrutiny"(https://humanist.hs-mainz.de/en/). The Latin Text Archive (LTA) version has been created at Goethe University Frankfurt by the CompHistSem-Work Group (hudesktop.hucompute.org).</idno><idno type="Edition">MGH Auctores antiquissimi 12</idno><idno type="LTA_Export">true</idno><idno type="Licence_Info">CC BY 4.0</idno><idno type="Multiple_Lemmata_under_a_unique_Super_lemma">0.00%</idno><idno type="Multiple_Super_lemmata">0.00%</idno><idno type="Multiple_Wordforms_under_a_unique_Lemma">0.00%</idno><idno type="Multiple_Wordforms._Tagger_based_result._Multiple_Lemmata_possible">0.00%</idno><idno type="Multiple_Wordforms._Tagger_based_result._Multiple_Super_Lemmata_possible">0.00%</idno><idno type="Not_yet_linked_or_unknown_Wordform">0.00%</idno><idno type="Page">042</idno><idno type="Provided_by">Monumenta Germaniae Historica</idno><idno type="RepFontMA">not available</idno><idno type="Status">c</idno><idno type="Text_Type">Letter</idno><idno type="Text_Type_Class">Letters</idno><idno type="Time">506/507</idno><idno type="Title">Variae 01.46 - Gundibado regi Burgundionum Theodericus rex</idno><idno type="Type_of_Corpus">Corpus of Letters</idno><idno type="URL">http://www.mgh.de/dmgh/resolving/MGH_Auct._ant._12_S._42</idno><idno type="Unique_Wordform">100,00%</idno><idno type="Unique_Wordform._Tagger_based_result._Multiple_Lemmata_possible">0.00%</idno><idno type="Unique_Wordform._Tagger_based_result._Multiple_Super_lemmata_possible">0.00%</idno><idno type="VIAF_(Expression)">182693798</idno><idno type="VIAF_(Expression)_Link">http://viaf.org/viaf/182693798</idno><idno type="VIAF_(Person)">95230707</idno><idno type="VIAF_(Person)_Link">http://viaf.org/viaf/95230707</idno><idno type="Volume">Auct. ant. 12</idno><idno type="Year_of_Publication_(interpreted)">0507</idno>MGH Auct. ant. 12</idno><availability><licence target="http://creativecommons.org/licenses/by/4.0/"><p>Distributed under the Creative Commons Attribution 4.0 International (CC BY 4.0) license.</p><p>This license covers the annotations added by the Monumenta Germaniae Historica and the
            Bavarian State Library, Munich, in the course of project "digital MGH"
            <ref target="http://www.dmgh.de">http://www.dmgh.de</ref>, funded by the
            German Research Foundation (DFG).</p><p>We do not claim any rights on the text itself which is believed to be in the public domain.</p><p>If you distribute a copy or a derivative version of this file, please indicate the source
            of the file by mentioning the Monumenta Germaniae Historica (MGH) and the
            Bavarian State Library, Munich (BSB).</p></licence></availability><date when="2016-11-28T16:32:43+01:00">2016-11-28, 16:32:43</date></publicationStmt><sourceDesc><biblFull><titleStmt><title>Cassiodori Senatoris Variae</title><editor>Mommsen, Theodor</editor></titleStmt><publicationStmt><publisher>Weidmann</publisher><pubPlace>Berlin</pubPlace><date>1894</date></publicationStmt><seriesStmt><title>Auctores antiquissimi</title><biblScope unit="volume">12</biblScope></seriesStmt></biblFull></sourceDesc></fileDesc></teiHeader><text><body><div><pb n="42" xml:id="bsb00000824_00226"></pb><lb n="1" xml:id="bsb00000824_00226_1"></lb><head n="3"><s><w lemma="[{'id':241346594,'ls':[{'id':241346595,'name':'NUMERAL','wfs':[{'id':498534631,'morph':{'Pos':'NUM'},'name':'xlvi'}]}],'name':'NUMERAL@NUM'}]">XLVI</w><c>.</c><c> </c><lb n="2" xml:id="bsb00000824_00226_2"></lb><w lemma="[{'id':442456,'ls':[{'id':779515442,'name':'Gundibadus','wfs':[{'id':779515446,'morph':{'Casus':'DATIVE','DeclensionType':'SECOND_DECLENSION','Genus':'MASCULINE','Numerus':'SINGULAR','Pos':'NP'},'name':'Gundibado'}]}],'name':'Gundobadus@NP'}]">GUNDIBADO</w><c> </c><w lemma="[{'id':1329481,'ls':[{'id':7965,'name':'rex','wfs':[{'id':236891161,'morph':{'Casus':'DATIVE','DeclensionType':'THIRD_DECLENSION','Genus':'MASCULINE','Numerus':'SINGULAR','Pos':'NN'},'name':'regi'}]}],'name':'rex@NN'}]">REGI</w><c> </c><w lemma="[{'id':338893,'ls':[{'id':338894,'name':'Burgundiones','wfs':[{'id':243189545,'morph':{'Casus':'GENITIVE','DeclensionType':'THIRD_DECLENSION','Genus':'MASCULINE','Numerus':'SINGULAR','Pos':'NE'},'name':'Burgundionum'}]}],'name':'Burgundiones@NE'}]">BURGUNDIONUM</w><c> </c><w lemma="[{'id':624521,'ls':[{'id':624522,'name':'Theodericus','wfs':[{'id':243244190,'morph':{'Casus':'NOMINATIVE','DeclensionType':'SECOND_DECLENSION','Genus':'MASCULINE','Numerus':'SINGULAR','Pos':'NP'},'name':'Theodericus'}]}],'name':'Theodericus@NP'}]">THEODERICUS</w><c> </c><w lemma="[{'id':1329481,'ls':[{'id':7965,'name':'rex','wfs':[{'id':1329499,'morph':{'Casus':'NOMINATIVE','DeclensionType':'THIRD_DECLENSION','Genus':'MASCULINE','Numerus':'SINGULAR','Pos':'NN'},'name':'rex'}]}],'name':'rex@NN'}]">REX</w><c>.</c></s></head><note><s><hi rend="ITALICS"><w lemma="[{'id':759853,'ls':[{'id':807,'name':'annus','wfs':[{'id':382849904,'morph':{'Casus':'ABLATIVE','DeclensionType':'SECOND_DECLENSION','Genus':'MASCULINE','Numerus':'SINGULAR','Pos':'NN'},'name':'a'}]}],'name':'annus@NN'}]">a</w><c>.</c><c> </c><w lemma="[{'id':241346594,'ls':[{'id':241346595,'name':'NUMERAL','wfs':[{'id':241346596,'morph':{'Pos':'NUM'},'name':'NUMERAL'}]}],'name':'NUMERAL@NUM'}]">507</w></hi></s></note><lb n="3" xml:id="bsb00000824_00226_3"></lb><p><s><w lemma="[{'id':3615008,'ls':[{'id':733,'name':'amplector','wfs':[{'id':498611043,'morph':{'Casus':'NOMINATIVE','ComparisonDegree':'POSITIVE','DeclensionType':'SECOND_DECLENSION','Genus':'NEUTER','Mood':'GERUNDIVE','Numerus':'PLURAL','Pos':'V'},'name':'amplectenda'}]}],'name':'amplector@V'}]">Amplectenda</w><c> </c><w lemma="[{'id':7617143,'ls':[{'id':7617144,'name':'sum','wfs':[{'id':242825914,'morph':{'Mood':'INDICATIVE','Numerus':'PLURAL','Person':'PERSON_3','Pos':'V','Tense':'PRESENT','VerbType':'VERBA_ANOMALA','Voice':'ACTIVE'},'name':'sunt'}]}],'name':'sum@V'}]">sunt</w><c> </c><w lemma="[{'id':1179055,'ls':[{'id':6276,'name':'munus','wfs':[{'id':1179076,'morph':{'Casus':'NOMINATIVE','DeclensionType':'THIRD_DECLENSION','Genus':'NEUTER','Numerus':'PLURAL','Pos':'NN'},'name':'munera'}]}],'name':'munus@NN'}]">munera</w><c> </c><w lemma="[{'id':242816363,'ls':[{'id':242816364,'name':'qui','wfs':[{'id':244511026,'morph':{'Casus':'NOMINATIVE','Genus':'NEUTER','Numerus':'PLURAL','Pos':'PRO','PronounType':'RELATIVE'},'name':'quae'}]}],'name':'qui@PRO'}]">quae</w><c> </c><w lemma="[{'id':6890785,'ls':[{'id':7404,'name':'probo','wfs':[{'id':6891086,'morph':{'ConjugationType':'FIRST_CONJUGATION','Mood':'INDICATIVE','Numerus':'PLURAL','Person':'PERSON_3','Pos':'V','Tense':'PRESENT','VerbType':'TRANSITIVE','Voice':'PASSIVE'},'name':'probantur'}]}],'name':'probo@V'}]">probantur</w><c> </c><w lemma="[{'id':209695,'ls':[{'id':209696,'name':'omnimodis','wfs':[{'id':209697,'morph':{'ComparisonDegree':'POSITIVE','Pos':'ADV'},'name':'omnimodis'}]}],'name':'omnimodis@ADV'}]">omnimodis</w><c> </c><w lemma="[{'id':5384584,'ls':[{'id':4122,'name':'expeto','wfs':[{'id':5384641,'morph':{'Casus':'NOMINATIVE','ConjugationType':'THIRD_CONJUGATION','Genus':'NEUTER','Mood':'PARTICIPLE','Numerus':'PLURAL','Pos':'V','Tense':'PERFECT','VerbType':'TRANSITIVE','Voice':'PASSIVE'},'name':'expetita'}]}],'name':'expeto@V'}]">expetita</w><c>:</c><c> </c><w lemma="[{'id':109946,'ls':[{'id':109947,'name':'quando','wfs':[{'id':109948,'morph':{'Pos':'CON'},'name':'quando'}]}],'name':'quando@CON'}]">quando</w><c> </c><w lemma="[{'id':206035,'ls':[{'id':6416,'name':'non','wfs':[{'id':241322627,'morph':{'Pos':'ADV'},'name':'non'}]}],'name':'non@ADV'}]">non</w><c> </c><w lemma="[{'id':7617143,'ls':[{'id':7617144,'name':'sum','wfs':[{'id':242825881,'morph':{'Mood':'INDICATIVE','Numerus':'SINGULAR','Person':'PERSON_3','Pos':'V','Tense':'PRESENT','VerbType':'VERBA_ANOMALA','Voice':'ACTIVE'},'name':'est'}]}],'name':'sum@V'}]">est</w><c> </c><lb n="4" xml:id="bsb00000824_00226_4"></lb><w lemma="[{'id':3321169,'ls':[{'id':23,'name':'abicio','wfs':[{'id':3321281,'morph':{'Casus':'NOMINATIVE','ConjugationType':'THIRD_CONJUGATION','Genus':'NEUTER','Mood':'PARTICIPLE','Numerus':'SINGULAR','Pos':'V','Tense':'PERFECT','VerbType':'TRANSITIVE','Voice':'PASSIVE'},'name':'abiectum'}]}],'name':'abicio@V'}]">abiectum</w><c>,</c><c> </c><w lemma="[{'id':242816363,'ls':[{'id':242816364,'name':'qui','wfs':[{'id':296826590,'morph':{'Casus':'NOMINATIVE','Genus':'NEUTER','Numerus':'SINGULAR','Pos':'PRO','PronounType':'RELATIVE'},'name':'quod'}]}],'name':'qui@PRO'}]">quod</w><c> </c><w lemma="[{'id':6741602,'ls':[{'id':7228,'name':'possum','wfs':[{'id':244516537,'morph':{'Mood':'INDICATIVE','Numerus':'SINGULAR','Person':'PERSON_3','Pos':'V','Tense':'PRESENT','VerbType':'VERBA_ANOMALA','Voice':'ACTIVE'},'name':'potest'}]}],'name':'possum@V'}]">potest</w><c> </c><w lemma="[{'id':5388112,'ls':[{'id':4128,'name':'expleo','wfs':[{'id':5388193,'morph':{'ConjugationType':'SECOND_CONJUGATION','Mood':'INFINITIVE','Pos':'V','Tense':'PRESENT','VerbType':'TRANSITIVE','Voice':'ACTIVE'},'name':'explere'}]}],'name':'expleo@V'}]">explere</w><c> </c><w lemma="[{'id':954514,'ls':[{'id':3366,'name':'desiderium','wfs':[{'id':243318840,'morph':{'Casus':'ACCUSATIVE','DeclensionType':'SECOND_DECLENSION','Genus':'NEUTER','Numerus':'SINGULAR','Pos':'NN'},'name':'desiderium'}]}],'name':'desiderium@NN'}]">desiderium</w><c>.</c><c> </c></s><s><w lemma="[{'id':109861,'ls':[{'id':109862,'name':'nam','wfs':[{'id':109863,'morph':{'Pos':'CON'},'name':'nam'}]}],'name':'nam@CON'}]">nam</w><c> </c><w lemma="[{'id':109610,'ls':[{'id':109611,'name':'per','wfs':[{'id':109612,'morph':{'Pos':'AP'},'name':'per'}]}],'name':'per@AP'}]">per</w><c> </c><w lemma="[{'id':242816570,'ls':[{'id':242816571,'name':'quilibet','wfs':[{'id':242816577,'morph':{'Casus':'ACCUSATIVE','Genus':'FEMININE','Numerus':'PLURAL','Pos':'PRO','PronounType':'INDEFINITE'},'name':'quaslibet'}]}],'name':'quilibet@PRO'}]">quaslibet</w><c> </c><w lemma="[{'id':2885526,'ls':[{'id':7385,'name':'pretiosus','wfs':[{'id':2885529,'morph':{'Casus':'ACCUSATIVE','ComparisonDegree':'POSITIVE','DeclensionType':'FIRST_DECLENSION','Genus':'FEMININE','Numerus':'PLURAL','Pos':'ADJ'},'name':'pretiosas'}]}],'name':'pretiosus@ADJ'}]">pretiosas</w><c> </c><w lemma="[{'id':1322669,'ls':[{'id':964024,'name':'res','wfs':[{'id':242825948,'morph':{'Casus':'ACCUSATIVE','DeclensionType':'FIFTH_DECLENSION','Genus':'FEMININE','Numerus':'PLURAL','Pos':'NN'},'name':'res'}]}],'name':'res@NN'}]">res</w><c> </c><w lemma="[{'id':109453,'ls':[{'id':109454,'name':'ad','wfs':[{'id':109455,'morph':{'Pos':'AP'},'name':'ad'}]}],'name':'ad@AP'}]">ad</w><c> </c><w lemma="[{'id':242816114,'ls':[{'id':242816115,'name':'ille','wfs':[{'id':242816141,'morph':{'Casus':'ACCUSATIVE','Genus':'NEUTER','Numerus':'SINGULAR','Pos':'PRO','PronounType':'DEMONSTRATIVE'},'name':'illud'}]}],'name':'ille@PRO'}]">illud</w><c> </c><lb n="5" xml:id="bsb00000824_00226_5"></lb><w lemma="[{'id':245351,'ls':[{'id':8740,'name':'tantum','wfs':[{'id':245352,'morph':{'ComparisonDegree':'POSITIVE','Pos':'ADV'},'name':'tantum'}]}],'name':'tantum@ADV'}]">tantum</w><c> </c><w lemma="[{'id':7781642,'ls':[{'id':8781,'name':'tendo','wfs':[{'id':7782116,'morph':{'ConjugationType':'THIRD_CONJUGATION','Mood':'INDICATIVE','Numerus':'SINGULAR','Person':'PERSON_3','Pos':'V','Tense':'PRESENT','VerbType':'TRANSITIVE','Voice':'PASSIVE'},'name':'tenditur'}]}],'name':'tendo@V'}]">tenditur</w><c>,</c><c> </c><w lemma="[{'id':110061,'ls':[{'id':110062,'name':'ut','wfs':[{'id':110063,'morph':{'Pos':'CON'},'name':'ut'}]}],'name':'ut@CON'}]">ut</w><c> </c><w lemma="[{'id':4669725,'ls':[{'id':2957,'name':'cupio','wfs':[{'id':4669758,'morph':{'Casus':'GENITIVE','ConjugationType':'THIRD_CONJUGATION','Genus':'MASCULINE','Mood':'PARTICIPLE','Numerus':'SINGULAR','Pos':'V','Tense':'PRESENT','VerbType':'TRANSITIVE','Voice':'ACTIVE'},'name':'cupientis'}]}],'name':'cupio@V'}]">cupientis</w><c> </c><w lemma="[{'id':758332,'ls':[{'id':792,'name':'animus','wfs':[{'id':758347,'morph':{'Casus':'NOMINATIVE','DeclensionType':'SECOND_DECLENSION','Genus':'MASCULINE','Numerus':'SINGULAR','Pos':'NN'},'name':'animus'}]}],'name':'animus@NN'}]">animus</w><c> </c><w lemma="[{'id':5388112,'ls':[{'id':4128,'name':'expleo','wfs':[{'id':5388466,'morph':{'ConjugationType':'SECOND_CONJUGATION','Mood':'SUBJUNCTIVE','Numerus':'SINGULAR','Person':'PERSON_3','Pos':'V','Tense':'PRESENT','VerbType':'TRANSITIVE','Voice':'PASSIVE'},'name':'expleatur'}]}],'name':'expleo@V'}]">expleatur</w><c>.</c><c> </c></s><s><w lemma="[{'id':225709,'ls':[{'id':225710,'name':'quapropter','wfs':[{'id':225712,'morph':{'ComparisonDegree':'POSITIVE','Pos':'ADV'},'name':'quapropter'}]}],'name':'quapropter@ADV'}]">quapropter</w><c> </c><w lemma="[{'id':7296099,'ls':[{'id':8077,'name':'saluto','wfs':[{'id':7296115,'morph':{'Casus':'NOMINATIVE','ConjugationType':'FIRST_CONJUGATION','Genus':'MASCULINE','Mood':'PARTICIPLE','Numerus':'PLURAL','Pos':'V','Tense':'PRESENT','VerbType':'TRANSITIVE','Voice':'ACTIVE'},'name':'salutantes'}]}],'name':'saluto@V'}]">salutantes</w><c> </c><w lemma="[{'id':1056993,'ls':[{'id':4717,'name':'gratia','wfs':[{'id':1057003,'morph':{'Casus':'ABLATIVE','DeclensionType':'FIRST_DECLENSION','Genus':'FEMININE','Numerus':'SINGULAR','Pos':'NN'},'name':'gratia'}]}],'name':'gratia@NN'}]">gratia</w><c> </c><w lemma="[{'id':4520334,'ls':[{'id':2601,'name':'consuesco','wfs':[{'id':4520393,'morph':{'Casus':'ABLATIVE','ConjugationType':'THIRD_CONJUGATION','Genus':'FEMININE','Mood':'PARTICIPLE','Numerus':'SINGULAR','Pos':'V','Tense':'PERFECT','VerbType':'TRANSITIVE','Voice':'PASSIVE'},'name':'consueta'}]}],'name':'consuesco@V'}]">consueta</w><c> </c><lb n="6" xml:id="bsb00000824_00226_6"></lb><w lemma="[{'id':109610,'ls':[{'id':109611,'name':'per','wfs':[{'id':109612,'morph':{'Pos':'AP'},'name':'per'}]}],'name':'per@AP'}]">per</w><c> </c><w lemma="[{'id':242815996,'ls':[{'id':242815997,'name':'hic','wfs':[{'id':244509644,'morph':{'Casus':'GENITIVE','Genus':'FEMININE','Numerus':'PLURAL','Pos':'PRO','PronounType':'DEMONSTRATIVE'},'name':'harum'}]}],'name':'hic@PRO'}]">harum</w><c> </c><w lemma="[{'id':1264381,'ls':[{'id':1264382,'name':'portitor','wfs':[{'id':1264383,'morph':{'Casus':'ACCUSATIVE','DeclensionType':'THIRD_DECLENSION','Genus':'MASCULINE','Numerus':'PLURAL','Pos':'NN'},'name':'portitores'}]}],'name':'portitor@NN'}]">portitores</w><c> </c><w lemma="[{'id':242816114,'ls':[{'id':242816115,'name':'ille','wfs':[{'id':242816143,'morph':{'Casus':'ACCUSATIVE','Genus':'MASCULINE','Numerus':'SINGULAR','Pos':'PRO','PronounType':'DEMONSTRATIVE'},'name':'illum'}]}],'name':'ille@PRO'}]">illum</w><c> </c><w lemma="[{'id':109828,'ls':[{'id':109829,'name':'et','wfs':[{'id':109830,'morph':{'Pos':'CON'},'name':'et'}]}],'name':'et@CON'}]">et</w><c> </c><w lemma="[{'id':242816114,'ls':[{'id':242816115,'name':'ille','wfs':[{'id':242816143,'morph':{'Casus':'ACCUSATIVE','Genus':'MASCULINE','Numerus':'SINGULAR','Pos':'PRO','PronounType':'DEMONSTRATIVE'},'name':'illum'}]}],'name':'ille@PRO'}]">illum</w><c> </c><w lemma="[{'id':1199281,'ls':[{'id':6489,'name':'oblectamentum','wfs':[{'id':1199287,'morph':{'Casus':'NOMINATIVE','DeclensionType':'SECOND_DECLENSION','Genus':'NEUTER','Numerus':'PLURAL','Pos':'NN'},'name':'oblectamenta'}]}],'name':'oblectamentum@NN'}]">oblectamenta</w><c> </c><w lemma="[{'id':1291846,'ls':[{'id':7588,'name':'prudentia','wfs':[{'id':1291858,'morph':{'Casus':'GENITIVE','DeclensionType':'FIRST_DECLENSION','Genus':'FEMININE','Numerus':'SINGULAR','Pos':'NN'},'name':'prudentiae'}]}],'name':'prudentia@NN'}]">prudentiae</w><c> </c><w lemma="[{'id':244512458,'ls':[{'id':244512459,'name':'vester','wfs':[{'id':245551329,'morph':{'Casus':'GENITIVE','DeclensionType':'FIRST_DECLENSION','Genus':'FEMININE','Numerus':'SINGULAR','Pos':'PRO','PronounType':'POSSESSIVE'},'name':'vestrae'}]}],'name':'vester@PRO'}]">vestrae</w><c>,</c><c> </c><w lemma="[{'id':1069388,'ls':[{'id':4865,'name':'horologium','wfs':[{'id':243359163,'morph':{'Casus':'ACCUSATIVE','DeclensionType':'SECOND_DECLENSION','Genus':'NEUTER','Numerus':'PLURAL','Pos':'NN'},'name':'horologia'}]}],'name':'horologium@NN'}]">horologia</w><c> </c><w lemma="[{'id':109541,'ls':[{'id':109542,'name':'cum','wfs':[{'id':109543,'morph':{'Pos':'AP'},'name':'cum'}]}],'name':'cum@AP'}]">cum</w><c> </c><lb n="7" xml:id="bsb00000824_00226_7"></lb><w lemma="[{'id':244511757,'ls':[{'id':244511758,'name':'suus','wfs':[{'id':297473110,'morph':{'Casus':'ABLATIVE','DeclensionType':'SECOND_DECLENSION','Genus':'MASCULINE','Numerus':'PLURAL','Pos':'PRO','PronounType':'POSSESSIVE'},'name':'suis'}]}],'name':'suus@PRO'}]">suis</w><c> </c><w lemma="[{'id':973226,'ls':[{'id':973227,'name':'dispositor','wfs':[{'id':973229,'morph':{'Casus':'ABLATIVE','DeclensionType':'THIRD_DECLENSION','Genus':'MASCULINE','Numerus':'PLURAL','Pos':'NN'},'name':'dispositoribus'}]}],'name':'dispositor@NN'}]">dispositoribus</w><c> </c><w lemma="[{'id':4637462,'ls':[{'id':2846,'name':'credo','wfs':[{'id':4637582,'morph':{'ConjugationType':'THIRD_CONJUGATION','Mood':'INDICATIVE','Numerus':'PLURAL','Person':'PERSON_1','Pos':'V','Tense':'PERFECT','VerbType':'TRANSITIVE','Voice':'ACTIVE'},'name':'credidimus'}]}],'name':'credo@V'}]">credidimus</w><c> </c><w lemma="[{'id':4904178,'ls':[{'id':3400,'name':'destino','wfs':[{'id':496919831,'morph':{'Casus':'ACCUSATIVE','ComparisonDegree':'POSITIVE','DeclensionType':'SECOND_DECLENSION','Genus':'NEUTER','Mood':'GERUNDIVE','Numerus':'PLURAL','Pos':'V'},'name':'destinanda'}]}],'name':'destino@V'}]">destinanda</w><c>:</c><c> </c><w lemma="[{'id':3241748,'ls':[{'id':3241749,'name':'unus','wfs':[{'id':3241860,'morph':{'Casus':'NOMINATIVE','ComparisonDegree':'POSITIVE','DeclensionType':'SECOND_DECLENSION','Genus':'NEUTER','Numerus':'SINGULAR','Pos':'ADJ'},'name':'unum'}]}],'name':'unus@ADJ'}]">unum</w><c>,</c><c> </c><w lemma="[{'id':109577,'ls':[{'id':109578,'name':'in','wfs':[{'id':109579,'morph':{'Pos':'AP'},'name':'in'}]}],'name':'in@AP'}]">in</w><c> </c><w lemma="[{'id':242816363,'ls':[{'id':242816364,'name':'qui','wfs':[{'id':244990010,'morph':{'Casus':'ABLATIVE','Genus':'NEUTER','Numerus':'SINGULAR','Pos':'PRO','PronounType':'RELATIVE'},'name':'quo'}]}],'name':'qui@PRO'}]">quo</w><c> </c><w lemma="[{'id':2396607,'ls':[{'id':4890,'name':'humanus','wfs':[{'id':2396693,'morph':{'Casus':'NOMINATIVE','ComparisonDegree':'POSITIVE','DeclensionType':'FIRST_DECLENSION','Genus':'FEMININE','Numerus':'SINGULAR','Pos':'ADJ'},'name':'humana'}]}],'name':'humanus@ADJ'}]">humana</w><c> </c><w lemma="[{'id':1365893,'ls':[{'id':8374,'name':'sollertia','wfs':[{'id':1365921,'morph':{'Casus':'NOMINATIVE','DeclensionType':'FIRST_DECLENSION','Genus':'FEMININE','Numerus':'SINGULAR','Pos':'NN'},'name':'sollertia'}]}],'name':'sollertia@NN'}]">sollertia</w><c> </c><w lemma="[{'id':242815904,'ls':[{'id':244520791,'name':'videor','wfs':[{'id':232322737,'morph':{'ConjugationType':'SECOND_CONJUGATION','Mood':'INDICATIVE','Numerus':'SINGULAR','Person':'PERSON_3','Pos':'V','Tense':'PRESENT','VerbType':'DEPONENT','Voice':'PASSIVE'},'name':'videtur'}]}],'name':'videor@V'}]">videtur</w><c> </c><lb n="8" xml:id="bsb00000824_00226_8"></lb><w lemma="[{'id':4217619,'ls':[{'id':244530653,'name':'colligo','wfs':[{'id':4218194,'morph':{'ConjugationType':'THIRD_CONJUGATION','Mood':'INFINITIVE','Pos':'V','Tense':'PRESENT','VerbType':'TRANSITIVE','Voice':'PASSIVE'},'name':'colligi'}]}],'name':'colligo@V'}]">colligi</w><c>,</c><c> </c><w lemma="[{'id':242816363,'ls':[{'id':242816364,'name':'qui','wfs':[{'id':296826590,'morph':{'Casus':'NOMINATIVE','Genus':'NEUTER','Numerus':'SINGULAR','Pos':'PRO','PronounType':'RELATIVE'},'name':'quod'}]}],'name':'qui@PRO'}]">quod</w><c> </c><w lemma="[{'id':3197203,'ls':[{'id':8882,'name':'totus','wfs':[{'id':242718069,'morph':{'Casus':'GENITIVE','ComparisonDegree':'POSITIVE','DeclensionType':'THIRD_DECLENSION','Genus':'MASCULINE','Numerus':'SINGULAR','Pos':'ADJ'},'name':'totius'}]}],'name':'totus@ADJ'}]">totius</w><c> </c><w lemma="[{'id':823465,'ls':[{'id':1463,'name':'caelum','wfs':[{'id':823489,'morph':{'Casus':'GENITIVE','DeclensionType':'SECOND_DECLENSION','Genus':'NEUTER','Numerus':'SINGULAR','Pos':'NN'},'name':'caeli'}]}],'name':'caelum@NN'}]">caeli</w><c> </c><w lemma="[{'id':6327887,'ls':[{'id':6419,'name':'nosco','wfs':[{'id':6328687,'morph':{'ConjugationType':'THIRD_CONJUGATION','Mood':'INDICATIVE','Numerus':'SINGULAR','Person':'PERSON_3','Pos':'V','Tense':'PRESENT','VerbType':'TRANSITIVE','Voice':'PASSIVE'},'name':'noscitur'}]}],'name':'nosco@V'}]">noscitur</w><c> </c><w lemma="[{'id':1368412,'ls':[{'id':8413,'name':'spatium','wfs':[{'id':243463960,'morph':{'Casus':'ACCUSATIVE','DeclensionType':'SECOND_DECLENSION','Genus':'NEUTER','Numerus':'PLURAL','Pos':'NN'},'name':'spatia'}]}],'name':'spatium@NN'}]">spatia</w><c> </c><w lemma="[{'id':6680834,'ls':[{'id':7036,'name':'pervagor','wfs':[{'id':6680970,'morph':{'ConjugationType':'FIRST_CONJUGATION','Mood':'INFINITIVE','Pos':'V','Tense':'PRESENT','VerbType':'DEPONENT','Voice':'PASSIVE'},'name':'pervagari'}]}],'name':'pervagor@V'}]">pervagari</w><c>:</c><c> </c><w lemma="[{'id':242815932,'ls':[{'id':242815933,'name':'alius','wfs':[{'id':244509395,'morph':{'Casus':'NOMINATIVE','DeclensionType':'SECOND_DECLENSION','Genus':'NEUTER','Numerus':'SINGULAR','Pos':'PRO','PronounType':'INDEFINITE'},'name':'aliud'}]}],'name':'alius@PRO'}]">aliud</w><c>,</c><c> </c><w lemma="[{'id':249332,'ls':[{'id':249333,'name':'ubi','wfs':[{'id':249334,'morph':{'Pos':'ADV'},'name':'ubi'}]}],'name':'ubi@ADV'}]">ubi</w><c> </c><w lemma="[{'id':1365097,'ls':[{'id':8360,'name':'sol','wfs':[{'id':1365112,'morph':{'Casus':'GENITIVE','DeclensionType':'THIRD_DECLENSION','Genus':'MASCULINE','Numerus':'SINGULAR','Pos':'NN'},'name':'solis'}]}],'name':'sol@NN'}]">solis</w><c> </c><w lemma="[{'id':1160535,'ls':[{'id':6019,'name':'meatus','wfs':[{'id':791687335,'morph':{'Casus':'NOMINATIVE','DeclensionType':'FOURTH_DECLENSION','Genus':'MASCULINE','Numerus':'SINGULAR','Pos':'NN'},'name':'meatus'}]}],'name':'meatus@NN'}]">meatus</w><c> </c><w lemma="[{'id':109658,'ls':[{'id':109659,'name':'sine','wfs':[{'id':109660,'morph':{'Pos':'AP'},'name':'sine'}]}],'name':'sine@AP'}]">sine</w><c> </c><w lemma="[{'id':1365097,'ls':[{'id':8360,'name':'sol','wfs':[{'id':243462621,'morph':{'Casus':'ABLATIVE','DeclensionType':'THIRD_DECLENSION','Genus':'MASCULINE','Numerus':'SINGULAR','Pos':'NN'},'name':'sole'}]}],'name':'sol@NN'}]">sole</w><c> </c><lb n="9" xml:id="bsb00000824_00226_9"></lb><w lemma="[{'id':4186426,'ls':[{'id':2021,'name':'cognosco','wfs':[{'id':4186783,'morph':{'ConjugationType':'THIRD_CONJUGATION','Mood':'INDICATIVE','Numerus':'SINGULAR','Person':'PERSON_3','Pos':'V','Tense':'PRESENT','VerbType':'TRANSITIVE','Voice':'PASSIVE'},'name':'cognoscitur'}]}],'name':'cognosco@V'}]">cognoscitur</w><c> </c><w lemma="[{'id':109828,'ls':[{'id':109829,'name':'et','wfs':[{'id':109830,'morph':{'Pos':'CON'},'name':'et'}]}],'name':'et@CON'}]">et</w><c> </c><w lemma="[{'id':773247,'ls':[{'id':944,'name':'aqua','wfs':[{'id':773249,'morph':{'Casus':'ABLATIVE','DeclensionType':'FIRST_DECLENSION','Genus':'FEMININE','Numerus':'PLURAL','Pos':'NN'},'name':'aquis'}]}],'name':'aqua@NN'}]">aquis</w><c> </c><w lemma="[{'id':791687337,'ls':[{'id':791687338,'name':'gutto','wfs':[{'id':791687342,'morph':{'Casus':'ABLATIVE','ConjugationType':'FIRST_CONJUGATION','Genus':'FEMININE','Mood':'PARTICIPLE','Numerus':'PLURAL','Pos':'V','Tense':'PRESENT','Voice':'ACTIVE'},'name':'guttantibus'}]}],'name':'gutto@V'}]">guttantibus</w><c> </c><w lemma="[{'id':1069061,'ls':[{'id':4863,'name':'hora','wfs':[{'id':1069065,'morph':{'Casus':'GENITIVE','DeclensionType':'FIRST_DECLENSION','Genus':'FEMININE','Numerus':'PLURAL','Pos':'NN'},'name':'horarum'}]}],'name':'hora@NN'}]">horarum</w><c> </c><w lemma="[{'id':1368412,'ls':[{'id':8413,'name':'spatium','wfs':[{'id':243463965,'morph':{'Casus':'NOMINATIVE','DeclensionType':'SECOND_DECLENSION','Genus':'NEUTER','Numerus':'PLURAL','Pos':'NN'},'name':'spatia'}]}],'name':'spatium@NN'}]">spatia</w><c> </c><w lemma="[{'id':7789432,'ls':[{'id':8797,'name':'termino','wfs':[{'id':7789733,'morph':{'ConjugationType':'FIRST_CONJUGATION','Mood':'INDICATIVE','Numerus':'PLURAL','Person':'PERSON_3','Pos':'V','Tense':'PRESENT','VerbType':'TRANSITIVE','Voice':'PASSIVE'},'name':'terminantur'}]}],'name':'termino@V'}]">terminantur</w><c>.</c><c> </c></s><s><w lemma="[{'id':5618354,'ls':[{'id':4757,'name':'habeo','wfs':[{'id':5618543,'morph':{'ConjugationType':'SECOND_CONJUGATION','Mood':'IMPERATIVE','Numerus':'PLURAL','Person':'PERSON_2','Pos':'V','Tense':'FUTURE','VerbType':'TRANSITIVE','Voice':'ACTIVE'},'name':'habetote'}]}],'name':'habeo@V'}]">Habetote</w><c> </c><w lemma="[{'id':109577,'ls':[{'id':109578,'name':'in','wfs':[{'id':109579,'morph':{'Pos':'AP'},'name':'in'}]}],'name':'in@AP'}]">in</w><c> </c><w lemma="[{'id':244512458,'ls':[{'id':244512459,'name':'vester','wfs':[{'id':497737942,'morph':{'Casus':'ABLATIVE','DeclensionType':'FIRST_DECLENSION','Genus':'FEMININE','Numerus':'SINGULAR','Pos':'PRO','PronounType':'POSSESSIVE'},'name':'vestra'}]}],'name':'vester@PRO'}]">vestra</w><c> </c><lb n="10" xml:id="bsb00000824_00226_10"></lb><w lemma="[{'id':1229452,'ls':[{'id':6853,'name':'patria','wfs':[{'id':1229462,'morph':{'Casus':'ABLATIVE','DeclensionType':'FIRST_DECLENSION','Genus':'FEMININE','Numerus':'SINGULAR','Pos':'NN'},'name':'patria'}]}],'name':'patria@NN'}]">patria</w><c>,</c><c> </c><w lemma="[{'id':242816363,'ls':[{'id':242816364,'name':'qui','wfs':[{'id':245004334,'morph':{'Casus':'ACCUSATIVE','Genus':'NEUTER','Numerus':'SINGULAR','Pos':'PRO','PronounType':'RELATIVE'},'name':'quod'}]}],'name':'qui@PRO'}]">quod</w><c> </c><w lemma="[{'id':119589,'ls':[{'id':630,'name':'aliquando','wfs':[{'id':119590,'morph':{'ComparisonDegree':'POSITIVE','Pos':'ADV'},'name':'aliquando'}]}],'name':'aliquando@ADV'}]">aliquando</w><c> </c><w lemma="[{'id':8004098,'ls':[{'id':9253,'name':'video','wfs':[{'id':8004690,'morph':{'ConjugationType':'SECOND_CONJUGATION','Mood':'INDICATIVE','Numerus':'PLURAL','Person':'PERSON_2','Pos':'V','Tense':'PERFECT','VerbType':'TRANSITIVE','Voice':'ACTIVE'},'name':'vidistis'}]}],'name':'video@V'}]">vidistis</w><c> </c><w lemma="[{'id':109577,'ls':[{'id':109578,'name':'in','wfs':[{'id':109579,'morph':{'Pos':'AP'},'name':'in'}]}],'name':'in@AP'}]">in</w><c> </c><w lemma="[{'id':861918,'ls':[{'id':1922,'name':'civitas','wfs':[{'id':243284719,'morph':{'Casus':'ABLATIVE','DeclensionType':'THIRD_DECLENSION','Genus':'FEMININE','Numerus':'SINGULAR','Pos':'NN'},'name':'civitate'}]}],'name':'civitas@NN'}]">civitate</w><c> </c><w lemma="[{'id':2993336,'ls':[{'id':2993337,'name':'romanus','wfs':[{'id':243619150,'morph':{'Casus':'ABLATIVE','ComparisonDegree':'POSITIVE','DeclensionType':'FIRST_DECLENSION','Genus':'FEMININE','Numerus':'SINGULAR','Pos':'ADJ'},'name':'Romana'}]}],'name':'romanus@ADJ'}]">Romana</w><c>.</c><c> </c></s><s><w lemma="[{'id':2184160,'ls':[{'id':3522,'name':'dignus','wfs':[{'id':2184293,'morph':{'Casus':'NOMINATIVE','ComparisonDegree':'POSITIVE','DeclensionType':'SECOND_DECLENSION','Genus':'NEUTER','Numerus':'SINGULAR','Pos':'ADJ'},'name':'dignum'}]}],'name':'dignus@ADJ'}]">dignum</w><c> </c><w lemma="[{'id':7617143,'ls':[{'id':7617144,'name':'sum','wfs':[{'id':242825881,'morph':{'Mood':'INDICATIVE','Numerus':'SINGULAR','Person':'PERSON_3','Pos':'V','Tense':'PRESENT','VerbType':'VERBA_ANOMALA','Voice':'ACTIVE'},'name':'est'}]}],'name':'sum@V'}]">est</w><c>,</c><c> </c><w lemma="[{'id':110061,'ls':[{'id':110062,'name':'ut','wfs':[{'id':110063,'morph':{'Pos':'CON'},'name':'ut'}]}],'name':'ut@CON'}]">ut</w><c> </c><w lemma="[{'id':814792,'ls':[{'id':6095353,'name':'bonum','wfs':[{'id':814797,'morph':{'Casus':'ABLATIVE','DeclensionType':'SECOND_DECLENSION','Genus':'NEUTER','Numerus':'PLURAL','Pos':'NN'},'name':'bonis'}]}],'name':'bonum@NN'}]">bonis</w><c> </c><w lemma="[{'id':244510439,'ls':[{'id':244510440,'name':'noster','wfs':[{'id':457578027,'morph':{'Casus':'ABLATIVE','DeclensionType':'SECOND_DECLENSION','Genus':'NEUTER','Numerus':'PLURAL','Pos':'PRO','PronounType':'POSSESSIVE'},'name':'nostris'}]}],'name':'noster@PRO'}]">nostris</w><c> </c><w lemma="[{'id':244512458,'ls':[{'id':244512459,'name':'vester','wfs':[{'id':244512539,'morph':{'Casus':'NOMINATIVE','DeclensionType':'FIRST_DECLENSION','Genus':'FEMININE','Numerus':'SINGULAR','Pos':'PRO','PronounType':'POSSESSIVE'},'name':'vestra'}]}],'name':'vester@PRO'}]">vestra</w><c> </c><lb n="11" xml:id="bsb00000824_00226_11"></lb><w lemma="[{'id':1056993,'ls':[{'id':4717,'name':'gratia','wfs':[{'id':1057007,'morph':{'Casus':'NOMINATIVE','DeclensionType':'FIRST_DECLENSION','Genus':'FEMININE','Numerus':'SINGULAR','Pos':'NN'},'name':'gratia'}]}],'name':'gratia@NN'}]">gratia</w><c> </c><w lemma="[{'id':6605301,'ls':[{'id':6605302,'name':'perfruor','wfs':[{'id':6605398,'morph':{'ConjugationType':'THIRD_CONJUGATION','Mood':'SUBJUNCTIVE','Numerus':'SINGULAR','Person':'PERSON_3','Pos':'V','Tense':'PRESENT','VerbType':'DEPONENT','Voice':'PASSIVE'},'name':'perfruatur'}]}],'name':'perfruor@V'}]">perfruatur</w><c>,</c><c> </c><w lemma="[{'id':242816363,'ls':[{'id':242816364,'name':'qui','wfs':[{'id':296826594,'morph':{'Casus':'NOMINATIVE','Genus':'FEMININE','Numerus':'SINGULAR','Pos':'PRO','PronounType':'RELATIVE'},'name':'quae'}]}],'name':'qui@PRO'}]">quae</w><c> </c><w lemma="[{'id':242816286,'ls':[{'id':242816287,'name':'nos','wfs':[{'id':594760049,'morph':{'Casus':'DATIVE','Genus':'MASCULINE','Numerus':'PLURAL','Pos':'PRO','PronounType':'PERSONAL'},'name':'nobis'}]}],'name':'nos@PRO'}]">nobis</w><c> </c><w lemma="[{'id':109834,'ls':[{'id':109835,'name':'etiam','wfs':[{'id':109836,'morph':{'Pos':'CON'},'name':'etiam'}]}],'name':'etiam@CON'}]">etiam</w><c> </c><w lemma="[{'id':733405,'ls':[{'id':733430,'name':'affinitas','wfs':[{'id':243245162,'morph':{'Casus':'ABLATIVE','DeclensionType':'THIRD_DECLENSION','Genus':'FEMININE','Numerus':'SINGULAR','Pos':'NN'},'name':'affinitate'}]}],'name':'affinitas@NN'}]">affinitate</w><c> </c><w lemma="[{'id':4464104,'ls':[{'id':4464105,'name':'coniungo','wfs':[{'id':4464427,'morph':{'ConjugationType':'THIRD_CONJUGATION','Mood':'INDICATIVE','Numerus':'SINGULAR','Person':'PERSON_3','Pos':'V','Tense':'PRESENT','VerbType':'TRANSITIVE','Voice':'PASSIVE'},'name':'coniungitur'}]}],'name':'coniungo@V'}]">coniungitur</w><c>.</c><c> </c></s><s><w lemma="[{'id':5027065,'ls':[{'id':3565,'name':'disco','wfs':[{'id':5027389,'morph':{'ConjugationType':'THIRD_CONJUGATION','Mood':'SUBJUNCTIVE','Numerus':'SINGULAR','Person':'PERSON_3','Pos':'V','Tense':'PRESENT','VerbType':'TRANSITIVE','Voice':'ACTIVE'},'name':'discat'}]}],'name':'disco@V'}]">discat</w><c> </c><w lemma="[{'id':109661,'ls':[{'id':109662,'name':'sub','wfs':[{'id':109663,'morph':{'Pos':'AP'},'name':'sub'}]}],'name':'sub@AP'}]">sub</w><c> </c><w lemma="[{'id':242816974,'ls':[{'id':242816975,'name':'vos','wfs':[{'id':315043,'morph':{'Casus':'ABLATIVE','Numerus':'PLURAL','Pos':'PRO','PronounType':'PERSONAL'},'name':'vobis'}]}],'name':'vos@PRO'}]">vobis</w><c> </c><w lemma="[{'id':241358124,'ls':[{'id':241358125,'name':'Burgundia','wfs':[{'id':241358130,'morph':{'Casus':'NOMINATIVE','DeclensionType':'FIRST_DECLENSION','Genus':'FEMININE','Numerus':'SINGULAR','Pos':'NE'},'name':'Burgundia'}]}],'name':'Burgundia@NE'}]">Burgundia</w><c> </c><lb n="12" xml:id="bsb00000824_00226_12"></lb><w lemma="[{'id':1322669,'ls':[{'id':964024,'name':'res','wfs':[{'id':242825948,'morph':{'Casus':'ACCUSATIVE','DeclensionType':'FIFTH_DECLENSION','Genus':'FEMININE','Numerus':'PLURAL','Pos':'NN'},'name':'res'}]}],'name':'res@NN'}]">res</w><c> </c><w lemma="[{'id':3124139,'ls':[{'id':8599,'name':'subtilis','wfs':[{'id':3124144,'morph':{'Casus':'ACCUSATIVE','ComparisonDegree':'SUPERLATIVE','DeclensionType':'FIRST_DECLENSION','Genus':'FEMININE','Numerus':'PLURAL','Pos':'ADJ'},'name':'subtilissimas'}]}],'name':'subtilis@ADJ'}]">subtilissimas</w><c> </c><w lemma="[{'id':5913868,'ls':[{'id':5341,'name':'inspicio','wfs':[{'id':5913949,'morph':{'ConjugationType':'THIRD_CONJUGATION','Mood':'INFINITIVE','Pos':'V','Tense':'PRESENT','VerbType':'TRANSITIVE','Voice':'ACTIVE'},'name':'inspicere'}]}],'name':'inspicio@V'}]">inspicere</w><c> </c><w lemma="[{'id':109828,'ls':[{'id':109829,'name':'et','wfs':[{'id':109830,'morph':{'Pos':'CON'},'name':'et'}]}],'name':'et@CON'}]">et</w><c> </c><w lemma="[{'id':1635127,'ls':[{'id':846,'name':'antiquus','wfs':[{'id':1635498,'morph':{'Casus':'GENITIVE','ComparisonDegree':'POSITIVE','DeclensionType':'SECOND_DECLENSION','Genus':'MASCULINE','Numerus':'PLURAL','Pos':'ADJ'},'name':'antiquorum'}]}],'name':'antiquus@ADJ'}]">antiquorum</w><c> </c><w lemma="[{'id':1113094,'ls':[{'id':5489,'name':'inventum','wfs':[{'id':1113112,'morph':{'Casus':'ACCUSATIVE','DeclensionType':'SECOND_DECLENSION','Genus':'NEUTER','Numerus':'PLURAL','Pos':'NN'},'name':'inventa'}]}],'name':'inventum@NN'}]">inventa</w><c> </c><w lemma="[{'id':6130438,'ls':[{'id':5644,'name':'laudo','wfs':[{'id':6130519,'morph':{'ConjugationType':'FIRST_CONJUGATION','Mood':'INFINITIVE','Pos':'V','Tense':'PRESENT','VerbType':'TRANSITIVE','Voice':'ACTIVE'},'name':'laudare'}]}],'name':'laudo@V'}]">laudare</w><c>:</c><c> </c><w lemma="[{'id':109610,'ls':[{'id':109611,'name':'per','wfs':[{'id':109612,'morph':{'Pos':'AP'},'name':'per'}]}],'name':'per@AP'}]">per</w><c> </c><w lemma="[{'id':242816974,'ls':[{'id':242816975,'name':'vos','wfs':[{'id':315046,'morph':{'Casus':'ACCUSATIVE','Numerus':'PLURAL','Pos':'PRO','PronounType':'PERSONAL'},'name':'vos'}]}],'name':'vos@PRO'}]">vos</w><c> </c><w lemma="[{'id':1286958,'ls':[{'id':7521,'name':'propositum','wfs':[{'id':1286966,'morph':{'Casus':'ACCUSATIVE','DeclensionType':'SECOND_DECLENSION','Genus':'NEUTER','Numerus':'SINGULAR','Pos':'NN'},'name':'propositum'}]}],'name':'propositum@NN'}]">propositum</w><c> </c><w lemma="[{'id':2364803,'ls':[{'id':2364804,'name':'gentilis','wfs':[{'id':2364904,'morph':{'Casus':'ACCUSATIVE','ComparisonDegree':'POSITIVE','DeclensionType':'THIRD_DECLENSION','Genus':'NEUTER','Numerus':'SINGULAR','Pos':'ADJ'},'name':'gentile'}]}],'name':'gentilis@ADJ'}]">gentile</w><c> </c><lb n="13" xml:id="bsb00000824_00226_13"></lb><w lemma="[{'id':4852969,'ls':[{'id':3299,'name':'depono','wfs':[{'id':4853513,'morph':{'ConjugationType':'THIRD_CONJUGATION','Mood':'INDICATIVE','Numerus':'SINGULAR','Person':'PERSON_3','Pos':'V','Tense':'PRESENT','VerbType':'TRANSITIVE','Voice':'ACTIVE'},'name':'deponit'}]}],'name':'depono@V'}]">deponit</w><c> </c><w lemma="[{'id':109828,'ls':[{'id':109829,'name':'et','wfs':[{'id':109830,'morph':{'Pos':'CON'},'name':'et'}]}],'name':'et@CON'}]">et</w><c> </c><w lemma="[{'id':241305236,'ls':[{'id':241305237,'name':'dum','wfs':[{'id':241305241,'morph':{'ComparisonDegree':'POSITIVE','Pos':'ADV'},'name':'dum'}]}],'name':'dum@ADV'}]">dum</w><c> </c><w lemma="[{'id':1291846,'ls':[{'id':7588,'name':'prudentia','wfs':[{'id':1291855,'morph':{'Casus':'ACCUSATIVE','DeclensionType':'FIRST_DECLENSION','Genus':'FEMININE','Numerus':'SINGULAR','Pos':'NN'},'name':'prudentiam'}]}],'name':'prudentia@NN'}]">prudentiam</w><c> </c><w lemma="[{'id':1329481,'ls':[{'id':7965,'name':'rex','wfs':[{'id':1329496,'morph':{'Casus':'GENITIVE','DeclensionType':'THIRD_DECLENSION','Genus':'MASCULINE','Numerus':'SINGULAR','Pos':'NN'},'name':'regis'}]}],'name':'rex@NN'}]">regis</w><c> </c><w lemma="[{'id':1406782,'ls':[{'id':488516594,'name':'suus','wfs':[{'id':488516598,'morph':{'Casus':'GENITIVE','DeclensionType':'SECOND_DECLENSION','Genus':'MASCULINE','Numerus':'SINGULAR','Pos':'NN'},'name':'sui'}]}],'name':'suus@NN'}]">sui</w><c> </c><w lemma="[{'id':7203647,'ls':[{'id':7926,'name':'respicio','wfs':[{'id':7203973,'morph':{'ConjugationType':'THIRD_CONJUGATION','Mood':'INDICATIVE','Numerus':'SINGULAR','Person':'PERSON_3','Pos':'V','Tense':'PRESENT','VerbType':'TRANSITIVE','Voice':'ACTIVE'},'name':'respicit'}]}],'name':'respicio@V'}]">respicit</w><c>,</c><c> </c><w lemma="[{'id':197050,'ls':[{'id':197051,'name':'iure','wfs':[{'id':197053,'morph':{'ComparisonDegree':'POSITIVE','Pos':'ADV'},'name':'iure'}]}],'name':'iure@ADV'}]">iure</w><c> </c><w lemma="[{'id':1025917,'ls':[{'id':4238,'name':'factum','wfs':[{'id':241433647,'morph':{'Casus':'ACCUSATIVE','DeclensionType':'SECOND_DECLENSION','Genus':'NEUTER','Numerus':'PLURAL','Pos':'NN'},'name':'facta'}]}],'name':'factum@NN'}]">facta</w><c> </c><w lemma="[{'id':7301630,'ls':[{'id':8105,'name':'sapio','wfs':[{'id':7301644,'morph':{'Casus':'GENITIVE','ConjugationType':'THIRD_CONJUGATION','Genus':'MASCULINE','Mood':'PARTICIPLE','Numerus':'PLURAL','Pos':'V','Tense':'PRESENT','VerbType':'TRANSITIVE','Voice':'ACTIVE'},'name':'sapientium'}]}],'name':'sapio@V'}]">sapientium</w><c> </c><w lemma="[{'id':4398246,'ls':[{'id':4398247,'name':'concupisco','wfs':[{'id':4398605,'morph':{'ConjugationType':'THIRD_CONJUGATION','Mood':'INDICATIVE','Numerus':'SINGULAR','Person':'PERSON_3','Pos':'V','Tense':'PRESENT','VerbType':'TRANSITIVE','Voice':'ACTIVE'},'name':'concupiscit'}]}],'name':'concupisco@V'}]">concupiscit</w><c>.</c><c> </c><lb n="14" xml:id="bsb00000824_00226_14"></lb></s><s><w lemma="[{'id':5082659,'ls':[{'id':3645,'name':'distinguo','wfs':[{'id':5082983,'morph':{'ConjugationType':'THIRD_CONJUGATION','Mood':'SUBJUNCTIVE','Numerus':'SINGULAR','Person':'PERSON_3','Pos':'V','Tense':'PRESENT','VerbType':'TRANSITIVE','Voice':'ACTIVE'},'name':'distinguat'}]}],'name':'distinguo@V'}]">distinguat</w><c> </c><w lemma="[{'id':1368412,'ls':[{'id':8413,'name':'spatium','wfs':[{'id':243463960,'morph':{'Casus':'ACCUSATIVE','DeclensionType':'SECOND_DECLENSION','Genus':'NEUTER','Numerus':'PLURAL','Pos':'NN'},'name':'spatia'}]}],'name':'spatium@NN'}]">spatia</w><c> </c><w lemma="[{'id':964023,'ls':[{'id':242825925,'name':'dies','wfs':[{'id':594734977,'morph':{'Casus':'GENITIVE','DeclensionType':'FIFTH_DECLENSION','Genus':'MASCULINE','Numerus':'SINGULAR','Pos':'NN'},'name':'diei'}]}],'name':'dies@NN'}]">diei</w><c> </c><w lemma="[{'id':709997,'ls':[{'id':174,'name':'actus','wfs':[{'id':244531480,'morph':{'Casus':'ABLATIVE','DeclensionType':'FOURTH_DECLENSION','Genus':'MASCULINE','Numerus':'PLURAL','Pos':'NN'},'name':'actibus'}]}],'name':'actus@NN'}]">actibus</w><c> </c><w lemma="[{'id':1406782,'ls':[{'id':488516594,'name':'suus','wfs':[{'id':488516608,'morph':{'Casus':'ABLATIVE','DeclensionType':'SECOND_DECLENSION','Genus':'MASCULINE','Numerus':'PLURAL','Pos':'NN'},'name':'suis'}]}],'name':'suus@NN'}]">suis</w><c>,</c><c> </c><w lemma="[{'id':1069061,'ls':[{'id':4863,'name':'hora','wfs':[{'id':1069065,'morph':{'Casus':'GENITIVE','DeclensionType':'FIRST_DECLENSION','Genus':'FEMININE','Numerus':'PLURAL','Pos':'NN'},'name':'horarum'}]}],'name':'hora@NN'}]">horarum</w><c> </c><w lemma="[{'id':124534,'ls':[{'id':124535,'name':'apte','wfs':[{'id':124539,'morph':{'ComparisonDegree':'SUPERLATIVE','Pos':'ADV'},'name':'aptissime'}]}],'name':'apte@ADV'}]">aptissime</w><c> </c><w lemma="[{'id':1172980,'ls':[{'id':6190,'name':'momentum','wfs':[{'id':1172981,'morph':{'Casus':'ACCUSATIVE','DeclensionType':'SECOND_DECLENSION','Genus':'NEUTER','Numerus':'PLURAL','Pos':'NN'},'name':'momenta'}]}],'name':'momentum@NN'}]">momenta</w><c> </c><w lemma="[{'id':4510528,'ls':[{'id':2587,'name':'constituo','wfs':[{'id':4510987,'morph':{'ConjugationType':'THIRD_CONJUGATION','Mood':'SUBJUNCTIVE','Numerus':'SINGULAR','Person':'PERSON_3','Pos':'V','Tense':'PRESENT','VerbType':'TRANSITIVE','Voice':'ACTIVE'},'name':'constituat'}]}],'name':'constituo@V'}]">constituat</w><c>.</c><c> </c></s><s><w lemma="[{'id':1216283,'ls':[{'id':6689,'name':'ordo','wfs':[{'id':1216289,'morph':{'Casus':'NOMINATIVE','DeclensionType':'THIRD_DECLENSION','Genus':'MASCULINE','Numerus':'SINGULAR','Pos':'NN'},'name':'ordo'}]}],'name':'ordo@NN'}]">Ordo</w><c> </c><w lemma="[{'id':1468658,'ls':[{'id':9303,'name':'vita','wfs':[{'id':1468688,'morph':{'Casus':'GENITIVE','DeclensionType':'FIRST_DECLENSION','Genus':'FEMININE','Numerus':'SINGULAR','Pos':'NN'},'name':'vitae'}]}],'name':'vita@NN'}]">vitae</w><c> </c><lb n="15" xml:id="bsb00000824_00226_15"></lb><w lemma="[{'id':4441342,'ls':[{'id':2453,'name':'confundo','wfs':[{'id':4441410,'morph':{'Casus':'NOMINATIVE','ConjugationType':'THIRD_CONJUGATION','Genus':'MASCULINE','Mood':'PARTICIPLE','Numerus':'SINGULAR','Pos':'V','Tense':'PERFECT','VerbType':'TRANSITIVE','Voice':'PASSIVE'},'name':'confusus'}]}],'name':'confundo@V'}]">confusus</w><c> </c><w lemma="[{'id':3560733,'ls':[{'id':556,'name':'ago','wfs':[{'id':3561055,'morph':{'ConjugationType':'THIRD_CONJUGATION','Mood':'INDICATIVE','Numerus':'SINGULAR','Person':'PERSON_3','Pos':'V','Tense':'PRESENT','VerbType':'TRANSITIVE','Voice':'PASSIVE'},'name':'agitur'}]}],'name':'ago@V'}]">agitur</w><c>,</c><c> </c><w lemma="[{'id':110020,'ls':[{'id':110021,'name':'si','wfs':[{'id':110022,'morph':{'Pos':'CON'},'name':'si'}]}],'name':'si@CON'}]">si</w><c> </c><w lemma="[{'id':244511865,'ls':[{'id':244511866,'name':'talis','wfs':[{'id':244511897,'morph':{'Casus':'NOMINATIVE','Genus':'FEMININE','Numerus':'SINGULAR','Pos':'PRO','PronounType':'CORRELATIVE'},'name':'talis'}]}],'name':'talis@PRO'}]">talis</w><c> </c><w lemma="[{'id':971055,'ls':[{'id':3583,'name':'discretio','wfs':[{'id':971059,'morph':{'Casus':'NOMINATIVE','DeclensionType':'THIRD_DECLENSION','Genus':'FEMININE','Numerus':'SINGULAR','Pos':'NN'},'name':'discretio'}]}],'name':'discretio@NN'}]">discretio</w><c> </c><w lemma="[{'id':109661,'ls':[{'id':109662,'name':'sub','wfs':[{'id':109663,'morph':{'Pos':'AP'},'name':'sub'}]}],'name':'sub@AP'}]">sub</w><c> </c><w lemma="[{'id':1455678,'ls':[{'id':9192,'name':'veritas','wfs':[{'id':243495932,'morph':{'Casus':'ABLATIVE','DeclensionType':'THIRD_DECLENSION','Genus':'FEMININE','Numerus':'SINGULAR','Pos':'NN'},'name':'veritate'}]}],'name':'veritas@NN'}]">veritate</w><c> </c><w lemma="[{'id':6316738,'ls':[{'id':6316739,'name':'nescio','wfs':[{'id':6317093,'morph':{'ConjugationType':'FOURTH_CONJUGATION','Mood':'INDICATIVE','Numerus':'SINGULAR','Person':'PERSON_3','Pos':'V','Tense':'PRESENT','VerbType':'TRANSITIVE','Voice':'PASSIVE'},'name':'nescitur'}]}],'name':'nescio@V'}]">nescitur</w><c>.</c><c> </c></s><s><w lemma="[{'id':809794,'ls':[{'id':809827,'name':'belua','wfs':[{'id':809831,'morph':{'Casus':'GENITIVE','DeclensionType':'FIRST_DECLENSION','Genus':'FEMININE','Numerus':'PLURAL','Pos':'NN'},'name':'beluarum'}]}],'name':'belua@NN'}]">beluarum</w><c> </c><w lemma="[{'id':241279692,'ls':[{'id':241279693,'name':'quippe','wfs':[{'id':241279694,'morph':{'Pos':'CON'},'name':'quippe'}]}],'name':'quippe@CON'}]">quippe</w><c> </c><w lemma="[{'id':1331239,'ls':[{'id':7982,'name':'ritus','wfs':[{'id':1331241,'morph':{'Casus':'NOMINATIVE','DeclensionType':'THIRD_DECLENSION','Genus':'MASCULINE','Numerus':'SINGULAR','Pos':'NN'},'name':'ritus'}]}],'name':'ritus@NN'}]">ritus</w><c> </c><w lemma="[{'id':7617143,'ls':[{'id':7617144,'name':'sum','wfs':[{'id':242825881,'morph':{'Mood':'INDICATIVE','Numerus':'SINGULAR','Person':'PERSON_3','Pos':'V','Tense':'PRESENT','VerbType':'VERBA_ANOMALA','Voice':'ACTIVE'},'name':'est'}]}],'name':'sum@V'}]">est</w><c> </c><w lemma="[{'id':109565,'ls':[{'id':109566,'name':'ex','wfs':[{'id':109567,'morph':{'Pos':'AP'},'name':'ex'}]}],'name':'ex@AP'}]">ex</w><c> </c><lb n="16" xml:id="bsb00000824_00226_16"></lb><w lemma="[{'id':1452859,'ls':[{'id':9169,'name':'venter','wfs':[{'id':241493883,'morph':{'Casus':'GENITIVE','DeclensionType':'THIRD_DECLENSION','Genus':'MASCULINE','Numerus':'SINGULAR','Pos':'NN'},'name':'ventris'}]}],'name':'venter@NN'}]">ventris</w><c> </c><w lemma="[{'id':1002974,'ls':[{'id':3961,'name':'esuries','wfs':[{'id':243336533,'morph':{'Casus':'ABLATIVE','DeclensionType':'FIFTH_DECLENSION','Genus':'FEMININE','Numerus':'SINGULAR','Pos':'NN'},'name':'esurie'}]}],'name':'esuries@NN'}]">esurie</w><c> </c><w lemma="[{'id':1069061,'ls':[{'id':4863,'name':'hora','wfs':[{'id':1069062,'morph':{'Casus':'ACCUSATIVE','DeclensionType':'FIRST_DECLENSION','Genus':'FEMININE','Numerus':'PLURAL','Pos':'NN'},'name':'horas'}]}],'name':'hora@NN'}]">horas</w><c> </c><w lemma="[{'id':7355982,'ls':[{'id':244500552,'name':'sentio','wfs':[{'id':297496973,'morph':{'ConjugationType':'FOURTH_CONJUGATION','Mood':'INFINITIVE','Pos':'V','Tense':'PRESENT','VerbType':'INTRANSITIVE','Voice':'ACTIVE'},'name':'sentire'}]}],'name':'sentio@V'}]">sentire</w><c> </c><w lemma="[{'id':109828,'ls':[{'id':109829,'name':'et','wfs':[{'id':109830,'morph':{'Pos':'CON'},'name':'et'}]}],'name':'et@CON'}]">et</w><c> </c><w lemma="[{'id':206035,'ls':[{'id':6416,'name':'non','wfs':[{'id':241322627,'morph':{'Pos':'ADV'},'name':'non'}]}],'name':'non@ADV'}]">non</w><c> </c><w lemma="[{'id':5618354,'ls':[{'id':4757,'name':'habeo','wfs':[{'id':5618435,'morph':{'ConjugationType':'SECOND_CONJUGATION','Mood':'INFINITIVE','Pos':'V','Tense':'PRESENT','VerbType':'TRANSITIVE','Voice':'ACTIVE'},'name':'habere'}]}],'name':'habeo@V'}]">habere</w><c> </c><w lemma="[{'id':1840650,'ls':[{'id':1773,'name':'certus','wfs':[{'id':1840767,'morph':{'Casus':'ACCUSATIVE','ComparisonDegree':'POSITIVE','DeclensionType':'SECOND_DECLENSION','Genus':'NEUTER','Numerus':'SINGULAR','Pos':'ADJ'},'name':'certum'}]}],'name':'certus@ADJ'}]">certum</w><c>,</c><c> </c><w lemma="[{'id':242816363,'ls':[{'id':242816364,'name':'qui','wfs':[{'id':296826590,'morph':{'Casus':'NOMINATIVE','Genus':'NEUTER','Numerus':'SINGULAR','Pos':'PRO','PronounType':'RELATIVE'},'name':'quod'}]}],'name':'qui@PRO'}]">quod</w><c> </c><w lemma="[{'id':4511478,'ls':[{'id':2579,'name':'consto','wfs':[{'id':353214,'morph':{'ConjugationType':'FIRST_CONJUGATION','Mood':'INDICATIVE','Numerus':'SINGULAR','Person':'PERSON_3','Pos':'V','Tense':'PRESENT','VerbType':'INTRANSITIVE','Voice':'ACTIVE'},'name':'constat'}]}],'name':'consto@V'}]">constat</w><c> </c><w lemma="[{'id':2396607,'ls':[{'id':4890,'name':'humanus','wfs':[{'id':2396643,'morph':{'Casus':'DATIVE','ComparisonDegree':'POSITIVE','DeclensionType':'SECOND_DECLENSION','Genus':'MASCULINE','Numerus':'PLURAL','Pos':'ADJ'},'name':'humanis'}]}],'name':'humanus@ADJ'}]">humanis</w><c> </c><w lemma="[{'id':1443466,'ls':[{'id':9069,'name':'usus','wfs':[{'id':241026350,'morph':{'Casus':'DATIVE','DeclensionType':'FOURTH_DECLENSION','Genus':'MASCULINE','Numerus':'PLURAL','Pos':'NN'},'name':'usibus'}]}],'name':'usus@NN'}]">usibus</w><c> </c><lb n="17" xml:id="bsb00000824_00226_17"></lb><w lemma="[{'id':4552186,'ls':[{'id':2669,'name':'contribuo','wfs':[{'id':791687336,'morph':{'ConjugationType':'THIRD_CONJUGATION','Mood':'INFINITIVE','Numerus':'SINGULAR','Pos':'V','Tense':'PRESENT','Voice':'ACTIVE'},'name':'contributum'}]}],'name':'contribuo@V'}]">contributum</w><c>.</c></s></p></div></body></text></TEI>