<?xml version="1.0" ?><TEI xmlns="http://www.tei-c.org/ns/1.0"><teiHeader><fileDesc><titleStmt><title>MGH Auct. ant. 12: Cassiodori Senatoris Variae</title><editor>Mommsen, Theodor</editor></titleStmt><publicationStmt><publisher>Monumenta Germaniae Historica (MGH)</publisher><publisher>Bavarian State Library (BSB), München</publisher><idno type="BSB">bsb00000824</idno><idno type="MGH"><idno type="Annotation_created_by">sysop</idno><idno type="Annotation_created_on">Wed Oct 18 18:53:41 CEST 2017</idno><idno type="Annotation_last_changed_by">geelhaar</idno><idno type="Annotation_last_changed_on">Thu Aug 20 10:43:40 CEST 2020</idno><idno type="Author_(German)">Cassiodor (Flavius Magnus Aurelius Cassiodorus Senator)</idno><idno type="Author_(Latin)">Cassiodorus Vivariensis</idno><idno type="BSB">bsb00000824</idno><idno type="Bibliographical_Link">http://stabikat.de/DB=1/XMLPRS=N/PPN?PPN=235118842</idno><idno type="C_Stat">06</idno><idno type="C1">06</idno><idno type="C2">05</idno><idno type="Column">128</idno><idno type="Commentary">dated according to the edition (TG)</idno><idno type="Concordance_View">true</idno><idno type="Digital_Edition_Statement">Text retrieved from the critical edition and prepared by the BMBF funded project "Humanist Computer Interaction under Scrutiny"(https://humanist.hs-mainz.de/en/). The Latin Text Archive (LTA) version has been created at Goethe University Frankfurt by the CompHistSem-Work Group (hudesktop.hucompute.org).</idno><idno type="Edition">MGH Auctores antiquissimi 12</idno><idno type="LTA_Export">true</idno><idno type="Licence_Info">CC BY 4.0</idno><idno type="Multiple_Lemmata_under_a_unique_Super_lemma">0.00%</idno><idno type="Multiple_Super_lemmata">0.00%</idno><idno type="Multiple_Wordforms_under_a_unique_Lemma">0.00%</idno><idno type="Multiple_Wordforms._Tagger_based_result._Multiple_Lemmata_possible">0.00%</idno><idno type="Multiple_Wordforms._Tagger_based_result._Multiple_Super_Lemmata_possible">0.00%</idno><idno type="Not_yet_linked_or_unknown_Wordform">0.00%</idno><idno type="Page">128-129</idno><idno type="Provided_by">Monumenta Germaniae Historica</idno><idno type="RepFontMA">not available</idno><idno type="Status">a</idno><idno type="Text_Type">Letter</idno><idno type="Text_Type_Class">Letters</idno><idno type="Time">507/511</idno><idno type="Title">Variae 04.33 - Universis Iudaeis Genua constitutis Theodericus rex</idno><idno type="Type_of_Corpus">Corpus of Letters</idno><idno type="URL">http://www.mgh.de/dmgh/resolving/MGH_Auct._ant._12_S._128</idno><idno type="Unique_Wordform">100,00%</idno><idno type="Unique_Wordform._Tagger_based_result._Multiple_Lemmata_possible">0.00%</idno><idno type="Unique_Wordform._Tagger_based_result._Multiple_Super_lemmata_possible">0.00%</idno><idno type="VIAF_(Expression)">182693798</idno><idno type="VIAF_(Expression)_Link">http://viaf.org/viaf/182693798</idno><idno type="VIAF_(Person)">95230707</idno><idno type="VIAF_(Person)_Link">http://viaf.org/viaf/95230707</idno><idno type="Volume">Auct. ant. 12</idno><idno type="Year_of_Publication_(interpreted)">0511</idno>MGH Auct. ant. 12</idno><availability><licence target="http://creativecommons.org/licenses/by/4.0/"><p>Distributed under the Creative Commons Attribution 4.0 International (CC BY 4.0) license.</p><p>This license covers the annotations added by the Monumenta Germaniae Historica and the
            Bavarian State Library, Munich, in the course of project "digital MGH"
            <ref target="http://www.dmgh.de">http://www.dmgh.de</ref>, funded by the
            German Research Foundation (DFG).</p><p>We do not claim any rights on the text itself which is believed to be in the public domain.</p><p>If you distribute a copy or a derivative version of this file, please indicate the source
            of the file by mentioning the Monumenta Germaniae Historica (MGH) and the
            Bavarian State Library, Munich (BSB).</p></licence></availability><date when="2016-11-28T16:32:43+01:00">2016-11-28, 16:32:43</date></publicationStmt><sourceDesc><biblFull><titleStmt><title>Cassiodori Senatoris Variae</title><editor>Mommsen, Theodor</editor></titleStmt><publicationStmt><publisher>Weidmann</publisher><pubPlace>Berlin</pubPlace><date>1894</date></publicationStmt><seriesStmt><title>Auctores antiquissimi</title><biblScope unit="volume">12</biblScope></seriesStmt></biblFull></sourceDesc></fileDesc></teiHeader><text><body><div><lb n="26" xml:id="bsb00000824_00312_26"></lb><head n="3"><s><w lemma="[{'id':241346594,'ls':[{'id':241346595,'name':'NUMERAL','wfs':[{'id':498534630,'morph':{'Pos':'NUM'},'name':'xxxiii'}]}],'name':'NUMERAL@NUM'}]">XXXIII</w><c>.</c><c> </c><lb n="27" xml:id="bsb00000824_00312_27"></lb><w lemma="[{'id':3239550,'ls':[{'id':9058,'name':'universus','wfs':[{'id':3239695,'morph':{'Casus':'DATIVE','ComparisonDegree':'POSITIVE','DeclensionType':'SECOND_DECLENSION','Genus':'MASCULINE','Numerus':'PLURAL','Pos':'ADJ'},'name':'universis'}]}],'name':'universus@ADJ'}]">UNIVERSIS</w><c> </c><w lemma="[{'id':743491355,'ls':[{'id':743491356,'name':'Iudaeus','wfs':[{'id':743491359,'morph':{'Casus':'DATIVE','DeclensionType':'SECOND_DECLENSION','Genus':'MASCULINE','Numerus':'PLURAL','Pos':'NN'},'name':'Iudaeis'}]}],'name':'Iudaeus@NN'}]">IUDAEIS</w><c> </c><w lemma="[{'id':425307,'ls':[{'id':425308,'name':'Genua','wfs':[{'id':425319,'morph':{'Casus':'ABLATIVE','DeclensionType':'FIRST_DECLENSION','Genus':'FEMININE','Numerus':'SINGULAR','Pos':'NE'},'name':'Genua'}]}],'name':'Genua@NE'}]">GENUA</w><c> </c><w lemma="[{'id':4510528,'ls':[{'id':2587,'name':'constituo','wfs':[{'id':4510615,'morph':{'Casus':'DATIVE','ConjugationType':'THIRD_CONJUGATION','Genus':'MASCULINE','Mood':'PARTICIPLE','Numerus':'PLURAL','Pos':'V','Tense':'PERFECT','VerbType':'TRANSITIVE','Voice':'PASSIVE'},'name':'constitutis'}]}],'name':'constituo@V'}]">CONSTITUTIS</w><c> </c><lb n="28" xml:id="bsb00000824_00312_28"></lb><w lemma="[{'id':624521,'ls':[{'id':624522,'name':'Theodericus','wfs':[{'id':243244190,'morph':{'Casus':'NOMINATIVE','DeclensionType':'SECOND_DECLENSION','Genus':'MASCULINE','Numerus':'SINGULAR','Pos':'NP'},'name':'Theodericus'}]}],'name':'Theodericus@NP'}]">THEODERICUS</w><c> </c><w lemma="[{'id':1329481,'ls':[{'id':7965,'name':'rex','wfs':[{'id':1329499,'morph':{'Casus':'NOMINATIVE','DeclensionType':'THIRD_DECLENSION','Genus':'MASCULINE','Numerus':'SINGULAR','Pos':'NN'},'name':'rex'}]}],'name':'rex@NN'}]">REX</w><c>.</c></s></head><note><s><hi rend="ITALICS"><w lemma="[{'id':759853,'ls':[{'id':807,'name':'annus','wfs':[{'id':382849904,'morph':{'Casus':'ABLATIVE','DeclensionType':'SECOND_DECLENSION','Genus':'MASCULINE','Numerus':'SINGULAR','Pos':'NN'},'name':'a'}]}],'name':'annus@NN'}]">a</w><c>.</c><c> </c><w lemma="[{'id':241346594,'ls':[{'id':241346595,'name':'NUMERAL','wfs':[{'id':241346596,'morph':{'Pos':'NUM'},'name':'NUMERAL'}]}],'name':'NUMERAL@NUM'}]">507</w><c>/</c><w lemma="[{'id':241346594,'ls':[{'id':241346595,'name':'NUMERAL','wfs':[{'id':241346596,'morph':{'Pos':'NUM'},'name':'NUMERAL'}]}],'name':'NUMERAL@NUM'}]">511</w></hi></s></note><lb n="29" xml:id="bsb00000824_00312_29"></lb><p><s><w lemma="[{'id':932761,'ls':[{'id':2988,'name':'custodia','wfs':[{'id':241424069,'morph':{'Casus':'NOMINATIVE','DeclensionType':'FIRST_DECLENSION','Genus':'FEMININE','Numerus':'SINGULAR','Pos':'NN'},'name':'custodia'}]}],'name':'custodia@NN'}]">Custodia</w><c> </c><w lemma="[{'id':1137961,'ls':[{'id':5724,'name':'lex','wfs':[{'id':1137967,'morph':{'Casus':'GENITIVE','DeclensionType':'THIRD_DECLENSION','Genus':'FEMININE','Numerus':'PLURAL','Pos':'NN'},'name':'legum'}]}],'name':'lex@NN'}]">legum</w><c> </c><w lemma="[{'id':861820,'ls':[{'id':861834,'name':'civilitas','wfs':[{'id':861846,'morph':{'Casus':'GENITIVE','DeclensionType':'THIRD_DECLENSION','Genus':'FEMININE','Numerus':'SINGULAR','Pos':'NN'},'name':'civilitatis'}]}],'name':'civilitas@NN'}]">civilitatis</w><c> </c><w lemma="[{'id':7617143,'ls':[{'id':7617144,'name':'sum','wfs':[{'id':242825881,'morph':{'Mood':'INDICATIVE','Numerus':'SINGULAR','Person':'PERSON_3','Pos':'V','Tense':'PRESENT','VerbType':'VERBA_ANOMALA','Voice':'ACTIVE'},'name':'est'}]}],'name':'sum@V'}]">est</w><c> </c><w lemma="[{'id':1091998,'ls':[{'id':5139,'name':'indicium','wfs':[{'id':1092000,'morph':{'Casus':'NOMINATIVE','DeclensionType':'SECOND_DECLENSION','Genus':'NEUTER','Numerus':'SINGULAR','Pos':'NN'},'name':'indicium'}]}],'name':'indicium@NN'}]">indicium</w><c> </c><w lemma="[{'id':109828,'ls':[{'id':109829,'name':'et','wfs':[{'id':109830,'morph':{'Pos':'CON'},'name':'et'}]}],'name':'et@CON'}]">et</w><c> </c><w lemma="[{'id':1327724,'ls':[{'id':7961,'name':'reverentia','wfs':[{'id':1327756,'morph':{'Casus':'NOMINATIVE','DeclensionType':'FIRST_DECLENSION','Genus':'FEMININE','Numerus':'SINGULAR','Pos':'NN'},'name':'reverentia'}]}],'name':'reverentia@NN'}]">reverentia</w><c> </c><w lemma="[{'id':242469628,'ls':[{'id':242469629,'name':'prior','wfs':[{'id':480989859,'morph':{'Casus':'GENITIVE','ComparisonDegree':'COMPARATIVE','DeclensionType':'THIRD_DECLENSION','Genus':'MASCULINE','Numerus':'PLURAL','Pos':'ADJ'},'name':'priorum'}]}],'name':'prior@ADJ'}]">priorum</w><c> </c><w lemma="[{'id':1278659,'ls':[{'id':1278660,'name':'princeps','wfs':[{'id':1278666,'morph':{'Casus':'GENITIVE','DeclensionType':'THIRD_DECLENSION','Genus':'MASCULINE','Numerus':'PLURAL','Pos':'NN'},'name':'principum'}]}],'name':'princeps@NN'}]">principum</w><c> </c><w lemma="[{'id':244510439,'ls':[{'id':244510440,'name':'noster','wfs':[{'id':245551334,'morph':{'Casus':'GENITIVE','DeclensionType':'FIRST_DECLENSION','Genus':'FEMININE','Numerus':'SINGULAR','Pos':'PRO','PronounType':'POSSESSIVE'},'name':'nostrae'}]}],'name':'noster@PRO'}]">nostrae</w><c> </c><lb n="30" xml:id="bsb00000824_00312_30"></lb><w lemma="[{'id':226369,'ls':[{'id':7700,'name':'quoque','wfs':[{'id':226371,'morph':{'Pos':'ADV'},'name':'quoque'}]}],'name':'quoque@ADV'}]">quoque</w><c> </c><w lemma="[{'id':7792146,'ls':[{'id':8808,'name':'testor','wfs':[{'id':7792677,'morph':{'ConjugationType':'FIRST_CONJUGATION','Mood':'INDICATIVE','Numerus':'SINGULAR','Person':'PERSON_3','Pos':'V','Tense':'PRESENT','VerbType':'DEPONENT','Voice':'PASSIVE'},'name':'testatur'}]}],'name':'testor@V'}]">testatur</w><c> </c><w lemma="[{'id':960407,'ls':[{'id':3470,'name':'devotio','wfs':[{'id':960413,'morph':{'Casus':'GENITIVE','DeclensionType':'THIRD_DECLENSION','Genus':'FEMININE','Numerus':'SINGULAR','Pos':'NN'},'name':'devotionis'}]}],'name':'devotio@NN'}]">devotionis</w><c> </c><w lemma="[{'id':1013135,'ls':[{'id':4067,'name':'exemplum','wfs':[{'id':241433392,'morph':{'Casus':'ACCUSATIVE','DeclensionType':'SECOND_DECLENSION','Genus':'NEUTER','Numerus':'SINGULAR','Pos':'NN'},'name':'exemplum'}]}],'name':'exemplum@NN'}]">exemplum</w><c>.</c><c> </c></s><s><w lemma="[{'id':242816600,'ls':[{'id':242816601,'name':'quis','wfs':[{'id':244511379,'morph':{'Casus':'NOMINATIVE','Genus':'NEUTER','Numerus':'SINGULAR','Pos':'PRO','PronounType':'INDEFINITE'},'name':'quid'}]}],'name':'quis@PRO'}]">quid</w><c> </c><w lemma="[{'id':109821,'ls':[{'id':109822,'name':'enim','wfs':[{'id':109823,'morph':{'Pos':'CON'},'name':'enim'}]}],'name':'enim@CON'}]">enim</w><c> </c><w lemma="[{'id':1764149,'ls':[{'id':1394,'name':'bonus','wfs':[{'id':1764263,'morph':{'Casus':'NOMINATIVE','ComparisonDegree':'COMPARATIVE','DeclensionType':'THIRD_DECLENSION','Genus':'NEUTER','Numerus':'SINGULAR','Pos':'ADJ'},'name':'melius'}]}],'name':'bonus@ADJ'}]">melius</w><c> </c><w lemma="[{'id':109929,'ls':[{'id':109930,'name':'quam','wfs':[{'id':109931,'morph':{'Pos':'CON'},'name':'quam'}]}],'name':'quam@CON'}]">quam</w><c> </c><w lemma="[{'id':1258316,'ls':[{'id':1258317,'name':'plebes','wfs':[{'id':1258318,'morph':{'Casus':'ACCUSATIVE','DeclensionType':'THIRD_DECLENSION','Genus':'FEMININE','Numerus':'SINGULAR','Pos':'NN'},'name':'plebem'}]}],'name':'plebs@NN'}]">plebem</w><c> </c><w lemma="[{'id':109661,'ls':[{'id':109662,'name':'sub','wfs':[{'id':109663,'morph':{'Pos':'AP'},'name':'sub'}]}],'name':'sub@AP'}]">sub</w><c> </c><w lemma="[{'id':1267465,'ls':[{'id':7269,'name':'praeceptum','wfs':[{'id':1267475,'morph':{'Casus':'ABLATIVE','DeclensionType':'SECOND_DECLENSION','Genus':'NEUTER','Numerus':'SINGULAR','Pos':'NN'},'name':'praecepto'}]}],'name':'praeceptum@NN'}]">praecepto</w><c> </c><lb n="31" xml:id="bsb00000824_00312_31"></lb><w lemma="[{'id':4766123,'ls':[{'id':3146,'name':'dego','wfs':[{'id':383478,'morph':{'ConjugationType':'THIRD_CONJUGATION','Mood':'INFINITIVE','Pos':'V','Tense':'PRESENT','VerbType':'INTRANSITIVE','Voice':'ACTIVE'},'name':'degere'}]}],'name':'dego@V'}]">degere</w><c> </c><w lemma="[{'id':8038609,'ls':[{'id':9327,'name':'volo','wfs':[{'id':8038724,'morph':{'Mood':'INFINITIVE','Pos':'V','Tense':'PRESENT','VerbType':'VERBA_ANOMALA','Voice':'ACTIVE'},'name':'velle'}]}],'name':'volo@V'}]">velle</w><c> </c><w lemma="[{'id':1123571,'ls':[{'id':1123572,'name':'iustitia','wfs':[{'id':1123584,'morph':{'Casus':'GENITIVE','DeclensionType':'FIRST_DECLENSION','Genus':'FEMININE','Numerus':'SINGULAR','Pos':'NN'},'name':'iustitiae'}]}],'name':'iustitia@NN'}]">iustitiae</w><c>,</c><c> </c><w lemma="[{'id':110061,'ls':[{'id':110062,'name':'ut','wfs':[{'id':110063,'morph':{'Pos':'CON'},'name':'ut'}]}],'name':'ut@CON'}]">ut</w><c> </c><w lemma="[{'id':911636,'ls':[{'id':2710,'name':'conventus','wfs':[{'id':911641,'morph':{'Casus':'NOMINATIVE','DeclensionType':'FOURTH_DECLENSION','Genus':'MASCULINE','Numerus':'SINGULAR','Pos':'NN'},'name':'conventus'}]}],'name':'conventus@NN'}]">conventus</w><c> </c><w lemma="[{'id':1177762,'ls':[{'id':1177763,'name':'multum','wfs':[{'id':1177767,'morph':{'Casus':'GENITIVE','DeclensionType':'SECOND_DECLENSION','Genus':'NEUTER','Numerus':'PLURAL','Pos':'NN'},'name':'multorum'}]}],'name':'multum@NN'}]">multorum</w><c> </c><w lemma="[{'id':2196360,'ls':[{'id':2196361,'name':'disciplinabilis','wfs':[{'id':2196403,'morph':{'Casus':'GENITIVE','ComparisonDegree':'POSITIVE','DeclensionType':'THIRD_DECLENSION','Genus':'MASCULINE','Numerus':'PLURAL','Pos':'ADJ'},'name':'disciplinabilium'}]}],'name':'disciplinabilis@ADJ'}]">disciplinabilium</w><c> </c><w lemma="[{'id':7617143,'ls':[{'id':7617144,'name':'sum','wfs':[{'id':244519866,'morph':{'Mood':'SUBJUNCTIVE','Numerus':'SINGULAR','Person':'PERSON_3','Pos':'V','Tense':'PRESENT','VerbType':'VERBA_ANOMALA','Voice':'ACTIVE'},'name':'sit'}]}],'name':'sum@V'}]">sit</w><c> </c><w lemma="[{'id':722908,'ls':[{'id':444,'name':'adunatio','wfs':[{'id':722918,'morph':{'Casus':'NOMINATIVE','DeclensionType':'THIRD_DECLENSION','Genus':'FEMININE','Numerus':'SINGULAR','Pos':'NN'},'name':'adunatio'}]}],'name':'adunatio@NN'}]">adunatio</w><c> </c><w lemma="[{'id':1472625,'ls':[{'id':9334,'name':'voluntas','wfs':[{'id':1472645,'morph':{'Casus':'GENITIVE','DeclensionType':'THIRD_DECLENSION','Genus':'FEMININE','Numerus':'PLURAL','Pos':'NN'},'name':'voluntatum'}]}],'name':'voluntas@NN'}]">voluntatum</w><c>?</c><c> </c><lb n="32" xml:id="bsb00000824_00312_32"></lb></s><s><w lemma="[{'id':242815996,'ls':[{'id':242815997,'name':'hic','wfs':[{'id':244509722,'morph':{'Casus':'NOMINATIVE','Genus':'NEUTER','Numerus':'SINGULAR','Pos':'PRO','PronounType':'DEMONSTRATIVE'},'name':'hoc'}]}],'name':'hic@PRO'}]">hoc</w><c> </c><w lemma="[{'id':109821,'ls':[{'id':109822,'name':'enim','wfs':[{'id':109823,'morph':{'Pos':'CON'},'name':'enim'}]}],'name':'enim@CON'}]">enim</w><c> </c><w lemma="[{'id':1263271,'ls':[{'id':7205,'name':'populus','wfs':[{'id':243425431,'morph':{'Casus':'ACCUSATIVE','DeclensionType':'SECOND_DECLENSION','Genus':'MASCULINE','Numerus':'PLURAL','Pos':'NN'},'name':'populos'}]}],'name':'populus@NN'}]">populos</w><c> </c><w lemma="[{'id':109436,'ls':[{'id':109437,'name':'ab','wfs':[{'id':109438,'morph':{'Pos':'AP'},'name':'ab'}]}],'name':'ab@AP'}]">ab</w><c> </c><w lemma="[{'id':1582152,'ls':[{'id':1582153,'name':'agrestis','wfs':[{'id':1582216,'morph':{'Casus':'ABLATIVE','ComparisonDegree':'POSITIVE','DeclensionType':'THIRD_DECLENSION','Genus':'FEMININE','Numerus':'SINGULAR','Pos':'ADJ'},'name':'agresti'}]}],'name':'agrestis@ADJ'}]">agresti</w><c> </c><w lemma="[{'id':1468658,'ls':[{'id':9303,'name':'vita','wfs':[{'id':1468686,'morph':{'Casus':'ABLATIVE','DeclensionType':'FIRST_DECLENSION','Genus':'FEMININE','Numerus':'SINGULAR','Pos':'NN'},'name':'vita'}]}],'name':'vita@NN'}]">vita</w><c> </c><w lemma="[{'id':109577,'ls':[{'id':109578,'name':'in','wfs':[{'id':109579,'morph':{'Pos':'AP'},'name':'in'}]}],'name':'in@AP'}]">in</w><c> </c><w lemma="[{'id':2396607,'ls':[{'id':4890,'name':'humanus','wfs':[{'id':2396690,'morph':{'Casus':'GENITIVE','ComparisonDegree':'POSITIVE','DeclensionType':'FIRST_DECLENSION','Genus':'FEMININE','Numerus':'SINGULAR','Pos':'ADJ'},'name':'humanae'}]}],'name':'humanus@ADJ'}]">humanae</w><c> </c><w lemma="[{'id':911878,'ls':[{'id':2715,'name':'conversatio','wfs':[{'id':911884,'morph':{'Casus':'GENITIVE','DeclensionType':'THIRD_DECLENSION','Genus':'FEMININE','Numerus':'SINGULAR','Pos':'NN'},'name':'conversationis'}]}],'name':'conversatio@NN'}]">conversationis</w><c> </c><w lemma="[{'id':1315409,'ls':[{'id':7831,'name':'regula','wfs':[{'id':1315418,'morph':{'Casus':'ACCUSATIVE','DeclensionType':'FIRST_DECLENSION','Genus':'FEMININE','Numerus':'SINGULAR','Pos':'NN'},'name':'regulam'}]}],'name':'regula@NN'}]">regulam</w><c> </c><w lemma="[{'id':4455158,'ls':[{'id':2477,'name':'congrego','wfs':[{'id':4455515,'morph':{'ConjugationType':'FIRST_CONJUGATION','Mood':'INDICATIVE','Numerus':'SINGULAR','Person':'PERSON_3','Pos':'V','Tense':'PERFECT','VerbType':'TRANSITIVE','Voice':'ACTIVE'},'name':'congregavit'}]}],'name':'congrego@V'}]">congregavit</w><c>.</c><c> </c><lb n="33" xml:id="bsb00000824_00312_33"></lb></s><s><w lemma="[{'id':242815996,'ls':[{'id':242815997,'name':'hic','wfs':[{'id':244509712,'morph':{'Casus':'NOMINATIVE','Genus':'FEMININE','Numerus':'SINGULAR','Pos':'PRO','PronounType':'DEMONSTRATIVE'},'name':'haec'}]}],'name':'hic@PRO'}]">haec</w><c> </c><w lemma="[{'id':1307428,'ls':[{'id':7734,'name':'ratio','wfs':[{'id':241472634,'morph':{'Casus':'NOMINATIVE','DeclensionType':'THIRD_DECLENSION','Genus':'FEMININE','Numerus':'SINGULAR','Pos':'NN'},'name':'ratio'}]}],'name':'ratio@NN'}]">ratio</w><c> </c><w lemma="[{'id':109433,'ls':[{'id':109434,'name':'a','wfs':[{'id':109435,'morph':{'Pos':'AP'},'name':'a'}]}],'name':'a@AP'}]">a</w><c> </c><w lemma="[{'id':1031203,'ls':[{'id':4323,'name':'feritas','wfs':[{'id':243346970,'morph':{'Casus':'ABLATIVE','DeclensionType':'THIRD_DECLENSION','Genus':'FEMININE','Numerus':'SINGULAR','Pos':'NN'},'name':'feritate'}]}],'name':'feritas@NN'}]">feritate</w><c> </c><w lemma="[{'id':5102942,'ls':[{'id':3664,'name':'divido','wfs':[{'id':5103801,'morph':{'ConjugationType':'THIRD_CONJUGATION','Mood':'INDICATIVE','Numerus':'SINGULAR','Person':'PERSON_3','Pos':'V','Tense':'PRESENT','VerbType':'TRANSITIVE','Voice':'ACTIVE'},'name':'divisit'}]}],'name':'divido@V'}]">divisit</w><c>,</c><c> </c><w lemma="[{'id':109868,'ls':[{'id':109869,'name':'ne','wfs':[{'id':109870,'morph':{'Pos':'CON'},'name':'ne'}]}],'name':'ne@CON'}]">ne</w><c> </c><w lemma="[{'id':775407,'ls':[{'id':963,'name':'arbitrium','wfs':[{'id':243257260,'morph':{'Casus':'ABLATIVE','DeclensionType':'SECOND_DECLENSION','Genus':'NEUTER','Numerus':'SINGULAR','Pos':'NN'},'name':'arbitrio'}]}],'name':'arbitrium@NN'}]">arbitrio</w><c> </c><w lemma="[{'id':1816654,'ls':[{'id':1816655,'name':'casualis','wfs':[{'id':1816745,'morph':{'Casus':'ABLATIVE','ComparisonDegree':'POSITIVE','DeclensionType':'THIRD_DECLENSION','Genus':'NEUTER','Numerus':'SINGULAR','Pos':'ADJ'},'name':'casuali'}]}],'name':'casualis@ADJ'}]">casuali</w><c> </c><w lemma="[{'id':7937878,'ls':[{'id':7938279,'name':'vago','wfs':[{'id':7938541,'morph':{'ConjugationType':'FIRST_CONJUGATION','Mood':'SUBJUNCTIVE','Numerus':'PLURAL','Person':'PERSON_3','Pos':'V','Tense':'IMPERFECT','VerbType':'TRANSITIVE','Voice':'PASSIVE'},'name':'vagarentur'}]}],'name':'vago@V'}]">vagarentur</w><c>,</c><c> </c><w lemma="[{'id':242816363,'ls':[{'id':242816364,'name':'qui','wfs':[{'id':242816417,'morph':{'Casus':'ACCUSATIVE','Genus':'MASCULINE','Numerus':'PLURAL','Pos':'PRO','PronounType':'RELATIVE'},'name':'quos'}]}],'name':'qui@PRO'}]">quos</w><c> </c><w lemma="[{'id':7119425,'ls':[{'id':7820,'name':'rego','wfs':[{'id':7119507,'morph':{'ConjugationType':'THIRD_CONJUGATION','Mood':'INFINITIVE','Pos':'V','Tense':'PRESENT','VerbType':'TRANSITIVE','Voice':'PASSIVE'},'name':'regi'}]}],'name':'rego@V'}]">regi</w><c> </c><w lemma="[{'id':902655,'ls':[{'id':2542,'name':'consilium','wfs':[{'id':243300870,'morph':{'Casus':'ABLATIVE','DeclensionType':'SECOND_DECLENSION','Genus':'NEUTER','Numerus':'SINGULAR','Pos':'NN'},'name':'consilio'}]}],'name':'consilium@NN'}]">consilio</w><c> </c><w lemma="[{'id':2213722,'ls':[{'id':3666,'name':'divinus','wfs':[{'id':2213937,'morph':{'Casus':'ABLATIVE','ComparisonDegree':'POSITIVE','DeclensionType':'FIRST_DECLENSION','Genus':'FEMININE','Numerus':'SINGULAR','Pos':'ADJ'},'name':'divina'}]}],'name':'divinus@ADJ'}]">divina</w><c> </c><lb n="34" xml:id="bsb00000824_00312_34"></lb><w lemma="[{'id':8038609,'ls':[{'id':9327,'name':'volo','wfs':[{'id':8038818,'morph':{'Mood':'INDICATIVE','Numerus':'PLURAL','Person':'PERSON_3','Pos':'V','Tense':'PERFECT','VerbType':'VERBA_ANOMALA','Voice':'ACTIVE'},'name':'voluerunt'}]}],'name':'volo@V'}]">voluerunt</w><c>.</c><c> </c></s><s><w lemma="[{'id':6465479,'ls':[{'id':6465480,'name':'obfero','wfs':[{'id':484431,'morph':{'Casus':'ABLATIVE','Genus':'FEMININE','Mood':'PARTICIPLE','Numerus':'SINGULAR','Pos':'V','Tense':'PERFECT','VerbType':'VERBA_ANOMALA','Voice':'PASSIVE'},'name':'oblata'}]}],'name':'offero@V'}]">Oblata</w><c> </c><w lemma="[{'id':196539,'ls':[{'id':5546,'name':'itaque','wfs':[{'id':196541,'morph':{'Pos':'ADV'},'name':'itaque'}]}],'name':'itaque@ADV'}]">itaque</w><c> </c><w lemma="[{'id':1402512,'ls':[{'id':8674,'name':'supplicatio','wfs':[{'id':243477260,'morph':{'Casus':'ABLATIVE','DeclensionType':'THIRD_DECLENSION','Genus':'FEMININE','Numerus':'SINGULAR','Pos':'NN'},'name':'supplicatione'}]}],'name':'supplicatio@NN'}]">supplicatione</w><c> </c><w lemma="[{'id':4855585,'ls':[{'id':3304,'name':'deposco','wfs':[{'id':4855682,'morph':{'ConjugationType':'THIRD_CONJUGATION','Mood':'INDICATIVE','Numerus':'PLURAL','Person':'PERSON_2','Pos':'V','Tense':'PRESENT','VerbType':'TRANSITIVE','Voice':'ACTIVE'},'name':'deposcitis'}]}],'name':'deposco@V'}]">deposcitis</w><c> </c><w lemma="[{'id':1279258,'ls':[{'id':1279261,'name':'privilegium','wfs':[{'id':243431833,'morph':{'Casus':'NOMINATIVE','DeclensionType':'SECOND_DECLENSION','Genus':'NEUTER','Numerus':'PLURAL','Pos':'NN'},'name':'privilegia'}]}],'name':'privilegium@NN'}]">privilegia</w><c> </c><w lemma="[{'id':242816974,'ls':[{'id':242816975,'name':'vos','wfs':[{'id':242816977,'morph':{'Casus':'DATIVE','Numerus':'PLURAL','Pos':'PRO','PronounType':'PERSONAL'},'name':'vobis'}]}],'name':'vos@PRO'}]">vobis</w><c> </c><w lemma="[{'id':4694501,'ls':[{'id':3027,'name':'debeo','wfs':[{'id':1132702,'morph':{'ConjugationType':'SECOND_CONJUGATION','Mood':'INFINITIVE','Pos':'V','Tense':'PRESENT','VerbType':'TRANSITIVE','Voice':'ACTIVE'},'name':'debere'}]}],'name':'debeo@V'}]">debere</w><c> </c><w lemma="[{'id':7367147,'ls':[{'id':8287,'name':'servo','wfs':[{'id':7367629,'morph':{'ConjugationType':'FIRST_CONJUGATION','Mood':'INFINITIVE','Pos':'V','Tense':'PRESENT','VerbType':'TRANSITIVE','Voice':'PASSIVE'},'name':'servari'}]}],'name':'servo@V'}]">servari</w><c>,</c><c> </c><w lemma="[{'id':242816363,'ls':[{'id':242816364,'name':'qui','wfs':[{'id':242816385,'morph':{'Casus':'ACCUSATIVE','Genus':'NEUTER','Numerus':'PLURAL','Pos':'PRO','PronounType':'RELATIVE'},'name':'quae'}]}],'name':'qui@PRO'}]">quae</w><c> </c><lb n="35" xml:id="bsb00000824_00312_35"></lb><w lemma="[{'id':1484672,'ls':[{'id':1484673,'name':'Iudaicus','wfs':[{'id':243574979,'morph':{'Casus':'DATIVE','ComparisonDegree':'POSITIVE','DeclensionType':'SECOND_DECLENSION','Genus':'MASCULINE','Numerus':'PLURAL','Pos':'ADJ'},'name':'iudaicis'}]}],'name':'Iudaicus@ADJ'}]">Iudaicis</w><c> </c><w lemma="[{'id':1103706,'ls':[{'id':5354,'name':'institutum','wfs':[{'id':1103708,'morph':{'Casus':'ABLATIVE','DeclensionType':'SECOND_DECLENSION','Genus':'NEUTER','Numerus':'PLURAL','Pos':'NN'},'name':'institutis'}]}],'name':'institutum@NN'}]">institutis</w><c> </c><w lemma="[{'id':1137961,'ls':[{'id':5724,'name':'lex','wfs':[{'id':1137967,'morph':{'Casus':'GENITIVE','DeclensionType':'THIRD_DECLENSION','Genus':'FEMININE','Numerus':'PLURAL','Pos':'NN'},'name':'legum'}]}],'name':'lex@NN'}]">legum</w><c> </c><w lemma="[{'id':2910462,'ls':[{'id':7577,'name':'providus','wfs':[{'id':2910651,'morph':{'Casus':'NOMINATIVE','ComparisonDegree':'POSITIVE','DeclensionType':'FIRST_DECLENSION','Genus':'FEMININE','Numerus':'SINGULAR','Pos':'ADJ'},'name':'provida'}]}],'name':'providus@ADJ'}]">provida</w><c> </c><w lemma="[{'id':4707704,'ls':[{'id':3046,'name':'decerno','wfs':[{'id':4708067,'morph':{'ConjugationType':'THIRD_CONJUGATION','Mood':'INDICATIVE','Numerus':'SINGULAR','Person':'PERSON_3','Pos':'V','Tense':'PERFECT','VerbType':'TRANSITIVE','Voice':'ACTIVE'},'name':'decrevit'}]}],'name':'decerno@V'}]">decrevit</w><c> </c><w lemma="[{'id':764060,'ls':[{'id':847,'name':'antiquitas','wfs':[{'id':764079,'morph':{'Casus':'NOMINATIVE','DeclensionType':'THIRD_DECLENSION','Genus':'FEMININE','Numerus':'SINGULAR','Pos':'NN'},'name':'antiquitas'}]}],'name':'antiquitas@NN'}]">antiquitas</w><c>:</c><c> </c><w lemma="[{'id':242816363,'ls':[{'id':242816364,'name':'qui','wfs':[{'id':245004334,'morph':{'Casus':'ACCUSATIVE','Genus':'NEUTER','Numerus':'SINGULAR','Pos':'PRO','PronounType':'RELATIVE'},'name':'quod'}]}],'name':'qui@PRO'}]">quod</w><c> </c><w lemma="[{'id':242816286,'ls':[{'id':242816287,'name':'nos','wfs':[{'id':645374322,'morph':{'Casus':'NOMINATIVE','Genus':'MASCULINE','Numerus':'PLURAL','Pos':'PRO','PronounType':'PERSONAL'},'name':'nos'}]}],'name':'nos@PRO'}]">nos</w><c> </c><w lemma="[{'id':199017,'ls':[{'id':5733,'name':'libenter','wfs':[{'id':199020,'morph':{'ComparisonDegree':'POSITIVE','Pos':'ADV'},'name':'libenter'}]}],'name':'libenter@ADV'}]">libenter</w><c> </c><w lemma="[{'id':3648270,'ls':[{'id':3648853,'name':'annuo','wfs':[{'id':3648965,'morph':{'ConjugationType':'THIRD_CONJUGATION','Mood':'INDICATIVE','Numerus':'PLURAL','Person':'PERSON_1','Pos':'V','Tense':'PRESENT','VerbType':'TRANSITIVE','Voice':'ACTIVE'},'name':'annuimus'}]}],'name':'annuo@V'}]">annuimus</w><c>,</c><c> </c><w lemma="[{'id':242816363,'ls':[{'id':242816364,'name':'qui','wfs':[{'id':296826592,'morph':{'Casus':'NOMINATIVE','Genus':'MASCULINE','Numerus':'PLURAL','Pos':'PRO','PronounType':'RELATIVE'},'name':'qui'}]}],'name':'qui@PRO'}]">qui</w><c> </c><pb n="129" xml:id="bsb00000824_00313"></pb><lb n="1" xml:id="bsb00000824_00313_1"></lb><w lemma="[{'id':1122928,'ls':[{'id':1122941,'name':'ius','wfs':[{'id':1122942,'morph':{'Casus':'ACCUSATIVE','DeclensionType':'THIRD_DECLENSION','Genus':'NEUTER','Numerus':'PLURAL','Pos':'NN'},'name':'iura'}]}],'name':'ius@NN'}]">iura</w><c> </c><w lemma="[{'id':1460460,'ls':[{'id':1460474,'name':'vetus','wfs':[{'id':1460480,'morph':{'Casus':'GENITIVE','DeclensionType':'THIRD_DECLENSION','Genus':'MASCULINE','Numerus':'PLURAL','Pos':'NN'},'name':'veterum'}]}],'name':'vetus@NN'}]">veterum</w><c> </c><w lemma="[{'id':109453,'ls':[{'id':109454,'name':'ad','wfs':[{'id':109455,'morph':{'Pos':'AP'},'name':'ad'}]}],'name':'ad@AP'}]">ad</w><c> </c><w lemma="[{'id':244510439,'ls':[{'id':244510440,'name':'noster','wfs':[{'id':244510441,'morph':{'Casus':'ACCUSATIVE','DeclensionType':'FIRST_DECLENSION','Genus':'FEMININE','Numerus':'SINGULAR','Pos':'PRO','PronounType':'POSSESSIVE'},'name':'nostram'}]}],'name':'noster@PRO'}]">nostram</w><c> </c><w lemma="[{'id':4669725,'ls':[{'id':2957,'name':'cupio','wfs':[{'id':4669847,'morph':{'ConjugationType':'THIRD_CONJUGATION','Mood':'INDICATIVE','Numerus':'PLURAL','Person':'PERSON_1','Pos':'V','Tense':'PRESENT','VerbType':'TRANSITIVE','Voice':'ACTIVE'},'name':'cupimus'}]}],'name':'cupio@V'}]">cupimus</w><c> </c><w lemma="[{'id':1327724,'ls':[{'id':7961,'name':'reverentia','wfs':[{'id':1327751,'morph':{'Casus':'ACCUSATIVE','DeclensionType':'FIRST_DECLENSION','Genus':'FEMININE','Numerus':'SINGULAR','Pos':'NN'},'name':'reverentiam'}]}],'name':'reverentia@NN'}]">reverentiam</w><c> </c><w lemma="[{'id':4681710,'ls':[{'id':2987,'name':'custodio','wfs':[{'id':4681792,'morph':{'ConjugationType':'FOURTH_CONJUGATION','Mood':'INFINITIVE','Pos':'V','Tense':'PRESENT','VerbType':'TRANSITIVE','Voice':'PASSIVE'},'name':'custodiri'}]}],'name':'custodio@V'}]">custodiri</w><c>.</c><c> </c></s><s><w lemma="[{'id':109772,'ls':[{'id':109773,'name':'atque','wfs':[{'id':109774,'morph':{'Pos':'CON'},'name':'atque'}]}],'name':'atque@CON'}]">atque</w><c> </c><w lemma="[{'id':183546,'ls':[{'id':183547,'name':'ideo','wfs':[{'id':183548,'morph':{'ComparisonDegree':'POSITIVE','Pos':'ADV'},'name':'ideo'}]}],'name':'ideo@ADV'}]">ideo</w><c> </c><w lemma="[{'id':2874459,'ls':[{'id':242457998,'name':'praesens','wfs':[{'id':244213372,'morph':{'Casus':'ABLATIVE','ComparisonDegree':'POSITIVE','DeclensionType':'THIRD_DECLENSION','Genus':'FEMININE','Numerus':'SINGULAR','Pos':'ADJ'},'name':'praesenti'}]}],'name':'praesens@ADJ'}]">praesenti</w><c> </c><lb n="2" xml:id="bsb00000824_00313_2"></lb><w lemma="[{'id':796872,'ls':[{'id':1184,'name':'auctoritas','wfs':[{'id':243116312,'morph':{'Casus':'ABLATIVE','DeclensionType':'THIRD_DECLENSION','Genus':'FEMININE','Numerus':'SINGULAR','Pos':'NN'},'name':'auctoritate'}]}],'name':'auctoritas@NN'}]">auctoritate</w><c> </c><w lemma="[{'id':3989099,'ls':[{'id':1747,'name':'censeo','wfs':[{'id':3989265,'morph':{'ConjugationType':'SECOND_CONJUGATION','Mood':'INDICATIVE','Numerus':'PLURAL','Person':'PERSON_1','Pos':'V','Tense':'PRESENT','VerbType':'TRANSITIVE','Voice':'ACTIVE'},'name':'censemus'}]}],'name':'censeo@V'}]">censemus</w><c>,</c><c> </c><w lemma="[{'id':110061,'ls':[{'id':110062,'name':'ut','wfs':[{'id':110063,'morph':{'Pos':'CON'},'name':'ut'}]}],'name':'ut@CON'}]">ut</w><c> </c><w lemma="[{'id':242816449,'ls':[{'id':242816450,'name':'quicumque','wfs':[{'id':244511101,'morph':{'Casus':'NOMINATIVE','Genus':'NEUTER','Numerus':'SINGULAR','Pos':'PRO','PronounType':'INDEFINITE'},'name':'quaecumque'}]}],'name':'quicumque@PRO'}]">quaecumque</w><c> </c><w lemma="[{'id':1137961,'ls':[{'id':5724,'name':'lex','wfs':[{'id':1137967,'morph':{'Casus':'GENITIVE','DeclensionType':'THIRD_DECLENSION','Genus':'FEMININE','Numerus':'PLURAL','Pos':'NN'},'name':'legum'}]}],'name':'lex@NN'}]">legum</w><c> </c><w lemma="[{'id':1374152,'ls':[{'id':1374153,'name':'statutum','wfs':[{'id':1374159,'morph':{'Casus':'NOMINATIVE','DeclensionType':'SECOND_DECLENSION','Genus':'NEUTER','Numerus':'PLURAL','Pos':'NN'},'name':'statuta'}]}],'name':'statutum@NN'}]">statuta</w><c> </c><w lemma="[{'id':6273105,'ls':[{'id':6234,'name':'moveo','wfs':[{'id':6273784,'morph':{'ConjugationType':'SECOND_CONJUGATION','Mood':'INDICATIVE','Numerus':'PLURAL','Person':'PERSON_3','Pos':'V','Tense':'PERFECT','VerbType':'TRANSITIVE','Voice':'ACTIVE'},'name':'moverunt'}]}],'name':'moveo@V'}]">moverunt</w><c>,</c><c> </c><w lemma="[{'id':109509,'ls':[{'id':109510,'name':'circa','wfs':[{'id':109511,'morph':{'Pos':'AP'},'name':'circa'}]}],'name':'circa@AP'}]">circa</w><c> </c><w lemma="[{'id':242816974,'ls':[{'id':242816975,'name':'vos','wfs':[{'id':315046,'morph':{'Casus':'ACCUSATIVE','Numerus':'PLURAL','Pos':'PRO','PronounType':'PERSONAL'},'name':'vos'}]}],'name':'vos@PRO'}]">vos</w><c> </c><w lemma="[{'id':2409501,'ls':[{'id':2409502,'name':'illibatus','wfs':[{'id':2409559,'morph':{'Casus':'NOMINATIVE','ComparisonDegree':'POSITIVE','DeclensionType':'SECOND_DECLENSION','Genus':'NEUTER','Numerus':'PLURAL','Pos':'ADJ'},'name':'illibata'}]}],'name':'illibatus@ADJ'}]">illibata</w><c> </c><w lemma="[{'id':7367147,'ls':[{'id':8287,'name':'servo','wfs':[{'id':7367823,'morph':{'ConjugationType':'FIRST_CONJUGATION','Mood':'SUBJUNCTIVE','Numerus':'PLURAL','Person':'PERSON_3','Pos':'V','Tense':'PRESENT','VerbType':'TRANSITIVE','Voice':'PASSIVE'},'name':'serventur'}]}],'name':'servo@V'}]">serventur</w><c>,</c><c> </c><lb n="3" xml:id="bsb00000824_00313_3"></lb><w lemma="[{'id':225825,'ls':[{'id':225826,'name':'quatenus','wfs':[{'id':225827,'morph':{'ComparisonDegree':'POSITIVE','Pos':'ADV'},'name':'quatenus'}]}],'name':'quatenus@ADV'}]">quatenus</w><c> </c><w lemma="[{'id':242816363,'ls':[{'id':242816364,'name':'qui','wfs':[{'id':296826590,'morph':{'Casus':'NOMINATIVE','Genus':'NEUTER','Numerus':'SINGULAR','Pos':'PRO','PronounType':'RELATIVE'},'name':'quod'}]}],'name':'qui@PRO'}]">quod</w><c> </c><w lemma="[{'id':109453,'ls':[{'id':109454,'name':'ad','wfs':[{'id':109455,'morph':{'Pos':'AP'},'name':'ad'}]}],'name':'ad@AP'}]">ad</w><c> </c><w lemma="[{'id':861820,'ls':[{'id':861834,'name':'civilitas','wfs':[{'id':861846,'morph':{'Casus':'GENITIVE','DeclensionType':'THIRD_DECLENSION','Genus':'FEMININE','Numerus':'SINGULAR','Pos':'NN'},'name':'civilitatis'}]}],'name':'civilitas@NN'}]">civilitatis</w><c> </c><w lemma="[{'id':1443466,'ls':[{'id':9069,'name':'usus','wfs':[{'id':243491427,'morph':{'Casus':'ACCUSATIVE','DeclensionType':'FOURTH_DECLENSION','Genus':'MASCULINE','Numerus':'SINGULAR','Pos':'NN'},'name':'usum'}]}],'name':'usus@NN'}]">usum</w><c> </c><w lemma="[{'id':4511478,'ls':[{'id':2579,'name':'consto','wfs':[{'id':353214,'morph':{'ConjugationType':'FIRST_CONJUGATION','Mood':'INDICATIVE','Numerus':'SINGULAR','Person':'PERSON_3','Pos':'V','Tense':'PRESENT','VerbType':'INTRANSITIVE','Voice':'ACTIVE'},'name':'constat'}]}],'name':'consto@V'}]">constat</w><c> </c><w lemma="[{'id':7617143,'ls':[{'id':7617144,'name':'sum','wfs':[{'id':7617145,'morph':{'Mood':'INFINITIVE','Pos':'V','Tense':'PRESENT','VerbType':'VERBA_ANOMALA','Voice':'ACTIVE'},'name':'esse'}]}],'name':'sum@V'}]">esse</w><c> </c><w lemma="[{'id':7166317,'ls':[{'id':7878,'name':'reperio','wfs':[{'id':7166387,'morph':{'Casus':'ACCUSATIVE','ConjugationType':'FOURTH_CONJUGATION','Genus':'NEUTER','Mood':'PARTICIPLE','Numerus':'SINGULAR','Pos':'V','Tense':'PERFECT','VerbType':'TRANSITIVE','Voice':'PASSIVE'},'name':'repertum'}]}],'name':'reperio@V'}]">repertum</w><c>,</c><c> </c><w lemma="[{'id':2813212,'ls':[{'id':242407307,'name':'perpes','wfs':[{'id':242407378,'morph':{'Casus':'ABLATIVE','ComparisonDegree':'POSITIVE','DeclensionType':'THIRD_DECLENSION','Genus':'FEMININE','Numerus':'SINGULAR','Pos':'ADJ'},'name':'perpeti'}]}],'name':'perpetuus@ADJ'}]">perpeti</w><c> </c><w lemma="[{'id':960407,'ls':[{'id':3470,'name':'devotio','wfs':[{'id':243116393,'morph':{'Casus':'ABLATIVE','DeclensionType':'THIRD_DECLENSION','Genus':'FEMININE','Numerus':'SINGULAR','Pos':'NN'},'name':'devotione'}]}],'name':'devotio@NN'}]">devotione</w><c> </c><w lemma="[{'id':7783838,'ls':[{'id':8779,'name':'teneo','wfs':[{'id':7784192,'morph':{'ConjugationType':'SECOND_CONJUGATION','Mood':'SUBJUNCTIVE','Numerus':'SINGULAR','Person':'PERSON_3','Pos':'V','Tense':'PRESENT','VerbType':'TRANSITIVE','Voice':'PASSIVE'},'name':'teneatur'}]}],'name':'teneo@V'}]">teneatur</w><c>.</c></s></p></div></body></text></TEI>