<?xml version="1.0" ?><TEI xmlns="http://www.tei-c.org/ns/1.0"><teiHeader><fileDesc><titleStmt><title>MGH Auct. ant. 12: Cassiodori Senatoris Variae</title><editor>Mommsen, Theodor</editor></titleStmt><publicationStmt><publisher>Monumenta Germaniae Historica (MGH)</publisher><publisher>Bavarian State Library (BSB), München</publisher><idno type="BSB">bsb00000824</idno><idno type="MGH"><idno type="Annotation_created_by">sysop</idno><idno type="Annotation_created_on">Wed Oct 18 18:53:38 CEST 2017</idno><idno type="Annotation_last_changed_by">geelhaar</idno><idno type="Annotation_last_changed_on">Thu Aug 20 10:43:40 CEST 2020</idno><idno type="Author_(German)">Cassiodor (Flavius Magnus Aurelius Cassiodorus Senator)</idno><idno type="Author_(Latin)">Cassiodorus Vivariensis</idno><idno type="BSB">bsb00000824</idno><idno type="Bibliographical_Link">http://stabikat.de/DB=1/XMLPRS=N/PPN?PPN=235118842</idno><idno type="C_Stat">06</idno><idno type="C1">06</idno><idno type="C2">05</idno><idno type="Column">129</idno><idno type="Commentary">dated according to the edition (TG)</idno><idno type="Concordance_View">true</idno><idno type="Digital_Edition_Statement">Text retrieved from the critical edition and prepared by the BMBF funded project "Humanist Computer Interaction under Scrutiny"(https://humanist.hs-mainz.de/en/). The Latin Text Archive (LTA) version has been created at Goethe University Frankfurt by the CompHistSem-Work Group (hudesktop.hucompute.org).</idno><idno type="Edition">MGH Auctores antiquissimi 12</idno><idno type="LTA_Export">true</idno><idno type="Licence_Info">CC BY 4.0</idno><idno type="Multiple_Lemmata_under_a_unique_Super_lemma">0.00%</idno><idno type="Multiple_Super_lemmata">0.00%</idno><idno type="Multiple_Wordforms_under_a_unique_Lemma">0.00%</idno><idno type="Multiple_Wordforms._Tagger_based_result._Multiple_Lemmata_possible">0.00%</idno><idno type="Multiple_Wordforms._Tagger_based_result._Multiple_Super_Lemmata_possible">0.00%</idno><idno type="Not_yet_linked_or_unknown_Wordform">0.00%</idno><idno type="Page">129-130</idno><idno type="Provided_by">Monumenta Germaniae Historica</idno><idno type="RepFontMA">not available</idno><idno type="Status">a</idno><idno type="Text_Type">Letter</idno><idno type="Text_Type_Class">Letters</idno><idno type="Time">507/511</idno><idno type="Title">Variae 04.35 - Actoribus Albini viri illustris Theodericus rex</idno><idno type="Type_of_Corpus">Corpus of Letters</idno><idno type="URL">http://www.mgh.de/dmgh/resolving/MGH_Auct._ant._12_S._129</idno><idno type="Unique_Wordform">100,00%</idno><idno type="Unique_Wordform._Tagger_based_result._Multiple_Lemmata_possible">0.00%</idno><idno type="Unique_Wordform._Tagger_based_result._Multiple_Super_lemmata_possible">0.00%</idno><idno type="VIAF_(Expression)">182693798</idno><idno type="VIAF_(Expression)_Link">http://viaf.org/viaf/182693798</idno><idno type="VIAF_(Person)">95230707</idno><idno type="VIAF_(Person)_Link">http://viaf.org/viaf/95230707</idno><idno type="Volume">Auct. ant. 12</idno><idno type="Year_of_Publication_(interpreted)">0511</idno>MGH Auct. ant. 12</idno><availability><licence target="http://creativecommons.org/licenses/by/4.0/"><p>Distributed under the Creative Commons Attribution 4.0 International (CC BY 4.0) license.</p><p>This license covers the annotations added by the Monumenta Germaniae Historica and the
            Bavarian State Library, Munich, in the course of project "digital MGH"
            <ref target="http://www.dmgh.de">http://www.dmgh.de</ref>, funded by the
            German Research Foundation (DFG).</p><p>We do not claim any rights on the text itself which is believed to be in the public domain.</p><p>If you distribute a copy or a derivative version of this file, please indicate the source
            of the file by mentioning the Monumenta Germaniae Historica (MGH) and the
            Bavarian State Library, Munich (BSB).</p></licence></availability><date when="2016-11-28T16:32:43+01:00">2016-11-28, 16:32:43</date></publicationStmt><sourceDesc><biblFull><titleStmt><title>Cassiodori Senatoris Variae</title><editor>Mommsen, Theodor</editor></titleStmt><publicationStmt><publisher>Weidmann</publisher><pubPlace>Berlin</pubPlace><date>1894</date></publicationStmt><seriesStmt><title>Auctores antiquissimi</title><biblScope unit="volume">12</biblScope></seriesStmt></biblFull></sourceDesc></fileDesc></teiHeader><text><body><div><lb n="23" xml:id="bsb00000824_00313_23"></lb><head n="3"><s><w lemma="[{'id':241346594,'ls':[{'id':241346595,'name':'NUMERAL','wfs':[{'id':498534629,'morph':{'Pos':'NUM'},'name':'xxxv'}]}],'name':'NUMERAL@NUM'}]">XXXV</w><c>.</c><c> </c><lb n="24" xml:id="bsb00000824_00313_24"></lb><w lemma="[{'id':709640,'ls':[{'id':177,'name':'actor','wfs':[{'id':709644,'morph':{'Casus':'DATIVE','DeclensionType':'THIRD_DECLENSION','Genus':'MASCULINE','Numerus':'PLURAL','Pos':'NN'},'name':'actoribus'}]}],'name':'actor@NN'}]">ACTORIBUS</w><c> </c><w lemma="[{'id':282287,'ls':[{'id':282288,'name':'Albinus','wfs':[{'id':574467,'morph':{'Casus':'GENITIVE','DeclensionType':'SECOND_DECLENSION','Genus':'MASCULINE','Numerus':'SINGULAR','Pos':'NP'},'name':'Albini'}]}],'name':'Albinus@NP'}]">ALBINI</w><c> </c><w lemma="[{'id':1466541,'ls':[{'id':9281,'name':'vir','wfs':[{'id':779458787,'morph':{'Casus':'DATIVE','DeclensionType':'SECOND_DECLENSION','Genus':'MASCULINE','Numerus':'SINGULAR','Pos':'NN'},'name':'v'}]}],'name':'vir@NN'}]">V</w><c>.</c><w lemma="[{'id':2413908,'ls':[{'id':4928,'name':'illustris','wfs':[{'id':779459471,'morph':{'Casus':'DATIVE','ComparisonDegree':'POSITIVE','DeclensionType':'THIRD_DECLENSION','Genus':'MASCULINE','Numerus':'SINGULAR','Pos':'ADJ'},'name':'I'}]}],'name':'illustris@ADJ'}]">I</w><c>.</c><c> </c><w lemma="[{'id':624521,'ls':[{'id':624522,'name':'Theodericus','wfs':[{'id':243244190,'morph':{'Casus':'NOMINATIVE','DeclensionType':'SECOND_DECLENSION','Genus':'MASCULINE','Numerus':'SINGULAR','Pos':'NP'},'name':'Theodericus'}]}],'name':'Theodericus@NP'}]">THEODERICUS</w><c> </c><w lemma="[{'id':1329481,'ls':[{'id':7965,'name':'rex','wfs':[{'id':1329499,'morph':{'Casus':'NOMINATIVE','DeclensionType':'THIRD_DECLENSION','Genus':'MASCULINE','Numerus':'SINGULAR','Pos':'NN'},'name':'rex'}]}],'name':'rex@NN'}]">REX</w><c>.</c></s></head><note><s><hi rend="ITALICS"><w lemma="[{'id':759853,'ls':[{'id':807,'name':'annus','wfs':[{'id':382849904,'morph':{'Casus':'ABLATIVE','DeclensionType':'SECOND_DECLENSION','Genus':'MASCULINE','Numerus':'SINGULAR','Pos':'NN'},'name':'a'}]}],'name':'annus@NN'}]">a</w><c>.</c><c> </c><w lemma="[{'id':241346594,'ls':[{'id':241346595,'name':'NUMERAL','wfs':[{'id':241346596,'morph':{'Pos':'NUM'},'name':'NUMERAL'}]}],'name':'NUMERAL@NUM'}]">507</w><c>/</c><w lemma="[{'id':241346594,'ls':[{'id':241346595,'name':'NUMERAL','wfs':[{'id':241346596,'morph':{'Pos':'NUM'},'name':'NUMERAL'}]}],'name':'NUMERAL@NUM'}]">511</w></hi></s></note><lb n="25" xml:id="bsb00000824_00313_25"></lb><p><s><w lemma="[{'id':905656,'ls':[{'id':2608,'name':'consultum','wfs':[{'id':905683,'morph':{'Casus':'ABLATIVE','DeclensionType':'SECOND_DECLENSION','Genus':'NEUTER','Numerus':'SINGULAR','Pos':'NN'},'name':'consulto'}]}],'name':'consultum@NN'}]">Consulto</w><c> </c><w lemma="[{'id':2910462,'ls':[{'id':7577,'name':'providus','wfs':[{'id':2910651,'morph':{'Casus':'NOMINATIVE','ComparisonDegree':'POSITIVE','DeclensionType':'FIRST_DECLENSION','Genus':'FEMININE','Numerus':'SINGULAR','Pos':'ADJ'},'name':'provida'}]}],'name':'providus@ADJ'}]">provida</w><c> </c><w lemma="[{'id':4707704,'ls':[{'id':3046,'name':'decerno','wfs':[{'id':4708067,'morph':{'ConjugationType':'THIRD_CONJUGATION','Mood':'INDICATIVE','Numerus':'SINGULAR','Person':'PERSON_3','Pos':'V','Tense':'PERFECT','VerbType':'TRANSITIVE','Voice':'ACTIVE'},'name':'decrevit'}]}],'name':'decerno@V'}]">decrevit</w><c> </c><w lemma="[{'id':764060,'ls':[{'id':847,'name':'antiquitas','wfs':[{'id':764079,'morph':{'Casus':'NOMINATIVE','DeclensionType':'THIRD_DECLENSION','Genus':'FEMININE','Numerus':'SINGULAR','Pos':'NN'},'name':'antiquitas'}]}],'name':'antiquitas@NN'}]">antiquitas</w><c> </c><w lemma="[{'id':2768942,'ls':[{'id':6825,'name':'parvus','wfs':[{'id':2769110,'morph':{'Casus':'ACCUSATIVE','ComparisonDegree':'COMPARATIVE','DeclensionType':'THIRD_DECLENSION','Genus':'MASCULINE','Numerus':'PLURAL','Pos':'ADJ'},'name':'minores'}]}],'name':'parvus@ADJ'}]">minores</w><c> </c><w lemma="[{'id':908693,'ls':[{'id':908694,'name':'contractus','wfs':[{'id':908696,'morph':{'Casus':'ACCUSATIVE','DeclensionType':'FOURTH_DECLENSION','Genus':'MASCULINE','Numerus':'PLURAL','Pos':'NN'},'name':'contractus'}]}],'name':'contractus@NN'}]">contractus</w><c> </c><w lemma="[{'id':2609771,'ls':[{'id':2609772,'name':'liber','wfs':[{'id':2609799,'morph':{'Casus':'ACCUSATIVE','ComparisonDegree':'POSITIVE','DeclensionType':'SECOND_DECLENSION','Genus':'MASCULINE','Numerus':'PLURAL','Pos':'ADJ'},'name':'liberos'}]}],'name':'liber@ADJ'}]">liberos</w><c> </c><w lemma="[{'id':206035,'ls':[{'id':6416,'name':'non','wfs':[{'id':241322627,'morph':{'Pos':'ADV'},'name':'non'}]}],'name':'non@ADV'}]">non</w><c> </c><w lemma="[{'id':5618354,'ls':[{'id':4757,'name':'habeo','wfs':[{'id':5618435,'morph':{'ConjugationType':'SECOND_CONJUGATION','Mood':'INFINITIVE','Pos':'V','Tense':'PRESENT','VerbType':'TRANSITIVE','Voice':'ACTIVE'},'name':'habere'}]}],'name':'habeo@V'}]">habere</w><c>,</c><c> </c><w lemma="[{'id':110061,'ls':[{'id':110062,'name':'ut','wfs':[{'id':110063,'morph':{'Pos':'CON'},'name':'ut'}]}],'name':'ut@CON'}]">ut</w><c> </c><lb n="26" xml:id="bsb00000824_00313_26"></lb><w lemma="[{'id':109828,'ls':[{'id':109829,'name':'et','wfs':[{'id':109830,'morph':{'Pos':'CON'},'name':'et'}]}],'name':'et@CON'}]">et</w><c> </c><w lemma="[{'id':5904979,'ls':[{'id':5905397,'name':'insidior','wfs':[{'id':5905411,'morph':{'Casus':'GENITIVE','ConjugationType':'FIRST_CONJUGATION','Genus':'MASCULINE','Mood':'PARTICIPLE','Numerus':'PLURAL','Pos':'V','Tense':'PRESENT','VerbType':'DEPONENT','Voice':'ACTIVE'},'name':'insidiantium'}]}],'name':'insidior@V'}]">insidiantium</w><c> </c><w lemma="[{'id':1130774,'ls':[{'id':5617,'name':'laqueus','wfs':[{'id':1130780,'morph':{'Casus':'NOMINATIVE','DeclensionType':'SECOND_DECLENSION','Genus':'MASCULINE','Numerus':'PLURAL','Pos':'NN'},'name':'laquei'}]}],'name':'laqueus@NN'}]">laquei</w><c> </c><w lemma="[{'id':5561568,'ls':[{'id':5561662,'name':'frustro','wfs':[{'id':5561950,'morph':{'ConjugationType':'FIRST_CONJUGATION','Mood':'SUBJUNCTIVE','Numerus':'PLURAL','Person':'PERSON_3','Pos':'V','Tense':'IMPERFECT','VerbType':'TRANSITIVE','Voice':'PASSIVE'},'name':'frustrarentur'}]}],'name':'frustro@V'}]">frustrarentur</w><c> </c><w lemma="[{'id':109828,'ls':[{'id':109829,'name':'et','wfs':[{'id':109830,'morph':{'Pos':'CON'},'name':'et'}]}],'name':'et@CON'}]">et</w><c> </c><w lemma="[{'id':1130589,'ls':[{'id':1130590,'name':'lapsus','wfs':[{'id':241450949,'morph':{'Casus':'DATIVE','DeclensionType':'SECOND_DECLENSION','Genus':'MASCULINE','Numerus':'PLURAL','Pos':'NN'},'name':'lapsis'}]}],'name':'lapsus@NN'}]">lapsis</w><c> </c><w lemma="[{'id':731884,'ls':[{'id':538,'name':'aetas','wfs':[{'id':241400575,'morph':{'Casus':'NOMINATIVE','DeclensionType':'THIRD_DECLENSION','Genus':'FEMININE','Numerus':'SINGULAR','Pos':'NN'},'name':'aetas'}]}],'name':'aetas@NN'}]">aetas</w><c> </c><w lemma="[{'id':2622112,'ls':[{'id':5823,'name':'lubricus','wfs':[{'id':2622184,'morph':{'Casus':'NOMINATIVE','ComparisonDegree':'POSITIVE','DeclensionType':'FIRST_DECLENSION','Genus':'FEMININE','Numerus':'SINGULAR','Pos':'ADJ'},'name':'lubrica'}]}],'name':'lubricus@ADJ'}]">lubrica</w><c> </c><w lemma="[{'id':7559378,'ls':[{'id':8605,'name':'subvenio','wfs':[{'id':7560082,'morph':{'ConjugationType':'FOURTH_CONJUGATION','Mood':'SUBJUNCTIVE','Numerus':'SINGULAR','Person':'PERSON_3','Pos':'V','Tense':'IMPERFECT','VerbType':'TRANSITIVE','Voice':'ACTIVE'},'name':'subveniret'}]}],'name':'subvenio@V'}]">subveniret</w><c>.</c><c> </c></s><s><w lemma="[{'id':6388798,'ls':[{'id':6509,'name':'obruo','wfs':[{'id':6389105,'morph':{'ConjugationType':'THIRD_CONJUGATION','Mood':'SUBJUNCTIVE','Numerus':'SINGULAR','Person':'PERSON_3','Pos':'V','Tense':'IMPERFECT','VerbType':'TRANSITIVE','Voice':'PASSIVE'},'name':'obrueretur'}]}],'name':'obruo@V'}]">obrueretur</w><c> </c><lb n="27" xml:id="bsb00000824_00313_27"></lb><w lemma="[{'id':241279692,'ls':[{'id':241279693,'name':'quippe','wfs':[{'id':241279694,'morph':{'Pos':'CON'},'name':'quippe'}]}],'name':'quippe@CON'}]">quippe</w><c> </c><w lemma="[{'id':1099246,'ls':[{'id':5269,'name':'innocentia','wfs':[{'id':241445421,'morph':{'Casus':'NOMINATIVE','DeclensionType':'FIRST_DECLENSION','Genus':'FEMININE','Numerus':'SINGULAR','Pos':'NN'},'name':'innocentia'}]}],'name':'innocentia@NN'}]">innocentia</w><c>,</c><c> </c><w lemma="[{'id':110020,'ls':[{'id':110021,'name':'si','wfs':[{'id':110022,'morph':{'Pos':'CON'},'name':'si'}]}],'name':'si@CON'}]">si</w><c> </c><w lemma="[{'id':7127788,'ls':[{'id':7839,'name':'relaxo','wfs':[{'id':7128122,'morph':{'ConjugationType':'FIRST_CONJUGATION','Mood':'SUBJUNCTIVE','Numerus':'SINGULAR','Person':'PERSON_3','Pos':'V','Tense':'IMPERFECT','VerbType':'TRANSITIVE','Voice':'PASSIVE'},'name':'relaxaretur'}]}],'name':'relaxo@V'}]">relaxaretur</w><c> </c><w lemma="[{'id':797144,'ls':[{'id':1186,'name':'audacia','wfs':[{'id':797158,'morph':{'Casus':'NOMINATIVE','DeclensionType':'FIRST_DECLENSION','Genus':'FEMININE','Numerus':'SINGULAR','Pos':'NN'},'name':'audacia'}]}],'name':'audacia@NN'}]">audacia</w><c>,</c><c> </c><w lemma="[{'id':7617143,'ls':[{'id':7617144,'name':'sum','wfs':[{'id':244519814,'morph':{'Mood':'SUBJUNCTIVE','Numerus':'SINGULAR','Person':'PERSON_3','Pos':'V','Tense':'IMPERFECT','VerbType':'VERBA_ANOMALA','Voice':'ACTIVE'},'name':'essetque'}]}],'name':'sum@V'}]">essetque</w><c> </c><w lemma="[{'id':2081351,'ls':[{'id':2081352,'name':'cunctus','wfs':[{'id':2081361,'morph':{'Casus':'DATIVE','ComparisonDegree':'POSITIVE','DeclensionType':'SECOND_DECLENSION','Genus':'MASCULINE','Numerus':'PLURAL','Pos':'ADJ'},'name':'cunctis'}]}],'name':'cunctus@ADJ'}]">cunctis</w><c> </c><w lemma="[{'id':5476764,'ls':[{'id':4249,'name':'fallo','wfs':[{'id':497481737,'morph':{'Casus':'GENITIVE','DeclensionType':'SECOND_DECLENSION','Genus':'NEUTER','Mood':'GERUND','Numerus':'SINGULAR','Pos':'V'},'name':'fallendi'}]}],'name':'fallo@V'}]">fallendi</w><c> </c><w lemma="[{'id':1378738,'ls':[{'id':8538,'name':'studium','wfs':[{'id':1378741,'morph':{'Casus':'NOMINATIVE','DeclensionType':'SECOND_DECLENSION','Genus':'NEUTER','Numerus':'SINGULAR','Pos':'NN'},'name':'studium'}]}],'name':'studium@NN'}]">studium</w><c>,</c><c> </c><w lemma="[{'id':110020,'ls':[{'id':110021,'name':'si','wfs':[{'id':110022,'morph':{'Pos':'CON'},'name':'si'}]}],'name':'si@CON'}]">si</w><c> </c><w lemma="[{'id':1040853,'ls':[{'id':4498,'name':'fraus','wfs':[{'id':1040868,'morph':{'Casus':'NOMINATIVE','DeclensionType':'THIRD_DECLENSION','Genus':'FEMININE','Numerus':'SINGULAR','Pos':'NN'},'name':'fraus'}]}],'name':'fraus@NN'}]">fraus</w><c> </c><lb n="28" xml:id="bsb00000824_00313_28"></lb><w lemma="[{'id':3113912,'ls':[{'id':3113913,'name':'subrepticius','wfs':[{'id':3113978,'morph':{'Casus':'ACCUSATIVE','ComparisonDegree':'POSITIVE','DeclensionType':'SECOND_DECLENSION','Genus':'MASCULINE','Numerus':'SINGULAR','Pos':'ADJ'},'name':'subrepticium'}]}],'name':'subrepticius@ADJ'}]">subrepticium</w><c> </c><w lemma="[{'id':6173078,'ls':[{'id':6173079,'name':'lucro','wfs':[{'id':6173413,'morph':{'ConjugationType':'FIRST_CONJUGATION','Mood':'SUBJUNCTIVE','Numerus':'SINGULAR','Person':'PERSON_3','Pos':'V','Tense':'IMPERFECT','VerbType':'TRANSITIVE','Voice':'PASSIVE'},'name':'lucraretur'}]}],'name':'lucro@V'}]">lucraretur</w><c> </c><w lemma="[{'id':987009,'ls':[{'id':3791,'name':'effectus','wfs':[{'id':245551332,'morph':{'Casus':'ACCUSATIVE','DeclensionType':'FOURTH_DECLENSION','Genus':'MASCULINE','Numerus':'SINGULAR','Pos':'NN'},'name':'effectum'}]}],'name':'effectus@NN'}]">effectum</w><c>.</c><c> </c></s><s><w lemma="[{'id':109828,'ls':[{'id':109829,'name':'et','wfs':[{'id':109830,'morph':{'Pos':'CON'},'name':'et'}]}],'name':'et@CON'}]">Et</w><c> </c><w lemma="[{'id':183546,'ls':[{'id':183547,'name':'ideo','wfs':[{'id':183548,'morph':{'ComparisonDegree':'POSITIVE','Pos':'ADV'},'name':'ideo'}]}],'name':'ideo@ADV'}]">ideo</w><c> </c><w lemma="[{'id':2888005,'ls':[{'id':7401,'name':'priscus','wfs':[{'id':2888074,'morph':{'Casus':'GENITIVE','ComparisonDegree':'POSITIVE','DeclensionType':'FIRST_DECLENSION','Genus':'FEMININE','Numerus':'SINGULAR','Pos':'ADJ'},'name':'priscae'}]}],'name':'priscus@ADJ'}]">priscae</w><c> </c><w lemma="[{'id':905048,'ls':[{'id':2604,'name':'consuetudo','wfs':[{'id':905051,'morph':{'Casus':'GENITIVE','DeclensionType':'THIRD_DECLENSION','Genus':'FEMININE','Numerus':'SINGULAR','Pos':'NN'},'name':'consuetudinis'}]}],'name':'consuetudo@NN'}]">consuetudinis</w><c> </c><w lemma="[{'id':1402512,'ls':[{'id':8674,'name':'supplicatio','wfs':[{'id':243477260,'morph':{'Casus':'ABLATIVE','DeclensionType':'THIRD_DECLENSION','Genus':'FEMININE','Numerus':'SINGULAR','Pos':'NN'},'name':'supplicatione'}]}],'name':'supplicatio@NN'}]">supplicatione</w><c> </c><w lemma="[{'id':2849555,'ls':[{'id':2849556,'name':'porrectus','wfs':[{'id':2849619,'morph':{'Casus':'ABLATIVE','ComparisonDegree':'POSITIVE','DeclensionType':'FIRST_DECLENSION','Genus':'FEMININE','Numerus':'SINGULAR','Pos':'ADJ'},'name':'porrecta'}]}],'name':'porrectus@ADJ'}]">porrecta</w><c> </c><lb n="29" xml:id="bsb00000824_00313_29"></lb><w lemma="[{'id':7611699,'ls':[{'id':8642,'name':'suggero','wfs':[{'id':7611889,'morph':{'ConjugationType':'THIRD_CONJUGATION','Mood':'INDICATIVE','Numerus':'PLURAL','Person':'PERSON_2','Pos':'V','Tense':'PRESENT','VerbType':'TRANSITIVE','Voice':'ACTIVE'},'name':'suggeritis'}]}],'name':'suggero@V'}]">suggeritis</w><c> </c><w lemma="[{'id':1229647,'ls':[{'id':6855,'name':'patronus','wfs':[{'id':1229656,'morph':{'Casus':'ACCUSATIVE','DeclensionType':'SECOND_DECLENSION','Genus':'MASCULINE','Numerus':'SINGULAR','Pos':'NN'},'name':'patronum'}]}],'name':'patronus@NN'}]">patronum</w><c> </c><w lemma="[{'id':244512458,'ls':[{'id':244512459,'name':'vester','wfs':[{'id':481107035,'morph':{'Casus':'ACCUSATIVE','DeclensionType':'SECOND_DECLENSION','Genus':'MASCULINE','Numerus':'SINGULAR','Pos':'PRO','PronounType':'POSSESSIVE'},'name':'vestrum'}]}],'name':'vester@PRO'}]">vestrum</w><c> </c><w lemma="[{'id':109577,'ls':[{'id':109578,'name':'in','wfs':[{'id':109579,'morph':{'Pos':'AP'},'name':'in'}]}],'name':'in@AP'}]">in</w><c> </c><w lemma="[{'id':759853,'ls':[{'id':807,'name':'annus','wfs':[{'id':759855,'morph':{'Casus':'ABLATIVE','DeclensionType':'SECOND_DECLENSION','Genus':'MASCULINE','Numerus':'PLURAL','Pos':'NN'},'name':'annis'}]}],'name':'annus@NN'}]">annis</w><c> </c><w lemma="[{'id':2768942,'ls':[{'id':6825,'name':'parvus','wfs':[{'id':2769114,'morph':{'Casus':'ABLATIVE','ComparisonDegree':'COMPARATIVE','DeclensionType':'THIRD_DECLENSION','Genus':'MASCULINE','Numerus':'PLURAL','Pos':'ADJ'},'name':'minoribus'}]}],'name':'parvus@ADJ'}]">minoribus</w><c> </c><w lemma="[{'id':4510528,'ls':[{'id':2587,'name':'constituo','wfs':[{'id':4510630,'morph':{'Casus':'ACCUSATIVE','ConjugationType':'THIRD_CONJUGATION','Genus':'MASCULINE','Mood':'PARTICIPLE','Numerus':'SINGULAR','Pos':'V','Tense':'PERFECT','VerbType':'TRANSITIVE','Voice':'PASSIVE'},'name':'constitutum'}]}],'name':'constituo@V'}]">constitutum</w><c> </c><w lemma="[{'id':1026055,'ls':[{'id':4242,'name':'facultas','wfs':[{'id':1026057,'morph':{'Casus':'ABLATIVE','DeclensionType':'THIRD_DECLENSION','Genus':'FEMININE','Numerus':'PLURAL','Pos':'NN'},'name':'facultatibus'}]}],'name':'facultas@NN'}]">facultatibus</w><c> </c><w lemma="[{'id':1406782,'ls':[{'id':488516594,'name':'suus','wfs':[{'id':488516608,'morph':{'Casus':'ABLATIVE','DeclensionType':'SECOND_DECLENSION','Genus':'MASCULINE','Numerus':'PLURAL','Pos':'NN'},'name':'suis'}]}],'name':'suus@NN'}]">suis</w><c> </c><w lemma="[{'id':218458,'ls':[{'id':218459,'name':'pote','wfs':[{'id':218460,'morph':{'ComparisonDegree':'COMPARATIVE','Pos':'ADV'},'name':'potius'}]}],'name':'pote@ADV'}]">potius</w><c> </c><lb n="30" xml:id="bsb00000824_00313_30"></lb><w lemma="[{'id':3554565,'ls':[{'id':3555004,'name':'aggrego','wfs':[{'id':607815689,'morph':{'Mood':'INFINITIVE','Pos':'V','Tense':'PERFECT','VerbType':'TRANSITIVE','Voice':'ACTIVE'},'name':'aggregasse'}]}],'name':'aggrego@V'}]">aggregasse</w><c> </c><w lemma="[{'id':972649,'ls':[{'id':3600,'name':'dispendium','wfs':[{'id':243325232,'morph':{'Casus':'ACCUSATIVE','DeclensionType':'SECOND_DECLENSION','Genus':'NEUTER','Numerus':'PLURAL','Pos':'NN'},'name':'dispendia'}]}],'name':'dispendium@NN'}]">dispendia</w><c>,</c><c> </c><w lemma="[{'id':109813,'ls':[{'id':109814,'name':'dum','wfs':[{'id':109815,'morph':{'Pos':'CON'},'name':'dum'}]}],'name':'dum@CON'}]">dum</w><c> </c><w lemma="[{'id':2404498,'ls':[{'id':2404499,'name':'ignarus','wfs':[{'id':2404577,'morph':{'Casus':'NOMINATIVE','ComparisonDegree':'POSITIVE','DeclensionType':'FIRST_DECLENSION','Genus':'FEMININE','Numerus':'SINGULAR','Pos':'ADJ'},'name':'ignara'}]}],'name':'ignarus@ADJ'}]">ignara</w><c> </c><w lemma="[{'id':1295001,'ls':[{'id':1295002,'name':'pueritia','wfs':[{'id':1295012,'morph':{'Casus':'NOMINATIVE','DeclensionType':'FIRST_DECLENSION','Genus':'FEMININE','Numerus':'SINGULAR','Pos':'NN'},'name':'pueritia'}]}],'name':'pueritia@NN'}]">pueritia</w><c> </c><w lemma="[{'id':909043,'ls':[{'id':909044,'name':'contrarius','wfs':[{'id':243303284,'morph':{'Casus':'ACCUSATIVE','DeclensionType':'SECOND_DECLENSION','Genus':'MASCULINE','Numerus':'PLURAL','Pos':'NN'},'name':'contraria'}]}],'name':'contrarius@NN'}]">contraria</w><c> </c><w lemma="[{'id':5592400,'ls':[{'id':4645,'name':'gero','wfs':[{'id':5592721,'morph':{'ConjugationType':'THIRD_CONJUGATION','Mood':'INDICATIVE','Numerus':'SINGULAR','Person':'PERSON_3','Pos':'V','Tense':'PRESENT','VerbType':'TRANSITIVE','Voice':'ACTIVE'},'name':'gerit'}]}],'name':'gero@V'}]">gerit</w><c>,</c><c> </c><w lemma="[{'id':242816363,'ls':[{'id':242816364,'name':'qui','wfs':[{'id':242816385,'morph':{'Casus':'ACCUSATIVE','Genus':'NEUTER','Numerus':'PLURAL','Pos':'PRO','PronounType':'RELATIVE'},'name':'quae'}]}],'name':'qui@PRO'}]">quae</w><c> </c><w lemma="[{'id':6964535,'ls':[{'id':6964536,'name':'prosum','wfs':[{'id':499019729,'morph':{'Casus':'ACCUSATIVE','Genus':'NEUTER','Mood':'PARTICIPLE','Numerus':'PLURAL','Pos':'V','Tense':'FUTURE','VerbType':'VERBA_ANOMALA','Voice':'ACTIVE'},'name':'profutura'}]}],'name':'prosum@V'}]">profutura</w><c> </c><w lemma="[{'id':7017319,'ls':[{'id':7652,'name':'puto','wfs':[{'id':7017683,'morph':{'ConjugationType':'FIRST_CONJUGATION','Mood':'SUBJUNCTIVE','Numerus':'SINGULAR','Person':'PERSON_3','Pos':'V','Tense':'PERFECT','VerbType':'TRANSITIVE','Voice':'ACTIVE'},'name':'putaverit'}]}],'name':'puto@V'}]">putaverit</w><c>,</c><c> </c><w lemma="[{'id':109828,'ls':[{'id':109829,'name':'et','wfs':[{'id':109830,'morph':{'Pos':'CON'},'name':'et'}]}],'name':'et@CON'}]">et</w><c> </c><lb n="31" xml:id="bsb00000824_00313_31"></lb><w lemma="[{'id':206572,'ls':[{'id':206573,'name':'nunc','wfs':[{'id':241322948,'morph':{'Pos':'ADV'},'name':'nunc'}]}],'name':'nunc@ADV'}]">nunc</w><c> </c><w lemma="[{'id':242816207,'ls':[{'id':242816208,'name':'is','wfs':[{'id':242816237,'morph':{'Casus':'ACCUSATIVE','Genus':'NEUTER','Numerus':'SINGULAR','Pos':'PRO','PronounType':'PERSONAL'},'name':'id'}]}],'name':'is@PRO'}]">id</w><c> </c><w lemma="[{'id':1412956,'ls':[{'id':8776,'name':'tempus','wfs':[{'id':243481068,'morph':{'Casus':'ACCUSATIVE','DeclensionType':'THIRD_DECLENSION','Genus':'NEUTER','Numerus':'SINGULAR','Pos':'NN'},'name':'tempus'}]}],'name':'tempus@NN'}]">tempus</w><c> </c><w lemma="[{'id':731884,'ls':[{'id':538,'name':'aetas','wfs':[{'id':731900,'morph':{'Casus':'GENITIVE','DeclensionType':'THIRD_DECLENSION','Genus':'FEMININE','Numerus':'SINGULAR','Pos':'NN'},'name':'aetatis'}]}],'name':'aetas@NN'}]">aetatis</w><c> </c><w lemma="[{'id':3560733,'ls':[{'id':556,'name':'ago','wfs':[{'id':3560814,'morph':{'ConjugationType':'THIRD_CONJUGATION','Mood':'INFINITIVE','Pos':'V','Tense':'PRESENT','VerbType':'TRANSITIVE','Voice':'ACTIVE'},'name':'agere'}]}],'name':'ago@V'}]">agere</w><c>,</c><c> </c><w lemma="[{'id':109974,'ls':[{'id':109975,'name':'quo','wfs':[{'id':109976,'morph':{'Pos':'CON'},'name':'quo'}]}],'name':'quo@CON'}]">quo</w><c> </c><w lemma="[{'id':1130589,'ls':[{'id':1130590,'name':'lapsus','wfs':[{'id':798977487,'morph':{'Casus':'DATIVE','DeclensionType':'FOURTH_DECLENSION','Genus':'MASCULINE','Numerus':'SINGULAR','Pos':'NN'},'name':'lapsui'}]}],'name':'lapsus@NN'}]">lapsui</w><c> </c><w lemma="[{'id':6741602,'ls':[{'id':7228,'name':'possum','wfs':[{'id':244516513,'morph':{'Mood':'SUBJUNCTIVE','Numerus':'PLURAL','Person':'PERSON_1','Pos':'V','Tense':'PRESENT','VerbType':'VERBA_ANOMALA','Voice':'ACTIVE'},'name':'possimus'}]}],'name':'possum@V'}]">possimus</w><c> </c><w lemma="[{'id':109610,'ls':[{'id':109611,'name':'per','wfs':[{'id':109612,'morph':{'Pos':'AP'},'name':'per'}]}],'name':'per@AP'}]">per</w><c> </c><w lemma="[{'id':1076511,'ls':[{'id':1076512,'name':'ignorantia','wfs':[{'id':1076521,'morph':{'Casus':'ACCUSATIVE','DeclensionType':'FIRST_DECLENSION','Genus':'FEMININE','Numerus':'SINGULAR','Pos':'NN'},'name':'ignorantiam'}]}],'name':'ignorantia@NN'}]">ignorantiam</w><c> </c><w lemma="[{'id':7559378,'ls':[{'id':8605,'name':'subvenio','wfs':[{'id':7559861,'morph':{'ConjugationType':'FOURTH_CONJUGATION','Mood':'INFINITIVE','Pos':'V','Tense':'PRESENT','VerbType':'TRANSITIVE','Voice':'ACTIVE'},'name':'subvenire'}]}],'name':'subvenio@V'}]">subvenire</w><c>,</c><c> </c><w lemma="[{'id':3572730,'ls':[{'id':244432491,'name':'allego','wfs':[{'id':3573607,'morph':{'Casus':'NOMINATIVE','ConjugationType':'FIRST_CONJUGATION','Genus':'MASCULINE','Mood':'PARTICIPLE','Numerus':'PLURAL','Pos':'V','Tense':'PRESENT','VerbType':'TRANSITIVE','Voice':'ACTIVE'},'name':'allegantes'}]}],'name':'allego@V'}]">allegantes</w><c>,</c><c> </c><lb n="32" xml:id="bsb00000824_00313_32"></lb><w lemma="[{'id':110061,'ls':[{'id':110062,'name':'ut','wfs':[{'id':110063,'morph':{'Pos':'CON'},'name':'ut'}]}],'name':'ut@CON'}]">ut</w><c> </c><w lemma="[{'id':242816363,'ls':[{'id':242816364,'name':'qui','wfs':[{'id':245004334,'morph':{'Casus':'ACCUSATIVE','Genus':'NEUTER','Numerus':'SINGULAR','Pos':'PRO','PronounType':'RELATIVE'},'name':'quod'}]}],'name':'qui@PRO'}]">quod</w><c> </c><w lemma="[{'id':1122928,'ls':[{'id':1122941,'name':'ius','wfs':[{'id':1122946,'morph':{'Casus':'NOMINATIVE','DeclensionType':'THIRD_DECLENSION','Genus':'NEUTER','Numerus':'PLURAL','Pos':'NN'},'name':'iura'}]}],'name':'ius@NN'}]">iura</w><c> </c><w lemma="[{'id':7865249,'ls':[{'id':8933,'name':'tribuo','wfs':[{'id':7865534,'morph':{'ConjugationType':'THIRD_CONJUGATION','Mood':'INDICATIVE','Numerus':'PLURAL','Person':'PERSON_3','Pos':'V','Tense':'PERFECT','VerbType':'TRANSITIVE','Voice':'ACTIVE'},'name':'tribuerunt'}]}],'name':'tribuo@V'}]">tribuerunt</w><c>,</c><c> </c><w lemma="[{'id':245551289,'ls':[{'id':245551290,'name':'nostra','wfs':[{'id':245551292,'morph':{'Casus':'NOMINATIVE','DeclensionType':'SECOND_DECLENSION','Genus':'NEUTER','Numerus':'PLURAL','Pos':'NN'},'name':'nostra'}]}],'name':'nostra@NN'}]">nostra</w><c> </c><w lemma="[{'id':226369,'ls':[{'id':7700,'name':'quoque','wfs':[{'id':226371,'morph':{'Pos':'ADV'},'name':'quoque'}]}],'name':'quoque@ADV'}]">quoque</w><c> </c><w lemma="[{'id':810229,'ls':[{'id':1346,'name':'beneficium','wfs':[{'id':243268471,'morph':{'Casus':'NOMINATIVE','DeclensionType':'SECOND_DECLENSION','Genus':'NEUTER','Numerus':'PLURAL','Pos':'NN'},'name':'beneficia'}]}],'name':'beneficium@NN'}]">beneficia</w><c> </c><w lemma="[{'id':6123040,'ls':[{'id':5619,'name':'largior','wfs':[{'id':6123566,'morph':{'ConjugationType':'FOURTH_CONJUGATION','Mood':'SUBJUNCTIVE','Numerus':'PLURAL','Person':'PERSON_3','Pos':'V','Tense':'PRESENT','VerbType':'DEPONENT','Voice':'PASSIVE'},'name':'largiantur'}]}],'name':'largior@V'}]">largiantur</w><c>.</c><c> </c></s><s><w lemma="[{'id':109772,'ls':[{'id':109773,'name':'atque','wfs':[{'id':109774,'morph':{'Pos':'CON'},'name':'atque'}]}],'name':'atque@CON'}]">Atque</w><c> </c><w lemma="[{'id':183546,'ls':[{'id':183547,'name':'ideo','wfs':[{'id':183548,'morph':{'ComparisonDegree':'POSITIVE','Pos':'ADV'},'name':'ideo'}]}],'name':'ideo@ADV'}]">ideo</w><c>,</c><c> </c><w lemma="[{'id':110020,'ls':[{'id':110021,'name':'si','wfs':[{'id':110022,'morph':{'Pos':'CON'},'name':'si'}]}],'name':'si@CON'}]">si</w><c> </c><w lemma="[{'id':1250075,'ls':[{'id':7057,'name':'petitio','wfs':[{'id':1250079,'morph':{'Casus':'NOMINATIVE','DeclensionType':'THIRD_DECLENSION','Genus':'FEMININE','Numerus':'SINGULAR','Pos':'NN'},'name':'petitio'}]}],'name':'petitio@NN'}]">petitio</w><c> </c><w lemma="[{'id':244512458,'ls':[{'id':244512459,'name':'vester','wfs':[{'id':244512539,'morph':{'Casus':'NOMINATIVE','DeclensionType':'FIRST_DECLENSION','Genus':'FEMININE','Numerus':'SINGULAR','Pos':'PRO','PronounType':'POSSESSIVE'},'name':'vestra'}]}],'name':'vester@PRO'}]">vestra</w><c> </c><lb n="33" xml:id="bsb00000824_00313_33"></lb><w lemma="[{'id':109433,'ls':[{'id':109434,'name':'a','wfs':[{'id':109435,'morph':{'Pos':'AP'},'name':'a'}]}],'name':'a@AP'}]">a</w><c> </c><w lemma="[{'id':1455678,'ls':[{'id':9192,'name':'veritas','wfs':[{'id':243495932,'morph':{'Casus':'ABLATIVE','DeclensionType':'THIRD_DECLENSION','Genus':'FEMININE','Numerus':'SINGULAR','Pos':'NN'},'name':'veritate'}]}],'name':'veritas@NN'}]">veritate</w><c> </c><w lemma="[{'id':206035,'ls':[{'id':6416,'name':'non','wfs':[{'id':241322627,'morph':{'Pos':'ADV'},'name':'non'}]}],'name':'non@ADV'}]">non</w><c> </c><w lemma="[{'id':4952003,'ls':[{'id':4952023,'name':'devio','wfs':[{'id':403773,'morph':{'ConjugationType':'FIRST_CONJUGATION','Mood':'INDICATIVE','Numerus':'SINGULAR','Person':'PERSON_3','Pos':'V','Tense':'PRESENT','VerbType':'INTRANSITIVE','Voice':'ACTIVE'},'name':'deviat'}]}],'name':'devio@V'}]">deviat</w><c> </c><w lemma="[{'id':109828,'ls':[{'id':109829,'name':'et','wfs':[{'id':109830,'morph':{'Pos':'CON'},'name':'et'}]}],'name':'et@CON'}]">et</w><c> </c><w lemma="[{'id':109590,'ls':[{'id':109591,'name':'intra','wfs':[{'id':109592,'morph':{'Pos':'AP'},'name':'intra'}]}],'name':'intra@AP'}]">intra</w><c> </c><w lemma="[{'id':759853,'ls':[{'id':807,'name':'annus','wfs':[{'id':759857,'morph':{'Casus':'GENITIVE','DeclensionType':'SECOND_DECLENSION','Genus':'MASCULINE','Numerus':'PLURAL','Pos':'NN'},'name':'annorum'}]}],'name':'annus@NN'}]">annorum</w><c> </c><w lemma="[{'id':1368412,'ls':[{'id':8413,'name':'spatium','wfs':[{'id':243463960,'morph':{'Casus':'ACCUSATIVE','DeclensionType':'SECOND_DECLENSION','Genus':'NEUTER','Numerus':'PLURAL','Pos':'NN'},'name':'spatia'}]}],'name':'spatium@NN'}]">spatia</w><c> </c><w lemma="[{'id':4766123,'ls':[{'id':3146,'name':'dego','wfs':[{'id':383744,'morph':{'ConjugationType':'THIRD_CONJUGATION','Mood':'INDICATIVE','Numerus':'SINGULAR','Person':'PERSON_3','Pos':'V','Tense':'FUTURE','VerbType':'INTRANSITIVE','Voice':'ACTIVE'},'name':'deget'}]}],'name':'dego@V'}]">deget</w><c>,</c><c> </c><w lemma="[{'id':242816363,'ls':[{'id':242816364,'name':'qui','wfs':[{'id':244510919,'morph':{'Casus':'DATIVE','Genus':'NEUTER','Numerus':'PLURAL','Pos':'PRO','PronounType':'RELATIVE'},'name':'quibus'}]}],'name':'qui@PRO'}]">quibus</w><c> </c><w lemma="[{'id':242815996,'ls':[{'id':242815997,'name':'hic','wfs':[{'id':36187642,'morph':{'Casus':'ACCUSATIVE','Genus':'NEUTER','Numerus':'SINGULAR','Pos':'PRO','PronounType':'DEMONSTRATIVE'},'name':'hoc'}]}],'name':'hic@PRO'}]">hoc</w><c> </c><w lemma="[{'id':810229,'ls':[{'id':1346,'name':'beneficium','wfs':[{'id':243268473,'morph':{'Casus':'ACCUSATIVE','DeclensionType':'SECOND_DECLENSION','Genus':'NEUTER','Numerus':'SINGULAR','Pos':'NN'},'name':'beneficium'}]}],'name':'beneficium@NN'}]">beneficium</w><c> </c><w lemma="[{'id':1137961,'ls':[{'id':5724,'name':'lex','wfs':[{'id':1137969,'morph':{'Casus':'NOMINATIVE','DeclensionType':'THIRD_DECLENSION','Genus':'FEMININE','Numerus':'PLURAL','Pos':'NN'},'name':'leges'}]}],'name':'lex@NN'}]">leges</w><c> </c><lb n="34" xml:id="bsb00000824_00313_34"></lb><w lemma="[{'id':3003373,'ls':[{'id':8034,'name':'sacratus','wfs':[{'id':3003395,'morph':{'Casus':'NOMINATIVE','ComparisonDegree':'SUPERLATIVE','DeclensionType':'FIRST_DECLENSION','Genus':'FEMININE','Numerus':'PLURAL','Pos':'ADJ'},'name':'sacratissimae'}]}],'name':'sacratus@ADJ'}]">sacratissimae</w><c> </c><w lemma="[{'id':6846113,'ls':[{'id':7340,'name':'praesto','wfs':[{'id':6846553,'morph':{'ConjugationType':'FIRST_CONJUGATION','Mood':'INDICATIVE','Numerus':'PLURAL','Person':'PERSON_3','Pos':'V','Tense':'PERFECT','VerbType':'TRANSITIVE','Voice':'ACTIVE'},'name':'praestiterunt'}]}],'name':'praesto@V'}]">praestiterunt</w><c>,</c><c> </c><w lemma="[{'id':242816281,'ls':[{'id':242816282,'name':'nihil','wfs':[{'id':244510397,'morph':{'Casus':'NOMINATIVE','Genus':'NEUTER','Numerus':'SINGULAR','Pos':'PRO','PronounType':'INDEFINITE'},'name':'nihilque'}]}],'name':'nihil@PRO'}]">nihilque</w><c> </c><w lemma="[{'id':7617143,'ls':[{'id':7617144,'name':'sum','wfs':[{'id':242825881,'morph':{'Mood':'INDICATIVE','Numerus':'SINGULAR','Person':'PERSON_3','Pos':'V','Tense':'PRESENT','VerbType':'VERBA_ANOMALA','Voice':'ACTIVE'},'name':'est'}]}],'name':'sum@V'}]">est</w><c> </c><w lemma="[{'id':242816363,'ls':[{'id':242816364,'name':'qui','wfs':[{'id':296826590,'morph':{'Casus':'NOMINATIVE','Genus':'NEUTER','Numerus':'SINGULAR','Pos':'PRO','PronounType':'RELATIVE'},'name':'quod'}]}],'name':'qui@PRO'}]">quod</w><c> </c><w lemma="[{'id':197050,'ls':[{'id':197051,'name':'iure','wfs':[{'id':197053,'morph':{'ComparisonDegree':'POSITIVE','Pos':'ADV'},'name':'iure'}]}],'name':'iure@ADV'}]">iure</w><c> </c><w lemma="[{'id':109535,'ls':[{'id':109536,'name':'contra','wfs':[{'id':109537,'morph':{'Pos':'AP'},'name':'contra'}]}],'name':'contra@AP'}]">contra</w><c> </c><w lemma="[{'id':7101054,'ls':[{'id':7806,'name':'refero','wfs':[{'id':525062,'morph':{'Mood':'SUBJUNCTIVE','Numerus':'SINGULAR','Person':'PERSON_3','Pos':'V','Tense':'PRESENT','VerbType':'VERBA_ANOMALA','Voice':'PASSIVE'},'name':'referatur'}]}],'name':'refero@V'}]">referatur</w><c>,</c><c> </c><w lemma="[{'id':1229647,'ls':[{'id':6855,'name':'patronus','wfs':[{'id':1229656,'morph':{'Casus':'ACCUSATIVE','DeclensionType':'SECOND_DECLENSION','Genus':'MASCULINE','Numerus':'SINGULAR','Pos':'NN'},'name':'patronum'}]}],'name':'patronus@NN'}]">patronum</w><c> </c><w lemma="[{'id':244512458,'ls':[{'id':244512459,'name':'vester','wfs':[{'id':481107035,'morph':{'Casus':'ACCUSATIVE','DeclensionType':'SECOND_DECLENSION','Genus':'MASCULINE','Numerus':'SINGULAR','Pos':'PRO','PronounType':'POSSESSIVE'},'name':'vestrum'}]}],'name':'vester@PRO'}]">vestrum</w><c> </c><pb n="130" xml:id="bsb00000824_00314"></pb><lb n="1" xml:id="bsb00000824_00314_1"></lb><w lemma="[{'id':236269,'ls':[{'id':236279,'name':'sollemniter','wfs':[{'id':236282,'morph':{'ComparisonDegree':'POSITIVE','Pos':'ADV'},'name':'sollemniter'}]}],'name':'sollemniter@ADV'}]">sollemniter</w><c> </c><w lemma="[{'id':839994,'ls':[{'id':1705,'name':'causa','wfs':[{'id':840004,'morph':{'Casus':'ABLATIVE','DeclensionType':'FIRST_DECLENSION','Genus':'FEMININE','Numerus':'SINGULAR','Pos':'NN'},'name':'causa'}]}],'name':'causa@NN'}]">causa</w><c> </c><w lemma="[{'id':4186426,'ls':[{'id':2021,'name':'cognosco','wfs':[{'id':4186485,'morph':{'Casus':'ABLATIVE','ConjugationType':'THIRD_CONJUGATION','Genus':'FEMININE','Mood':'PARTICIPLE','Numerus':'SINGULAR','Pos':'V','Tense':'PERFECT','VerbType':'TRANSITIVE','Voice':'PASSIVE'},'name':'cognita'}]}],'name':'cognosco@V'}]">cognita</w><c> </c><w lemma="[{'id':109577,'ls':[{'id':109578,'name':'in','wfs':[{'id':109579,'morph':{'Pos':'AP'},'name':'in'}]}],'name':'in@AP'}]">in</w><c> </c><w lemma="[{'id':2530293,'ls':[{'id':2530294,'name':'integer','wfs':[{'id':2530410,'morph':{'Casus':'ACCUSATIVE','ComparisonDegree':'POSITIVE','DeclensionType':'SECOND_DECLENSION','Genus':'NEUTER','Numerus':'SINGULAR','Pos':'ADJ'},'name':'integrum'}]}],'name':'integer@ADJ'}]">integrum</w><c> </c><w lemma="[{'id':7209994,'ls':[{'id':7937,'name':'restituo','wfs':[{'id':7210076,'morph':{'ConjugationType':'THIRD_CONJUGATION','Mood':'INFINITIVE','Pos':'V','Tense':'PRESENT','VerbType':'TRANSITIVE','Voice':'PASSIVE'},'name':'restitui'}]}],'name':'restituo@V'}]">restitui</w><c> </c><w lemma="[{'id':245551289,'ls':[{'id':245551290,'name':'nostra','wfs':[{'id':245551292,'morph':{'Casus':'NOMINATIVE','DeclensionType':'SECOND_DECLENSION','Genus':'NEUTER','Numerus':'PLURAL','Pos':'NN'},'name':'nostra'}]}],'name':'nostra@NN'}]">nostra</w><c> </c><w lemma="[{'id':226369,'ls':[{'id':7700,'name':'quoque','wfs':[{'id':226371,'morph':{'Pos':'ADV'},'name':'quoque'}]}],'name':'quoque@ADV'}]">quoque</w><c> </c><w lemma="[{'id':6624882,'ls':[{'id':6986,'name':'permitto','wfs':[{'id':6625203,'morph':{'ConjugationType':'THIRD_CONJUGATION','Mood':'INDICATIVE','Numerus':'SINGULAR','Person':'PERSON_3','Pos':'V','Tense':'PRESENT','VerbType':'TRANSITIVE','Voice':'ACTIVE'},'name':'permittit'}]}],'name':'permitto@V'}]">permittit</w><c> </c><w lemma="[{'id':796872,'ls':[{'id':1184,'name':'auctoritas','wfs':[{'id':796887,'morph':{'Casus':'NOMINATIVE','DeclensionType':'THIRD_DECLENSION','Genus':'FEMININE','Numerus':'SINGULAR','Pos':'NN'},'name':'auctoritas'}]}],'name':'auctoritas@NN'}]">auctoritas</w><c>,</c><c> </c><w lemma="[{'id':196519,'ls':[{'id':5544,'name':'ita','wfs':[{'id':196520,'morph':{'Pos':'ADV'},'name':'ita'}]}],'name':'ita@ADV'}]">ita</w><c> </c><lb n="2" xml:id="bsb00000824_00314_2"></lb><w lemma="[{'id':245297,'ls':[{'id':245298,'name':'tamen','wfs':[{'id':245299,'morph':{'ComparisonDegree':'POSITIVE','Pos':'ADV'},'name':'tamen'}]}],'name':'tamen@ADV'}]">tamen</w><c>,</c><c> </c><w lemma="[{'id':110061,'ls':[{'id':110062,'name':'ut','wfs':[{'id':110063,'morph':{'Pos':'CON'},'name':'ut'}]}],'name':'ut@CON'}]">ut</w><c> </c><w lemma="[{'id':2744416,'ls':[{'id':6625,'name':'omnis','wfs':[{'id':2744438,'morph':{'Casus':'NOMINATIVE','ComparisonDegree':'POSITIVE','DeclensionType':'THIRD_DECLENSION','Genus':'NEUTER','Numerus':'PLURAL','Pos':'ADJ'},'name':'omnia'}]}],'name':'omnis@ADJ'}]">omnia</w><c> </c><w lemma="[{'id':109650,'ls':[{'id':109651,'name':'secundum','wfs':[{'id':109652,'morph':{'Pos':'AP'},'name':'secundum'}]}],'name':'secundum@AP'}]">secundum</w><c> </c><w lemma="[{'id':1123571,'ls':[{'id':1123572,'name':'iustitia','wfs':[{'id':1123581,'morph':{'Casus':'ACCUSATIVE','DeclensionType':'FIRST_DECLENSION','Genus':'FEMININE','Numerus':'SINGULAR','Pos':'NN'},'name':'iustitiam'}]}],'name':'iustitia@NN'}]">iustitiam</w><c> </c><w lemma="[{'id':1137961,'ls':[{'id':5724,'name':'lex','wfs':[{'id':352088,'morph':{'Casus':'ACCUSATIVE','DeclensionType':'THIRD_DECLENSION','Genus':'FEMININE','Numerus':'PLURAL','Pos':'NN'},'name':'legesque'}]}],'name':'lex@NN'}]">legesque</w><c> </c><w lemma="[{'id':6561661,'ls':[{'id':6921,'name':'perago','wfs':[{'id':6562385,'morph':{'ConjugationType':'THIRD_CONJUGATION','Mood':'SUBJUNCTIVE','Numerus':'PLURAL','Person':'PERSON_3','Pos':'V','Tense':'PRESENT','VerbType':'TRANSITIVE','Voice':'PASSIVE'},'name':'peragantur'}]}],'name':'perago@V'}]">peragantur</w><c>,</c><c> </c><w lemma="[{'id':109966,'ls':[{'id':109967,'name':'quia','wfs':[{'id':109968,'morph':{'Pos':'CON'},'name':'quia'}]}],'name':'quia@CON'}]">quia</w><c> </c><w lemma="[{'id':235482,'ls':[{'id':8302,'name':'sic','wfs':[{'id':241337168,'morph':{'Pos':'ADV'},'name':'sic'}]}],'name':'sic@ADV'}]">sic</w><c> </c><w lemma="[{'id':7733518,'ls':[{'id':8673,'name':'supplico','wfs':[{'id':7733968,'morph':{'Casus':'DATIVE','ConjugationType':'FIRST_CONJUGATION','Genus':'MASCULINE','Mood':'PARTICIPLE','Numerus':'PLURAL','Pos':'V','Tense':'PRESENT','VerbType':'TRANSITIVE','Voice':'ACTIVE'},'name':'supplicantibus'}]}],'name':'supplico@V'}]">supplicantibus</w><c> </c><lb n="3" xml:id="bsb00000824_00314_3"></lb><w lemma="[{'id':4521182,'ls':[{'id':4521583,'name':'consulo','wfs':[{'id':4521664,'morph':{'ConjugationType':'THIRD_CONJUGATION','Mood':'INFINITIVE','Pos':'V','Tense':'PRESENT','VerbType':'TRANSITIVE','Voice':'ACTIVE'},'name':'consulere'}]}],'name':'consulo@V'}]">consulere</w><c> </c><w lemma="[{'id':8038609,'ls':[{'id':9327,'name':'volo','wfs':[{'id':243116354,'morph':{'Mood':'INDICATIVE','Numerus':'PLURAL','Person':'PERSON_1','Pos':'V','Tense':'PRESENT','VerbType':'VERBA_ANOMALA','Voice':'ACTIVE'},'name':'volumus'}]}],'name':'volo@V'}]">volumus</w><c>,</c><c> </c><w lemma="[{'id':110061,'ls':[{'id':110062,'name':'ut','wfs':[{'id':110063,'morph':{'Pos':'CON'},'name':'ut'}]}],'name':'ut@CON'}]">ut</w><c> </c><w lemma="[{'id':242816207,'ls':[{'id':242816208,'name':'is','wfs':[{'id':244510043,'morph':{'Casus':'GENITIVE','Genus':'MASCULINE','Numerus':'PLURAL','Pos':'PRO','PronounType':'PERSONAL'},'name':'eorum'}]}],'name':'is@PRO'}]">eorum</w><c> </c><w lemma="[{'id':1554308,'ls':[{'id':1554506,'name':'adversarius','wfs':[{'id':1554526,'morph':{'Casus':'ACCUSATIVE','ComparisonDegree':'POSITIVE','DeclensionType':'SECOND_DECLENSION','Genus':'MASCULINE','Numerus':'PLURAL','Pos':'ADJ'},'name':'adversarios'}]}],'name':'adversarius@ADJ'}]">adversarios</w><c> </c><w lemma="[{'id':109610,'ls':[{'id':109611,'name':'per','wfs':[{'id':109612,'morph':{'Pos':'AP'},'name':'per'}]}],'name':'per@AP'}]">per</w><c> </c><w lemma="[{'id':1098838,'ls':[{'id':1098839,'name':'iniustitia','wfs':[{'id':1098845,'morph':{'Casus':'ACCUSATIVE','DeclensionType':'FIRST_DECLENSION','Genus':'FEMININE','Numerus':'SINGULAR','Pos':'NN'},'name':'iniustitiam'}]}],'name':'iniustitia@NN'}]">iniustitiam</w><c> </c><w lemma="[{'id':206035,'ls':[{'id':6416,'name':'non','wfs':[{'id':241322627,'morph':{'Pos':'ADV'},'name':'non'}]}],'name':'non@ADV'}]">non</w><c> </c><w lemma="[{'id':5609409,'ls':[{'id':4722,'name':'gravo','wfs':[{'id':5610695,'morph':{'ConjugationType':'FIRST_CONJUGATION','Mood':'SUBJUNCTIVE','Numerus':'PLURAL','Person':'PERSON_1','Pos':'V','Tense':'PRESENT','VerbType':'TRANSITIVE','Voice':'ACTIVE'},'name':'gravemus'}]}],'name':'gravo@V'}]">gravemus</w><c>.</c></s></p></div></body></text></TEI>