<?xml version="1.0" ?><TEI xmlns="http://www.tei-c.org/ns/1.0"><teiHeader><fileDesc><titleStmt><title>MGH Auct. ant. 12: Cassiodori Senatoris Variae</title><editor>Mommsen, Theodor</editor></titleStmt><publicationStmt><publisher>Monumenta Germaniae Historica (MGH)</publisher><publisher>Bavarian State Library (BSB), München</publisher><idno type="BSB">bsb00000824</idno><idno type="MGH"><idno type="Annotation_created_by">sysop</idno><idno type="Annotation_created_on">Wed Oct 18 19:00:28 CEST 2017</idno><idno type="Annotation_last_changed_by">geelhaar</idno><idno type="Annotation_last_changed_on">Thu Aug 20 10:43:41 CEST 2020</idno><idno type="Author_(German)">Cassiodor (Flavius Magnus Aurelius Cassiodorus Senator)</idno><idno type="Author_(Latin)">Cassiodorus Vivariensis</idno><idno type="BSB">bsb00000824</idno><idno type="Bibliographical_Link">http://stabikat.de/DB=1/XMLPRS=N/PPN?PPN=235118842</idno><idno type="C_Stat">06</idno><idno type="C1">06</idno><idno type="C2">05</idno><idno type="Column">017</idno><idno type="Commentary">dated according to the edition (TG)</idno><idno type="Concordance_View">true</idno><idno type="Digital_Edition_Statement">Text retrieved from the critical edition and prepared by the BMBF funded project "Humanist Computer Interaction under Scrutiny"(https://humanist.hs-mainz.de/en/). The Latin Text Archive (LTA) version has been created at Goethe University Frankfurt by the CompHistSem-Work Group (hudesktop.hucompute.org).</idno><idno type="Edition">MGH Auctores antiquissimi 12</idno><idno type="LTA_Export">true</idno><idno type="Licence_Info">CC BY 4.0</idno><idno type="Multiple_Lemmata_under_a_unique_Super_lemma">0.00%</idno><idno type="Multiple_Super_lemmata">0.00%</idno><idno type="Multiple_Wordforms_under_a_unique_Lemma">0.00%</idno><idno type="Multiple_Wordforms._Tagger_based_result._Multiple_Lemmata_possible">0.00%</idno><idno type="Multiple_Wordforms._Tagger_based_result._Multiple_Super_Lemmata_possible">0.00%</idno><idno type="Not_yet_linked_or_unknown_Wordform">0.00%</idno><idno type="Page">017-018</idno><idno type="Provided_by">Monumenta Germaniae Historica</idno><idno type="RepFontMA">not available</idno><idno type="Status">c</idno><idno type="Text_Type">Letter</idno><idno type="Text_Type_Class">Letters</idno><idno type="Time">507/511</idno><idno type="Title">Variae 01.08 - Amabili executori Theoericus rex</idno><idno type="Type_of_Corpus">Corpus of Letters</idno><idno type="URL">http://www.mgh.de/dmgh/resolving/MGH_Auct._ant._12_S._17</idno><idno type="Unique_Wordform">100,00%</idno><idno type="Unique_Wordform._Tagger_based_result._Multiple_Lemmata_possible">0.00%</idno><idno type="Unique_Wordform._Tagger_based_result._Multiple_Super_lemmata_possible">0.00%</idno><idno type="VIAF_(Expression)">182693798</idno><idno type="VIAF_(Expression)_Link">http://viaf.org/viaf/182693798</idno><idno type="VIAF_(Person)">95230707</idno><idno type="VIAF_(Person)_Link">http://viaf.org/viaf/95230707</idno><idno type="Volume">Auct. ant. 12</idno><idno type="Year_of_Publication_(interpreted)">0511</idno>MGH Auct. ant. 12</idno><availability><licence target="http://creativecommons.org/licenses/by/4.0/"><p>Distributed under the Creative Commons Attribution 4.0 International (CC BY 4.0) license.</p><p>This license covers the annotations added by the Monumenta Germaniae Historica and the
            Bavarian State Library, Munich, in the course of project "digital MGH"
            <ref target="http://www.dmgh.de">http://www.dmgh.de</ref>, funded by the
            German Research Foundation (DFG).</p><p>We do not claim any rights on the text itself which is believed to be in the public domain.</p><p>If you distribute a copy or a derivative version of this file, please indicate the source
            of the file by mentioning the Monumenta Germaniae Historica (MGH) and the
            Bavarian State Library, Munich (BSB).</p></licence></availability><date when="2016-11-28T16:32:43+01:00">2016-11-28, 16:32:43</date></publicationStmt><sourceDesc><biblFull><titleStmt><title>Cassiodori Senatoris Variae</title><editor>Mommsen, Theodor</editor></titleStmt><publicationStmt><publisher>Weidmann</publisher><pubPlace>Berlin</pubPlace><date>1894</date></publicationStmt><seriesStmt><title>Auctores antiquissimi</title><biblScope unit="volume">12</biblScope></seriesStmt></biblFull></sourceDesc></fileDesc><revisionDesc><change when="26-11-2017 11:40" who="mbecker"></change></revisionDesc></teiHeader><text><body><div><lb n="25" xml:id="bsb00000824_00201_25"></lb><head n="3"><s><w lemma="[{'id':241346594,'ls':[{'id':241346595,'name':'NUMERAL','wfs':[{'id':498533007,'morph':{'Pos':'NUM'},'name':'viii'}]}],'name':'NUMERAL@NUM'}]">VIII</w><c>.</c><c> </c><lb n="26" xml:id="bsb00000824_00201_26"></lb><w lemma="[{'id':288750,'ls':[{'id':288751,'name':'Amabilis','wfs':[{'id':488394560,'morph':{'Casus':'DATIVE','DeclensionType':'THIRD_DECLENSION','Genus':'MASCULINE','Numerus':'SINGULAR','Pos':'NP'},'name':'Amabili'}]}],'name':'Amabilis@NP'}]">AMABILI</w><c> </c><w lemma="[{'id':1019500,'ls':[{'id':1019501,'name':'executor','wfs':[{'id':243342762,'morph':{'Casus':'DATIVE','DeclensionType':'THIRD_DECLENSION','Genus':'MASCULINE','Numerus':'SINGULAR','Pos':'NN'},'name':'executori'}]}],'name':'exsecutor@NN'}]">EXECUTORI</w><c> </c><w lemma="[{'id':624521,'ls':[{'id':624522,'name':'Theodericus','wfs':[{'id':243244190,'morph':{'Casus':'NOMINATIVE','DeclensionType':'SECOND_DECLENSION','Genus':'MASCULINE','Numerus':'SINGULAR','Pos':'NP'},'name':'Theodericus'}]}],'name':'Theodericus@NP'}]">THEODERICUS</w><c> </c><w lemma="[{'id':1329481,'ls':[{'id':7965,'name':'rex','wfs':[{'id':1329499,'morph':{'Casus':'NOMINATIVE','DeclensionType':'THIRD_DECLENSION','Genus':'MASCULINE','Numerus':'SINGULAR','Pos':'NN'},'name':'rex'}]}],'name':'rex@NN'}]">REX</w><c>.</c></s></head><note><s><hi rend="ITALICS"><w lemma="[{'id':759853,'ls':[{'id':807,'name':'annus','wfs':[{'id':382849904,'morph':{'Casus':'ABLATIVE','DeclensionType':'SECOND_DECLENSION','Genus':'MASCULINE','Numerus':'SINGULAR','Pos':'NN'},'name':'a'}]}],'name':'annus@NN'}]">a</w><c> </c><w lemma="[{'id':241346594,'ls':[{'id':241346595,'name':'NUMERAL','wfs':[{'id':241346596,'morph':{'Pos':'NUM'},'name':'NUMERAL'}]}],'name':'NUMERAL@NUM'}]">507</w><c>/</c><w lemma="[{'id':241346594,'ls':[{'id':241346595,'name':'NUMERAL','wfs':[{'id':241346596,'morph':{'Pos':'NUM'},'name':'NUMERAL'}]}],'name':'NUMERAL@NUM'}]">511</w></hi></s></note><lb n="27" xml:id="bsb00000824_00201_27"></lb><p><s><w lemma="[{'id':915080,'ls':[{'id':2757,'name':'cor','wfs':[{'id':243305494,'morph':{'Casus':'DATIVE','DeclensionType':'THIRD_DECLENSION','Genus':'NEUTER','Numerus':'SINGULAR','Pos':'NN'},'name':'cordi'}]}],'name':'cor@NN'}]">Cordi</w><c> </c><w lemma="[{'id':242816286,'ls':[{'id':242816287,'name':'nos','wfs':[{'id':594760049,'morph':{'Casus':'DATIVE','Genus':'MASCULINE','Numerus':'PLURAL','Pos':'PRO','PronounType':'PERSONAL'},'name':'nobis'}]}],'name':'nos@PRO'}]">nobis</w><c> </c><w lemma="[{'id':7617143,'ls':[{'id':7617144,'name':'sum','wfs':[{'id':242825881,'morph':{'Mood':'INDICATIVE','Numerus':'SINGULAR','Person':'PERSON_3','Pos':'V','Tense':'PRESENT','VerbType':'VERBA_ANOMALA','Voice':'ACTIVE'},'name':'est'}]}],'name':'sum@V'}]">est</w><c> </c><w lemma="[{'id':2081351,'ls':[{'id':2081352,'name':'cunctus','wfs':[{'id':2081359,'morph':{'Casus':'ACCUSATIVE','ComparisonDegree':'POSITIVE','DeclensionType':'SECOND_DECLENSION','Genus':'MASCULINE','Numerus':'PLURAL','Pos':'ADJ'},'name':'cunctos'}]}],'name':'cunctus@ADJ'}]">cunctos</w><c> </c><w lemma="[{'id':109577,'ls':[{'id':109578,'name':'in','wfs':[{'id':109579,'morph':{'Pos':'AP'},'name':'in'}]}],'name':'in@AP'}]">in</w><c> </c><w lemma="[{'id':881326,'ls':[{'id':881327,'name':'commune','wfs':[{'id':243292001,'morph':{'Casus':'ABLATIVE','DeclensionType':'THIRD_DECLENSION','Genus':'NEUTER','Numerus':'SINGULAR','Pos':'NN'},'name':'commune'}]}],'name':'commune@NN'}]">commune</w><c> </c><w lemma="[{'id':6966162,'ls':[{'id':7557,'name':'protego','wfs':[{'id':6966243,'morph':{'ConjugationType':'THIRD_CONJUGATION','Mood':'INFINITIVE','Pos':'V','Tense':'PRESENT','VerbType':'TRANSITIVE','Voice':'ACTIVE'},'name':'protegere'}]}],'name':'protego@V'}]">protegere</w><c>,</c><c> </c><w lemma="[{'id':110010,'ls':[{'id':110011,'name':'sed','wfs':[{'id':110012,'morph':{'Pos':'CON'},'name':'sed'}]}],'name':'sed@CON'}]">sed</w><c> </c><w lemma="[{'id':919681,'ls':[{'id':2809,'name':'cos','wfs':[{'id':241422591,'morph':{'Casus':'NOMINATIVE','Numerus':'SINGULAR','Pos':'NN'},'name':'cos'}]}],'name':'cos@NN'}]">cos</w><c> </c><w lemma="[{'id':201080,'ls':[{'id':201081,'name':'magnus','wfs':[{'id':201084,'morph':{'ComparisonDegree':'SUPERLATIVE','Pos':'ADV'},'name':'maxime'}]}],'name':'magnus@ADV'}]">maxime</w><c> </c><w lemma="[{'id':242816363,'ls':[{'id':242816364,'name':'qui','wfs':[{'id':242816417,'morph':{'Casus':'ACCUSATIVE','Genus':'MASCULINE','Numerus':'PLURAL','Pos':'PRO','PronounType':'RELATIVE'},'name':'quos'}]}],'name':'qui@PRO'}]">quos</w><c> </c><w lemma="[{'id':242816792,'ls':[{'id':242816793,'name':'sui','wfs':[{'id':594750177,'morph':{'Casus':'DATIVE','Genus':'MASCULINE','Numerus':'PLURAL','Pos':'PRO','PronounType':'REFLEXIVE'},'name':'sibi'}]}],'name':'sui@PRO'}]">sibi</w><c> </c><w lemma="[{'id':6327887,'ls':[{'id':6419,'name':'nosco','wfs':[{'id':6328457,'morph':{'ConjugationType':'THIRD_CONJUGATION','Mood':'INDICATIVE','Numerus':'PLURAL','Person':'PERSON_1','Pos':'V','Tense':'PERFECT','VerbType':'TRANSITIVE','Voice':'ACTIVE'},'name':'novimus'}]}],'name':'nosco@V'}]">novimus</w><c> </c><lb n="28" xml:id="bsb00000824_00201_28"></lb><w lemma="[{'id':4912490,'ls':[{'id':3343,'name':'desum','wfs':[{'id':243197961,'morph':{'Mood':'INFINITIVE','Pos':'V','Tense':'PERFECT','VerbType':'VERBA_ANOMALA','Voice':'ACTIVE'},'name':'defuisse'}]}],'name':'desum@V'}]">defuisse</w><c>.</c><c> </c></s><s><w lemma="[{'id':235482,'ls':[{'id':8302,'name':'sic','wfs':[{'id':241337168,'morph':{'Pos':'ADV'},'name':'sic'}]}],'name':'sic@ADV'}]">sic</w><c> </c><w lemma="[{'id':109821,'ls':[{'id':109822,'name':'enim','wfs':[{'id':109823,'morph':{'Pos':'CON'},'name':'enim'}]}],'name':'enim@CON'}]">enim</w><c> </c><w lemma="[{'id':729556,'ls':[{'id':516,'name':'aequitas','wfs':[{'id':729572,'morph':{'Casus':'GENITIVE','DeclensionType':'THIRD_DECLENSION','Genus':'FEMININE','Numerus':'SINGULAR','Pos':'NN'},'name':'aequitatis'}]}],'name':'aequitas@NN'}]">aequitatis</w><c> </c><w lemma="[{'id':1138943,'ls':[{'id':5741,'name':'libra','wfs':[{'id':1138958,'morph':{'Casus':'NOMINATIVE','DeclensionType':'FIRST_DECLENSION','Genus':'FEMININE','Numerus':'SINGULAR','Pos':'NN'},'name':'libra'}]}],'name':'libra@NN'}]">libra</w><c> </c><w lemma="[{'id':7367147,'ls':[{'id':8287,'name':'servo','wfs':[{'id':7367840,'morph':{'ConjugationType':'FIRST_CONJUGATION','Mood':'INDICATIVE','Numerus':'SINGULAR','Person':'PERSON_3','Pos':'V','Tense':'FUTURE','VerbType':'TRANSITIVE','Voice':'PASSIVE'},'name':'servabitur'}]}],'name':'servo@V'}]">servabitur</w><c>,</c><c> </c><w lemma="[{'id':110020,'ls':[{'id':110021,'name':'si','wfs':[{'id':110022,'morph':{'Pos':'CON'},'name':'si'}]}],'name':'si@CON'}]">si</w><c> </c><w lemma="[{'id':802370,'ls':[{'id':1248,'name':'auxilium','wfs':[{'id':243266033,'morph':{'Casus':'ACCUSATIVE','DeclensionType':'SECOND_DECLENSION','Genus':'NEUTER','Numerus':'SINGULAR','Pos':'NN'},'name':'auxilium'}]}],'name':'auxilium@NN'}]">auxilium</w><c> </c><w lemma="[{'id':6123040,'ls':[{'id':5619,'name':'largior','wfs':[{'id':6123530,'morph':{'ConjugationType':'FOURTH_CONJUGATION','Mood':'SUBJUNCTIVE','Numerus':'PLURAL','Person':'PERSON_1','Pos':'V','Tense':'PRESENT','VerbType':'DEPONENT','Voice':'PASSIVE'},'name':'largiamur'}]}],'name':'largior@V'}]">largiamur</w><c> </c><w lemma="[{'id':1081630,'ls':[{'id':1081631,'name':'impar','wfs':[{'id':1081635,'morph':{'Casus':'DATIVE','DeclensionType':'THIRD_DECLENSION','Genus':'MASCULINE','Numerus':'PLURAL','Pos':'NN'},'name':'imparibus'}]}],'name':'impar@NN'}]">imparibus</w><c> </c><w lemma="[{'id':109828,'ls':[{'id':109829,'name':'et','wfs':[{'id':109830,'morph':{'Pos':'CON'},'name':'et'}]}],'name':'et@CON'}]">et</w><c> </c><w lemma="[{'id':1167132,'ls':[{'id':6092,'name':'metus','wfs':[{'id':243394435,'morph':{'Casus':'ACCUSATIVE','DeclensionType':'FOURTH_DECLENSION','Genus':'MASCULINE','Numerus':'SINGULAR','Pos':'NN'},'name':'metum'}]}],'name':'metus@NN'}]">metum</w><c> </c><lb n="29" xml:id="bsb00000824_00201_29"></lb><w lemma="[{'id':242816286,'ls':[{'id':242816287,'name':'nos','wfs':[{'id':245551288,'morph':{'Casus':'GENITIVE','Genus':'COMMON','Numerus':'PLURAL','Pos':'PRO','PronounType':'PERSONAL'},'name':'nostri'}]}],'name':'nos@PRO'}]">nostri</w><c> </c><w lemma="[{'id':109629,'ls':[{'id':109630,'name':'pro','wfs':[{'id':109631,'morph':{'Pos':'AP'},'name':'pro'}]}],'name':'pro@AP'}]">pro</w><c> </c><w lemma="[{'id':2768603,'ls':[{'id':2768755,'name':'parvulus','wfs':[{'id':2768764,'morph':{'Casus':'DATIVE','ComparisonDegree':'POSITIVE','DeclensionType':'SECOND_DECLENSION','Genus':'MASCULINE','Numerus':'PLURAL','Pos':'ADJ'},'name':'parvulis'}]}],'name':'parvulus@ADJ'}]">parvulis</w><c> </c><w lemma="[{'id':2521775,'ls':[{'id':242173397,'name':'insolens','wfs':[{'id':244042998,'morph':{'Casus':'ABLATIVE','ComparisonDegree':'POSITIVE','DeclensionType':'THIRD_DECLENSION','Genus':'MASCULINE','Numerus':'PLURAL','Pos':'ADJ'},'name':'insolentibus'}]}],'name':'insolens@ADJ'}]">insolentibus</w><c> </c><w lemma="[{'id':6493300,'ls':[{'id':6653,'name':'oppono','wfs':[{'id':6493431,'morph':{'ConjugationType':'THIRD_CONJUGATION','Mood':'SUBJUNCTIVE','Numerus':'PLURAL','Person':'PERSON_1','Pos':'V','Tense':'PRESENT','VerbType':'TRANSITIVE','Voice':'ACTIVE'},'name':'opponamus'}]}],'name':'oppono@V'}]">opponamus</w><c>.</c><c> </c></s><s><w lemma="[{'id':1039525,'ls':[{'id':4477,'name':'fortuna','wfs':[{'id':1039539,'morph':{'Casus':'NOMINATIVE','DeclensionType':'FIRST_DECLENSION','Genus':'FEMININE','Numerus':'SINGULAR','Pos':'NN'},'name':'fortuna'}]}],'name':'fortuna@NN'}]">fortuna</w><c> </c><w lemma="[{'id':2768942,'ls':[{'id':6825,'name':'parvus','wfs':[{'id':2769171,'morph':{'Casus':'NOMINATIVE','ComparisonDegree':'COMPARATIVE','DeclensionType':'THIRD_DECLENSION','Genus':'FEMININE','Numerus':'SINGULAR','Pos':'ADJ'},'name':'minor'}]}],'name':'parvus@ADJ'}]">minor</w><c> </c><w lemma="[{'id':1278659,'ls':[{'id':1278660,'name':'princeps','wfs':[{'id':243431603,'morph':{'Casus':'ACCUSATIVE','DeclensionType':'THIRD_DECLENSION','Genus':'MASCULINE','Numerus':'SINGULAR','Pos':'NN'},'name':'principem'}]}],'name':'princeps@NN'}]">principem</w><c> </c><w lemma="[{'id':7026606,'ls':[{'id':244494165,'name':'quaero','wfs':[{'id':7026998,'morph':{'ConjugationType':'THIRD_CONJUGATION','Mood':'INDICATIVE','Numerus':'SINGULAR','Person':'PERSON_3','Pos':'V','Tense':'PRESENT','VerbType':'TRANSITIVE','Voice':'ACTIVE'},'name':'quaerit'}]}],'name':'quaero@V'}]">quaerit</w><c>,</c><c> </c><w lemma="[{'id':109966,'ls':[{'id':109967,'name':'quia','wfs':[{'id':109968,'morph':{'Pos':'CON'},'name':'quia'}]}],'name':'quia@CON'}]">quia</w><c> </c><w lemma="[{'id':109577,'ls':[{'id':109578,'name':'in','wfs':[{'id':109579,'morph':{'Pos':'AP'},'name':'in'}]}],'name':'in@AP'}]">in</w><c> </c><lb n="30" xml:id="bsb00000824_00201_30"></lb><w lemma="[{'id':1470407,'ls':[{'id':9314,'name':'vituperatio','wfs':[{'id':243501027,'morph':{'Casus':'ACCUSATIVE','DeclensionType':'THIRD_DECLENSION','Genus':'FEMININE','Numerus':'SINGULAR','Pos':'NN'},'name':'vituperationem'}]}],'name':'vituperatio@NN'}]">vituperationem</w><c> </c><w lemma="[{'id':244510439,'ls':[{'id':244510440,'name':'noster','wfs':[{'id':244510441,'morph':{'Casus':'ACCUSATIVE','DeclensionType':'FIRST_DECLENSION','Genus':'FEMININE','Numerus':'SINGULAR','Pos':'PRO','PronounType':'POSSESSIVE'},'name':'nostram'}]}],'name':'noster@PRO'}]">nostram</w><c> </c><w lemma="[{'id':4630850,'ls':[{'id':2793,'name':'corruo','wfs':[{'id':4631976,'morph':{'ConjugationType':'THIRD_CONJUGATION','Mood':'INDICATIVE','Numerus':'PLURAL','Person':'PERSON_3','Pos':'V','Tense':'PRESENT','VerbType':'TRANSITIVE','Voice':'ACTIVE'},'name':'corruunt'}]}],'name':'corruo@V'}]">corruunt</w><c> </c><w lemma="[{'id':242816363,'ls':[{'id':242816364,'name':'qui','wfs':[{'id':242816406,'morph':{'Casus':'ABLATIVE','Genus':'MASCULINE','Numerus':'PLURAL','Pos':'PRO','PronounType':'RELATIVE'},'name':'quibus'}]}],'name':'qui@PRO'}]">quibus</w><c> </c><w lemma="[{'id':242816792,'ls':[{'id':242816793,'name':'sui','wfs':[{'id':594734072,'morph':{'Casus':'ACCUSATIVE','Genus':'MASCULINE','Numerus':'PLURAL','Pos':'PRO','PronounType':'REFLEXIVE'},'name':'se'}]}],'name':'sui@PRO'}]">se</w><c> </c><w lemma="[{'id':2914003,'ls':[{'id':7599,'name':'publicus','wfs':[{'id':2914058,'morph':{'Casus':'NOMINATIVE','ComparisonDegree':'POSITIVE','DeclensionType':'SECOND_DECLENSION','Genus':'NEUTER','Numerus':'PLURAL','Pos':'ADJ'},'name':'publica'}]}],'name':'publicus@ADJ'}]">publica</w><c> </c><w lemma="[{'id':1473777,'ls':[{'id':9345,'name':'votum','wfs':[{'id':1473800,'morph':{'Casus':'NOMINATIVE','DeclensionType':'SECOND_DECLENSION','Genus':'NEUTER','Numerus':'PLURAL','Pos':'NN'},'name':'vota'}]}],'name':'votum@NN'}]">vota</w><c> </c><w lemma="[{'id':7460780,'ls':[{'id':7460781,'name':'subduco','wfs':[{'id':7461058,'morph':{'ConjugationType':'THIRD_CONJUGATION','Mood':'INDICATIVE','Numerus':'PLURAL','Person':'PERSON_3','Pos':'V','Tense':'PRESENT','VerbType':'TRANSITIVE','Voice':'ACTIVE'},'name':'subducunt'}]}],'name':'subduco@V'}]">subducunt</w><c>.</c><c> </c></s><s><w lemma="[{'id':675290,'ls':[{'id':675292,'name':'Venantius','wfs':[{'id':759763,'morph':{'Casus':'GENITIVE','DeclensionType':'SECOND_DECLENSION','Genus':'MASCULINE','Numerus':'SINGULAR','Pos':'NP'},'name':'Venantii'}]}],'name':'Venantius@NP'}]">Venantii</w><c> </c><w lemma="[{'id':196539,'ls':[{'id':5546,'name':'itaque','wfs':[{'id':196541,'morph':{'Pos':'ADV'},'name':'itaque'}]}],'name':'itaque@ADV'}]">itaque</w><c> </c><lb n="31" xml:id="bsb00000824_00201_31"></lb><w lemma="[{'id':1436778,'ls':[{'id':9007,'name':'tutor','wfs':[{'id':1436790,'morph':{'Casus':'GENITIVE','DeclensionType':'THIRD_DECLENSION','Genus':'MASCULINE','Numerus':'SINGULAR','Pos':'NN'},'name':'tutoris'}]}],'name':'tutor@NN'}]">tutoris</w><c> </c><w lemma="[{'id':562561,'ls':[{'id':562562,'name':'Plutianus','wfs':[{'id':689941,'morph':{'Casus':'GENITIVE','DeclensionType':'SECOND_DECLENSION','Genus':'MASCULINE','Numerus':'SINGULAR','Pos':'NP'},'name':'Plutiani'}]}],'name':'Plutianus@NP'}]">Plutiani</w><c> </c><w lemma="[{'id':2591751,'ls':[{'id':2591752,'name':'lacrimabilis','wfs':[{'id':2591823,'morph':{'Casus':'ABLATIVE','ComparisonDegree':'POSITIVE','DeclensionType':'THIRD_DECLENSION','Genus':'FEMININE','Numerus':'SINGULAR','Pos':'ADJ'},'name':'lacrimabili'}]}],'name':'lacrimabilis@ADJ'}]">lacrimabili</w><c> </c><w lemma="[{'id':1395093,'ls':[{'id':8644,'name':'suggestio','wfs':[{'id':244750472,'morph':{'Casus':'ABLATIVE','DeclensionType':'THIRD_DECLENSION','Genus':'FEMININE','Numerus':'SINGULAR','Pos':'NN'},'name':'suggestione'}]}],'name':'suggestio@NN'}]">suggestione</w><c> </c><w lemma="[{'id':4326527,'ls':[{'id':2218,'name':'comperio','wfs':[{'id':4326643,'morph':{'ConjugationType':'FOURTH_CONJUGATION','Mood':'INDICATIVE','Numerus':'PLURAL','Person':'PERSON_1','Pos':'V','Tense':'PERFECT','VerbType':'TRANSITIVE','Voice':'ACTIVE'},'name':'comperimus'}]}],'name':'comperio@V'}]">comperimus</w><c> </c><w lemma="[{'id':244494563,'ls':[{'id':244494560,'name':'ProperName','wfs':[{'id':653276097,'morph':{'Pos':'NP'},'name':'Neoterium'}]}],'name':'ProperName@NE'}]">Neoterium</w><c> </c><w lemma="[{'id':1040499,'ls':[{'id':4492,'name':'frater','wfs':[{'id':241435778,'morph':{'Casus':'ACCUSATIVE','DeclensionType':'THIRD_DECLENSION','Genus':'MASCULINE','Numerus':'SINGULAR','Pos':'NN'},'name':'fratrem'}]}],'name':'frater@NN'}]">fratrem</w><c> </c><w lemma="[{'id':244511757,'ls':[{'id':244511758,'name':'suus','wfs':[{'id':244989990,'morph':{'Casus':'ACCUSATIVE','Genus':'MASCULINE','Numerus':'SINGULAR','Pos':'PRO','PronounType':'POSSESSIVE'},'name':'suum'}]}],'name':'suus@PRO'}]">suum</w><c>,</c><c> </c><w lemma="[{'id':1572982,'ls':[{'id':1573095,'name':'affectus','wfs':[{'id':1573173,'morph':{'Casus':'ACCUSATIVE','ComparisonDegree':'POSITIVE','DeclensionType':'SECOND_DECLENSION','Genus':'MASCULINE','Numerus':'SINGULAR','Pos':'ADJ'},'name':'affectum'}]}],'name':'affectus@ADJ'}]">affectum</w><c> </c><lb n="32" xml:id="bsb00000824_00201_32"></lb><w lemma="[{'id':1052663,'ls':[{'id':1052664,'name':'germanitas','wfs':[{'id':1052676,'morph':{'Casus':'GENITIVE','DeclensionType':'THIRD_DECLENSION','Genus':'FEMININE','Numerus':'SINGULAR','Pos':'NN'},'name':'germanitatis'}]}],'name':'germanitas@NN'}]">germanitatis</w><c> </c><w lemma="[{'id':2719327,'ls':[{'id':2719328,'name':'oblitus','wfs':[{'id':2719406,'morph':{'Casus':'ACCUSATIVE','ComparisonDegree':'POSITIVE','DeclensionType':'SECOND_DECLENSION','Genus':'MASCULINE','Numerus':'SINGULAR','Pos':'ADJ'},'name':'oblitum'}]}],'name':'oblitus@ADJ'}]">oblitum</w><c>,</c><c> </c><w lemma="[{'id':814792,'ls':[{'id':6095353,'name':'bonum','wfs':[{'id':739521711,'morph':{'Casus':'ACCUSATIVE','DeclensionType':'SECOND_DECLENSION','Genus':'NEUTER','Numerus':'PLURAL','Pos':'NN'},'name':'bona'}]}],'name':'bonum@NN'}]">bona</w><c> </c><w lemma="[{'id':1227998,'ls':[{'id':1228015,'name':'parvulus','wfs':[{'id':1228028,'morph':{'Casus':'GENITIVE','DeclensionType':'SECOND_DECLENSION','Genus':'MASCULINE','Numerus':'SINGULAR','Pos':'NN'},'name':'parvuli'}]}],'name':'parvulus@NN'}]">parvuli</w><c> </c><w lemma="[{'id':2395887,'ls':[{'id':2395888,'name':'hostilis','wfs':[{'id':2395977,'morph':{'Casus':'ABLATIVE','ComparisonDegree':'POSITIVE','DeclensionType':'THIRD_DECLENSION','Genus':'MASCULINE','Numerus':'SINGULAR','Pos':'ADJ'},'name':'hostili'}]}],'name':'hostilis@ADJ'}]">hostili</w><c> </c><w lemma="[{'id':1047625,'ls':[{'id':4581,'name':'furor','wfs':[{'id':243352249,'morph':{'Casus':'ABLATIVE','DeclensionType':'THIRD_DECLENSION','Genus':'MASCULINE','Numerus':'SINGULAR','Pos':'NN'},'name':'furore'}]}],'name':'furor@NN'}]">furore</w><c> </c><w lemma="[{'id':6106012,'ls':[{'id':5571,'name':'lacero','wfs':[{'id':741459307,'morph':{'ConjugationType':'FIRST_CONJUGATION','Mood':'INFINITIVE','Pos':'V','Tense':'PERFECT','VerbType':'TRANSITIVE','Voice':'ACTIVE'},'name':'lacerasse'}]}],'name':'lacero@V'}]">lacerasse</w><c>.</c><c> </c></s><s><w lemma="[{'id':242816363,'ls':[{'id':242816364,'name':'qui','wfs':[{'id':296826590,'morph':{'Casus':'NOMINATIVE','Genus':'NEUTER','Numerus':'SINGULAR','Pos':'PRO','PronounType':'RELATIVE'},'name':'quod'}]}],'name':'qui@PRO'}]">quod</w><c> </c><w lemma="[{'id':242816286,'ls':[{'id':242816287,'name':'nos','wfs':[{'id':386315174,'morph':{'Casus':'ACCUSATIVE','Genus':'MASCULINE','Numerus':'PLURAL','Pos':'PRO','PronounType':'PERSONAL'},'name':'nos'}]}],'name':'nos@PRO'}]">nos</w><c> </c><w lemma="[{'id':109629,'ls':[{'id':109630,'name':'pro','wfs':[{'id':109631,'morph':{'Pos':'AP'},'name':'pro'}]}],'name':'pro@AP'}]">pro</w><c> </c><w lemma="[{'id':1322669,'ls':[{'id':964024,'name':'res','wfs':[{'id':242825945,'morph':{'Casus':'GENITIVE','DeclensionType':'FIFTH_DECLENSION','Genus':'FEMININE','Numerus':'PLURAL','Pos':'NN'},'name':'rerum'}]}],'name':'res@NN'}]">rerum</w><c> </c><w lemma="[{'id':244511757,'ls':[{'id':244511758,'name':'suus','wfs':[{'id':245550210,'morph':{'Casus':'GENITIVE','Genus':'FEMININE','Numerus':'PLURAL','Pos':'PRO','PronounType':'POSSESSIVE'},'name':'suarum'}]}],'name':'suus@PRO'}]">suarum</w><c> </c><pb n="18" xml:id="bsb00000824_00202"></pb><lb n="1" xml:id="bsb00000824_00202_1"></lb><w lemma="[{'id':706244,'ls':[{'id':150,'name':'acerbitas','wfs':[{'id':243237542,'morph':{'Casus':'ABLATIVE','DeclensionType':'THIRD_DECLENSION','Genus':'FEMININE','Numerus':'SINGULAR','Pos':'NN'},'name':'acerbitate'}]}],'name':'acerbitas@NN'}]">acerbitate</w><c> </c><w lemma="[{'id':4295011,'ls':[{'id':2181,'name':'commoveo','wfs':[{'id':4295732,'morph':{'ConjugationType':'SECOND_CONJUGATION','Mood':'INDICATIVE','Numerus':'SINGULAR','Person':'PERSON_3','Pos':'V','Tense':'PERFECT','VerbType':'TRANSITIVE','Voice':'ACTIVE'},'name':'commovit'}]}],'name':'commoveo@V'}]">commovit</w><c>,</c><c> </c><w lemma="[{'id':110061,'ls':[{'id':110062,'name':'ut','wfs':[{'id':110063,'morph':{'Pos':'CON'},'name':'ut'}]}],'name':'ut@CON'}]">ut</w><c> </c><w lemma="[{'id':1130961,'ls':[{'id':5620,'name':'largitas','wfs':[{'id':1130976,'morph':{'Casus':'NOMINATIVE','DeclensionType':'THIRD_DECLENSION','Genus':'FEMININE','Numerus':'SINGULAR','Pos':'NN'},'name':'largitas'}]}],'name':'largitas@NN'}]">largitas</w><c> </c><w lemma="[{'id':244510439,'ls':[{'id':244510440,'name':'noster','wfs':[{'id':244510472,'morph':{'Casus':'NOMINATIVE','DeclensionType':'FIRST_DECLENSION','Genus':'FEMININE','Numerus':'SINGULAR','Pos':'PRO','PronounType':'POSSESSIVE'},'name':'nostra'}]}],'name':'noster@PRO'}]">nostra</w><c>,</c><c> </c><w lemma="[{'id':242816363,'ls':[{'id':242816364,'name':'qui','wfs':[{'id':244510910,'morph':{'Casus':'ACCUSATIVE','Genus':'FEMININE','Numerus':'SINGULAR','Pos':'PRO','PronounType':'RELATIVE'},'name':'quam'}]}],'name':'qui@PRO'}]">quam</w><c> </c><w lemma="[{'id':251926,'ls':[{'id':251929,'name':'velut','wfs':[{'id':251930,'morph':{'ComparisonDegree':'POSITIVE','Pos':'ADV'},'name':'velut'}]}],'name':'velut@ADV'}]">velut</w><c> </c><w lemma="[{'id':1420465,'ls':[{'id':8854,'name':'titulus','wfs':[{'id':1420474,'morph':{'Casus':'ACCUSATIVE','DeclensionType':'SECOND_DECLENSION','Genus':'MASCULINE','Numerus':'SINGULAR','Pos':'NN'},'name':'titulum'}]}],'name':'titulus@NN'}]">titulum</w><c> </c><w lemma="[{'id':8038609,'ls':[{'id':9327,'name':'volo','wfs':[{'id':243116354,'morph':{'Mood':'INDICATIVE','Numerus':'PLURAL','Person':'PERSON_1','Pos':'V','Tense':'PRESENT','VerbType':'VERBA_ANOMALA','Voice':'ACTIVE'},'name':'volumus'}]}],'name':'volo@V'}]">volumus</w><c> </c><w lemma="[{'id':7428577,'ls':[{'id':8472,'name':'sto','wfs':[{'id':7428663,'morph':{'ConjugationType':'FIRST_CONJUGATION','Mood':'INFINITIVE','Pos':'V','Tense':'PRESENT','VerbType':'TRANSITIVE','Voice':'ACTIVE'},'name':'stare'}]}],'name':'sto@V'}]">stare</w><c> </c><w lemma="[{'id':1254025,'ls':[{'id':7092,'name':'pietas','wfs':[{'id':1254037,'morph':{'Casus':'GENITIVE','DeclensionType':'THIRD_DECLENSION','Genus':'FEMININE','Numerus':'SINGULAR','Pos':'NN'},'name':'pietatis'}]}],'name':'pietas@NN'}]">pietatis</w><c>,</c><c> </c><lb n="2" xml:id="bsb00000824_00202_2"></lb><w lemma="[{'id':242753054,'ls':[{'id':242753055,'name':'usurpatus','wfs':[{'id':242753127,'morph':{'Casus':'NOMINATIVE','ComparisonDegree':'POSITIVE','DeclensionType':'FIRST_DECLENSION','Genus':'FEMININE','Numerus':'SINGULAR','Pos':'ADJ'},'name':'usurpata'}]}],'name':'usurpatus@ADJ'}]">usurpata</w><c> </c><w lemma="[{'id':1274820,'ls':[{'id':7353,'name':'praesumptio','wfs':[{'id':243430003,'morph':{'Casus':'ABLATIVE','DeclensionType':'THIRD_DECLENSION','Genus':'FEMININE','Numerus':'PLURAL','Pos':'NN'},'name':'praesumptionibus'}]}],'name':'praesumptio@NN'}]">praesumptionibus</w><c> </c><w lemma="[{'id':242815904,'ls':[{'id':244520791,'name':'videor','wfs':[{'id':232322735,'morph':{'ConjugationType':'SECOND_CONJUGATION','Mood':'SUBJUNCTIVE','Numerus':'SINGULAR','Person':'PERSON_3','Pos':'V','Tense':'PRESENT','VerbType':'DEPONENT','Voice':'PASSIVE'},'name':'videatur'}]}],'name':'videor@V'}]">videatur</w><c> </c><w lemma="[{'id':2410206,'ls':[{'id':2410207,'name':'illicitus','wfs':[{'id':2410214,'morph':{'Casus':'ABLATIVE','ComparisonDegree':'POSITIVE','DeclensionType':'FIRST_DECLENSION','Genus':'FEMININE','Numerus':'PLURAL','Pos':'ADJ'},'name':'illicitis'}]}],'name':'illicitus@ADJ'}]">illicitis</w><c>.</c><c> </c></s><s><w lemma="[{'id':109828,'ls':[{'id':109829,'name':'et','wfs':[{'id':109830,'morph':{'Pos':'CON'},'name':'et'}]}],'name':'et@CON'}]">et</w><c> </c><w lemma="[{'id':109966,'ls':[{'id':109967,'name':'quia','wfs':[{'id':109968,'morph':{'Pos':'CON'},'name':'quia'}]}],'name':'quia@CON'}]">quia</w><c> </c><w lemma="[{'id':981660,'ls':[{'id':3723,'name':'dubium','wfs':[{'id':981663,'morph':{'Casus':'NOMINATIVE','DeclensionType':'SECOND_DECLENSION','Genus':'NEUTER','Numerus':'SINGULAR','Pos':'NN'},'name':'dubium'}]}],'name':'dubium@NN'}]">dubium</w><c> </c><w lemma="[{'id':206035,'ls':[{'id':6416,'name':'non','wfs':[{'id':241322627,'morph':{'Pos':'ADV'},'name':'non'}]}],'name':'non@ADV'}]">non</w><c> </c><w lemma="[{'id':7617143,'ls':[{'id':7617144,'name':'sum','wfs':[{'id':242825881,'morph':{'Mood':'INDICATIVE','Numerus':'SINGULAR','Person':'PERSON_3','Pos':'V','Tense':'PRESENT','VerbType':'VERBA_ANOMALA','Voice':'ACTIVE'},'name':'est'}]}],'name':'sum@V'}]">est</w><c> </c><w lemma="[{'id':109577,'ls':[{'id':109578,'name':'in','wfs':[{'id':109579,'morph':{'Pos':'AP'},'name':'in'}]}],'name':'in@AP'}]">in</w><c> </c><w lemma="[{'id':1320205,'ls':[{'id':7882,'name':'repetitio','wfs':[{'id':243447535,'morph':{'Casus':'ABLATIVE','DeclensionType':'THIRD_DECLENSION','Genus':'FEMININE','Numerus':'SINGULAR','Pos':'NN'},'name':'repetitione'}]}],'name':'repetitio@NN'}]">repetitione</w><c> </c><w lemma="[{'id':2768942,'ls':[{'id':6825,'name':'parvus','wfs':[{'id':2769168,'morph':{'Casus':'GENITIVE','ComparisonDegree':'COMPARATIVE','DeclensionType':'THIRD_DECLENSION','Genus':'FEMININE','Numerus':'SINGULAR','Pos':'ADJ'},'name':'minoris'}]}],'name':'parvus@ADJ'}]">minoris</w><c> </c><lb n="3" xml:id="bsb00000824_00202_3"></lb><w lemma="[{'id':201080,'ls':[{'id':201081,'name':'magnus','wfs':[{'id':201084,'morph':{'ComparisonDegree':'SUPERLATIVE','Pos':'ADV'},'name':'maxime'}]}],'name':'magnus@ADV'}]">maxime</w><c> </c><w lemma="[{'id':7625890,'ls':[{'id':8571,'name':'submoveo','wfs':[{'id':7626372,'morph':{'ConjugationType':'SECOND_CONJUGATION','Mood':'INFINITIVE','Pos':'V','Tense':'PRESENT','VerbType':'TRANSITIVE','Voice':'PASSIVE'},'name':'submoveri'}]}],'name':'summoveo@V'}]">submoveri</w><c> </c><w lemma="[{'id':972649,'ls':[{'id':3600,'name':'dispendium','wfs':[{'id':243325232,'morph':{'Casus':'ACCUSATIVE','DeclensionType':'SECOND_DECLENSION','Genus':'NEUTER','Numerus':'PLURAL','Pos':'NN'},'name':'dispendia'}]}],'name':'dispendium@NN'}]">dispendia</w><c> </c><w lemma="[{'id':1410354,'ls':[{'id':1410355,'name':'tarditas','wfs':[{'id':1410366,'morph':{'Casus':'GENITIVE','DeclensionType':'THIRD_DECLENSION','Genus':'FEMININE','Numerus':'SINGULAR','Pos':'NN'},'name':'tarditatis'}]}],'name':'tarditas@NN'}]">tarditatis</w><c>,</c><c> </c><w lemma="[{'id':183546,'ls':[{'id':183547,'name':'ideo','wfs':[{'id':241312379,'morph':{'Pos':'ADV'},'name':'ideoque'}]}],'name':'ideo@ADV'}]">ideoque</w><c> </c><w lemma="[{'id':960407,'ls':[{'id':3470,'name':'devotio','wfs':[{'id':960414,'morph':{'Casus':'NOMINATIVE','DeclensionType':'THIRD_DECLENSION','Genus':'FEMININE','Numerus':'SINGULAR','Pos':'NN'},'name':'devotio'}]}],'name':'devotio@NN'}]">devotio</w><c> </c><w lemma="[{'id':244512131,'ls':[{'id':244512132,'name':'tuus','wfs':[{'id':244512186,'morph':{'Casus':'NOMINATIVE','DeclensionType':'FIRST_DECLENSION','Genus':'FEMININE','Numerus':'SINGULAR','Pos':'PRO','PronounType':'POSSESSIVE'},'name':'tua'}]}],'name':'tuus@PRO'}]">tua</w><c>,</c><c> </c><w lemma="[{'id':244510439,'ls':[{'id':244510440,'name':'noster','wfs':[{'id':6614821,'morph':{'Casus':'ABLATIVE','DeclensionType':'FIRST_DECLENSION','Genus':'FEMININE','Numerus':'SINGULAR','Pos':'PRO','PronounType':'POSSESSIVE'},'name':'nostra'}]}],'name':'noster@PRO'}]">nostra</w><c> </c><w lemma="[{'id':1123200,'ls':[{'id':1123201,'name':'iussio','wfs':[{'id':243379762,'morph':{'Casus':'ABLATIVE','DeclensionType':'THIRD_DECLENSION','Genus':'FEMININE','Numerus':'SINGULAR','Pos':'NN'},'name':'iussione'}]}],'name':'iussio@NN'}]">iussione</w><c> </c><w lemma="[{'id':5511878,'ls':[{'id':4380,'name':'firmo','wfs':[{'id':5511937,'morph':{'Casus':'ABLATIVE','ConjugationType':'FIRST_CONJUGATION','Genus':'FEMININE','Mood':'PARTICIPLE','Numerus':'SINGULAR','Pos':'V','Tense':'PERFECT','VerbType':'TRANSITIVE','Voice':'PASSIVE'},'name':'firmata'}]}],'name':'firmo@V'}]">firmata</w><c>,</c><c> </c><lb n="4" xml:id="bsb00000824_00202_4"></lb><w lemma="[{'id':110020,'ls':[{'id':110021,'name':'si','wfs':[{'id':110022,'morph':{'Pos':'CON'},'name':'si'}]}],'name':'si@CON'}]">si</w><c> </c><w lemma="[{'id':1190486,'ls':[{'id':1190489,'name':'nihil','wfs':[{'id':1190490,'morph':{'Casus':'NOMINATIVE','Genus':'NEUTER','Numerus':'SINGULAR','Pos':'NN'},'name':'nihil'}]}],'name':'nihil@NN'}]">nihil</w><c> </c><w lemma="[{'id':7617143,'ls':[{'id':7617144,'name':'sum','wfs':[{'id':242825881,'morph':{'Mood':'INDICATIVE','Numerus':'SINGULAR','Person':'PERSON_3','Pos':'V','Tense':'PRESENT','VerbType':'VERBA_ANOMALA','Voice':'ACTIVE'},'name':'est'}]}],'name':'sum@V'}]">est</w><c> </c><w lemma="[{'id':242816363,'ls':[{'id':242816364,'name':'qui','wfs':[{'id':296826590,'morph':{'Casus':'NOMINATIVE','Genus':'NEUTER','Numerus':'SINGULAR','Pos':'PRO','PronounType':'RELATIVE'},'name':'quod'}]}],'name':'qui@PRO'}]">quod</w><c> </c><w lemma="[{'id':226878,'ls':[{'id':226879,'name':'rationabiliter','wfs':[{'id':226882,'morph':{'ComparisonDegree':'POSITIVE','Pos':'ADV'},'name':'rationabiliter'}]}],'name':'rationabiliter@ADV'}]">rationabiliter</w><c> </c><w lemma="[{'id':109433,'ls':[{'id':109434,'name':'a','wfs':[{'id':109435,'morph':{'Pos':'AP'},'name':'a'}]}],'name':'a@AP'}]">a</w><c> </c><w lemma="[{'id':242498169,'ls':[{'id':242498170,'name':'pulsatus','wfs':[{'id':242498268,'morph':{'Casus':'ABLATIVE','ComparisonDegree':'POSITIVE','DeclensionType':'SECOND_DECLENSION','Genus':'NEUTER','Numerus':'SINGULAR','Pos':'ADJ'},'name':'pulsato'},{'id':242498252,'morph':{'Casus':'ABLATIVE','ComparisonDegree':'POSITIVE','DeclensionType':'SECOND_DECLENSION','Genus':'MASCULINE','Numerus':'SINGULAR','Pos':'ADJ'},'name':'pulsato'},{'id':242498254,'morph':{'Casus':'DATIVE','ComparisonDegree':'POSITIVE','DeclensionType':'SECOND_DECLENSION','Genus':'MASCULINE','Numerus':'SINGULAR','Pos':'ADJ'},'name':'pulsato'},{'id':242498270,'morph':{'Casus':'DATIVE','ComparisonDegree':'POSITIVE','DeclensionType':'SECOND_DECLENSION','Genus':'NEUTER','Numerus':'SINGULAR','Pos':'ADJ'},'name':'pulsato'}]}],'name':'pulsatus@ADJ'},{'id':7001857,'ls':[{'id':7627,'name':'pulso','wfs':[{'id':7001930,'morph':{'Casus':'DATIVE','ConjugationType':'FIRST_CONJUGATION','Genus':'NEUTER','Mood':'PARTICIPLE','Numerus':'SINGULAR','Pos':'V','Tense':'PERFECT','VerbType':'TRANSITIVE','Voice':'PASSIVE'},'name':'pulsato'},{'id':7001922,'morph':{'Casus':'ABLATIVE','ConjugationType':'FIRST_CONJUGATION','Genus':'MASCULINE','Mood':'PARTICIPLE','Numerus':'SINGULAR','Pos':'V','Tense':'PERFECT','VerbType':'TRANSITIVE','Voice':'PASSIVE'},'name':'pulsato'},{'id':7001923,'morph':{'Casus':'DATIVE','ConjugationType':'FIRST_CONJUGATION','Genus':'MASCULINE','Mood':'PARTICIPLE','Numerus':'SINGULAR','Pos':'V','Tense':'PERFECT','VerbType':'TRANSITIVE','Voice':'PASSIVE'},'name':'pulsato'},{'id':7002185,'morph':{'ConjugationType':'FIRST_CONJUGATION','Mood':'IMPERATIVE','Numerus':'SINGULAR','Person':'PERSON_3','Pos':'V','Tense':'FUTURE','VerbType':'TRANSITIVE','Voice':'ACTIVE'},'name':'pulsato'},{'id':7001929,'morph':{'Casus':'ABLATIVE','ConjugationType':'FIRST_CONJUGATION','Genus':'NEUTER','Mood':'PARTICIPLE','Numerus':'SINGULAR','Pos':'V','Tense':'PERFECT','VerbType':'TRANSITIVE','Voice':'PASSIVE'},'name':'pulsato'},{'id':7002085,'morph':{'ConjugationType':'FIRST_CONJUGATION','Mood':'IMPERATIVE','Numerus':'SINGULAR','Person':'PERSON_2','Pos':'V','Tense':'FUTURE','VerbType':'TRANSITIVE','Voice':'ACTIVE'},'name':'pulsato'}]}],'name':'pulso@V'}]">pulsato</w><c> </c><w lemma="[{'id':6741602,'ls':[{'id':7228,'name':'possum','wfs':[{'id':244516516,'morph':{'Mood':'SUBJUNCTIVE','Numerus':'SINGULAR','Person':'PERSON_3','Pos':'V','Tense':'PRESENT','VerbType':'VERBA_ANOMALA','Voice':'ACTIVE'},'name':'possit'}]}],'name':'possum@V'}]">possit</w><c> </c><w lemma="[{'id':6493300,'ls':[{'id':6653,'name':'oppono','wfs':[{'id':6493382,'morph':{'ConjugationType':'THIRD_CONJUGATION','Mood':'INFINITIVE','Pos':'V','Tense':'PRESENT','VerbType':'TRANSITIVE','Voice':'PASSIVE'},'name':'opponi'}]}],'name':'oppono@V'}]">opponi</w><c>,</c><c> </c><w lemma="[{'id':6744661,'ls':[{'id':7244,'name':'postulo','wfs':[{'id':6744701,'morph':{'Casus':'ACCUSATIVE','ConjugationType':'FIRST_CONJUGATION','Genus':'FEMININE','Mood':'PARTICIPLE','Numerus':'PLURAL','Pos':'V','Tense':'PERFECT','VerbType':'TRANSITIVE','Voice':'PASSIVE'},'name':'postulatas'}]}],'name':'postulo@V'}]">postulatas</w><c> </c><w lemma="[{'id':1322669,'ls':[{'id':964024,'name':'res','wfs':[{'id':242825948,'morph':{'Casus':'ACCUSATIVE','DeclensionType':'FIFTH_DECLENSION','Genus':'FEMININE','Numerus':'PLURAL','Pos':'NN'},'name':'res'}]}],'name':'res@NN'}]">res</w><c> </c><w lemma="[{'id':2859931,'ls':[{'id':2859932,'name':'praedictus','wfs':[{'id':2860016,'morph':{'Casus':'DATIVE','ComparisonDegree':'POSITIVE','DeclensionType':'SECOND_DECLENSION','Genus':'MASCULINE','Numerus':'SINGULAR','Pos':'ADJ'},'name':'praedicto'}]}],'name':'praedictus@ADJ'}]">praedicto</w><c> </c><w lemma="[{'id':1436778,'ls':[{'id':9007,'name':'tutor','wfs':[{'id':243489307,'morph':{'Casus':'DATIVE','DeclensionType':'THIRD_DECLENSION','Genus':'MASCULINE','Numerus':'SINGULAR','Pos':'NN'},'name':'tutori'}]}],'name':'tutor@NN'}]">tutori</w><c> </c><lb n="5" xml:id="bsb00000824_00202_5"></lb><w lemma="[{'id':5475468,'ls':[{'id':4230,'name':'facio','wfs':[{'id':5475805,'morph':{'ConjugationType':'THIRD_CONJUGATION','Mood':'SUBJUNCTIVE','Numerus':'SINGULAR','Person':'PERSON_3','Pos':'V','Tense':'PRESENT','VerbType':'TRANSITIVE','Voice':'ACTIVE'},'name':'faciat'}]}],'name':'facio@V'}]">faciat</w><c> </c><w lemma="[{'id':109658,'ls':[{'id':109659,'name':'sine','wfs':[{'id':109660,'morph':{'Pos':'AP'},'name':'sine'}]}],'name':'sine@AP'}]">sine</w><c> </c><w lemma="[{'id':966254,'ls':[{'id':3535,'name':'dilatio','wfs':[{'id':242825891,'morph':{'Casus':'ABLATIVE','DeclensionType':'THIRD_DECLENSION','Genus':'FEMININE','Numerus':'SINGULAR','Pos':'NN'},'name':'dilatione'}]}],'name':'dilatio@NN'}]">dilatione</w><c> </c><w lemma="[{'id':7209994,'ls':[{'id':7937,'name':'restituo','wfs':[{'id':7210076,'morph':{'ConjugationType':'THIRD_CONJUGATION','Mood':'INFINITIVE','Pos':'V','Tense':'PRESENT','VerbType':'TRANSITIVE','Voice':'PASSIVE'},'name':'restitui'}]}],'name':'restituo@V'}]">restitui</w><c>.</c><c> </c></s><s><w lemma="[{'id':109788,'ls':[{'id':109789,'name':'aut','wfs':[{'id':109790,'morph':{'Pos':'CON'},'name':'aut'}]}],'name':'aut@CON'}]">Aut</w><c> </c><w lemma="[{'id':110020,'ls':[{'id':110021,'name':'si','wfs':[{'id':110022,'morph':{'Pos':'CON'},'name':'si'}]}],'name':'si@CON'}]">si</w><c> </c><w lemma="[{'id':242815921,'ls':[{'id':242815922,'name':'aliquis','wfs':[{'id':416008042,'morph':{'Casus':'ACCUSATIVE','Genus':'NEUTER','Numerus':'SINGULAR','Pos':'PRO','PronounType':'INDEFINITE'},'name':'quid'}]}],'name':'aliquis@PRO'}]">quid</w><c> </c><w lemma="[{'id':7617143,'ls':[{'id':7617144,'name':'sum','wfs':[{'id':242825881,'morph':{'Mood':'INDICATIVE','Numerus':'SINGULAR','Person':'PERSON_3','Pos':'V','Tense':'PRESENT','VerbType':'VERBA_ANOMALA','Voice':'ACTIVE'},'name':'est'}]}],'name':'sum@V'}]">est</w><c> </c><w lemma="[{'id':242816363,'ls':[{'id':242816364,'name':'qui','wfs':[{'id':245004334,'morph':{'Casus':'ACCUSATIVE','Genus':'NEUTER','Numerus':'SINGULAR','Pos':'PRO','PronounType':'RELATIVE'},'name':'quod'}]}],'name':'qui@PRO'}]">quod</w><c> </c><w lemma="[{'id':109629,'ls':[{'id':109630,'name':'pro','wfs':[{'id':109631,'morph':{'Pos':'AP'},'name':'pro'}]}],'name':'pro@AP'}]">pro</w><c> </c><w lemma="[{'id':244511757,'ls':[{'id':244511758,'name':'suus','wfs':[{'id':297473112,'morph':{'Casus':'ABLATIVE','DeclensionType':'FIRST_DECLENSION','Genus':'FEMININE','Numerus':'PLURAL','Pos':'PRO','PronounType':'POSSESSIVE'},'name':'suis'}]}],'name':'suus@PRO'}]">suis</w><c> </c><w lemma="[{'id':1227224,'ls':[{'id':6813,'name':'pars','wfs':[{'id':1227226,'morph':{'Casus':'ABLATIVE','DeclensionType':'THIRD_DECLENSION','Genus':'FEMININE','Numerus':'PLURAL','Pos':'NN'},'name':'partibus'}]}],'name':'pars@NN'}]">partibus</w><c> </c><w lemma="[{'id':1106035,'ls':[{'id':5388,'name':'intentio','wfs':[{'id':1106039,'morph':{'Casus':'NOMINATIVE','DeclensionType':'THIRD_DECLENSION','Genus':'FEMININE','Numerus':'SINGULAR','Pos':'NN'},'name':'intentio'}]}],'name':'intentio@NN'}]">intentio</w><c> </c><lb n="6" xml:id="bsb00000824_00202_6"></lb><w lemma="[{'id':1326187,'ls':[{'id':1326188,'name':'retentator','wfs':[{'id':1326198,'morph':{'Casus':'GENITIVE','DeclensionType':'THIRD_DECLENSION','Genus':'MASCULINE','Numerus':'SINGULAR','Pos':'NN'},'name':'retentatoris'}]}],'name':'retentator@NN'}]">retentatoris</w><c> </c><w lemma="[{'id':6360790,'ls':[{'id':6483,'name':'obicio','wfs':[{'id':6361492,'morph':{'ConjugationType':'THIRD_CONJUGATION','Mood':'SUBJUNCTIVE','Numerus':'SINGULAR','Person':'PERSON_3','Pos':'V','Tense':'PRESENT','VerbType':'TRANSITIVE','Voice':'ACTIVE'},'name':'obiciat'}]}],'name':'obicio@V'}]">obiciat</w><c>,</c><c> </c><w lemma="[{'id':2605169,'ls':[{'id':5673,'name':'legalis','wfs':[{'id':2605232,'morph':{'Casus':'ABLATIVE','ComparisonDegree':'POSITIVE','DeclensionType':'THIRD_DECLENSION','Genus':'FEMININE','Numerus':'SINGULAR','Pos':'ADJ'},'name':'legali'}]}],'name':'legalis@ADJ'}]">legali</w><c> </c><w lemma="[{'id':1371529,'ls':[{'id':1371530,'name':'sponsio','wfs':[{'id':243464946,'morph':{'Casus':'ABLATIVE','DeclensionType':'THIRD_DECLENSION','Genus':'FEMININE','Numerus':'SINGULAR','Pos':'NN'},'name':'sponsione'}]}],'name':'sponsio@NN'}]">sponsione</w><c> </c><w lemma="[{'id':6753233,'ls':[{'id':7264,'name':'praecedo','wfs':[{'id':6753259,'morph':{'Casus':'ABLATIVE','ConjugationType':'THIRD_CONJUGATION','Genus':'FEMININE','Mood':'PARTICIPLE','Numerus':'SINGULAR','Pos':'V','Tense':'PRESENT','VerbType':'TRANSITIVE','Voice':'ACTIVE'},'name':'praecedente'}]}],'name':'praecedo@V'}]">praecedente</w><c>,</c><c> </c><w lemma="[{'id':109453,'ls':[{'id':109454,'name':'ad','wfs':[{'id':109455,'morph':{'Pos':'AP'},'name':'ad'}]}],'name':'ad@AP'}]">ad</w><c> </c><w lemma="[{'id':244510439,'ls':[{'id':244510440,'name':'noster','wfs':[{'id':2704742,'morph':{'Casus':'ACCUSATIVE','DeclensionType':'SECOND_DECLENSION','Genus':'MASCULINE','Numerus':'SINGULAR','Pos':'PRO','PronounType':'POSSESSIVE'},'name':'nostrum'}]}],'name':'noster@PRO'}]">nostrum</w><c> </c><w lemma="[{'id':4862282,'ls':[{'id':4862283,'name':'depropero','wfs':[{'id':4862636,'morph':{'ConjugationType':'FIRST_CONJUGATION','Mood':'SUBJUNCTIVE','Numerus':'SINGULAR','Person':'PERSON_3','Pos':'V','Tense':'PRESENT','VerbType':'TRANSITIVE','Voice':'ACTIVE'},'name':'deproperet'}]}],'name':'depropero@V'}]">deproperet</w><c> </c><w lemma="[{'id':7964639,'ls':[{'id':7963535,'name':'veneo','wfs':[{'id':558123,'morph':{'Mood':'INFINITIVE','Pos':'V','Tense':'PRESENT','VerbType':'VERBA_ANOMALA','Voice':'ACTIVE'},'name':'venire'}]}],'name':'venio@V'}]">venire</w><c> </c><w lemma="[{'id':877770,'ls':[{'id':498537974,'name':'comitatus','wfs':[{'id':498537987,'morph':{'Casus':'ACCUSATIVE','DeclensionType':'FOURTH_DECLENSION','Genus':'MASCULINE','Numerus':'SINGULAR','Pos':'NN'},'name':'comitatum'}]}],'name':'comitatus@NN'}]">comitatum</w><c>:</c><c> </c><lb n="7" xml:id="bsb00000824_00202_7"></lb><w lemma="[{'id':110061,'ls':[{'id':110062,'name':'ut','wfs':[{'id':110063,'morph':{'Pos':'CON'},'name':'ut'}]}],'name':'ut@CON'}]">ut</w><c> </c><w lemma="[{'id':742648,'ls':[{'id':742662,'name':'allegatio','wfs':[{'id':243247700,'morph':{'Casus':'ABLATIVE','DeclensionType':'THIRD_DECLENSION','Genus':'FEMININE','Numerus':'PLURAL','Pos':'NN'},'name':'allegationibus'}]}],'name':'allegatio@NN'}]">allegationibus</w><c> </c><w lemma="[{'id':4186426,'ls':[{'id':2021,'name':'cognosco','wfs':[{'id':4186467,'morph':{'Casus':'ABLATIVE','ConjugationType':'THIRD_CONJUGATION','Genus':'FEMININE','Mood':'PARTICIPLE','Numerus':'PLURAL','Pos':'V','Tense':'PERFECT','VerbType':'TRANSITIVE','Voice':'PASSIVE'},'name':'cognitis'}]}],'name':'cognosco@V'}]">cognitis</w><c> </c><w lemma="[{'id':109629,'ls':[{'id':109630,'name':'pro','wfs':[{'id':109631,'morph':{'Pos':'AP'},'name':'pro'}]}],'name':'pro@AP'}]">pro</w><c> </c><w lemma="[{'id':905048,'ls':[{'id':2604,'name':'consuetudo','wfs':[{'id':243301798,'morph':{'Casus':'ABLATIVE','DeclensionType':'THIRD_DECLENSION','Genus':'FEMININE','Numerus':'SINGULAR','Pos':'NN'},'name':'consuetudine'}]}],'name':'consuetudo@NN'}]">consuetudine</w><c> </c><w lemma="[{'id':244510439,'ls':[{'id':244510440,'name':'noster','wfs':[{'id':245551334,'morph':{'Casus':'GENITIVE','DeclensionType':'FIRST_DECLENSION','Genus':'FEMININE','Numerus':'SINGULAR','Pos':'PRO','PronounType':'POSSESSIVE'},'name':'nostrae'}]}],'name':'noster@PRO'}]">nostrae</w><c> </c><w lemma="[{'id':6076190,'ls':[{'id':6076191,'name':'iudico','wfs':[{'id':6076308,'morph':{'ConjugationType':'FIRST_CONJUGATION','Mood':'SUBJUNCTIVE','Numerus':'PLURAL','Person':'PERSON_1','Pos':'V','Tense':'PRESENT','VerbType':'TRANSITIVE','Voice':'ACTIVE'},'name':'iudicemus'}]}],'name':'iudico@V'}]">iudicemus</w><c> </c><w lemma="[{'id':729556,'ls':[{'id':516,'name':'aequitas','wfs':[{'id':729572,'morph':{'Casus':'GENITIVE','DeclensionType':'THIRD_DECLENSION','Genus':'FEMININE','Numerus':'SINGULAR','Pos':'NN'},'name':'aequitatis'}]}],'name':'aequitas@NN'}]">aequitatis</w><c>.</c></s></p></div></body></text></TEI>