<?xml version="1.0" ?><TEI xmlns="http://www.tei-c.org/ns/1.0"><teiHeader><fileDesc><titleStmt><title>MGH Auct. ant. 12: Cassiodori Senatoris Variae</title><editor>Mommsen, Theodor</editor></titleStmt><publicationStmt><publisher>Monumenta Germaniae Historica (MGH)</publisher><publisher>Bavarian State Library (BSB), München</publisher><idno type="BSB">bsb00000824</idno><idno type="MGH"><idno type="Annotation_created_by">sysop</idno><idno type="Annotation_created_on">Wed Oct 18 18:59:38 CEST 2017</idno><idno type="Annotation_last_changed_by">geelhaar</idno><idno type="Annotation_last_changed_on">Thu Aug 20 10:43:41 CEST 2020</idno><idno type="Author_(German)">Cassiodor (Flavius Magnus Aurelius Cassiodorus Senator)</idno><idno type="Author_(Latin)">Cassiodorus Vivariensis</idno><idno type="BSB">bsb00000824</idno><idno type="Bibliographical_Link">http://stabikat.de/DB=1/XMLPRS=N/PPN?PPN=235118842</idno><idno type="C_Stat">06</idno><idno type="C1">06</idno><idno type="C2">05</idno><idno type="Column">030</idno><idno type="Commentary">dated according to the edition (TG)</idno><idno type="Concordance_View">true</idno><idno type="Digital_Edition_Statement">Text retrieved from the critical edition and prepared by the BMBF funded project "Humanist Computer Interaction under Scrutiny"(https://humanist.hs-mainz.de/en/). The Latin Text Archive (LTA) version has been created at Goethe University Frankfurt by the CompHistSem-Work Group (hudesktop.hucompute.org).</idno><idno type="Edition">MGH Auctores antiquissimi 12</idno><idno type="LTA_Export">true</idno><idno type="Licence_Info">CC BY 4.0</idno><idno type="Multiple_Lemmata_under_a_unique_Super_lemma">0.00%</idno><idno type="Multiple_Super_lemmata">0.00%</idno><idno type="Multiple_Wordforms_under_a_unique_Lemma">0.00%</idno><idno type="Multiple_Wordforms._Tagger_based_result._Multiple_Lemmata_possible">0.00%</idno><idno type="Multiple_Wordforms._Tagger_based_result._Multiple_Super_Lemmata_possible">0.00%</idno><idno type="Not_yet_linked_or_unknown_Wordform">0.00%</idno><idno type="Page">030</idno><idno type="Provided_by">Monumenta Germaniae Historica</idno><idno type="RepFontMA">not available</idno><idno type="Status">c</idno><idno type="Text_Type">Letter</idno><idno type="Text_Type_Class">Letters</idno><idno type="Time">507/511</idno><idno type="Title">Variae 01.29 - Universis Lucristanis super Sontium constitutis Theodericus rex</idno><idno type="Type_of_Corpus">Corpus of Letters</idno><idno type="URL">http://www.mgh.de/dmgh/resolving/MGH_Auct._ant._12_S._30</idno><idno type="Unique_Wordform">100,00%</idno><idno type="Unique_Wordform._Tagger_based_result._Multiple_Lemmata_possible">0.00%</idno><idno type="Unique_Wordform._Tagger_based_result._Multiple_Super_lemmata_possible">0.00%</idno><idno type="VIAF_(Expression)">182693798</idno><idno type="VIAF_(Expression)_Link">http://viaf.org/viaf/182693798</idno><idno type="VIAF_(Person)">95230707</idno><idno type="VIAF_(Person)_Link">http://viaf.org/viaf/95230707</idno><idno type="Volume">Auct. ant. 12</idno><idno type="Year_of_Publication_(interpreted)">0511</idno>MGH Auct. ant. 12</idno><availability><licence target="http://creativecommons.org/licenses/by/4.0/"><p>Distributed under the Creative Commons Attribution 4.0 International (CC BY 4.0) license.</p><p>This license covers the annotations added by the Monumenta Germaniae Historica and the
            Bavarian State Library, Munich, in the course of project "digital MGH"
            <ref target="http://www.dmgh.de">http://www.dmgh.de</ref>, funded by the
            German Research Foundation (DFG).</p><p>We do not claim any rights on the text itself which is believed to be in the public domain.</p><p>If you distribute a copy or a derivative version of this file, please indicate the source
            of the file by mentioning the Monumenta Germaniae Historica (MGH) and the
            Bavarian State Library, Munich (BSB).</p></licence></availability><date when="2016-11-28T16:32:43+01:00">2016-11-28, 16:32:43</date></publicationStmt><sourceDesc><biblFull><titleStmt><title>Cassiodori Senatoris Variae</title><editor>Mommsen, Theodor</editor></titleStmt><publicationStmt><publisher>Weidmann</publisher><pubPlace>Berlin</pubPlace><date>1894</date></publicationStmt><seriesStmt><title>Auctores antiquissimi</title><biblScope unit="volume">12</biblScope></seriesStmt></biblFull></sourceDesc></fileDesc></teiHeader><text><body><div><lb n="9" xml:id="bsb00000824_00214_9"></lb><head n="3"><s><w lemma="[{'id':241346594,'ls':[{'id':241346595,'name':'NUMERAL','wfs':[{'id':241346669,'morph':{'Pos':'NUM'},'name':'xxviiii'}]}],'name':'NUMERAL@NUM'}]">XXVIIII</w><c>.</c><c> </c><lb n="10" xml:id="bsb00000824_00214_10"></lb><w lemma="[{'id':1441318,'ls':[{'id':1441337,'name':'universus','wfs':[{'id':1441340,'morph':{'Casus':'DATIVE','DeclensionType':'SECOND_DECLENSION','Genus':'MASCULINE','Numerus':'PLURAL','Pos':'NN'},'name':'universis'}]}],'name':'universus@NN'}]">UNIVERSIS</w><c> </c><w lemma="[{'id':779497040,'ls':[{'id':779497041,'name':'Lucristanus@NE','wfs':[{'id':779497042,'morph':{'Casus':'DATIVE','DeclensionType':'SECOND_DECLENSION','Genus':'MASCULINE','Numerus':'PLURAL','Pos':'NE'},'name':'LUCRISTANIS'}]}],'name':'Lucristanus@NE@NE'}]">LUCRISTANIS</w><c> </c><w lemma="[{'id':109669,'ls':[{'id':109670,'name':'super','wfs':[{'id':109671,'morph':{'Pos':'AP'},'name':'super'}]}],'name':'super@AP'}]">SUPER</w><c> </c><w lemma="[{'id':606677,'ls':[{'id':606678,'name':'Sontius','wfs':[{'id':243221425,'morph':{'Casus':'ACCUSATIVE','DeclensionType':'SECOND_DECLENSION','Genus':'MASCULINE','Numerus':'SINGULAR','Pos':'NE'},'name':'Sontium'}]}],'name':'Sontius@NE'}]">SONTIUM</w><c> </c><w lemma="[{'id':4510528,'ls':[{'id':2587,'name':'constituo','wfs':[{'id':4510615,'morph':{'Casus':'DATIVE','ConjugationType':'THIRD_CONJUGATION','Genus':'MASCULINE','Mood':'PARTICIPLE','Numerus':'PLURAL','Pos':'V','Tense':'PERFECT','VerbType':'TRANSITIVE','Voice':'PASSIVE'},'name':'constitutis'}]}],'name':'constituo@V'}]">CONSTITUTIS</w><c> </c><lb n="11" xml:id="bsb00000824_00214_11"></lb><w lemma="[{'id':624521,'ls':[{'id':624522,'name':'Theodericus','wfs':[{'id':243244190,'morph':{'Casus':'NOMINATIVE','DeclensionType':'SECOND_DECLENSION','Genus':'MASCULINE','Numerus':'SINGULAR','Pos':'NP'},'name':'Theodericus'}]}],'name':'Theodericus@NP'}]">THEODERICUS</w><c> </c><w lemma="[{'id':1329481,'ls':[{'id':7965,'name':'rex','wfs':[{'id':1329499,'morph':{'Casus':'NOMINATIVE','DeclensionType':'THIRD_DECLENSION','Genus':'MASCULINE','Numerus':'SINGULAR','Pos':'NN'},'name':'rex'}]}],'name':'rex@NN'}]">REX</w><c>.</c></s></head><note><s><hi rend="ITALICS"><w lemma="[{'id':759853,'ls':[{'id':807,'name':'annus','wfs':[{'id':382849904,'morph':{'Casus':'ABLATIVE','DeclensionType':'SECOND_DECLENSION','Genus':'MASCULINE','Numerus':'SINGULAR','Pos':'NN'},'name':'a'}]}],'name':'annus@NN'}]">a</w><c>.</c><c> </c><w lemma="[{'id':241346594,'ls':[{'id':241346595,'name':'NUMERAL','wfs':[{'id':241346596,'morph':{'Pos':'NUM'},'name':'NUMERAL'}]}],'name':'NUMERAL@NUM'}]">507</w><c>|</c><w lemma="[{'id':241346594,'ls':[{'id':241346595,'name':'NUMERAL','wfs':[{'id':241346596,'morph':{'Pos':'NUM'},'name':'NUMERAL'}]}],'name':'NUMERAL@NUM'}]">511</w></hi></s></note><lb n="12" xml:id="bsb00000824_00214_12"></lb><p><s><w lemma="[{'id':206035,'ls':[{'id':6416,'name':'non','wfs':[{'id':241322627,'morph':{'Pos':'ADV'},'name':'non'}]}],'name':'non@ADV'}]">Non</w><c> </c><w lemma="[{'id':981660,'ls':[{'id':3723,'name':'dubium','wfs':[{'id':981663,'morph':{'Casus':'NOMINATIVE','DeclensionType':'SECOND_DECLENSION','Genus':'NEUTER','Numerus':'SINGULAR','Pos':'NN'},'name':'dubium'}]}],'name':'dubium@NN'}]">dubium</w><c> </c><w lemma="[{'id':7617143,'ls':[{'id':7617144,'name':'sum','wfs':[{'id':242825881,'morph':{'Mood':'INDICATIVE','Numerus':'SINGULAR','Person':'PERSON_3','Pos':'V','Tense':'PRESENT','VerbType':'VERBA_ANOMALA','Voice':'ACTIVE'},'name':'est'}]}],'name':'sum@V'}]">est</w><c> </c><w lemma="[{'id':109453,'ls':[{'id':109454,'name':'ad','wfs':[{'id':109455,'morph':{'Pos':'AP'},'name':'ad'}]}],'name':'ad@AP'}]">ad</w><c> </c><w lemma="[{'id':1443775,'ls':[{'id':9082,'name':'utilitas','wfs':[{'id':243491567,'morph':{'Casus':'ACCUSATIVE','DeclensionType':'THIRD_DECLENSION','Genus':'FEMININE','Numerus':'SINGULAR','Pos':'NN'},'name':'utilitatem'}]}],'name':'utilitas@NN'}]">utilitatem</w><c> </c><w lemma="[{'id':1322669,'ls':[{'id':964024,'name':'res','wfs':[{'id':964027,'morph':{'Casus':'GENITIVE','DeclensionType':'FIFTH_DECLENSION','Genus':'FEMININE','Numerus':'SINGULAR','Pos':'NN'},'name':'rei'}]}],'name':'res@NN'}]">rei</w><c> </c><w lemma="[{'id':2914003,'ls':[{'id':7599,'name':'publicus','wfs':[{'id':2914072,'morph':{'Casus':'GENITIVE','ComparisonDegree':'POSITIVE','DeclensionType':'FIRST_DECLENSION','Genus':'FEMININE','Numerus':'SINGULAR','Pos':'ADJ'},'name':'publicae'}]}],'name':'publicus@ADJ'}]">publicae</w><c> </c><w lemma="[{'id':932060,'ls':[{'id':2975,'name':'cursus','wfs':[{'id':498533096,'morph':{'Casus':'GENITIVE','DeclensionType':'FOURTH_DECLENSION','Genus':'MASCULINE','Numerus':'SINGULAR','Pos':'NN'},'name':'cursus'}]}],'name':'cursus@NN'}]">cursus</w><c> </c><w lemma="[{'id':932761,'ls':[{'id':2988,'name':'custodia','wfs':[{'id':932770,'morph':{'Casus':'ACCUSATIVE','DeclensionType':'FIRST_DECLENSION','Genus':'FEMININE','Numerus':'SINGULAR','Pos':'NN'},'name':'custodiam'}]}],'name':'custodia@NN'}]">custodiam</w><c> </c><w lemma="[{'id':6672007,'ls':[{'id':7026,'name':'pertineo','wfs':[{'id':6672303,'morph':{'ConjugationType':'SECOND_CONJUGATION','Mood':'INFINITIVE','Pos':'V','Tense':'PRESENT','VerbType':'TRANSITIVE','Voice':'ACTIVE'},'name':'pertinere'}]}],'name':'pertineo@V'}]">pertinere</w><c>,</c><c> </c><w lemma="[{'id':109610,'ls':[{'id':109611,'name':'per','wfs':[{'id':109612,'morph':{'Pos':'AP'},'name':'per'}]}],'name':'per@AP'}]">per</w><c> </c><w lemma="[{'id':242816363,'ls':[{'id':242816364,'name':'qui','wfs':[{'id':539256813,'morph':{'Casus':'ACCUSATIVE','Genus':'MASCULINE','Numerus':'SINGULAR','Pos':'PRO','PronounType':'RELATIVE'},'name':'quem'}]}],'name':'qui@PRO'}]">quem</w><c> </c><lb n="13" xml:id="bsb00000824_00214_13"></lb><w lemma="[{'id':244510439,'ls':[{'id':244510440,'name':'noster','wfs':[{'id':457578028,'morph':{'Casus':'DATIVE','DeclensionType':'FIRST_DECLENSION','Genus':'FEMININE','Numerus':'PLURAL','Pos':'PRO','PronounType':'POSSESSIVE'},'name':'nostris'}]}],'name':'noster@PRO'}]">nostris</w><c> </c><w lemma="[{'id':1216157,'ls':[{'id':1216158,'name':'ordinatio','wfs':[{'id':243411315,'morph':{'Casus':'DATIVE','DeclensionType':'THIRD_DECLENSION','Genus':'FEMININE','Numerus':'PLURAL','Pos':'NN'},'name':'ordinationibus'}]}],'name':'ordinatio@NN'}]">ordinationibus</w><c> </c><w lemma="[{'id':1829124,'ls':[{'id':1735,'name':'celer','wfs':[{'id':243773109,'morph':{'Casus':'NOMINATIVE','ComparisonDegree':'SUPERLATIVE','DeclensionType':'SECOND_DECLENSION','Genus':'MASCULINE','Numerus':'SINGULAR','Pos':'ADJ'},'name':'celerrimus'}]}],'name':'celer@ADJ'}]">celerrimus</w><c> </c><w lemma="[{'id':6846113,'ls':[{'id':7340,'name':'praesto','wfs':[{'id':6846613,'morph':{'ConjugationType':'FIRST_CONJUGATION','Mood':'INDICATIVE','Numerus':'SINGULAR','Person':'PERSON_3','Pos':'V','Tense':'PRESENT','VerbType':'TRANSITIVE','Voice':'PASSIVE'},'name':'praestatur'}]}],'name':'praesto@V'}]">praestatur</w><c> </c><w lemma="[{'id':987009,'ls':[{'id':3791,'name':'effectus','wfs':[{'id':542315,'morph':{'Casus':'NOMINATIVE','DeclensionType':'FOURTH_DECLENSION','Genus':'MASCULINE','Numerus':'SINGULAR','Pos':'NN'},'name':'effectus'}]}],'name':'effectus@NN'}]">effectus</w><c>.</c><c> </c></s><s><w lemma="[{'id':109828,'ls':[{'id':109829,'name':'et','wfs':[{'id':109830,'morph':{'Pos':'CON'},'name':'et'}]}],'name':'et@CON'}]">et</w><c> </c><w lemma="[{'id':183546,'ls':[{'id':183547,'name':'ideo','wfs':[{'id':183548,'morph':{'ComparisonDegree':'POSITIVE','Pos':'ADV'},'name':'ideo'}]}],'name':'ideo@ADV'}]">ideo</w><c> </c><w lemma="[{'id':251926,'ls':[{'id':251929,'name':'velut','wfs':[{'id':251930,'morph':{'ComparisonDegree':'POSITIVE','Pos':'ADV'},'name':'velut'}]}],'name':'velut@ADV'}]">velut</w><c> </c><w lemma="[{'id':2696084,'ls':[{'id':6352,'name':'necessarius','wfs':[{'id':2696157,'morph':{'Casus':'DATIVE','ComparisonDegree':'POSITIVE','DeclensionType':'FIRST_DECLENSION','Genus':'FEMININE','Numerus':'SINGULAR','Pos':'ADJ'},'name':'necessariae'}]}],'name':'necessarius@ADJ'}]">necessariae</w><c> </c><w lemma="[{'id':1322669,'ls':[{'id':964024,'name':'res','wfs':[{'id':964028,'morph':{'Casus':'DATIVE','DeclensionType':'FIFTH_DECLENSION','Genus':'FEMININE','Numerus':'SINGULAR','Pos':'NN'},'name':'rei'}]}],'name':'res@NN'}]">rei</w><c> </c><lb n="14" xml:id="bsb00000824_00214_14"></lb><w lemma="[{'id':2637442,'ls':[{'id':5911,'name':'magnus','wfs':[{'id':2637529,'morph':{'Casus':'NOMINATIVE','ComparisonDegree':'COMPARATIVE','DeclensionType':'THIRD_DECLENSION','Genus':'FEMININE','Numerus':'SINGULAR','Pos':'ADJ'},'name':'maior'}]}],'name':'magnus@ADJ'}]">maior</w><c> </c><w lemma="[{'id':3443417,'ls':[{'id':260,'name':'adhibeo','wfs':[{'id':498570269,'morph':{'Casus':'NOMINATIVE','ComparisonDegree':'POSITIVE','DeclensionType':'FIRST_DECLENSION','Genus':'FEMININE','Mood':'GERUNDIVE','Numerus':'SINGULAR','Pos':'V'},'name':'adhibenda'}]}],'name':'adhibeo@V'}]">adhibenda</w><c> </c><w lemma="[{'id':840630,'ls':[{'id':1712,'name':'cautela','wfs':[{'id':840643,'morph':{'Casus':'NOMINATIVE','DeclensionType':'FIRST_DECLENSION','Genus':'FEMININE','Numerus':'SINGULAR','Pos':'NN'},'name':'cautela'}]}],'name':'cautela@NN'}]">cautela</w><c> </c><w lemma="[{'id':7617143,'ls':[{'id':7617144,'name':'sum','wfs':[{'id':242825881,'morph':{'Mood':'INDICATIVE','Numerus':'SINGULAR','Person':'PERSON_3','Pos':'V','Tense':'PRESENT','VerbType':'VERBA_ANOMALA','Voice':'ACTIVE'},'name':'est'}]}],'name':'sum@V'}]">est</w><c>,</c><c> </c><w lemma="[{'id':110061,'ls':[{'id':110062,'name':'ut','wfs':[{'id':110063,'morph':{'Pos':'CON'},'name':'ut'}]}],'name':'ut@CON'}]">ut</w><c> </c><w lemma="[{'id':242816363,'ls':[{'id':242816364,'name':'qui','wfs':[{'id':296826592,'morph':{'Casus':'NOMINATIVE','Genus':'MASCULINE','Numerus':'PLURAL','Pos':'PRO','PronounType':'RELATIVE'},'name':'qui'}]}],'name':'qui@PRO'}]">qui</w><c> </c><w lemma="[{'id':109453,'ls':[{'id':109454,'name':'ad','wfs':[{'id':109455,'morph':{'Pos':'AP'},'name':'ad'}]}],'name':'ad@AP'}]">ad</w><c> </c><w lemma="[{'id':908189,'ls':[{'id':908190,'name':'continuus','wfs':[{'id':243302968,'morph':{'Casus':'ACCUSATIVE','DeclensionType':'SECOND_DECLENSION','Genus':'MASCULINE','Numerus':'PLURAL','Pos':'NN'},'name':'continuos'}]}],'name':'continuus@NN'}]">continuos</w><c> </c><w lemma="[{'id':1012367,'ls':[{'id':4058,'name':'excursus','wfs':[{'id':779497039,'morph':{'Casus':'ACCUSATIVE','DeclensionType':'FOURTH_DECLENSION','Genus':'MASCULINE','Numerus':'PLURAL','Pos':'NN'},'name':'excursus'}]}],'name':'excursus@NN'}]">excursus</w><c> </c><w lemma="[{'id':4510528,'ls':[{'id':2587,'name':'constituo','wfs':[{'id':4510937,'morph':{'ConjugationType':'THIRD_CONJUGATION','Genus':'MASCULINE','Mood':'INDICATIVE','Numerus':'PLURAL','Person':'PERSON_3','Pos':'V','Tense':'PERFECT','VerbType':'TRANSITIVE','Voice':'PASSIVE'},'name':'constituti'}]}],'name':'constituo@V'}]">constituti</w><c> </c><w lemma="[{'id':7617143,'ls':[{'id':7617144,'name':'sum','wfs':[{'id':242825914,'morph':{'Mood':'INDICATIVE','Numerus':'PLURAL','Person':'PERSON_3','Pos':'V','Tense':'PRESENT','VerbType':'VERBA_ANOMALA','Voice':'ACTIVE'},'name':'sunt'}]}],'name':'sum@V'}]">sunt</w><c>,</c><c> </c><w lemma="[{'id':3226433,'ls':[{'id':8996,'name':'turpis','wfs':[{'id':3226519,'morph':{'Casus':'ABLATIVE','ComparisonDegree':'POSITIVE','DeclensionType':'THIRD_DECLENSION','Genus':'FEMININE','Numerus':'SINGULAR','Pos':'ADJ'},'name':'turpi'}]}],'name':'turpis@ADJ'}]">turpi</w><c> </c><w lemma="[{'id':1151056,'ls':[{'id':5892,'name':'macies','wfs':[{'id':243389271,'morph':{'Casus':'ABLATIVE','DeclensionType':'FIFTH_DECLENSION','Genus':'FEMININE','Numerus':'SINGULAR','Pos':'NN'},'name':'macie'}]}],'name':'macies@NN'}]">macie</w><c> </c><lb n="15" xml:id="bsb00000824_00214_15"></lb><w lemma="[{'id':206035,'ls':[{'id':6416,'name':'non','wfs':[{'id':241322627,'morph':{'Pos':'ADV'},'name':'non'}]}],'name':'non@ADV'}]">non</w><c> </c><w lemma="[{'id':7769783,'ls':[{'id':8724,'name':'tabesco','wfs':[{'id':7769958,'morph':{'ConjugationType':'THIRD_CONJUGATION','Mood':'SUBJUNCTIVE','Numerus':'PLURAL','Person':'PERSON_3','Pos':'V','Tense':'PRESENT','VerbType':'TRANSITIVE','Voice':'ACTIVE'},'name':'tabescant'}]}],'name':'tabesco@V'}]">tabescant</w><c>,</c><c> </c><w lemma="[{'id':109868,'ls':[{'id':109869,'name':'ne','wfs':[{'id':109870,'morph':{'Pos':'CON'},'name':'ne'}]}],'name':'ne@CON'}]">ne</w><c> </c><w lemma="[{'id':2403869,'ls':[{'id':2403870,'name':'ieiunus','wfs':[{'id':2403942,'morph':{'Casus':'NOMINATIVE','ComparisonDegree':'POSITIVE','DeclensionType':'FIRST_DECLENSION','Genus':'FEMININE','Numerus':'SINGULAR','Pos':'ADJ'},'name':'ieiuna'}]}],'name':'ieiunus@ADJ'}]">ieiuna</w><c> </c><w lemma="[{'id':1413816,'ls':[{'id':1413817,'name':'tenuitas','wfs':[{'id':1413829,'morph':{'Casus':'NOMINATIVE','DeclensionType':'THIRD_DECLENSION','Genus':'FEMININE','Numerus':'SINGULAR','Pos':'NN'},'name':'tenuitas'}]}],'name':'tenuitas@NN'}]">tenuitas</w><c> </c><w lemma="[{'id':1126285,'ls':[{'id':5563,'name':'labor','wfs':[{'id':1126289,'morph':{'Casus':'DATIVE','DeclensionType':'THIRD_DECLENSION','Genus':'MASCULINE','Numerus':'PLURAL','Pos':'NN'},'name':'laboribus'}]}],'name':'labor@NN'}]">laboribus</w><c> </c><w lemma="[{'id':6873388,'ls':[{'id':7366,'name':'praevenio','wfs':[{'id':6873852,'morph':{'Casus':'NOMINATIVE','ConjugationType':'FOURTH_CONJUGATION','Genus':'FEMININE','Mood':'PARTICIPLE','Numerus':'SINGULAR','Pos':'V','Tense':'PERFECT','VerbType':'TRANSITIVE','Voice':'PASSIVE'},'name':'praeventa'}]}],'name':'praevenio@V'}]">praeventa</w><c> </c><w lemma="[{'id':7581563,'ls':[{'id':8615,'name':'succumbo','wfs':[{'id':7581887,'morph':{'ConjugationType':'THIRD_CONJUGATION','Mood':'SUBJUNCTIVE','Numerus':'SINGULAR','Person':'PERSON_3','Pos':'V','Tense':'PRESENT','VerbType':'INTRANSITIVE','Voice':'ACTIVE'},'name':'succumbat'}]}],'name':'succumbo@V'}]">succumbat</w><c> </c><w lemma="[{'id':109828,'ls':[{'id':109829,'name':'et','wfs':[{'id':109830,'morph':{'Pos':'CON'},'name':'et'}]}],'name':'et@CON'}]">et</w><c> </c><w lemma="[{'id':5786777,'ls':[{'id':5066,'name':'incipio','wfs':[{'id':5787951,'morph':{'ConjugationType':'THIRD_CONJUGATION','Mood':'SUBJUNCTIVE','Numerus':'SINGULAR','Person':'PERSON_3','Pos':'V','Tense':'PRESENT','VerbType':'TRANSITIVE','Voice':'ACTIVE'},'name':'incipiat'}]}],'name':'incipio@V'}]">incipiat</w><c> </c><w lemma="[{'id':1118450,'ls':[{'id':5549,'name':'iter','wfs':[{'id':1118467,'morph':{'Casus':'NOMINATIVE','DeclensionType':'THIRD_DECLENSION','Genus':'NEUTER','Numerus':'SINGULAR','Pos':'NN'},'name':'iter'}]}],'name':'iter@NN'}]">iter</w><c> </c><w lemma="[{'id':5147146,'ls':[{'id':3801,'name':'efficio','wfs':[{'id':5147232,'morph':{'ConjugationType':'THIRD_CONJUGATION','Mood':'INFINITIVE','Pos':'V','Tense':'PRESENT','VerbType':'TRANSITIVE','Voice':'PASSIVE'},'name':'effici'}]}],'name':'efficio@V'}]">effici</w><c> </c><lb n="16" xml:id="bsb00000824_00214_16"></lb><w lemma="[{'id':2672597,'ls':[{'id':2672598,'name':'morosus','wfs':[{'id':2672704,'morph':{'Casus':'NOMINATIVE','ComparisonDegree':'POSITIVE','DeclensionType':'SECOND_DECLENSION','Genus':'NEUTER','Numerus':'SINGULAR','Pos':'ADJ'},'name':'morosum'}]}],'name':'morosus@ADJ'}]">morosum</w><c>,</c><c> </c><w lemma="[{'id':242816363,'ls':[{'id':242816364,'name':'qui','wfs':[{'id':245004334,'morph':{'Casus':'ACCUSATIVE','Genus':'NEUTER','Numerus':'SINGULAR','Pos':'PRO','PronounType':'RELATIVE'},'name':'quod'}]}],'name':'qui@PRO'}]">quod</w><c> </c><w lemma="[{'id':109453,'ls':[{'id':109454,'name':'ad','wfs':[{'id':109455,'morph':{'Pos':'AP'},'name':'ad'}]}],'name':'ad@AP'}]">ad</w><c> </c><w lemma="[{'id':842508,'ls':[{'id':1738,'name':'celeritas','wfs':[{'id':243278476,'morph':{'Casus':'ACCUSATIVE','DeclensionType':'THIRD_DECLENSION','Genus':'FEMININE','Numerus':'SINGULAR','Pos':'NN'},'name':'celeritatem'}]}],'name':'celeritas@NN'}]">celeritatem</w><c> </c><w lemma="[{'id':4508476,'ls':[{'id':4508477,'name':'constat','wfs':[{'id':4508638,'morph':{'ConjugationType':'FIRST_CONJUGATION','Mood':'INDICATIVE','Numerus':'SINGULAR','Person':'PERSON_3','Pos':'V','Tense':'PRESENT','VerbType':'IMPERSONAL','Voice':'ACTIVE'},'name':'constat'}]}],'name':'constat@V'}]">constat</w><c> </c><w lemma="[{'id':6021052,'ls':[{'id':5488,'name':'invenio','wfs':[{'id':779497043,'morph':{'Casus':'ACCUSATIVE','ConjugationType':'FOURTH_CONJUGATION','Genus':'NEUTER','Mood':'INFINITIVE','Numerus':'SINGULAR','Pos':'V','Tense':'PERFECT','Voice':'PASSIVE'},'name':'inventum'}]}],'name':'invenio@V'}]">inventum</w><c>.</c><c> </c></s><s><w lemma="[{'id':225709,'ls':[{'id':225710,'name':'quapropter','wfs':[{'id':225712,'morph':{'ComparisonDegree':'POSITIVE','Pos':'ADV'},'name':'quapropter'}]}],'name':'quapropter@ADV'}]">Quapropter</w><c> </c><w lemma="[{'id':960407,'ls':[{'id':3470,'name':'devotio','wfs':[{'id':960414,'morph':{'Casus':'NOMINATIVE','DeclensionType':'THIRD_DECLENSION','Genus':'FEMININE','Numerus':'SINGULAR','Pos':'NN'},'name':'devotio'}]}],'name':'devotio@NN'}]">devotio</w><c> </c><w lemma="[{'id':244512458,'ls':[{'id':244512459,'name':'vester','wfs':[{'id':244512539,'morph':{'Casus':'NOMINATIVE','DeclensionType':'FIRST_DECLENSION','Genus':'FEMININE','Numerus':'SINGULAR','Pos':'PRO','PronounType':'POSSESSIVE'},'name':'vestra'}]}],'name':'vester@PRO'}]">vestra</w><c> </c><w lemma="[{'id':2874459,'ls':[{'id':242457998,'name':'praesens','wfs':[{'id':244213372,'morph':{'Casus':'ABLATIVE','ComparisonDegree':'POSITIVE','DeclensionType':'THIRD_DECLENSION','Genus':'FEMININE','Numerus':'SINGULAR','Pos':'ADJ'},'name':'praesenti'}]}],'name':'praesens@ADJ'}]">praesenti</w><c> </c><lb n="17" xml:id="bsb00000824_00214_17"></lb><w lemma="[{'id':1123200,'ls':[{'id':1123201,'name':'iussio','wfs':[{'id':243379762,'morph':{'Casus':'ABLATIVE','DeclensionType':'THIRD_DECLENSION','Genus':'FEMININE','Numerus':'SINGULAR','Pos':'NN'},'name':'iussione'}]}],'name':'iussio@NN'}]">iussione</w><c> </c><w lemma="[{'id':4289827,'ls':[{'id':2173,'name':'commoneo','wfs':[{'id':4289889,'morph':{'Casus':'NOMINATIVE','ConjugationType':'SECOND_CONJUGATION','Genus':'FEMININE','Mood':'PARTICIPLE','Numerus':'SINGULAR','Pos':'V','Tense':'PERFECT','VerbType':'TRANSITIVE','Voice':'PASSIVE'},'name':'commonita'}]}],'name':'commoneo@V'}]">commonita</w><c> </c><w lemma="[{'id':1414743,'ls':[{'id':8799,'name':'terra','wfs':[{'id':1414763,'morph':{'Casus':'GENITIVE','DeclensionType':'FIRST_DECLENSION','Genus':'FEMININE','Numerus':'PLURAL','Pos':'NN'},'name':'terrarum'}]}],'name':'terra@NN'}]">terrarum</w><c> </c><w lemma="[{'id':1368412,'ls':[{'id':8413,'name':'spatium','wfs':[{'id':243463960,'morph':{'Casus':'ACCUSATIVE','DeclensionType':'SECOND_DECLENSION','Genus':'NEUTER','Numerus':'PLURAL','Pos':'NN'},'name':'spatia'}]}],'name':'spatium@NN'}]">spatia</w><c>,</c><c> </c><w lemma="[{'id':242816363,'ls':[{'id':242816364,'name':'qui','wfs':[{'id':244511026,'morph':{'Casus':'NOMINATIVE','Genus':'NEUTER','Numerus':'PLURAL','Pos':'PRO','PronounType':'RELATIVE'},'name':'quae'}]}],'name':'qui@PRO'}]">quae</w><c> </c><w lemma="[{'id':1454975,'ls':[{'id':1454991,'name':'veredus','wfs':[{'id':1454994,'morph':{'Casus':'DATIVE','DeclensionType':'SECOND_DECLENSION','Genus':'MASCULINE','Numerus':'PLURAL','Pos':'NN'},'name':'veredis'}]}],'name':'veredus@NN'}]">veredis</w><c> </c><w lemma="[{'id':122773,'ls':[{'id':122774,'name':'antea','wfs':[{'id':122775,'morph':{'ComparisonDegree':'POSITIVE','Pos':'ADV'},'name':'antea'}]}],'name':'antea@ADV'}]">antea</w><c> </c><w lemma="[{'id':6146420,'ls':[{'id':6146421,'name':'licet','wfs':[{'id':6146469,'morph':{'ConjugationType':'SECOND_CONJUGATION','Mood':'INDICATIVE','Numerus':'PLURAL','Person':'PERSON_3','Pos':'V','Tense':'PERFECT','VerbType':'IMPERSONAL','Voice':'ACTIVE'},'name':'licuerunt'}]}],'name':'licet@V'}]">licuerunt</w><c>,</c><c> </c><w lemma="[{'id':1181822,'ls':[{'id':6296,'name':'mutatio','wfs':[{'id':243399590,'morph':{'Casus':'ABLATIVE','DeclensionType':'THIRD_DECLENSION','Genus':'FEMININE','Numerus':'PLURAL','Pos':'NN'},'name':'mutationibus'}]}],'name':'mutatio@NN'}]">mutationibus</w><c> </c><w lemma="[{'id':244511757,'ls':[{'id':244511758,'name':'suus','wfs':[{'id':297473112,'morph':{'Casus':'ABLATIVE','DeclensionType':'FIRST_DECLENSION','Genus':'FEMININE','Numerus':'PLURAL','Pos':'PRO','PronounType':'POSSESSIVE'},'name':'suis'}]}],'name':'suus@PRO'}]">suis</w><c> </c><lb n="18" xml:id="bsb00000824_00214_18"></lb><w lemma="[{'id':109433,'ls':[{'id':109434,'name':'a','wfs':[{'id':109435,'morph':{'Pos':'AP'},'name':'a'}]}],'name':'a@AP'}]">a</w><c> </c><w lemma="[{'id':1264866,'ls':[{'id':7230,'name':'possessor','wfs':[{'id':243425914,'morph':{'Casus':'ABLATIVE','DeclensionType':'THIRD_DECLENSION','Genus':'MASCULINE','Numerus':'SINGULAR','Pos':'NN'},'name':'possessore'}]}],'name':'possessor@NN'}]">possessore</w><c> </c><w lemma="[{'id':8016930,'ls':[{'id':9269,'name':'vindico','wfs':[{'id':8017387,'morph':{'Casus':'NOMINATIVE','ConjugationType':'FIRST_CONJUGATION','Genus':'NEUTER','Mood':'PARTICIPLE','Numerus':'PLURAL','Pos':'V','Tense':'PERFECT','VerbType':'TRANSITIVE','Voice':'PASSIVE'},'name':'vindicata'}]}],'name':'vindico@V'}]">vindicata</w><c> </c><w lemma="[{'id':7209994,'ls':[{'id':7937,'name':'restituo','wfs':[{'id':7210318,'morph':{'ConjugationType':'THIRD_CONJUGATION','Mood':'SUBJUNCTIVE','Numerus':'SINGULAR','Person':'PERSON_3','Pos':'V','Tense':'PRESENT','VerbType':'TRANSITIVE','Voice':'ACTIVE'},'name':'restituat'}]}],'name':'restituo@V'}]">restituat</w><c>,</c><c> </c><w lemma="[{'id':110061,'ls':[{'id':110062,'name':'ut','wfs':[{'id':110063,'morph':{'Pos':'CON'},'name':'ut'}]}],'name':'ut@CON'}]">ut</w><c> </c><w lemma="[{'id':109871,'ls':[{'id':109872,'name':'nec','wfs':[{'id':109873,'morph':{'Pos':'CON'},'name':'nec'}]}],'name':'nec@CON'}]">nec</w><c> </c><w lemma="[{'id':242816114,'ls':[{'id':242816115,'name':'ille','wfs':[{'id':497070024,'morph':{'Casus':'DATIVE','Genus':'NEUTER','Numerus':'SINGULAR','Pos':'PRO','PronounType':'DEMONSTRATIVE'},'name':'illi'}]}],'name':'ille@PRO'}]">illi</w><c> </c><w lemma="[{'id':2768942,'ls':[{'id':6825,'name':'parvus','wfs':[{'id':2769209,'morph':{'Casus':'DATIVE','ComparisonDegree':'POSITIVE','DeclensionType':'SECOND_DECLENSION','Genus':'NEUTER','Numerus':'SINGULAR','Pos':'ADJ'},'name':'parvo'}]}],'name':'parvus@ADJ'}]">parvo</w><c> </c><w lemma="[{'id':1368412,'ls':[{'id':8413,'name':'spatium','wfs':[{'id':243463970,'morph':{'Casus':'DATIVE','DeclensionType':'SECOND_DECLENSION','Genus':'NEUTER','Numerus':'SINGULAR','Pos':'NN'},'name':'spatio'}]}],'name':'spatium@NN'}]">spatio</w><c> </c><w lemma="[{'id':5842969,'ls':[{'id':5219,'name':'infligo','wfs':[{'id':5843251,'morph':{'ConjugationType':'THIRD_CONJUGATION','Mood':'SUBJUNCTIVE','Numerus':'PLURAL','Person':'PERSON_3','Pos':'V','Tense':'PRESENT','VerbType':'TRANSITIVE','Voice':'PASSIVE'},'name':'infligantur'}]}],'name':'infligo@V'}]">infligantur</w><c> </c><w lemma="[{'id':935794,'ls':[{'id':3008,'name':'damnum','wfs':[{'id':935800,'morph':{'Casus':'NOMINATIVE','DeclensionType':'SECOND_DECLENSION','Genus':'NEUTER','Numerus':'PLURAL','Pos':'NN'},'name':'damna'}]}],'name':'damnum@NN'}]">damna</w><c> </c><w lemma="[{'id':109828,'ls':[{'id':109829,'name':'et','wfs':[{'id':109830,'morph':{'Pos':'CON'},'name':'et'}]}],'name':'et@CON'}]">et</w><c> </c><w lemma="[{'id':242816248,'ls':[{'id':242816249,'name':'iste','wfs':[{'id':244510124,'morph':{'Casus':'DATIVE','Genus':'MASCULINE','Numerus':'PLURAL','Pos':'PRO','PronounType':'DEMONSTRATIVE'},'name':'istis'}]}],'name':'iste@PRO'}]">istis</w><c> </c><lb n="19" xml:id="bsb00000824_00214_19"></lb><w lemma="[{'id':7077649,'ls':[{'id':244959568,'name':'recupero','wfs':[{'id':7078144,'morph':{'Casus':'NOMINATIVE','ConjugationType':'FIRST_CONJUGATION','Genus':'NEUTER','Mood':'PARTICIPLE','Numerus':'PLURAL','Pos':'V','Tense':'PERFECT','VerbType':'TRANSITIVE','Voice':'PASSIVE'},'name':'recuperata'}]}],'name':'recupero@V'}]">recuperata</w><c> </c><w lemma="[{'id':7595468,'ls':[{'id':8626,'name':'sufficio','wfs':[{'id':7595757,'morph':{'ConjugationType':'THIRD_CONJUGATION','Mood':'SUBJUNCTIVE','Numerus':'PLURAL','Person':'PERSON_3','Pos':'V','Tense':'PRESENT','VerbType':'TRANSITIVE','Voice':'ACTIVE'},'name':'sufficiant'}]}],'name':'sufficio@V'}]">sufficiant</w><c>.</c></s></p></div></body></text></TEI>