<?xml version="1.0" ?><TEI xmlns="http://www.tei-c.org/ns/1.0"><teiHeader><fileDesc><titleStmt><title>MGH Auct. ant. 12: Cassiodori Senatoris Variae</title><editor>Mommsen, Theodor</editor></titleStmt><publicationStmt><publisher>Monumenta Germaniae Historica (MGH)</publisher><publisher>Bavarian State Library (BSB), München</publisher><idno type="BSB">bsb00000824</idno><idno type="MGH"><idno type="Annotation_created_by">sysop</idno><idno type="Annotation_created_on">Wed Oct 18 18:54:02 CEST 2017</idno><idno type="Annotation_last_changed_by">geelhaar</idno><idno type="Annotation_last_changed_on">Thu Aug 20 10:43:40 CEST 2020</idno><idno type="Author_(German)">Cassiodor (Flavius Magnus Aurelius Cassiodorus Senator)</idno><idno type="Author_(Latin)">Cassiodorus Vivariensis</idno><idno type="BSB">bsb00000824</idno><idno type="Bibliographical_Link">http://stabikat.de/DB=1/XMLPRS=N/PPN?PPN=235118842</idno><idno type="C_Stat">06</idno><idno type="C1">06</idno><idno type="C2">05</idno><idno type="Column">123</idno><idno type="Commentary">dated according to Stefan Krautschick, Cassiodor und die Politik seiner Zeit. Bonn 1983, 76.  (TG)</idno><idno type="Concordance_View">true</idno><idno type="Digital_Edition_Statement">Text retrieved from the critical edition and prepared by the BMBF funded project "Humanist Computer Interaction under Scrutiny"(https://humanist.hs-mainz.de/en/). The Latin Text Archive (LTA) version has been created at Goethe University Frankfurt by the CompHistSem-Work Group (hudesktop.hucompute.org).</idno><idno type="Edition">MGH Auctores antiquissimi 12</idno><idno type="LTA_Export">true</idno><idno type="Licence_Info">CC BY 4.0</idno><idno type="Multiple_Lemmata_under_a_unique_Super_lemma">0.00%</idno><idno type="Multiple_Super_lemmata">0.00%</idno><idno type="Multiple_Wordforms_under_a_unique_Lemma">0.00%</idno><idno type="Multiple_Wordforms._Tagger_based_result._Multiple_Lemmata_possible">0.00%</idno><idno type="Multiple_Wordforms._Tagger_based_result._Multiple_Super_Lemmata_possible">0.00%</idno><idno type="Not_yet_linked_or_unknown_Wordform">0.00%</idno><idno type="Page">123-124</idno><idno type="Provided_by">Monumenta Germaniae Historica</idno><idno type="RepFontMA">not available</idno><idno type="Status">a</idno><idno type="Text_Type">Letter</idno><idno type="Text_Type_Class">Letters</idno><idno type="Time">511 ante pascha</idno><idno type="Title">Variae 04.22 - Argolico viro illustri praefecto urbis Romae Theodericus rex</idno><idno type="Type_of_Corpus">Corpus of Letters</idno><idno type="URL">http://www.mgh.de/dmgh/resolving/MGH_Auct._ant._12_S._123</idno><idno type="Unique_Wordform">100,00%</idno><idno type="Unique_Wordform._Tagger_based_result._Multiple_Lemmata_possible">0.00%</idno><idno type="Unique_Wordform._Tagger_based_result._Multiple_Super_lemmata_possible">0.00%</idno><idno type="VIAF_(Expression)">182693798</idno><idno type="VIAF_(Expression)_Link">http://viaf.org/viaf/182693798</idno><idno type="VIAF_(Person)">95230707</idno><idno type="VIAF_(Person)_Link">http://viaf.org/viaf/95230707</idno><idno type="Volume">Auct. ant. 12</idno><idno type="Year_of_Publication_(interpreted)">0511</idno>MGH Auct. ant. 12</idno><availability><licence target="http://creativecommons.org/licenses/by/4.0/"><p>Distributed under the Creative Commons Attribution 4.0 International (CC BY 4.0) license.</p><p>This license covers the annotations added by the Monumenta Germaniae Historica and the
            Bavarian State Library, Munich, in the course of project "digital MGH"
            <ref target="http://www.dmgh.de">http://www.dmgh.de</ref>, funded by the
            German Research Foundation (DFG).</p><p>We do not claim any rights on the text itself which is believed to be in the public domain.</p><p>If you distribute a copy or a derivative version of this file, please indicate the source
            of the file by mentioning the Monumenta Germaniae Historica (MGH) and the
            Bavarian State Library, Munich (BSB).</p></licence></availability><date when="2016-11-28T16:32:43+01:00">2016-11-28, 16:32:43</date></publicationStmt><sourceDesc><biblFull><titleStmt><title>Cassiodori Senatoris Variae</title><editor>Mommsen, Theodor</editor></titleStmt><publicationStmt><publisher>Weidmann</publisher><pubPlace>Berlin</pubPlace><date>1894</date></publicationStmt><seriesStmt><title>Auctores antiquissimi</title><biblScope unit="volume">12</biblScope></seriesStmt></biblFull></sourceDesc></fileDesc></teiHeader><text><body><div><lb n="32" xml:id="bsb00000824_00307_32"></lb><head n="3"><s><w lemma="[{'id':241346594,'ls':[{'id':241346595,'name':'NUMERAL','wfs':[{'id':498534588,'morph':{'Pos':'NUM'},'name':'xxii'}]}],'name':'NUMERAL@NUM'}]">XXII</w><c>.</c><c> </c><lb n="33" xml:id="bsb00000824_00307_33"></lb><w lemma="[{'id':779279590,'ls':[{'id':779279591,'name':'Argolicus','wfs':[{'id':779279595,'morph':{'Casus':'DATIVE','DeclensionType':'SECOND_DECLENSION','Genus':'MASCULINE','Numerus':'SINGULAR','Pos':'NP'},'name':'Argolico'}]}],'name':'Argolicus@NP'}]">ARGOLICO</w><c> </c><w lemma="[{'id':1466541,'ls':[{'id':9281,'name':'vir','wfs':[{'id':779458787,'morph':{'Casus':'DATIVE','DeclensionType':'SECOND_DECLENSION','Genus':'MASCULINE','Numerus':'SINGULAR','Pos':'NN'},'name':'v'}]}],'name':'vir@NN'}]">V</w><c>.</c><w lemma="[{'id':2413908,'ls':[{'id':4928,'name':'illustris','wfs':[{'id':779459471,'morph':{'Casus':'DATIVE','ComparisonDegree':'POSITIVE','DeclensionType':'THIRD_DECLENSION','Genus':'MASCULINE','Numerus':'SINGULAR','Pos':'ADJ'},'name':'I'}]}],'name':'illustris@ADJ'}]">I</w><c>.</c><w lemma="[{'id':1275990,'ls':[{'id':743418490,'name':'P','wfs':[{'id':743418493,'morph':{'Casus':'ABLATIVE','DeclensionType':'SECOND_DECLENSION','Genus':'NEUTER','Numerus':'SINGULAR','Pos':'NN'},'name':'P'}]}],'name':'praetorium@NN'}]">P</w><c>.</c><w lemma="[{'id':1441746,'ls':[{'id':9065,'name':'urbs','wfs':[{'id':779483081,'morph':{'DeclensionType':'THIRD_DECLENSION','Genus':'FEMININE','Numerus':'SINGULAR','Pos':'NN'},'name':'U'}]}],'name':'urbs@NN'}]">U</w><c>.</c><c> </c><w lemma="[{'id':624521,'ls':[{'id':624522,'name':'Theodericus','wfs':[{'id':243244190,'morph':{'Casus':'NOMINATIVE','DeclensionType':'SECOND_DECLENSION','Genus':'MASCULINE','Numerus':'SINGULAR','Pos':'NP'},'name':'Theodericus'}]}],'name':'Theodericus@NP'}]">THEODERICUS</w><c> </c><w lemma="[{'id':1329481,'ls':[{'id':7965,'name':'rex','wfs':[{'id':1329499,'morph':{'Casus':'NOMINATIVE','DeclensionType':'THIRD_DECLENSION','Genus':'MASCULINE','Numerus':'SINGULAR','Pos':'NN'},'name':'rex'}]}],'name':'rex@NN'}]">REX</w><c>.</c></s></head><note><s><hi rend="ITALICS"><w lemma="[{'id':759853,'ls':[{'id':807,'name':'annus','wfs':[{'id':382849904,'morph':{'Casus':'ABLATIVE','DeclensionType':'SECOND_DECLENSION','Genus':'MASCULINE','Numerus':'SINGULAR','Pos':'NN'},'name':'a'}]}],'name':'annus@NN'}]">a</w><c>.</c><c> </c><w lemma="[{'id':241346594,'ls':[{'id':241346595,'name':'NUMERAL','wfs':[{'id':241346596,'morph':{'Pos':'NUM'},'name':'NUMERAL'}]}],'name':'NUMERAL@NUM'}]">510</w><c>/</c><w lemma="[{'id':241346594,'ls':[{'id':241346595,'name':'NUMERAL','wfs':[{'id':241346596,'morph':{'Pos':'NUM'},'name':'NUMERAL'}]}],'name':'NUMERAL@NUM'}]">511</w></hi></s></note><lb n="34" xml:id="bsb00000824_00307_34"></lb><p><s><w lemma="[{'id':2544659,'ls':[{'id':5451,'name':'intolerabilis','wfs':[{'id':2544754,'morph':{'Casus':'NOMINATIVE','ComparisonDegree':'POSITIVE','DeclensionType':'THIRD_DECLENSION','Genus':'MASCULINE','Numerus':'SINGULAR','Pos':'ADJ'},'name':'intolerabilis'}]}],'name':'intolerabilis@ADJ'}]">Intolerabilis</w><c> </c><w lemma="[{'id':1010698,'ls':[{'id':4037,'name':'excessus','wfs':[{'id':241431664,'morph':{'Casus':'NOMINATIVE','DeclensionType':'FOURTH_DECLENSION','Genus':'MASCULINE','Numerus':'SINGULAR','Pos':'NN'},'name':'excessus'}]}],'name':'excessus@NN'}]">excessus</w><c> </c><w lemma="[{'id':7617143,'ls':[{'id':7617144,'name':'sum','wfs':[{'id':242825881,'morph':{'Mood':'INDICATIVE','Numerus':'SINGULAR','Person':'PERSON_3','Pos':'V','Tense':'PRESENT','VerbType':'VERBA_ANOMALA','Voice':'ACTIVE'},'name':'est'}]}],'name':'sum@V'}]">est</w><c>,</c><c> </c><w lemma="[{'id':242816363,'ls':[{'id':242816364,'name':'qui','wfs':[{'id':244511016,'morph':{'Casus':'NOMINATIVE','Genus':'MASCULINE','Numerus':'SINGULAR','Pos':'PRO','PronounType':'RELATIVE'},'name':'qui'}]}],'name':'qui@PRO'}]">qui</w><c> </c><w lemma="[{'id':3152885,'ls':[{'id':8666,'name':'supernus','wfs':[{'id':3152954,'morph':{'Casus':'GENITIVE','ComparisonDegree':'POSITIVE','DeclensionType':'FIRST_DECLENSION','Genus':'FEMININE','Numerus':'SINGULAR','Pos':'ADJ'},'name':'supernae'}]}],'name':'supernus@ADJ'}]">supernae</w><c> </c><w lemma="[{'id':1152789,'ls':[{'id':1152790,'name':'maiestas','wfs':[{'id':1152801,'morph':{'Casus':'GENITIVE','DeclensionType':'THIRD_DECLENSION','Genus':'FEMININE','Numerus':'SINGULAR','Pos':'NN'},'name':'maiestatis'}]}],'name':'maiestas@NN'}]">maiestatis</w><c> </c><w lemma="[{'id':3521098,'ls':[{'id':227,'name':'adfecto','wfs':[{'id':3521448,'morph':{'ConjugationType':'FIRST_CONJUGATION','Mood':'INDICATIVE','Numerus':'SINGULAR','Person':'PERSON_3','Pos':'V','Tense':'PRESENT','VerbType':'TRANSITIVE','Voice':'ACTIVE'},'name':'adfectat'}]}],'name':'affecto@V'}]">adfectat</w><c> </c><w lemma="[{'id':1098732,'ls':[{'id':1098733,'name':'iniuria','wfs':[{'id':1098739,'morph':{'Casus':'ACCUSATIVE','DeclensionType':'FIRST_DECLENSION','Genus':'FEMININE','Numerus':'SINGULAR','Pos':'NN'},'name':'iniuriam'}]}],'name':'iniuria@NN'}]">iniuriam</w><c> </c><w lemma="[{'id':109828,'ls':[{'id':109829,'name':'et','wfs':[{'id':109830,'morph':{'Pos':'CON'},'name':'et'}]}],'name':'et@CON'}]">et</w><c> </c><w lemma="[{'id':6376083,'ls':[{'id':6498,'name':'obliviscor','wfs':[{'id':798982398,'morph':{'Casus':'NOMINATIVE','ConjugationType':'THIRD_CONJUGATION','Genus':'MASCULINE','Mood':'PARTICIPLE','Numerus':'SINGULAR','Pos':'V','Tense':'PERFECT','VerbType':'TRANSITIVE','Voice':'PASSIVE'},'name':'oblitus'}]}],'name':'obliviscor@V'}]">oblitus</w><c> </c><lb n="35" xml:id="bsb00000824_00307_35"></lb><w lemma="[{'id':1254025,'ls':[{'id':7092,'name':'pietas','wfs':[{'id':1254037,'morph':{'Casus':'GENITIVE','DeclensionType':'THIRD_DECLENSION','Genus':'FEMININE','Numerus':'SINGULAR','Pos':'NN'},'name':'pietatis'}]}],'name':'pietas@NN'}]">pietatis</w><c> </c><w lemma="[{'id':2069595,'ls':[{'id':2069596,'name':'crudelis','wfs':[{'id':2069653,'morph':{'Casus':'ACCUSATIVE','ComparisonDegree':'POSITIVE','DeclensionType':'THIRD_DECLENSION','Genus':'NEUTER','Numerus':'PLURAL','Pos':'ADJ'},'name':'crudelia'}]}],'name':'crudelis@ADJ'}]">crudelia</w><c> </c><w lemma="[{'id':7336351,'ls':[{'id':8208,'name':'sector','wfs':[{'id':7336882,'morph':{'ConjugationType':'FIRST_CONJUGATION','Mood':'INDICATIVE','Numerus':'SINGULAR','Person':'PERSON_3','Pos':'V','Tense':'PRESENT','VerbType':'DEPONENT','Voice':'PASSIVE'},'name':'sectatur'}]}],'name':'sector@V'}]">sectatur</w><c> </c><w lemma="[{'id':1000961,'ls':[{'id':3947,'name':'error','wfs':[{'id':1000975,'morph':{'Casus':'GENITIVE','DeclensionType':'THIRD_DECLENSION','Genus':'MASCULINE','Numerus':'SINGULAR','Pos':'NN'},'name':'erroris'}]}],'name':'error@NN'}]">erroris</w><c>.</c><c> </c></s><s><w lemma="[{'id':242816363,'ls':[{'id':242816364,'name':'qui','wfs':[{'id':539256813,'morph':{'Casus':'ACCUSATIVE','Genus':'MASCULINE','Numerus':'SINGULAR','Pos':'PRO','PronounType':'RELATIVE'},'name':'quem'}]}],'name':'qui@PRO'}]">quem</w><c> </c><w lemma="[{'id':109821,'ls':[{'id':109822,'name':'enim','wfs':[{'id':109823,'morph':{'Pos':'CON'},'name':'enim'}]}],'name':'enim@CON'}]">enim</w><c> </c><w lemma="[{'id':7403749,'ls':[{'id':7403750,'name':'spero','wfs':[{'id':7404075,'morph':{'ConjugationType':'FIRST_CONJUGATION','Mood':'INDICATIVE','Numerus':'SINGULAR','Person':'PERSON_3','Pos':'V','Tense':'FUTURE','VerbType':'TRANSITIVE','Voice':'ACTIVE'},'name':'sperabit'}]}],'name':'spero@V'}]">sperabit</w><c> </c><w lemma="[{'id':1452545,'ls':[{'id':9167,'name':'venia','wfs':[{'id':1452575,'morph':{'Casus':'GENITIVE','DeclensionType':'FIRST_DECLENSION','Genus':'FEMININE','Numerus':'SINGULAR','Pos':'NN'},'name':'veniae'}]}],'name':'venia@NN'}]">veniae</w><c> </c><w lemma="[{'id':1143697,'ls':[{'id':5796,'name':'locus','wfs':[{'id':1143708,'morph':{'Casus':'ACCUSATIVE','DeclensionType':'SECOND_DECLENSION','Genus':'MASCULINE','Numerus':'SINGULAR','Pos':'NN'},'name':'locum'}]}],'name':'locus@NN'}]">locum</w><c>,</c><c> </c><w lemma="[{'id':242816363,'ls':[{'id':242816364,'name':'qui','wfs':[{'id':244511016,'morph':{'Casus':'NOMINATIVE','Genus':'MASCULINE','Numerus':'SINGULAR','Pos':'PRO','PronounType':'RELATIVE'},'name':'qui'}]}],'name':'qui@PRO'}]">qui</w><c> </c><w lemma="[{'id':7237092,'ls':[{'id':7958,'name':'revereor','wfs':[{'id':498715925,'morph':{'Casus':'ACCUSATIVE','ComparisonDegree':'POSITIVE','DeclensionType':'SECOND_DECLENSION','Genus':'MASCULINE','Mood':'GERUNDIVE','Numerus':'SINGULAR','Pos':'V'},'name':'reverendum'}]}],'name':'revereor@V'}]">reverendum</w><c> </c><pb n="124" xml:id="bsb00000824_00308"></pb><lb n="1" xml:id="bsb00000824_00308_1"></lb><w lemma="[{'id':4530036,'ls':[{'id':4530707,'name':'contempno','wfs':[{'id':4531034,'morph':{'ConjugationType':'THIRD_CONJUGATION','Mood':'INDICATIVE','Numerus':'SINGULAR','Person':'PERSON_3','Pos':'V','Tense':'PERFECT','VerbType':'TRANSITIVE','Voice':'ACTIVE'},'name':'contempsit'}]}],'name':'contemno@V'}]">contempsit</w><c> </c><w lemma="[{'id':796579,'ls':[{'id':1181,'name':'auctor','wfs':[{'id':243264117,'morph':{'Casus':'ACCUSATIVE','DeclensionType':'THIRD_DECLENSION','Genus':'MASCULINE','Numerus':'SINGULAR','Pos':'NN'},'name':'auctorem'}]}],'name':'auctor@NN'}]">auctorem</w><c>?</c><c> </c></s><s><w lemma="[{'id':3354273,'ls':[{'id':57,'name':'abscedo','wfs':[{'id':241311522,'morph':{'ConjugationType':'THIRD_CONJUGATION','Mood':'SUBJUNCTIVE','Numerus':'SINGULAR','Person':'PERSON_3','Pos':'V','Tense':'PRESENT','VerbType':'INTRANSITIVE','Voice':'ACTIVE'},'name':'abscedat'}]}],'name':'abscedo@V'}]">abscedat</w><c> </c><w lemma="[{'id':1331239,'ls':[{'id':7982,'name':'ritus','wfs':[{'id':243451613,'morph':{'Casus':'NOMINATIVE','DeclensionType':'FOURTH_DECLENSION','Genus':'MASCULINE','Numerus':'SINGULAR','Pos':'NN'},'name':'ritus'}]}],'name':'ritus@NN'}]">ritus</w><c> </c><w lemma="[{'id':109559,'ls':[{'id':109560,'name':'e','wfs':[{'id':109561,'morph':{'Pos':'AP'},'name':'e'}]}],'name':'e@AP'}]">e</w><c> </c><w lemma="[{'id':1161334,'ls':[{'id':6024,'name':'medium','wfs':[{'id':243392758,'morph':{'Casus':'ABLATIVE','DeclensionType':'SECOND_DECLENSION','Genus':'NEUTER','Numerus':'SINGULAR','Pos':'NN'},'name':'medio'}]}],'name':'medium@NN'}]">medio</w><c> </c><w lemma="[{'id':183425,'ls':[{'id':183426,'name':'iam','wfs':[{'id':183427,'morph':{'ComparisonDegree':'POSITIVE','Pos':'ADV'},'name':'iam'}]}],'name':'iam@ADV'}]">iam</w><c> </c><w lemma="[{'id':2894624,'ls':[{'id':7442,'name':'profanus','wfs':[{'id':2894718,'morph':{'Casus':'NOMINATIVE','ComparisonDegree':'POSITIVE','DeclensionType':'SECOND_DECLENSION','Genus':'MASCULINE','Numerus':'SINGULAR','Pos':'ADJ'},'name':'profanus'}]}],'name':'profanus@ADJ'}]">profanus</w><c>:</c><c> </c><w lemma="[{'id':4539585,'ls':[{'id':4539586,'name':'conticesco','wfs':[{'id':358702,'morph':{'ConjugationType':'THIRD_CONJUGATION','Mood':'SUBJUNCTIVE','Numerus':'SINGULAR','Person':'PERSON_3','Pos':'V','Tense':'PRESENT','VerbType':'INTRANSITIVE','Voice':'ACTIVE'},'name':'conticescat'}]}],'name':'conticesco@V'}]">conticescat</w><c> </c><w lemma="[{'id':242435029,'ls':[{'id':242435033,'name':'poenalis','wfs':[{'id':244199106,'morph':{'Casus':'NOMINATIVE','ComparisonDegree':'POSITIVE','DeclensionType':'THIRD_DECLENSION','Genus':'NEUTER','Numerus':'SINGULAR','Pos':'ADJ'},'name':'poenale'}]}],'name':'poenalis@ADJ'}]">poenale</w><c> </c><lb n="2" xml:id="bsb00000824_00308_2"></lb><w lemma="[{'id':1179735,'ls':[{'id':6280,'name':'murmur','wfs':[{'id':1179747,'morph':{'Casus':'NOMINATIVE','DeclensionType':'THIRD_DECLENSION','Genus':'NEUTER','Numerus':'SINGULAR','Pos':'NN'},'name':'murmur'}]}],'name':'murmur@NN'}]">murmur</w><c> </c><w lemma="[{'id':757606,'ls':[{'id':791,'name':'anima','wfs':[{'id':757610,'morph':{'Casus':'GENITIVE','DeclensionType':'FIRST_DECLENSION','Genus':'FEMININE','Numerus':'PLURAL','Pos':'NN'},'name':'animarum'}]}],'name':'anima@NN'}]">animarum</w><c>.</c><c> </c></s><s><w lemma="[{'id':7983191,'ls':[{'id':9204,'name':'versor','wfs':[{'id':7984523,'morph':{'ConjugationType':'FIRST_CONJUGATION','Mood':'INFINITIVE','Pos':'V','Tense':'PRESENT','VerbType':'DEPONENT','Voice':'PASSIVE'},'name':'versari'}]}],'name':'verso@V'}]">versari</w><c> </c><w lemma="[{'id':206035,'ls':[{'id':6416,'name':'non','wfs':[{'id':241322627,'morph':{'Pos':'ADV'},'name':'non'}]}],'name':'non@ADV'}]">non</w><c> </c><w lemma="[{'id':6146420,'ls':[{'id':6146421,'name':'licet','wfs':[{'id':6146497,'morph':{'ConjugationType':'SECOND_CONJUGATION','Mood':'INDICATIVE','Numerus':'SINGULAR','Person':'PERSON_3','Pos':'V','Tense':'PRESENT','VerbType':'IMPERSONAL','Voice':'ACTIVE'},'name':'licet'}]}],'name':'licet@V'}]">licet</w><c> </c><w lemma="[{'id':109577,'ls':[{'id':109578,'name':'in','wfs':[{'id':109579,'morph':{'Pos':'AP'},'name':'in'}]}],'name':'in@AP'}]">in</w><c> </c><w lemma="[{'id':2635758,'ls':[{'id':2635759,'name':'magicus','wfs':[{'id':2635766,'morph':{'Casus':'ABLATIVE','ComparisonDegree':'POSITIVE','DeclensionType':'FIRST_DECLENSION','Genus':'FEMININE','Numerus':'PLURAL','Pos':'ADJ'},'name':'magicis'}]}],'name':'magicus@ADJ'}]">magicis</w><c> </c><w lemma="[{'id':783494,'ls':[{'id':1043,'name':'ars','wfs':[{'id':783496,'morph':{'Casus':'ABLATIVE','DeclensionType':'THIRD_DECLENSION','Genus':'FEMININE','Numerus':'PLURAL','Pos':'NN'},'name':'artibus'}]}],'name':'ars@NN'}]">artibus</w><c> </c><w lemma="[{'id':1412956,'ls':[{'id':8776,'name':'tempus','wfs':[{'id':1412958,'morph':{'Casus':'ABLATIVE','DeclensionType':'THIRD_DECLENSION','Genus':'NEUTER','Numerus':'PLURAL','Pos':'NN'},'name':'temporibus'}]}],'name':'tempus@NN'}]">temporibus</w><c> </c><w lemma="[{'id':1480432,'ls':[{'id':243152651,'name':'christianus','wfs':[{'id':243539173,'morph':{'Casus':'ABLATIVE','ComparisonDegree':'POSITIVE','DeclensionType':'SECOND_DECLENSION','Genus':'NEUTER','Numerus':'PLURAL','Pos':'ADJ'},'name':'christianis'}]}],'name':'christianus@ADJ'}]">Christianis</w><c>.</c><c> </c><lb n="3" xml:id="bsb00000824_00308_3"></lb></s><s><w lemma="[{'id':1152577,'ls':[{'id':5920,'name':'magnitudo','wfs':[{'id':1152582,'morph':{'Casus':'GENITIVE','DeclensionType':'THIRD_DECLENSION','Genus':'FEMININE','Numerus':'SINGULAR','Pos':'NN'},'name':'magnitudinis'}]}],'name':'magnitudo@NN'}]">Magnitudinis</w><c> </c><w lemma="[{'id':196539,'ls':[{'id':5546,'name':'itaque','wfs':[{'id':196541,'morph':{'Pos':'ADV'},'name':'itaque'}]}],'name':'itaque@ADV'}]">itaque</w><c> </c><w lemma="[{'id':244512131,'ls':[{'id':244512132,'name':'tuus','wfs':[{'id':244512187,'morph':{'Casus':'GENITIVE','DeclensionType':'FIRST_DECLENSION','Genus':'FEMININE','Numerus':'SINGULAR','Pos':'PRO','PronounType':'POSSESSIVE'},'name':'tuae'}]}],'name':'tuus@PRO'}]">tuae</w><c> </c><w lemma="[{'id':1315844,'ls':[{'id':7836,'name':'relatio','wfs':[{'id':243445857,'morph':{'Casus':'ABLATIVE','DeclensionType':'THIRD_DECLENSION','Genus':'FEMININE','Numerus':'SINGULAR','Pos':'NN'},'name':'relatione'}]}],'name':'relatio@NN'}]">relatione</w><c> </c><w lemma="[{'id':4326527,'ls':[{'id':2218,'name':'comperio','wfs':[{'id':4326643,'morph':{'ConjugationType':'FOURTH_CONJUGATION','Mood':'INDICATIVE','Numerus':'PLURAL','Person':'PERSON_1','Pos':'V','Tense':'PERFECT','VerbType':'TRANSITIVE','Voice':'ACTIVE'},'name':'comperimus'}]}],'name':'comperio@V'}]">comperimus</w><c> </c><w lemma="[{'id':322306,'ls':[{'id':322307,'name':'Basilius','wfs':[{'id':243186898,'morph':{'Casus':'ACCUSATIVE','DeclensionType':'SECOND_DECLENSION','Genus':'MASCULINE','Numerus':'SINGULAR','Pos':'NP'},'name':'Basilium'}]}],'name':'Basilius@NP'}]">Basilium</w><c> </c><w lemma="[{'id':109772,'ls':[{'id':109773,'name':'atque','wfs':[{'id':109774,'morph':{'Pos':'CON'},'name':'atque'}]}],'name':'atque@CON'}]">atque</w><c> </c><w lemma="[{'id':564037,'ls':[{'id':564038,'name':'Praetextatus','wfs':[{'id':564044,'morph':{'Casus':'ACCUSATIVE','DeclensionType':'SECOND_DECLENSION','Genus':'MASCULINE','Numerus':'SINGULAR','Pos':'NP'},'name':'Praetextatum'}]}],'name':'Praetextatus@NP'}]">Praetextatum</w><c>,</c><c> </c><w lemma="[{'id':783494,'ls':[{'id':1043,'name':'ars','wfs':[{'id':783510,'morph':{'Casus':'GENITIVE','DeclensionType':'THIRD_DECLENSION','Genus':'FEMININE','Numerus':'SINGULAR','Pos':'NN'},'name':'artis'}]}],'name':'ars@NN'}]">artis</w><c> </c><w lemma="[{'id':1363194,'ls':[{'id':1363195,'name':'sinistra','wfs':[{'id':1363207,'morph':{'Casus':'GENITIVE','DeclensionType':'FIRST_DECLENSION','Genus':'FEMININE','Numerus':'SINGULAR','Pos':'NN'},'name':'sinistrae'}]}],'name':'sinistra@NN'}]">sinistrae</w><c> </c><lb n="4" xml:id="bsb00000824_00308_4"></lb><w lemma="[{'id':183425,'ls':[{'id':183426,'name':'iam','wfs':[{'id':183427,'morph':{'ComparisonDegree':'POSITIVE','Pos':'ADV'},'name':'iam'}]}],'name':'iam@ADV'}]">iam</w><c> </c><w lemma="[{'id':167818,'ls':[{'id':167819,'name':'diu','wfs':[{'id':167821,'morph':{'ComparisonDegree':'POSITIVE','Pos':'ADV'},'name':'diu'}]}],'name':'diu@ADV'}]">diu</w><c> </c><w lemma="[{'id':906577,'ls':[{'id':906578,'name':'contagio','wfs':[{'id':243302343,'morph':{'Casus':'ABLATIVE','DeclensionType':'THIRD_DECLENSION','Genus':'FEMININE','Numerus':'SINGULAR','Pos':'NN'},'name':'contagione'}]}],'name':'contagio@NN'}]">contagione</w><c> </c><w lemma="[{'id':6732943,'ls':[{'id':7190,'name':'polluo','wfs':[{'id':6732989,'morph':{'Casus':'ACCUSATIVE','ConjugationType':'THIRD_CONJUGATION','Genus':'MASCULINE','Mood':'PARTICIPLE','Numerus':'PLURAL','Pos':'V','Tense':'PERFECT','VerbType':'TRANSITIVE','Voice':'PASSIVE'},'name':'pollutos'}]}],'name':'polluo@V'}]">pollutos</w><c>,</c><c> </c><w lemma="[{'id':109577,'ls':[{'id':109578,'name':'in','wfs':[{'id':109579,'morph':{'Pos':'AP'},'name':'in'}]}],'name':'in@AP'}]">in</w><c> </c><w lemma="[{'id':705870,'ls':[{'id':142,'name':'accusatio','wfs':[{'id':243237475,'morph':{'Casus':'ACCUSATIVE','DeclensionType':'THIRD_DECLENSION','Genus':'FEMININE','Numerus':'SINGULAR','Pos':'NN'},'name':'accusationem'}]}],'name':'accusatio@NN'}]">accusationem</w><c> </c><w lemma="[{'id':244512131,'ls':[{'id':244512132,'name':'tuus','wfs':[{'id':244512196,'morph':{'Casus':'GENITIVE','DeclensionType':'SECOND_DECLENSION','Genus':'MASCULINE','Numerus':'SINGULAR','Pos':'PRO','PronounType':'POSSESSIVE'},'name':'tui'}]}],'name':'tuus@PRO'}]">tui</w><c> </c><w lemma="[{'id':1008929,'ls':[{'id':4011,'name':'examen','wfs':[{'id':1008942,'morph':{'Casus':'GENITIVE','DeclensionType':'THIRD_DECLENSION','Genus':'NEUTER','Numerus':'SINGULAR','Pos':'NN'},'name':'examinis'}]}],'name':'examen@NN'}]">examinis</w><c> </c><w lemma="[{'id':1245784,'ls':[{'id':7011,'name':'persona','wfs':[{'id':1245788,'morph':{'Casus':'GENITIVE','DeclensionType':'FIRST_DECLENSION','Genus':'FEMININE','Numerus':'PLURAL','Pos':'NN'},'name':'personarum'}]}],'name':'persona@NN'}]">personarum</w><c> </c><w lemma="[{'id':1106035,'ls':[{'id':5388,'name':'intentio','wfs':[{'id':243372724,'morph':{'Casus':'ABLATIVE','DeclensionType':'THIRD_DECLENSION','Genus':'FEMININE','Numerus':'SINGULAR','Pos':'NN'},'name':'intentione'}]}],'name':'intentio@NN'}]">intentione</w><c> </c><lb n="5" xml:id="bsb00000824_00308_5"></lb><w lemma="[{'id':4736055,'ls':[{'id':3095,'name':'deduco','wfs':[{'id':4736101,'morph':{'Casus':'ACCUSATIVE','ConjugationType':'THIRD_CONJUGATION','Genus':'MASCULINE','Mood':'PARTICIPLE','Numerus':'PLURAL','Pos':'V','Tense':'PERFECT','VerbType':'TRANSITIVE','Voice':'PASSIVE'},'name':'deductos'}]}],'name':'deduco@V'}]">deductos</w><c>.</c><c> </c></s><s><w lemma="[{'id':109669,'ls':[{'id':109670,'name':'super','wfs':[{'id':109671,'morph':{'Pos':'AP'},'name':'super'}]}],'name':'super@AP'}]">super</w><c> </c><w lemma="[{'id':242816363,'ls':[{'id':242816364,'name':'qui','wfs':[{'id':498533151,'morph':{'Casus':'ABLATIVE','Genus':'FEMININE','Numerus':'SINGULAR','Pos':'PRO','PronounType':'RELATIVE'},'name':'qua'}]}],'name':'qui@PRO'}]">qua</w><c> </c><w lemma="[{'id':1322669,'ls':[{'id':964024,'name':'res','wfs':[{'id':964029,'morph':{'Casus':'ABLATIVE','DeclensionType':'FIFTH_DECLENSION','Genus':'FEMININE','Numerus':'SINGULAR','Pos':'NN'},'name':'re'}]}],'name':'res@NN'}]">re</w><c> </c><w lemma="[{'id':244510439,'ls':[{'id':244510440,'name':'noster','wfs':[{'id':244510441,'morph':{'Casus':'ACCUSATIVE','DeclensionType':'FIRST_DECLENSION','Genus':'FEMININE','Numerus':'SINGULAR','Pos':'PRO','PronounType':'POSSESSIVE'},'name':'nostram'}]}],'name':'noster@PRO'}]">nostram</w><c> </c><w lemma="[{'id':242816823,'ls':[{'id':242816824,'name':'tu','wfs':[{'id':244512059,'morph':{'Casus':'ACCUSATIVE','Genus':'MASCULINE','Numerus':'SINGULAR','Pos':'PRO','PronounType':'PERSONAL'},'name':'te'}]}],'name':'tu@PRO'}]">te</w><c> </c><w lemma="[{'id':3759822,'ls':[{'id':3760531,'name':'assero','wfs':[{'id':3760921,'morph':{'ConjugationType':'THIRD_CONJUGATION','Mood':'INDICATIVE','Numerus':'SINGULAR','Person':'PERSON_2','Pos':'V','Tense':'PRESENT','VerbType':'TRANSITIVE','Voice':'ACTIVE'},'name':'asseris'}]}],'name':'assero@V'}]">asseris</w><c> </c><w lemma="[{'id':7402576,'ls':[{'id':8423,'name':'specto','wfs':[{'id':7402657,'morph':{'ConjugationType':'FIRST_CONJUGATION','Mood':'INFINITIVE','Pos':'V','Tense':'PRESENT','VerbType':'TRANSITIVE','Voice':'ACTIVE'},'name':'spectare'}]}],'name':'specto@V'}]">spectare</w><c> </c><w lemma="[{'id':1355217,'ls':[{'id':8251,'name':'sententia','wfs':[{'id':1355226,'morph':{'Casus':'ACCUSATIVE','DeclensionType':'FIRST_DECLENSION','Genus':'FEMININE','Numerus':'SINGULAR','Pos':'NN'},'name':'sententiam'}]}],'name':'sententia@NN'}]">sententiam</w><c>,</c><c> </c><w lemma="[{'id':110061,'ls':[{'id':110062,'name':'ut','wfs':[{'id':110063,'morph':{'Pos':'CON'},'name':'ut'}]}],'name':'ut@CON'}]">ut</w><c> </c><w lemma="[{'id':149157,'ls':[{'id':2414,'name':'confidenter','wfs':[{'id':149158,'morph':{'ComparisonDegree':'COMPARATIVE','Pos':'ADV'},'name':'confidentius'}]}],'name':'confidenter@ADV'}]">confidentius</w><c> </c><w lemma="[{'id':5511842,'ls':[{'id':4349,'name':'fio','wfs':[{'id':443114,'morph':{'Mood':'SUBJUNCTIVE','Numerus':'SINGULAR','Person':'PERSON_3','Pos':'V','Tense':'PRESENT','VerbType':'VERBA_ANOMALA','Voice':'ACTIVE'},'name':'fiat'}]}],'name':'fio@V'}]">fiat</w><c> </c><lb n="6" xml:id="bsb00000824_00308_6"></lb><w lemma="[{'id':242816363,'ls':[{'id':242816364,'name':'qui','wfs':[{'id':245004334,'morph':{'Casus':'ACCUSATIVE','Genus':'NEUTER','Numerus':'SINGULAR','Pos':'PRO','PronounType':'RELATIVE'},'name':'quod'}]}],'name':'qui@PRO'}]">quod</w><c> </c><w lemma="[{'id':1254025,'ls':[{'id':7092,'name':'pietas','wfs':[{'id':1254037,'morph':{'Casus':'GENITIVE','DeclensionType':'THIRD_DECLENSION','Genus':'FEMININE','Numerus':'SINGULAR','Pos':'NN'},'name':'pietatis'}]}],'name':'pietas@NN'}]">pietatis</w><c> </c><w lemma="[{'id':244510439,'ls':[{'id':244510440,'name':'noster','wfs':[{'id':245551334,'morph':{'Casus':'GENITIVE','DeclensionType':'FIRST_DECLENSION','Genus':'FEMININE','Numerus':'SINGULAR','Pos':'PRO','PronounType':'POSSESSIVE'},'name':'nostrae'}]}],'name':'noster@PRO'}]">nostrae</w><c> </c><w lemma="[{'id':6206113,'ls':[{'id':244530721,'name':'mando','wfs':[{'id':6206630,'morph':{'ConjugationType':'FIRST_CONJUGATION','Mood':'INDICATIVE','Numerus':'SINGULAR','Person':'PERSON_3','Pos':'V','Tense':'PRESENT','VerbType':'TRANSITIVE','Voice':'ACTIVE'},'name':'mandat'}]}],'name':'mando@V'}]">mandat</w><c> </c><w lemma="[{'id':796872,'ls':[{'id':1184,'name':'auctoritas','wfs':[{'id':796887,'morph':{'Casus':'NOMINATIVE','DeclensionType':'THIRD_DECLENSION','Genus':'FEMININE','Numerus':'SINGULAR','Pos':'NN'},'name':'auctoritas'}]}],'name':'auctoritas@NN'}]">auctoritas</w><c>.</c><c> </c></s><s><w lemma="[{'id':110010,'ls':[{'id':110011,'name':'sed','wfs':[{'id':110012,'morph':{'Pos':'CON'},'name':'sed'}]}],'name':'sed@CON'}]">Sed</w><c> </c><w lemma="[{'id':242816286,'ls':[{'id':242816287,'name':'nos','wfs':[{'id':645374322,'morph':{'Casus':'NOMINATIVE','Genus':'MASCULINE','Numerus':'PLURAL','Pos':'PRO','PronounType':'PERSONAL'},'name':'nos'}]}],'name':'nos@PRO'}]">nos</w><c>,</c><c> </c><w lemma="[{'id':242816363,'ls':[{'id':242816364,'name':'qui','wfs':[{'id':296826592,'morph':{'Casus':'NOMINATIVE','Genus':'MASCULINE','Numerus':'PLURAL','Pos':'PRO','PronounType':'RELATIVE'},'name':'qui'}]}],'name':'qui@PRO'}]">qui</w><c> </c><w lemma="[{'id':6316738,'ls':[{'id':6316739,'name':'nescio','wfs':[{'id':6316852,'morph':{'ConjugationType':'FOURTH_CONJUGATION','Mood':'INDICATIVE','Numerus':'PLURAL','Person':'PERSON_1','Pos':'V','Tense':'PRESENT','VerbType':'TRANSITIVE','Voice':'ACTIVE'},'name':'nescimus'}]}],'name':'nescio@V'}]">nescimus</w><c> </c><w lemma="[{'id':109433,'ls':[{'id':109434,'name':'a','wfs':[{'id':109435,'morph':{'Pos':'AP'},'name':'a'}]}],'name':'a@AP'}]">a</w><c> </c><w lemma="[{'id':1137961,'ls':[{'id':5724,'name':'lex','wfs':[{'id':1137963,'morph':{'Casus':'ABLATIVE','DeclensionType':'THIRD_DECLENSION','Genus':'FEMININE','Numerus':'PLURAL','Pos':'NN'},'name':'legibus'}]}],'name':'lex@NN'}]">legibus</w><c> </c><w lemma="[{'id':5032472,'ls':[{'id':3581,'name':'discrepo','wfs':[{'id':412843,'morph':{'ConjugationType':'FIRST_CONJUGATION','Mood':'INFINITIVE','Pos':'V','Tense':'PRESENT','VerbType':'INTRANSITIVE','Voice':'ACTIVE'},'name':'discrepare'}]}],'name':'discrepo@V'}]">discrepare</w><c>,</c><c> </c><lb n="7" xml:id="bsb00000824_00308_7"></lb><w lemma="[{'id':242816363,'ls':[{'id':242816364,'name':'qui','wfs':[{'id':244510938,'morph':{'Casus':'GENITIVE','Genus':'MASCULINE','Numerus':'PLURAL','Pos':'PRO','PronounType':'RELATIVE'},'name':'quorum'}]}],'name':'qui@PRO'}]">quorum</w><c> </c><w lemma="[{'id':915080,'ls':[{'id':2757,'name':'cor','wfs':[{'id':243305494,'morph':{'Casus':'DATIVE','DeclensionType':'THIRD_DECLENSION','Genus':'NEUTER','Numerus':'SINGULAR','Pos':'NN'},'name':'cordi'}]}],'name':'cor@NN'}]">cordi</w><c> </c><w lemma="[{'id':7617143,'ls':[{'id':7617144,'name':'sum','wfs':[{'id':242825881,'morph':{'Mood':'INDICATIVE','Numerus':'SINGULAR','Person':'PERSON_3','Pos':'V','Tense':'PRESENT','VerbType':'VERBA_ANOMALA','Voice':'ACTIVE'},'name':'est'}]}],'name':'sum@V'}]">est</w><c> </c><w lemma="[{'id':109577,'ls':[{'id':109578,'name':'in','wfs':[{'id':109579,'morph':{'Pos':'AP'},'name':'in'}]}],'name':'in@AP'}]">in</w><c> </c><w lemma="[{'id':2744416,'ls':[{'id':6625,'name':'omnis','wfs':[{'id':2744419,'morph':{'Casus':'ABLATIVE','ComparisonDegree':'POSITIVE','DeclensionType':'THIRD_DECLENSION','Genus':'FEMININE','Numerus':'PLURAL','Pos':'ADJ'},'name':'omnibus'}]}],'name':'omnis@ADJ'}]">omnibus</w><c> </c><w lemma="[{'id':2666128,'ls':[{'id':6161,'name':'moderatus','wfs':[{'id':2666193,'morph':{'Casus':'ACCUSATIVE','ComparisonDegree':'POSITIVE','DeclensionType':'FIRST_DECLENSION','Genus':'FEMININE','Numerus':'SINGULAR','Pos':'ADJ'},'name':'moderatam'}]}],'name':'moderatus@ADJ'}]">moderatam</w><c> </c><w lemma="[{'id':7783838,'ls':[{'id':8779,'name':'teneo','wfs':[{'id':7783919,'morph':{'ConjugationType':'SECOND_CONJUGATION','Mood':'INFINITIVE','Pos':'V','Tense':'PRESENT','VerbType':'TRANSITIVE','Voice':'ACTIVE'},'name':'tenere'}]}],'name':'teneo@V'}]">tenere</w><c> </c><w lemma="[{'id':1123571,'ls':[{'id':1123572,'name':'iustitia','wfs':[{'id':1123581,'morph':{'Casus':'ACCUSATIVE','DeclensionType':'FIRST_DECLENSION','Genus':'FEMININE','Numerus':'SINGULAR','Pos':'NN'},'name':'iustitiam'}]}],'name':'iustitia@NN'}]">iustitiam</w><c>,</c><c> </c><w lemma="[{'id':2874459,'ls':[{'id':242457998,'name':'praesens','wfs':[{'id':244213372,'morph':{'Casus':'ABLATIVE','ComparisonDegree':'POSITIVE','DeclensionType':'THIRD_DECLENSION','Genus':'FEMININE','Numerus':'SINGULAR','Pos':'ADJ'},'name':'praesenti'}]}],'name':'praesens@ADJ'}]">praesenti</w><c> </c><w lemma="[{'id':796872,'ls':[{'id':1184,'name':'auctoritas','wfs':[{'id':243116312,'morph':{'Casus':'ABLATIVE','DeclensionType':'THIRD_DECLENSION','Genus':'FEMININE','Numerus':'SINGULAR','Pos':'NN'},'name':'auctoritate'}]}],'name':'auctoritas@NN'}]">auctoritate</w><c> </c><lb n="8" xml:id="bsb00000824_00308_8"></lb><w lemma="[{'id':4707704,'ls':[{'id':3046,'name':'decerno','wfs':[{'id':4707821,'morph':{'ConjugationType':'THIRD_CONJUGATION','Mood':'INDICATIVE','Numerus':'PLURAL','Person':'PERSON_1','Pos':'V','Tense':'PRESENT','VerbType':'TRANSITIVE','Voice':'ACTIVE'},'name':'decernimus'}]}],'name':'decerno@V'}]">decernimus</w><c>,</c><c> </c><w lemma="[{'id':110061,'ls':[{'id':110062,'name':'ut','wfs':[{'id':110063,'morph':{'Pos':'CON'},'name':'ut'}]}],'name':'ut@CON'}]">ut</w><c> </c><w lemma="[{'id':256081,'ls':[{'id':256082,'name':'quinque','wfs':[{'id':256099,'morph':{'Casus':'INDECLINABLE','Pos':'NUM'},'name':'quinque'}]}],'name':'quinque@NUM'}]">quinque</w><c> </c><w lemma="[{'id':1354793,'ls':[{'id':8241,'name':'senator','wfs':[{'id':1354795,'morph':{'Casus':'ABLATIVE','DeclensionType':'THIRD_DECLENSION','Genus':'MASCULINE','Numerus':'PLURAL','Pos':'NN'},'name':'senatoribus'}]}],'name':'senator@NN'}]">senatoribus</w><c>,</c><c> </c><w lemma="[{'id':242816207,'ls':[{'id':242816208,'name':'is','wfs':[{'id':244510109,'morph':{'Casus':'NOMINATIVE','Genus':'NEUTER','Numerus':'SINGULAR','Pos':'PRO','PronounType':'PERSONAL'},'name':'id'}]}],'name':'is@PRO'}]">id</w><c> </c><w lemma="[{'id':7617143,'ls':[{'id':7617144,'name':'sum','wfs':[{'id':242825881,'morph':{'Mood':'INDICATIVE','Numerus':'SINGULAR','Person':'PERSON_3','Pos':'V','Tense':'PRESENT','VerbType':'VERBA_ANOMALA','Voice':'ACTIVE'},'name':'est'}]}],'name':'sum@V'}]">est</w><c> </c><w lemma="[{'id':2636884,'ls':[{'id':5916,'name':'magnificus','wfs':[{'id':2636917,'morph':{'Casus':'DATIVE','ComparisonDegree':'POSITIVE','DeclensionType':'SECOND_DECLENSION','Genus':'MASCULINE','Numerus':'PLURAL','Pos':'ADJ'},'name':'magnificis'}]}],'name':'magnificus@ADJ'}]">magnificis</w><c> </c><w lemma="[{'id':109828,'ls':[{'id':109829,'name':'et','wfs':[{'id':109830,'morph':{'Pos':'CON'},'name':'et'}]}],'name':'et@CON'}]">et</w><c> </c><w lemma="[{'id':1229528,'ls':[{'id':1229529,'name':'patricius','wfs':[{'id':243415578,'morph':{'Casus':'DATIVE','DeclensionType':'SECOND_DECLENSION','Genus':'MASCULINE','Numerus':'PLURAL','Pos':'NN'},'name':'patriciis'}]}],'name':'patricius@NN'}]">patriciis</w><c> </c><w lemma="[{'id':1466541,'ls':[{'id':9281,'name':'vir','wfs':[{'id':1466559,'morph':{'Casus':'DATIVE','DeclensionType':'SECOND_DECLENSION','Genus':'MASCULINE','Numerus':'PLURAL','Pos':'NN'},'name':'viris'}]}],'name':'vir@NN'}]">viris</w><c> </c><w lemma="[{'id':613593,'ls':[{'id':613594,'name':'Symmachus','wfs':[{'id':613606,'morph':{'Casus':'DATIVE','DeclensionType':'SECOND_DECLENSION','Genus':'MASCULINE','Numerus':'SINGULAR','Pos':'NP'},'name':'Symmacho'}]}],'name':'Symmachus@NP'}]">Symmacho</w><c> </c><w lemma="[{'id':241523319,'ls':[{'id':241523320,'name':'Decius','wfs':[{'id':243549761,'morph':{'Casus':'DATIVE','ComparisonDegree':'POSITIVE','DeclensionType':'SECOND_DECLENSION','Genus':'MASCULINE','Numerus':'SINGULAR','Pos':'ADJ'},'name':'decio'}]}],'name':'Decius@ADJ'}]">Decio</w><c> </c><lb n="9" xml:id="bsb00000824_00308_9"></lb><w lemma="[{'id':681122,'ls':[{'id':681133,'name':'Volusianus','wfs':[{'id':765960,'morph':{'Casus':'DATIVE','DeclensionType':'SECOND_DECLENSION','Genus':'MASCULINE','Numerus':'SINGULAR','Pos':'NP'},'name':'Volusiano'}]}],'name':'Volusianus@NP'}]">Volusiano</w><c> </c><w lemma="[{'id':109772,'ls':[{'id':109773,'name':'atque','wfs':[{'id':109774,'morph':{'Pos':'CON'},'name':'atque'}]}],'name':'atque@CON'}]">atque</w><c> </c><w lemma="[{'id':779486807,'ls':[{'id':779486808,'name':'Caelianus','wfs':[{'id':779486812,'morph':{'Casus':'DATIVE','DeclensionType':'SECOND_DECLENSION','Genus':'MASCULINE','Numerus':'SINGULAR','Pos':'NP'},'name':'Caeliano'}]}],'name':'Caelianus@NP'}]">Caeliano</w><c> </c><w lemma="[{'id':109871,'ls':[{'id':109872,'name':'nec','wfs':[{'id':109873,'morph':{'Pos':'CON'},'name':'nec'}]}],'name':'nec@CON'}]">nec</w><c> </c><w lemma="[{'id':206035,'ls':[{'id':6416,'name':'non','wfs':[{'id':241322627,'morph':{'Pos':'ADV'},'name':'non'}]}],'name':'non@ADV'}]">non</w><c> </c><w lemma="[{'id':2413908,'ls':[{'id':4928,'name':'illustris','wfs':[{'id':2414017,'morph':{'Casus':'DATIVE','ComparisonDegree':'POSITIVE','DeclensionType':'THIRD_DECLENSION','Genus':'MASCULINE','Numerus':'SINGULAR','Pos':'ADJ'},'name':'illustri'}]}],'name':'illustris@ADJ'}]">illustri</w><c> </c><w lemma="[{'id':1466541,'ls':[{'id':9281,'name':'vir','wfs':[{'id':1466567,'morph':{'Casus':'DATIVE','DeclensionType':'SECOND_DECLENSION','Genus':'MASCULINE','Numerus':'SINGULAR','Pos':'NN'},'name':'viro'}]}],'name':'vir@NN'}]">viro</w><c> </c><w lemma="[{'id':522458,'ls':[{'id':522459,'name':'Maximianus','wfs':[{'id':679186,'morph':{'Casus':'DATIVE','DeclensionType':'SECOND_DECLENSION','Genus':'MASCULINE','Numerus':'SINGULAR','Pos':'NP'},'name':'Maximiano'}]}],'name':'Maximianus@NP'}]">Maximiano</w><c>,</c><c> </c><w lemma="[{'id':242815996,'ls':[{'id':242815997,'name':'hic','wfs':[{'id':244509640,'morph':{'Casus':'ACCUSATIVE','Genus':'FEMININE','Numerus':'SINGULAR','Pos':'PRO','PronounType':'DEMONSTRATIVE'},'name':'hanc'}]}],'name':'hic@PRO'}]">hanc</w><c> </c><w lemma="[{'id':839994,'ls':[{'id':1705,'name':'causa','wfs':[{'id':840003,'morph':{'Casus':'ACCUSATIVE','DeclensionType':'FIRST_DECLENSION','Genus':'FEMININE','Numerus':'SINGULAR','Pos':'NN'},'name':'causam'}]}],'name':'causa@NN'}]">causam</w><c> </c><w lemma="[{'id':2605844,'ls':[{'id':5678,'name':'legitimus','wfs':[{'id':2605907,'morph':{'Casus':'ABLATIVE','ComparisonDegree':'POSITIVE','DeclensionType':'FIRST_DECLENSION','Genus':'FEMININE','Numerus':'SINGULAR','Pos':'ADJ'},'name':'legitima'}]}],'name':'legitimus@ADJ'}]">legitima</w><c> </c><lb n="10" xml:id="bsb00000824_00308_10"></lb><w lemma="[{'id':1008990,'ls':[{'id':1008991,'name':'examinatio','wfs':[{'id':243338824,'morph':{'Casus':'ABLATIVE','DeclensionType':'THIRD_DECLENSION','Genus':'FEMININE','Numerus':'SINGULAR','Pos':'NN'},'name':'examinatione'}]}],'name':'examinatio@NN'}]">examinatione</w><c> </c><w lemma="[{'id':6558526,'ls':[{'id':6914,'name':'penso','wfs':[{'id':6558734,'morph':{'ConjugationType':'FIRST_CONJUGATION','Mood':'SUBJUNCTIVE','Numerus':'PLURAL','Person':'PERSON_2','Pos':'V','Tense':'PRESENT','VerbType':'TRANSITIVE','Voice':'ACTIVE'},'name':'pensetis'}]}],'name':'penso@V'}]">pensetis</w><c>.</c><c> </c></s><s><w lemma="[{'id':109828,'ls':[{'id':109829,'name':'et','wfs':[{'id':109830,'morph':{'Pos':'CON'},'name':'et'}]}],'name':'et@CON'}]">et</w><c> </c><w lemma="[{'id':109610,'ls':[{'id':109611,'name':'per','wfs':[{'id':109612,'morph':{'Pos':'AP'},'name':'per'}]}],'name':'per@AP'}]">per</w><c> </c><w lemma="[{'id':2744416,'ls':[{'id':6625,'name':'omnis','wfs':[{'id':2744433,'morph':{'Casus':'ACCUSATIVE','ComparisonDegree':'POSITIVE','DeclensionType':'THIRD_DECLENSION','Genus':'NEUTER','Numerus':'PLURAL','Pos':'ADJ'},'name':'omnia'}]}],'name':'omnis@ADJ'}]">omnia</w><c> </c><w lemma="[{'id':1122928,'ls':[{'id':1122941,'name':'ius','wfs':[{'id':1122954,'morph':{'Casus':'GENITIVE','DeclensionType':'THIRD_DECLENSION','Genus':'NEUTER','Numerus':'SINGULAR','Pos':'NN'},'name':'iuris'}]}],'name':'ius@NN'}]">iuris</w><c> </c><w lemma="[{'id':1216283,'ls':[{'id':6689,'name':'ordo','wfs':[{'id':243411356,'morph':{'Casus':'ABLATIVE','DeclensionType':'THIRD_DECLENSION','Genus':'MASCULINE','Numerus':'SINGULAR','Pos':'NN'},'name':'ordine'}]}],'name':'ordo@NN'}]">ordine</w><c> </c><w lemma="[{'id':4681710,'ls':[{'id':2987,'name':'custodio','wfs':[{'id':4681938,'morph':{'ConjugationType':'FOURTH_CONJUGATION','Mood':'IMPERATIVE','Numerus':'SINGULAR','Person':'PERSON_2','Pos':'V','Tense':'FUTURE','VerbType':'TRANSITIVE','Voice':'ACTIVE'},'name':'custodito'}]}],'name':'custodio@V'}]">custodito</w><c>,</c><c> </c><w lemma="[{'id':110020,'ls':[{'id':110021,'name':'si','wfs':[{'id':110022,'morph':{'Pos':'CON'},'name':'si'}]}],'name':'si@CON'}]">si</w><c> </c><w lemma="[{'id':922830,'ls':[{'id':2871,'name':'crimen','wfs':[{'id':922844,'morph':{'Casus':'NOMINATIVE','DeclensionType':'THIRD_DECLENSION','Genus':'NEUTER','Numerus':'SINGULAR','Pos':'NN'},'name':'crimen'}]}],'name':'crimen@NN'}]">crimen</w><c> </c><w lemma="[{'id':242816363,'ls':[{'id':242816364,'name':'qui','wfs':[{'id':296826590,'morph':{'Casus':'NOMINATIVE','Genus':'NEUTER','Numerus':'SINGULAR','Pos':'PRO','PronounType':'RELATIVE'},'name':'quod'}]}],'name':'qui@PRO'}]">quod</w><c> </c><w lemma="[{'id':5941427,'ls':[{'id':5384,'name':'intendo','wfs':[{'id':5941749,'morph':{'ConjugationType':'THIRD_CONJUGATION','Mood':'INDICATIVE','Numerus':'SINGULAR','Person':'PERSON_3','Pos':'V','Tense':'PRESENT','VerbType':'TRANSITIVE','Voice':'PASSIVE'},'name':'intenditur'}]}],'name':'intendo@V'}]">intenditur</w><c> </c><lb n="11" xml:id="bsb00000824_00308_11"></lb><w lemma="[{'id':7617143,'ls':[{'id':7617144,'name':'sum','wfs':[{'id':242825885,'morph':{'Mood':'INDICATIVE','Numerus':'SINGULAR','Person':'PERSON_3','Pos':'V','Tense':'FUTURE_PERFECT','VerbType':'VERBA_ANOMALA','Voice':'ACTIVE'},'name':'fuerit'}]}],'name':'sum@V'}]">fuerit</w><c> </c><w lemma="[{'id':4352625,'ls':[{'id':2255,'name':'comprobo','wfs':[{'id':4352700,'morph':{'Casus':'NOMINATIVE','ConjugationType':'FIRST_CONJUGATION','Genus':'NEUTER','Mood':'PARTICIPLE','Numerus':'SINGULAR','Pos':'V','Tense':'PERFECT','VerbType':'TRANSITIVE','Voice':'PASSIVE'},'name':'comprobatum'}]}],'name':'comprobo@V'}]">comprobatum</w><c>,</c><c> </c><w lemma="[{'id':242816153,'ls':[{'id':242816154,'name':'ipse','wfs':[{'id':242816161,'morph':{'Casus':'GENITIVE','Genus':'FEMININE','Numerus':'PLURAL','Pos':'PRO','PronounType':'DEMONSTRATIVE'},'name':'ipsarum'}]}],'name':'ipse@PRO'}]">ipsarum</w><c> </c><w lemma="[{'id':226369,'ls':[{'id':7700,'name':'quoque','wfs':[{'id':226371,'morph':{'Pos':'ADV'},'name':'quoque'}]}],'name':'quoque@ADV'}]">quoque</w><c> </c><w lemma="[{'id':1137961,'ls':[{'id':5724,'name':'lex','wfs':[{'id':1137967,'morph':{'Casus':'GENITIVE','DeclensionType':'THIRD_DECLENSION','Genus':'FEMININE','Numerus':'PLURAL','Pos':'NN'},'name':'legum'}]}],'name':'lex@NN'}]">legum</w><c> </c><w lemma="[{'id':976034,'ls':[{'id':976035,'name':'districtio','wfs':[{'id':243326654,'morph':{'Casus':'ABLATIVE','DeclensionType':'THIRD_DECLENSION','Genus':'FEMININE','Numerus':'SINGULAR','Pos':'NN'},'name':'districtione'}]}],'name':'districtio@NN'}]">districtione</w><c> </c><w lemma="[{'id':6722637,'ls':[{'id':7156,'name':'plecto','wfs':[{'id':6722962,'morph':{'ConjugationType':'THIRD_CONJUGATION','Mood':'SUBJUNCTIVE','Numerus':'SINGULAR','Person':'PERSON_3','Pos':'V','Tense':'PRESENT','VerbType':'TRANSITIVE','Voice':'PASSIVE'},'name':'plectatur'}]}],'name':'plecto@V'}]">plectatur</w><c>,</c><c> </c><w lemma="[{'id':110061,'ls':[{'id':110062,'name':'ut','wfs':[{'id':110063,'morph':{'Pos':'CON'},'name':'ut'}]}],'name':'ut@CON'}]">ut</w><c> </c><w lemma="[{'id':1322669,'ls':[{'id':964024,'name':'res','wfs':[{'id':964027,'morph':{'Casus':'GENITIVE','DeclensionType':'FIFTH_DECLENSION','Genus':'FEMININE','Numerus':'SINGULAR','Pos':'NN'},'name':'rei'}]}],'name':'res@NN'}]">rei</w><c> </c><w lemma="[{'id':1494499,'ls':[{'id':1494500,'name':'abditus','wfs':[{'id':1494544,'morph':{'Casus':'NOMINATIVE','ComparisonDegree':'POSITIVE','DeclensionType':'SECOND_DECLENSION','Genus':'MASCULINE','Numerus':'PLURAL','Pos':'ADJ'},'name':'abditi'}]}],'name':'abditus@ADJ'}]">abditi</w><c> </c><w lemma="[{'id':109772,'ls':[{'id':109773,'name':'atque','wfs':[{'id':109774,'morph':{'Pos':'CON'},'name':'atque'}]}],'name':'atque@CON'}]">atque</w><c> </c><lb n="12" xml:id="bsb00000824_00308_12"></lb><w lemma="[{'id':3024890,'ls':[{'id':3024891,'name':'secretus','wfs':[{'id':3024936,'morph':{'Casus':'NOMINATIVE','ComparisonDegree':'POSITIVE','DeclensionType':'SECOND_DECLENSION','Genus':'MASCULINE','Numerus':'PLURAL','Pos':'ADJ'},'name':'secreti'}]}],'name':'secretus@ADJ'}]">secreti</w><c> </c><w lemma="[{'id':109610,'ls':[{'id':109611,'name':'per','wfs':[{'id':109612,'morph':{'Pos':'AP'},'name':'per'}]}],'name':'per@AP'}]">per</w><c> </c><w lemma="[{'id':242815996,'ls':[{'id':242815997,'name':'hic','wfs':[{'id':36187642,'morph':{'Casus':'ACCUSATIVE','Genus':'NEUTER','Numerus':'SINGULAR','Pos':'PRO','PronounType':'DEMONSTRATIVE'},'name':'hoc'}]}],'name':'hic@PRO'}]">hoc</w><c> </c><w lemma="[{'id':242794518,'ls':[{'id':242794853,'name':'vindictus','wfs':[{'id':242794922,'morph':{'Casus':'GENITIVE','ComparisonDegree':'POSITIVE','DeclensionType':'FIRST_DECLENSION','Genus':'FEMININE','Numerus':'SINGULAR','Pos':'ADJ'},'name':'vindictae'}]}],'name':'vindicatus@ADJ'}]">vindictae</w><c> </c><w lemma="[{'id':1052280,'ls':[{'id':4639,'name':'genus','wfs':[{'id':548801374,'morph':{'Casus':'ACCUSATIVE','DeclensionType':'THIRD_DECLENSION','Genus':'NEUTER','Numerus':'SINGULAR','Pos':'NN'},'name':'genus'}]}],'name':'genus@NN'}]">genus</w><c> </c><w lemma="[{'id':109433,'ls':[{'id':109434,'name':'a','wfs':[{'id':109435,'morph':{'Pos':'AP'},'name':'a'}]}],'name':'a@AP'}]">a</w><c> </c><w lemma="[{'id':927738,'ls':[{'id':2930,'name':'culpa','wfs':[{'id':927755,'morph':{'Casus':'ABLATIVE','DeclensionType':'FIRST_DECLENSION','Genus':'FEMININE','Numerus':'PLURAL','Pos':'NN'},'name':'culpis'}]}],'name':'culpa@NN'}]">culpis</w><c> </c><w lemma="[{'id':244511865,'ls':[{'id':244511866,'name':'talis','wfs':[{'id':785529575,'morph':{'Casus':'ABLATIVE','DeclensionType':'THIRD_DECLENSION','Genus':'NEUTER','Numerus':'PLURAL','Pos':'PRO','PronounType':'CORRELATIVE'},'name':'talibus'}]}],'name':'talis@PRO'}]">talibus</w><c> </c><w lemma="[{'id':3719997,'ls':[{'id':969,'name':'arceo','wfs':[{'id':3720172,'morph':{'ConjugationType':'SECOND_CONJUGATION','Mood':'SUBJUNCTIVE','Numerus':'PLURAL','Person':'PERSON_3','Pos':'V','Tense':'PRESENT','VerbType':'TRANSITIVE','Voice':'PASSIVE'},'name':'arceantur'}]}],'name':'arceo@V'}]">arceantur</w><c>,</c><c> </c><w lemma="[{'id':242816363,'ls':[{'id':242816364,'name':'qui','wfs':[{'id':242816417,'morph':{'Casus':'ACCUSATIVE','Genus':'MASCULINE','Numerus':'PLURAL','Pos':'PRO','PronounType':'RELATIVE'},'name':'quos'}]}],'name':'qui@PRO'}]">quos</w><c> </c><w lemma="[{'id':109453,'ls':[{'id':109454,'name':'ad','wfs':[{'id':109455,'morph':{'Pos':'AP'},'name':'ad'}]}],'name':'ad@AP'}]">ad</w><c> </c><w lemma="[{'id':1137961,'ls':[{'id':5724,'name':'lex','wfs':[{'id':1137962,'morph':{'Casus':'ACCUSATIVE','DeclensionType':'THIRD_DECLENSION','Genus':'FEMININE','Numerus':'PLURAL','Pos':'NN'},'name':'leges'}]}],'name':'lex@NN'}]">leges</w><c> </c><w lemma="[{'id':7816900,'ls':[{'id':8894,'name':'traho','wfs':[{'id':7816981,'morph':{'ConjugationType':'THIRD_CONJUGATION','Mood':'INFINITIVE','Pos':'V','Tense':'PRESENT','VerbType':'TRANSITIVE','Voice':'ACTIVE'},'name':'trahere'}]}],'name':'traho@V'}]">trahere</w><c> </c><w lemma="[{'id':206035,'ls':[{'id':6416,'name':'non','wfs':[{'id':241322627,'morph':{'Pos':'ADV'},'name':'non'}]}],'name':'non@ADV'}]">non</w><c> </c><lb n="13" xml:id="bsb00000824_00308_13"></lb><w lemma="[{'id':6741602,'ls':[{'id':7228,'name':'possum','wfs':[{'id':244516537,'morph':{'Mood':'INDICATIVE','Numerus':'SINGULAR','Person':'PERSON_3','Pos':'V','Tense':'PRESENT','VerbType':'VERBA_ANOMALA','Voice':'ACTIVE'},'name':'potest'}]}],'name':'possum@V'}]">potest</w><c> </c><w lemma="[{'id':2457340,'ls':[{'id':5060,'name':'incertus','wfs':[{'id':2457410,'morph':{'Casus':'ABLATIVE','ComparisonDegree':'POSITIVE','DeclensionType':'FIRST_DECLENSION','Genus':'FEMININE','Numerus':'SINGULAR','Pos':'ADJ'},'name':'incerta'}]}],'name':'incertus@ADJ'}]">incerta</w><c> </c><w lemma="[{'id':1192851,'ls':[{'id':6426,'name':'notitia','wfs':[{'id':1192858,'morph':{'Casus':'ABLATIVE','DeclensionType':'FIRST_DECLENSION','Genus':'FEMININE','Numerus':'SINGULAR','Pos':'NN'},'name':'notitia'}]}],'name':'notitia@NN'}]">notitia</w><c>.</c><c> </c></s><s><w lemma="[{'id':109545,'ls':[{'id':109546,'name':'de','wfs':[{'id':109547,'morph':{'Pos':'AP'},'name':'de'}]}],'name':'de@AP'}]">De</w><c> </c><w lemma="[{'id':242816363,'ls':[{'id':242816364,'name':'qui','wfs':[{'id':498533151,'morph':{'Casus':'ABLATIVE','Genus':'FEMININE','Numerus':'SINGULAR','Pos':'PRO','PronounType':'RELATIVE'},'name':'qua'}]}],'name':'qui@PRO'}]">qua</w><c> </c><w lemma="[{'id':1322669,'ls':[{'id':964024,'name':'res','wfs':[{'id':964029,'morph':{'Casus':'ABLATIVE','DeclensionType':'FIFTH_DECLENSION','Genus':'FEMININE','Numerus':'SINGULAR','Pos':'NN'},'name':'re'}]}],'name':'res@NN'}]">re</w><c> </c><w lemma="[{'id':2413908,'ls':[{'id':4928,'name':'illustris','wfs':[{'id':2414038,'morph':{'Casus':'DATIVE','ComparisonDegree':'POSITIVE','DeclensionType':'THIRD_DECLENSION','Genus':'NEUTER','Numerus':'SINGULAR','Pos':'ADJ'},'name':'illustri'}]}],'name':'illustris@ADJ'}]">illustri</w><c> </c><w lemma="[{'id':1466541,'ls':[{'id':9281,'name':'vir','wfs':[{'id':1466567,'morph':{'Casus':'DATIVE','DeclensionType':'SECOND_DECLENSION','Genus':'MASCULINE','Numerus':'SINGULAR','Pos':'NN'},'name':'viro'}]}],'name':'vir@NN'}]">viro</w><c> </c><w lemma="[{'id':877368,'ls':[{'id':2109,'name':'comes','wfs':[{'id':877378,'morph':{'Casus':'DATIVE','DeclensionType':'THIRD_DECLENSION','Genus':'MASCULINE','Numerus':'SINGULAR','Pos':'NN'},'name':'comiti'}]}],'name':'comes@NN'}]">comiti</w><c> </c><w lemma="[{'id':786681268,'ls':[{'id':786681269,'name':'Arigernus','wfs':[{'id':786681270,'morph':{'Casus':'DATIVE','DeclensionType':'SECOND_DECLENSION','Genus':'MASCULINE','Numerus':'SINGULAR','Pos':'NP'},'name':'ARIGERNO'}]}],'name':'Arigernus@NP'}]">Arigerno</w><c> </c><w lemma="[{'id':1267465,'ls':[{'id':7269,'name':'praeceptum','wfs':[{'id':1267466,'morph':{'Casus':'ACCUSATIVE','DeclensionType':'SECOND_DECLENSION','Genus':'NEUTER','Numerus':'PLURAL','Pos':'NN'},'name':'praecepta'}]}],'name':'praeceptum@NN'}]">praecepta</w><c> </c><w lemma="[{'id':5013658,'ls':[{'id':3561,'name':'dirigo','wfs':[{'id':5014183,'morph':{'ConjugationType':'THIRD_CONJUGATION','Mood':'INDICATIVE','Numerus':'PLURAL','Person':'PERSON_1','Pos':'V','Tense':'PERFECT','VerbType':'TRANSITIVE','Voice':'ACTIVE'},'name':'direximus'}]}],'name':'dirigo@V'}]">direximus</w><c>,</c><c> </c><lb n="14" xml:id="bsb00000824_00308_14"></lb><w lemma="[{'id':110061,'ls':[{'id':110062,'name':'ut','wfs':[{'id':110063,'morph':{'Pos':'CON'},'name':'ut'}]}],'name':'ut@CON'}]">ut</w><c> </c><w lemma="[{'id':2744416,'ls':[{'id':6625,'name':'omnis','wfs':[{'id':2744430,'morph':{'Casus':'GENITIVE','ComparisonDegree':'POSITIVE','DeclensionType':'THIRD_DECLENSION','Genus':'MASCULINE','Numerus':'PLURAL','Pos':'ADJ'},'name':'omnium'}]}],'name':'omnis@ADJ'}]">omnium</w><c> </c><w lemma="[{'id':3288645,'ls':[{'id':9277,'name':'violentus','wfs':[{'id':3288856,'morph':{'Casus':'ABLATIVE','ComparisonDegree':'POSITIVE','DeclensionType':'FIRST_DECLENSION','Genus':'FEMININE','Numerus':'SINGULAR','Pos':'ADJ'},'name':'violenta'}]}],'name':'violentus@ADJ'}]">violenta</w><c> </c><w lemma="[{'id':942023,'ls':[{'id':3108,'name':'defensio','wfs':[{'id':243116372,'morph':{'Casus':'ABLATIVE','DeclensionType':'THIRD_DECLENSION','Genus':'FEMININE','Numerus':'SINGULAR','Pos':'NN'},'name':'defensione'}]}],'name':'defensio@NN'}]">defensione</w><c> </c><w lemma="[{'id':242654235,'ls':[{'id':242654348,'name':'summotus','wfs':[{'id':242654411,'morph':{'Casus':'ABLATIVE','ComparisonDegree':'POSITIVE','DeclensionType':'FIRST_DECLENSION','Genus':'FEMININE','Numerus':'SINGULAR','Pos':'ADJ'},'name':'summota'}]}],'name':'submotus@ADJ'}]">summota</w><c>,</c><c> </c><w lemma="[{'id':110020,'ls':[{'id':110021,'name':'si','wfs':[{'id':110022,'morph':{'Pos':'CON'},'name':'si'}]}],'name':'si@CON'}]">si</w><c> </c><w lemma="[{'id':242816792,'ls':[{'id':242816793,'name':'sui','wfs':[{'id':594734072,'morph':{'Casus':'ACCUSATIVE','Genus':'MASCULINE','Numerus':'PLURAL','Pos':'PRO','PronounType':'REFLEXIVE'},'name':'se'}]}],'name':'sui@PRO'}]">se</w><c> </c><w lemma="[{'id':6451706,'ls':[{'id':6574,'name':'occulo','wfs':[{'id':6452425,'morph':{'ConjugationType':'THIRD_CONJUGATION','Mood':'INDICATIVE','Numerus':'PLURAL','Person':'PERSON_3','Pos':'V','Tense':'PRESENT','VerbType':'TRANSITIVE','Voice':'ACTIVE'},'name':'occulunt'}]}],'name':'occulo@V'}]">occulunt</w><c>,</c><c> </c><w lemma="[{'id':109453,'ls':[{'id':109454,'name':'ad','wfs':[{'id':109455,'morph':{'Pos':'AP'},'name':'ad'}]}],'name':'ad@AP'}]">ad</w><c> </c><w lemma="[{'id':1119861,'ls':[{'id':1119862,'name':'iudicium','wfs':[{'id':243378426,'morph':{'Casus':'ACCUSATIVE','DeclensionType':'SECOND_DECLENSION','Genus':'NEUTER','Numerus':'SINGULAR','Pos':'NN'},'name':'iudicium'}]}],'name':'iudicium@NN'}]">iudicium</w><c> </c><w lemma="[{'id':6971501,'ls':[{'id':7566,'name':'protraho','wfs':[{'id':6971824,'morph':{'ConjugationType':'THIRD_CONJUGATION','Mood':'SUBJUNCTIVE','Numerus':'SINGULAR','Person':'PERSON_3','Pos':'V','Tense':'PRESENT','VerbType':'TRANSITIVE','Voice':'ACTIVE'},'name':'protrahat'}]}],'name':'protraho@V'}]">protrahat</w><c> </c><w lemma="[{'id':5723924,'ls':[{'id':4994,'name':'impeto','wfs':[{'id':5723970,'morph':{'Casus':'ACCUSATIVE','ConjugationType':'THIRD_CONJUGATION','Genus':'MASCULINE','Mood':'PARTICIPLE','Numerus':'PLURAL','Pos':'V','Tense':'PERFECT','VerbType':'TRANSITIVE','Voice':'PASSIVE'},'name':'impetitos'}]}],'name':'impeto@V'}]">impetitos</w><c> </c><lb n="15" xml:id="bsb00000824_00308_15"></lb><w lemma="[{'id':109828,'ls':[{'id':109829,'name':'et','wfs':[{'id':109830,'morph':{'Pos':'CON'},'name':'et'}]}],'name':'et@CON'}]">et</w><c> </c><w lemma="[{'id':242816974,'ls':[{'id':242816975,'name':'vos','wfs':[{'id':242816978,'morph':{'Casus':'ABLATIVE','Numerus':'PLURAL','Pos':'PRO','PronounType':'PERSONAL'},'name':'vobiscum'}]}],'name':'vos@PRO'}]">vobiscum</w><c> </c><w lemma="[{'id':109577,'ls':[{'id':109578,'name':'in','wfs':[{'id':109579,'morph':{'Pos':'AP'},'name':'in'}]}],'name':'in@AP'}]">in</w><c> </c><w lemma="[{'id':242815996,'ls':[{'id':242815997,'name':'hic','wfs':[{'id':244509636,'morph':{'Casus':'ABLATIVE','Genus':'FEMININE','Numerus':'SINGULAR','Pos':'PRO','PronounType':'DEMONSTRATIVE'},'name':'hac'}]}],'name':'hic@PRO'}]">hac</w><c> </c><w lemma="[{'id':839994,'ls':[{'id':1705,'name':'causa','wfs':[{'id':840004,'morph':{'Casus':'ABLATIVE','DeclensionType':'FIRST_DECLENSION','Genus':'FEMININE','Numerus':'SINGULAR','Pos':'NN'},'name':'causa'}]}],'name':'causa@NN'}]">causa</w><c> </c><w lemma="[{'id':7197248,'ls':[{'id':7915,'name':'resideo','wfs':[{'id':7197682,'morph':{'Casus':'NOMINATIVE','ConjugationType':'SECOND_CONJUGATION','Genus':'MASCULINE','Mood':'PARTICIPLE','Numerus':'SINGULAR','Pos':'V','Tense':'PRESENT','VerbType':'TRANSITIVE','Voice':'ACTIVE'},'name':'residens'}]}],'name':'resideo@V'}]">residens</w><c> </c><w lemma="[{'id':109871,'ls':[{'id':109872,'name':'nec','wfs':[{'id':109873,'morph':{'Pos':'CON'},'name':'nec'}]}],'name':'nec@CON'}]">nec</w><c> </c><w lemma="[{'id':6494700,'ls':[{'id':6658,'name':'opprimo','wfs':[{'id':6495187,'morph':{'ConjugationType':'THIRD_CONJUGATION','Mood':'INFINITIVE','Pos':'V','Tense':'PRESENT','VerbType':'TRANSITIVE','Voice':'PASSIVE'},'name':'opprimi'}]}],'name':'opprimo@V'}]">opprimi</w><c> </c><w lemma="[{'id':5475468,'ls':[{'id':4230,'name':'facio','wfs':[{'id':5475805,'morph':{'ConjugationType':'THIRD_CONJUGATION','Mood':'SUBJUNCTIVE','Numerus':'SINGULAR','Person':'PERSON_3','Pos':'V','Tense':'PRESENT','VerbType':'TRANSITIVE','Voice':'ACTIVE'},'name':'faciat'}]}],'name':'facio@V'}]">faciat</w><c> </c><w lemma="[{'id':2511148,'ls':[{'id':5272,'name':'innoxius','wfs':[{'id':2511168,'morph':{'Casus':'ACCUSATIVE','ComparisonDegree':'POSITIVE','DeclensionType':'SECOND_DECLENSION','Genus':'MASCULINE','Numerus':'PLURAL','Pos':'ADJ'},'name':'innoxios'}]}],'name':'innoxius@ADJ'}]">innoxios</w><c> </c><w lemma="[{'id':109871,'ls':[{'id':109872,'name':'nec','wfs':[{'id':109873,'morph':{'Pos':'CON'},'name':'nec'}]}],'name':'nec@CON'}]">nec</w><c> </c><w lemma="[{'id':1137961,'ls':[{'id':5724,'name':'lex','wfs':[{'id':1137962,'morph':{'Casus':'ACCUSATIVE','DeclensionType':'THIRD_DECLENSION','Genus':'FEMININE','Numerus':'PLURAL','Pos':'NN'},'name':'leges'}]}],'name':'lex@NN'}]">leges</w><c> </c><w lemma="[{'id':7387089,'ls':[{'id':7387090,'name':'sino','wfs':[{'id':7387595,'morph':{'ConjugationType':'THIRD_CONJUGATION','Mood':'SUBJUNCTIVE','Numerus':'SINGULAR','Person':'PERSON_3','Pos':'V','Tense':'PRESENT','VerbType':'TRANSITIVE','Voice':'ACTIVE'},'name':'sinat'}]}],'name':'sino@V'}]">sinat</w><c> </c><w lemma="[{'id':5265981,'ls':[{'id':3974,'name':'evado','wfs':[{'id':5266467,'morph':{'ConjugationType':'THIRD_CONJUGATION','Mood':'INFINITIVE','Pos':'V','Tense':'PRESENT','VerbType':'TRANSITIVE','Voice':'ACTIVE'},'name':'evadere'}]}],'name':'evado@V'}]">evadere</w><c> </c><lb n="16" xml:id="bsb00000824_00308_16"></lb><w lemma="[{'id':922981,'ls':[{'id':922982,'name':'criminosus','wfs':[{'id':243307839,'morph':{'Casus':'ACCUSATIVE','DeclensionType':'SECOND_DECLENSION','Genus':'MASCULINE','Numerus':'PLURAL','Pos':'NN'},'name':'criminosos'}]}],'name':'criminosus@NN'}]">criminosos</w><c>.</c></s></p></div></body></text></TEI>