<?xml version="1.0" ?><TEI xmlns="http://www.tei-c.org/ns/1.0"><teiHeader><fileDesc><titleStmt><title>MGH Auct. ant. 12: Cassiodori Senatoris Variae</title><editor>Mommsen, Theodor</editor></titleStmt><publicationStmt><publisher>Monumenta Germaniae Historica (MGH)</publisher><publisher>Bavarian State Library (BSB), München</publisher><idno type="BSB">bsb00000824</idno><idno type="MGH"><idno type="Annotation_created_by">sysop</idno><idno type="Annotation_created_on">Wed Oct 18 18:57:38 CEST 2017</idno><idno type="Annotation_last_changed_by">geelhaar</idno><idno type="Annotation_last_changed_on">Thu Aug 20 10:43:40 CEST 2020</idno><idno type="Author_(German)">Cassiodor (Flavius Magnus Aurelius Cassiodorus Senator)</idno><idno type="Author_(Latin)">Cassiodorus Vivariensis</idno><idno type="BSB">bsb00000824</idno><idno type="Bibliographical_Link">http://stabikat.de/DB=1/XMLPRS=N/PPN?PPN=235118842</idno><idno type="C_Stat">06</idno><idno type="C1">06</idno><idno type="C2">05</idno><idno type="Column">064</idno><idno type="Commentary">dated according to the edition (TG)</idno><idno type="Concordance_View">true</idno><idno type="Digital_Edition_Statement">Text retrieved from the critical edition and prepared by the BMBF funded project "Humanist Computer Interaction under Scrutiny"(https://humanist.hs-mainz.de/en/). The Latin Text Archive (LTA) version has been created at Goethe University Frankfurt by the CompHistSem-Work Group (hudesktop.hucompute.org).</idno><idno type="Edition">MGH Auctores antiquissimi 12</idno><idno type="LTA_Export">true</idno><idno type="Licence_Info">CC BY 4.0</idno><idno type="Multiple_Lemmata_under_a_unique_Super_lemma">0.00%</idno><idno type="Multiple_Super_lemmata">0.00%</idno><idno type="Multiple_Wordforms_under_a_unique_Lemma">0.00%</idno><idno type="Multiple_Wordforms._Tagger_based_result._Multiple_Lemmata_possible">0.00%</idno><idno type="Multiple_Wordforms._Tagger_based_result._Multiple_Super_Lemmata_possible">0.00%</idno><idno type="Not_yet_linked_or_unknown_Wordform">0.00%</idno><idno type="Page">064</idno><idno type="Provided_by">Monumenta Germaniae Historica</idno><idno type="RepFontMA">not available</idno><idno type="Status">a</idno><idno type="Text_Type">Letter</idno><idno type="Text_Type_Class">Letters</idno><idno type="Time">507/511</idno><idno type="Title">Variae 02.31 - Dromonariis Theodericus rex</idno><idno type="Type_of_Corpus">Corpus of Letters</idno><idno type="URL">http://www.mgh.de/dmgh/resolving/MGH_Auct._ant._12_S._64</idno><idno type="Unique_Wordform">100,00%</idno><idno type="Unique_Wordform._Tagger_based_result._Multiple_Lemmata_possible">0.00%</idno><idno type="Unique_Wordform._Tagger_based_result._Multiple_Super_lemmata_possible">0.00%</idno><idno type="VIAF_(Expression)">182693798</idno><idno type="VIAF_(Expression)_Link">http://viaf.org/viaf/182693798</idno><idno type="VIAF_(Person)">95230707</idno><idno type="VIAF_(Person)_Link">http://viaf.org/viaf/95230707</idno><idno type="Volume">Auct. ant. 12</idno><idno type="Year_of_Publication_(interpreted)">0511</idno>MGH Auct. ant. 12</idno><availability><licence target="http://creativecommons.org/licenses/by/4.0/"><p>Distributed under the Creative Commons Attribution 4.0 International (CC BY 4.0) license.</p><p>This license covers the annotations added by the Monumenta Germaniae Historica and the
            Bavarian State Library, Munich, in the course of project "digital MGH"
            <ref target="http://www.dmgh.de">http://www.dmgh.de</ref>, funded by the
            German Research Foundation (DFG).</p><p>We do not claim any rights on the text itself which is believed to be in the public domain.</p><p>If you distribute a copy or a derivative version of this file, please indicate the source
            of the file by mentioning the Monumenta Germaniae Historica (MGH) and the
            Bavarian State Library, Munich (BSB).</p></licence></availability><date when="2016-11-28T16:32:43+01:00">2016-11-28, 16:32:43</date></publicationStmt><sourceDesc><biblFull><titleStmt><title>Cassiodori Senatoris Variae</title><editor>Mommsen, Theodor</editor></titleStmt><publicationStmt><publisher>Weidmann</publisher><pubPlace>Berlin</pubPlace><date>1894</date></publicationStmt><seriesStmt><title>Auctores antiquissimi</title><biblScope unit="volume">12</biblScope></seriesStmt></biblFull></sourceDesc></fileDesc></teiHeader><text><body><div><pb n="64" xml:id="bsb00000824_00248"></pb><lb n="1" xml:id="bsb00000824_00248_1"></lb><head n="3"><s><w lemma="[{'id':241346594,'ls':[{'id':241346595,'name':'NUMERAL','wfs':[{'id':498534594,'morph':{'Pos':'NUM'},'name':'xxxi'}]}],'name':'NUMERAL@NUM'}]">XXXI</w><c>.</c><c> </c><lb n="2" xml:id="bsb00000824_00248_2"></lb><w lemma="[{'id':795281206,'ls':[{'id':795281207,'name':'dromonarius','wfs':[{'id':795281210,'morph':{'Casus':'DATIVE','DeclensionType':'SECOND_DECLENSION','Genus':'MASCULINE','Numerus':'PLURAL','Pos':'NN'},'name':'dromonariis'}]}],'name':'dromonarius@NN'}]">DROMONARIIS</w><c> </c><w lemma="[{'id':624521,'ls':[{'id':624522,'name':'Theodericus','wfs':[{'id':243244190,'morph':{'Casus':'NOMINATIVE','DeclensionType':'SECOND_DECLENSION','Genus':'MASCULINE','Numerus':'SINGULAR','Pos':'NP'},'name':'Theodericus'}]}],'name':'Theodericus@NP'}]">THEODERICUS</w><c> </c><w lemma="[{'id':1329481,'ls':[{'id':7965,'name':'rex','wfs':[{'id':1329499,'morph':{'Casus':'NOMINATIVE','DeclensionType':'THIRD_DECLENSION','Genus':'MASCULINE','Numerus':'SINGULAR','Pos':'NN'},'name':'rex'}]}],'name':'rex@NN'}]">REX</w><c>.</c></s></head><note><s><hi rend="ITALICS"><w lemma="[{'id':759853,'ls':[{'id':807,'name':'annus','wfs':[{'id':382849904,'morph':{'Casus':'ABLATIVE','DeclensionType':'SECOND_DECLENSION','Genus':'MASCULINE','Numerus':'SINGULAR','Pos':'NN'},'name':'a'}]}],'name':'annus@NN'}]">a</w><c>.</c><c> </c><w lemma="[{'id':241346594,'ls':[{'id':241346595,'name':'NUMERAL','wfs':[{'id':241346596,'morph':{'Pos':'NUM'},'name':'NUMERAL'}]}],'name':'NUMERAL@NUM'}]">507</w><c>/</c><w lemma="[{'id':241346594,'ls':[{'id':241346595,'name':'NUMERAL','wfs':[{'id':241346596,'morph':{'Pos':'NUM'},'name':'NUMERAL'}]}],'name':'NUMERAL@NUM'}]">511</w></hi></s></note><lb n="3" xml:id="bsb00000824_00248_3"></lb><p><s><w lemma="[{'id':1294318,'ls':[{'id':1294319,'name':'publicus','wfs':[{'id':1294322,'morph':{'Casus':'DATIVE','DeclensionType':'SECOND_DECLENSION','Genus':'MASCULINE','Numerus':'PLURAL','Pos':'NN'},'name':'publicis'}]}],'name':'publicus@NN'}]">Publicis</w><c> </c><w lemma="[{'id':4694501,'ls':[{'id':3027,'name':'debeo','wfs':[{'id':4694801,'morph':{'ConjugationType':'SECOND_CONJUGATION','Mood':'INDICATIVE','Numerus':'PLURAL','Person':'PERSON_3','Pos':'V','Tense':'PRESENT','VerbType':'TRANSITIVE','Voice':'ACTIVE'},'name':'debent'}]}],'name':'debeo@V'}]">debent</w><c> </c><w lemma="[{'id':1443775,'ls':[{'id':9082,'name':'utilitas','wfs':[{'id':1443779,'morph':{'Casus':'DATIVE','DeclensionType':'THIRD_DECLENSION','Genus':'FEMININE','Numerus':'PLURAL','Pos':'NN'},'name':'utilitatibus'}]}],'name':'utilitas@NN'}]">utilitatibus</w><c> </c><w lemma="[{'id':5926875,'ls':[{'id':5360,'name':'insudo','wfs':[{'id':5926956,'morph':{'ConjugationType':'FIRST_CONJUGATION','Mood':'INFINITIVE','Pos':'V','Tense':'PRESENT','VerbType':'TRANSITIVE','Voice':'ACTIVE'},'name':'insudare'}]}],'name':'insudo@V'}]">insudare</w><c> </c><w lemma="[{'id':242816363,'ls':[{'id':242816364,'name':'qui','wfs':[{'id':296826592,'morph':{'Casus':'NOMINATIVE','Genus':'MASCULINE','Numerus':'PLURAL','Pos':'PRO','PronounType':'RELATIVE'},'name':'qui'}]}],'name':'qui@PRO'}]">qui</w><c> </c><w lemma="[{'id':1191767,'ls':[{'id':6409,'name':'nomen','wfs':[{'id':243402773,'morph':{'Casus':'ACCUSATIVE','DeclensionType':'THIRD_DECLENSION','Genus':'NEUTER','Numerus':'SINGULAR','Pos':'NN'},'name':'nomen'}]}],'name':'nomen@NN'}]">nomen</w><c> </c><w lemma="[{'id':4734190,'ls':[{'id':3082,'name':'dedo','wfs':[{'id':4734286,'morph':{'ConjugationType':'THIRD_CONJUGATION','Mood':'INFINITIVE','Pos':'V','Tense':'PRESENT','VerbType':'TRANSITIVE','Voice':'ACTIVE'},'name':'dedere'}]}],'name':'dedo@V'}]">dedere</w><c> </c><w lemma="[{'id':1168012,'ls':[{'id':6109,'name':'militia','wfs':[{'id':1168024,'morph':{'Casus':'GENITIVE','DeclensionType':'FIRST_DECLENSION','Genus':'FEMININE','Numerus':'SINGULAR','Pos':'NN'},'name':'militiae'}]}],'name':'militia@NN'}]">militiae</w><c>.</c><c> </c></s><s><w lemma="[{'id':242816600,'ls':[{'id':242816601,'name':'quis','wfs':[{'id':498874466,'morph':{'Casus':'ACCUSATIVE','Genus':'NEUTER','Numerus':'SINGULAR','Pos':'PRO','PronounType':'INTERROGATIVE'},'name':'quid'}]}],'name':'quis@PRO'}]">quid</w><c> </c><w lemma="[{'id':109821,'ls':[{'id':109822,'name':'enim','wfs':[{'id':109823,'morph':{'Pos':'CON'},'name':'enim'}]}],'name':'enim@CON'}]">enim</w><c> </c><w lemma="[{'id':3560733,'ls':[{'id':556,'name':'ago','wfs':[{'id':3561057,'morph':{'ConjugationType':'THIRD_CONJUGATION','Mood':'SUBJUNCTIVE','Numerus':'SINGULAR','Person':'PERSON_3','Pos':'V','Tense':'PRESENT','VerbType':'TRANSITIVE','Voice':'ACTIVE'},'name':'agat'}]}],'name':'ago@V'}]">agat</w><c> </c><lb n="4" xml:id="bsb00000824_00248_4"></lb><w lemma="[{'id':1068431,'ls':[{'id':4856,'name':'homo','wfs':[{'id':1068439,'morph':{'Casus':'NOMINATIVE','DeclensionType':'THIRD_DECLENSION','Genus':'MASCULINE','Numerus':'SINGULAR','Pos':'NN'},'name':'homo'}]}],'name':'homo@NN'}]">homo</w><c>,</c><c> </c><w lemma="[{'id':110020,'ls':[{'id':110021,'name':'si','wfs':[{'id':110022,'morph':{'Pos':'CON'},'name':'si'}]}],'name':'si@CON'}]">si</w><c> </c><w lemma="[{'id':242474939,'ls':[{'id':242474940,'name':'professus','wfs':[{'id':242475038,'morph':{'Casus':'ABLATIVE','ComparisonDegree':'POSITIVE','DeclensionType':'SECOND_DECLENSION','Genus':'NEUTER','Numerus':'SINGULAR','Pos':'ADJ'},'name':'professo'}]}],'name':'professus@ADJ'}]">professo</w><c> </c><w lemma="[{'id':4912490,'ls':[{'id':3343,'name':'desum','wfs':[{'id':400541,'morph':{'Mood':'SUBJUNCTIVE','Numerus':'SINGULAR','Person':'PERSON_3','Pos':'V','Tense':'PRESENT','VerbType':'VERBA_ANOMALA','Voice':'ACTIVE'},'name':'desit'}]}],'name':'desum@V'}]">desit</w><c> </c><w lemma="[{'id':1202179,'ls':[{'id':6522,'name':'obsequium','wfs':[{'id':243406829,'morph':{'Casus':'ABLATIVE','DeclensionType':'SECOND_DECLENSION','Genus':'NEUTER','Numerus':'SINGULAR','Pos':'NN'},'name':'obsequio'}]}],'name':'obsequium@NN'}]">obsequio</w><c>,</c><c> </c><w lemma="[{'id':110061,'ls':[{'id':110062,'name':'ut','wfs':[{'id':110063,'morph':{'Pos':'CON'},'name':'ut'}]}],'name':'ut@CON'}]">ut</w><c> </c><w lemma="[{'id':109871,'ls':[{'id':109872,'name':'nec','wfs':[{'id':109873,'morph':{'Pos':'CON'},'name':'nec'}]}],'name':'nec@CON'}]">nec</w><c> </c><w lemma="[{'id':880499,'ls':[{'id':2165,'name':'commodum','wfs':[{'id':880500,'morph':{'Casus':'ACCUSATIVE','DeclensionType':'SECOND_DECLENSION','Genus':'NEUTER','Numerus':'PLURAL','Pos':'NN'},'name':'commoda'}]}],'name':'commodum@NN'}]">commoda</w><c> </c><w lemma="[{'id':2888321,'ls':[{'id':2888434,'name':'privatus','wfs':[{'id':2888477,'morph':{'Casus':'ACCUSATIVE','ComparisonDegree':'POSITIVE','DeclensionType':'SECOND_DECLENSION','Genus':'NEUTER','Numerus':'PLURAL','Pos':'ADJ'},'name':'privata'}]}],'name':'privatus@ADJ'}]">privata</w><c> </c><w lemma="[{'id':7166317,'ls':[{'id':7878,'name':'reperio','wfs':[{'id':7166637,'morph':{'ConjugationType':'FOURTH_CONJUGATION','Mood':'SUBJUNCTIVE','Numerus':'SINGULAR','Person':'PERSON_3','Pos':'V','Tense':'PRESENT','VerbType':'TRANSITIVE','Voice':'ACTIVE'},'name':'reperiat'}]}],'name':'reperio@V'}]">reperiat</w><c> </c><w lemma="[{'id':109871,'ls':[{'id':109872,'name':'nec','wfs':[{'id':109873,'morph':{'Pos':'CON'},'name':'nec'}]}],'name':'nec@CON'}]">nec</w><c> </c><w lemma="[{'id':1054836,'ls':[{'id':4677,'name':'gloria','wfs':[{'id':1054846,'morph':{'Casus':'ACCUSATIVE','DeclensionType':'FIRST_DECLENSION','Genus':'FEMININE','Numerus':'SINGULAR','Pos':'NN'},'name':'gloriam'}]}],'name':'gloria@NN'}]">gloriam</w><c> </c><lb n="5" xml:id="bsb00000824_00248_5"></lb><w lemma="[{'id':1377163,'ls':[{'id':8521,'name':'strenuitas','wfs':[{'id':1377174,'morph':{'Casus':'GENITIVE','DeclensionType':'THIRD_DECLENSION','Genus':'FEMININE','Numerus':'SINGULAR','Pos':'NN'},'name':'strenuitatis'}]}],'name':'strenuitas@NN'}]">strenuitatis</w><c> </c><w lemma="[{'id':3415565,'ls':[{'id':360,'name':'adquiro','wfs':[{'id':3416771,'morph':{'ConjugationType':'THIRD_CONJUGATION','Mood':'SUBJUNCTIVE','Numerus':'SINGULAR','Person':'PERSON_3','Pos':'V','Tense':'PRESENT','VerbType':'TRANSITIVE','Voice':'ACTIVE'},'name':'adquirat'}]}],'name':'acquiro@V'}]">adquirat</w><c>?</c><c> </c></s><s><w lemma="[{'id':109828,'ls':[{'id':109829,'name':'et','wfs':[{'id':109830,'morph':{'Pos':'CON'},'name':'et'}]}],'name':'et@CON'}]">et</w><c> </c><w lemma="[{'id':183546,'ls':[{'id':183547,'name':'ideo','wfs':[{'id':183548,'morph':{'ComparisonDegree':'POSITIVE','Pos':'ADV'},'name':'ideo'}]}],'name':'ideo@ADV'}]">ideo</w><c> </c><w lemma="[{'id':877368,'ls':[{'id':2109,'name':'comes','wfs':[{'id':877378,'morph':{'Casus':'DATIVE','DeclensionType':'THIRD_DECLENSION','Genus':'MASCULINE','Numerus':'SINGULAR','Pos':'NN'},'name':'comiti'}]}],'name':'comes@NN'}]">comiti</w><c> </c><w lemma="[{'id':3003043,'ls':[{'id':8028,'name':'sacer','wfs':[{'id':3003058,'morph':{'Casus':'GENITIVE','ComparisonDegree':'POSITIVE','DeclensionType':'FIRST_DECLENSION','Genus':'FEMININE','Numerus':'PLURAL','Pos':'ADJ'},'name':'sacrarum'}]}],'name':'sacer@ADJ'}]">sacrarum</w><c> </c><w lemma="[{'id':1130977,'ls':[{'id':5622,'name':'largitio','wfs':[{'id':243382350,'morph':{'Casus':'GENITIVE','DeclensionType':'THIRD_DECLENSION','Genus':'FEMININE','Numerus':'PLURAL','Pos':'NN'},'name':'largitionum'}]}],'name':'largitio@NN'}]">largitionum</w><c> </c><w lemma="[{'id':244510439,'ls':[{'id':244510440,'name':'noster','wfs':[{'id':244510472,'morph':{'Casus':'NOMINATIVE','DeclensionType':'FIRST_DECLENSION','Genus':'FEMININE','Numerus':'SINGULAR','Pos':'PRO','PronounType':'POSSESSIVE'},'name':'nostra'}]}],'name':'noster@PRO'}]">nostra</w><c> </c><w lemma="[{'id':6758115,'ls':[{'id':7274,'name':'praecipio','wfs':[{'id':6758446,'morph':{'ConjugationType':'THIRD_CONJUGATION','Mood':'INDICATIVE','Numerus':'SINGULAR','Person':'PERSON_3','Pos':'V','Tense':'PERFECT','VerbType':'TRANSITIVE','Voice':'ACTIVE'},'name':'praecepit'}]}],'name':'praecipio@V'}]">praecepit</w><c> </c><w lemma="[{'id':796872,'ls':[{'id':1184,'name':'auctoritas','wfs':[{'id':796887,'morph':{'Casus':'NOMINATIVE','DeclensionType':'THIRD_DECLENSION','Genus':'FEMININE','Numerus':'SINGULAR','Pos':'NN'},'name':'auctoritas'}]}],'name':'auctoritas@NN'}]">auctoritas</w><c>,</c><c> </c><w lemma="[{'id':110061,'ls':[{'id':110062,'name':'ut','wfs':[{'id':110063,'morph':{'Pos':'CON'},'name':'ut'}]}],'name':'ut@CON'}]">ut</w><c> </c><w lemma="[{'id':109577,'ls':[{'id':109578,'name':'in','wfs':[{'id':109579,'morph':{'Pos':'AP'},'name':'in'}]}],'name':'in@AP'}]">in</w><c> </c><lb n="6" xml:id="bsb00000824_00248_6"></lb><w lemma="[{'id':795281221,'ls':[{'id':795281222,'name':'Hostiliensis','wfs':[{'id':795281223,'morph':{'Casus':'ABLATIVE','ComparisonDegree':'POSITIVE','DeclensionType':'THIRD_DECLENSION','Genus':'MASCULINE','Numerus':'SINGULAR','Pos':'ADJ'},'name':'Hostiliensi'}]}],'name':'Hostiliensis@ADJ'}]">Hostiliensi</w><c> </c><w lemma="[{'id':1143697,'ls':[{'id':5796,'name':'locus','wfs':[{'id':1143710,'morph':{'Casus':'ABLATIVE','DeclensionType':'SECOND_DECLENSION','Genus':'MASCULINE','Numerus':'SINGULAR','Pos':'NN'},'name':'loco'}]}],'name':'locus@NN'}]">loco</w><c> </c><w lemma="[{'id':4510528,'ls':[{'id':2587,'name':'constituo','wfs':[{'id':4510650,'morph':{'ConjugationType':'THIRD_CONJUGATION','Mood':'INFINITIVE','Pos':'V','Tense':'PRESENT','VerbType':'TRANSITIVE','Voice':'PASSIVE'},'name':'constitui'}]}],'name':'constituo@V'}]">constitui</w><c> </c><w lemma="[{'id':4694501,'ls':[{'id':3027,'name':'debeo','wfs':[{'id':4694709,'morph':{'ConjugationType':'SECOND_CONJUGATION','Mood':'SUBJUNCTIVE','Numerus':'PLURAL','Person':'PERSON_2','Pos':'V','Tense':'PRESENT','VerbType':'TRANSITIVE','Voice':'ACTIVE'},'name':'debeatis'}]}],'name':'debeo@V'}]">debeatis</w><c>,</c><c> </c><w lemma="[{'id':225825,'ls':[{'id':225826,'name':'quatenus','wfs':[{'id':225827,'morph':{'ComparisonDegree':'POSITIVE','Pos':'ADV'},'name':'quatenus'}]}],'name':'quatenus@ADV'}]">quatenus</w><c> </c><w lemma="[{'id':2324965,'ls':[{'id':4387,'name':'fiscalis','wfs':[{'id':2325028,'morph':{'Casus':'ABLATIVE','ComparisonDegree':'POSITIVE','DeclensionType':'THIRD_DECLENSION','Genus':'FEMININE','Numerus':'SINGULAR','Pos':'ADJ'},'name':'fiscali'}]}],'name':'fiscalis@ADJ'}]">fiscali</w><c> </c><w lemma="[{'id':1070408,'ls':[{'id':4891,'name':'humanitas','wfs':[{'id':243359501,'morph':{'Casus':'ABLATIVE','DeclensionType':'THIRD_DECLENSION','Genus':'FEMININE','Numerus':'SINGULAR','Pos':'NN'},'name':'humanitate'}]}],'name':'humanitas@NN'}]">humanitate</w><c> </c><w lemma="[{'id':7073745,'ls':[{'id':7770,'name':'recreo','wfs':[{'id':7073835,'morph':{'Casus':'NOMINATIVE','ConjugationType':'FIRST_CONJUGATION','Genus':'MASCULINE','Mood':'PARTICIPLE','Numerus':'PLURAL','Pos':'V','Tense':'PERFECT','VerbType':'TRANSITIVE','Voice':'PASSIVE'},'name':'recreati'}]}],'name':'recreo@V'}]">recreati</w><c> </c><w lemma="[{'id':1012367,'ls':[{'id':4058,'name':'excursus','wfs':[{'id':779497039,'morph':{'Casus':'ACCUSATIVE','DeclensionType':'FOURTH_DECLENSION','Genus':'MASCULINE','Numerus':'PLURAL','Pos':'NN'},'name':'excursus'}]}],'name':'excursus@NN'}]">excursus</w><c> </c><w lemma="[{'id':109541,'ls':[{'id':109542,'name':'cum','wfs':[{'id':109543,'morph':{'Pos':'AP'},'name':'cum'}]}],'name':'cum@AP'}]">cum</w><c> </c><lb n="7" xml:id="bsb00000824_00248_7"></lb><w lemma="[{'id':1454932,'ls':[{'id':1454936,'name':'veredarius','wfs':[{'id':243495784,'morph':{'Casus':'ABLATIVE','DeclensionType':'SECOND_DECLENSION','Genus':'MASCULINE','Numerus':'PLURAL','Pos':'NN'},'name':'veredariis'}]}],'name':'veredarius@NN'}]">veredariis</w><c> </c><w lemma="[{'id':109610,'ls':[{'id':109611,'name':'per','wfs':[{'id':109612,'morph':{'Pos':'AP'},'name':'per'}]}],'name':'per@AP'}]">per</w><c> </c><w lemma="[{'id':747236,'ls':[{'id':747255,'name':'alveus','wfs':[{'id':747264,'morph':{'Casus':'ACCUSATIVE','DeclensionType':'SECOND_DECLENSION','Genus':'MASCULINE','Numerus':'SINGULAR','Pos':'NN'},'name':'alveum'}]}],'name':'alveus@NN'}]">alveum</w><c> </c><w lemma="[{'id':551576,'ls':[{'id':551577,'name':'Padus','wfs':[{'id':551590,'morph':{'Casus':'GENITIVE','DeclensionType':'SECOND_DECLENSION','Genus':'MASCULINE','Numerus':'SINGULAR','Pos':'NE'},'name':'Padi'}]}],'name':'Padus@NE'}]">Padi</w><c> </c><w lemma="[{'id':7391310,'ls':[{'id':484151260,'name':'soleo','wfs':[{'id':484151377,'morph':{'Casus':'ABLATIVE','ConjugationType':'SECOND_CONJUGATION','Genus':'MASCULINE','Mood':'PARTICIPLE','Numerus':'SINGULAR','Pos':'V','Tense':'PERFECT','VerbType':'SEMIDEPONENT','Voice':'PASSIVE'},'name':'solito'}]}],'name':'soleo@V'}]">solito</w><c> </c><w lemma="[{'id':1175418,'ls':[{'id':6230,'name':'mos','wfs':[{'id':243397216,'morph':{'Casus':'ABLATIVE','DeclensionType':'THIRD_DECLENSION','Genus':'MASCULINE','Numerus':'SINGULAR','Pos':'NN'},'name':'more'}]}],'name':'mos@NN'}]">more</w><c> </c><w lemma="[{'id':5475468,'ls':[{'id':4230,'name':'facio','wfs':[{'id':5475667,'morph':{'ConjugationType':'THIRD_CONJUGATION','Mood':'SUBJUNCTIVE','Numerus':'PLURAL','Person':'PERSON_2','Pos':'V','Tense':'PRESENT','VerbType':'TRANSITIVE','Voice':'ACTIVE'},'name':'faciatis'}]}],'name':'facio@V'}]">faciatis</w><c>,</c><c> </c><w lemma="[{'id':110061,'ls':[{'id':110062,'name':'ut','wfs':[{'id':110063,'morph':{'Pos':'CON'},'name':'ut'}]}],'name':'ut@CON'}]">ut</w><c> </c><w lemma="[{'id':5102942,'ls':[{'id':3664,'name':'divido','wfs':[{'id':5103451,'morph':{'Casus':'ABLATIVE','ConjugationType':'THIRD_CONJUGATION','Genus':'MASCULINE','Mood':'PARTICIPLE','Numerus':'SINGULAR','Pos':'V','Tense':'PERFECT','VerbType':'TRANSITIVE','Voice':'PASSIVE'},'name':'diviso'}]}],'name':'divido@V'}]">diviso</w><c> </c><w lemma="[{'id':1126285,'ls':[{'id':5563,'name':'labor','wfs':[{'id':243380813,'morph':{'Casus':'ABLATIVE','DeclensionType':'THIRD_DECLENSION','Genus':'MASCULINE','Numerus':'SINGULAR','Pos':'NN'},'name':'labore'}]}],'name':'labor@NN'}]">labore</w><c> </c><w lemma="[{'id':999599,'ls':[{'id':3923,'name':'equus','wfs':[{'id':999633,'morph':{'Casus':'ABLATIVE','DeclensionType':'SECOND_DECLENSION','Genus':'MASCULINE','Numerus':'PLURAL','Pos':'NN'},'name':'equis'}]}],'name':'equus@NN'}]">equis</w><c> </c><w lemma="[{'id':2914003,'ls':[{'id':7599,'name':'publicus','wfs':[{'id':2914033,'morph':{'Casus':'ABLATIVE','ComparisonDegree':'POSITIVE','DeclensionType':'SECOND_DECLENSION','Genus':'MASCULINE','Numerus':'PLURAL','Pos':'ADJ'},'name':'publicis'}]}],'name':'publicus@ADJ'}]">publicis</w><c> </c><w lemma="[{'id':4694501,'ls':[{'id':3027,'name':'debeo','wfs':[{'id':4694854,'morph':{'ConjugationType':'SECOND_CONJUGATION','Mood':'SUBJUNCTIVE','Numerus':'SINGULAR','Person':'PERSON_3','Pos':'V','Tense':'PRESENT','VerbType':'TRANSITIVE','Voice':'ACTIVE'},'name':'debeat'}]}],'name':'debeo@V'}]">debeat</w><c> </c><lb n="8" xml:id="bsb00000824_00248_8"></lb><w lemma="[{'id':7559378,'ls':[{'id':8605,'name':'subvenio','wfs':[{'id':7559862,'morph':{'ConjugationType':'FOURTH_CONJUGATION','Mood':'INFINITIVE','Pos':'V','Tense':'PRESENT','VerbType':'TRANSITIVE','Voice':'PASSIVE'},'name':'subveniri'}]}],'name':'subvenio@V'}]">subveniri</w><c>,</c><c> </c><w lemma="[{'id':225577,'ls':[{'id':7684,'name':'quando','wfs':[{'id':225578,'morph':{'ComparisonDegree':'POSITIVE','Pos':'ADV'},'name':'quando'}]}],'name':'quando@ADV'}]">quando</w><c> </c><w lemma="[{'id':932060,'ls':[{'id':2975,'name':'cursus','wfs':[{'id':498533098,'morph':{'Casus':'NOMINATIVE','DeclensionType':'FOURTH_DECLENSION','Genus':'MASCULINE','Numerus':'SINGULAR','Pos':'NN'},'name':'cursus'}]}],'name':'cursus@NN'}]">cursus</w><c> </c><w lemma="[{'id':244512458,'ls':[{'id':244512459,'name':'vester','wfs':[{'id':245551338,'morph':{'Casus':'NOMINATIVE','DeclensionType':'SECOND_DECLENSION','Genus':'MASCULINE','Numerus':'SINGULAR','Pos':'PRO','PronounType':'POSSESSIVE'},'name':'vester'}]}],'name':'vester@PRO'}]">vester</w><c> </c><w lemma="[{'id':206035,'ls':[{'id':6416,'name':'non','wfs':[{'id':241322627,'morph':{'Pos':'ADV'},'name':'non'}]}],'name':'non@ADV'}]">non</w><c> </c><w lemma="[{'id':3819188,'ls':[{'id':1153,'name':'attero','wfs':[{'id':3819988,'morph':{'ConjugationType':'THIRD_CONJUGATION','Mood':'INDICATIVE','Numerus':'SINGULAR','Person':'PERSON_3','Pos':'V','Tense':'PRESENT','VerbType':'TRANSITIVE','Voice':'PASSIVE'},'name':'atteritur'}]}],'name':'attero@V'}]">atteritur</w><c>,</c><c> </c><w lemma="[{'id':242816363,'ls':[{'id':242816364,'name':'qui','wfs':[{'id':244511016,'morph':{'Casus':'NOMINATIVE','Genus':'MASCULINE','Numerus':'SINGULAR','Pos':'PRO','PronounType':'RELATIVE'},'name':'qui'}]}],'name':'qui@PRO'}]">qui</w><c> </c><w lemma="[{'id':109610,'ls':[{'id':109611,'name':'per','wfs':[{'id':109612,'morph':{'Pos':'AP'},'name':'per'}]}],'name':'per@AP'}]">per</w><c> </c><w lemma="[{'id':1460892,'ls':[{'id':9241,'name':'via','wfs':[{'id':1460945,'morph':{'Casus':'ACCUSATIVE','DeclensionType':'FIRST_DECLENSION','Genus':'FEMININE','Numerus':'PLURAL','Pos':'NN'},'name':'vias'}]}],'name':'via@NN'}]">vias</w><c> </c><w lemma="[{'id':2615580,'ls':[{'id':5785,'name':'liquidus','wfs':[{'id':2615583,'morph':{'Casus':'ACCUSATIVE','ComparisonDegree':'POSITIVE','DeclensionType':'FIRST_DECLENSION','Genus':'FEMININE','Numerus':'PLURAL','Pos':'ADJ'},'name':'liquidas'}]}],'name':'liquidus@ADJ'}]">liquidas</w><c> </c><w lemma="[{'id':5381179,'ls':[{'id':4110,'name':'expedio','wfs':[{'id':5381532,'morph':{'ConjugationType':'FOURTH_CONJUGATION','Mood':'INDICATIVE','Numerus':'SINGULAR','Person':'PERSON_3','Pos':'V','Tense':'PRESENT','VerbType':'TRANSITIVE','Voice':'PASSIVE'},'name':'expeditur'}]}],'name':'expedio@V'}]">expeditur</w><c>.</c><c> </c></s><s><w lemma="[{'id':206035,'ls':[{'id':6416,'name':'non','wfs':[{'id':241322627,'morph':{'Pos':'ADV'},'name':'non'}]}],'name':'non@ADV'}]">non</w><c> </c><lb n="9" xml:id="bsb00000824_00248_9"></lb><w lemma="[{'id':109821,'ls':[{'id':109822,'name':'enim','wfs':[{'id':109823,'morph':{'Pos':'CON'},'name':'enim'}]}],'name':'enim@CON'}]">enim</w><c> </c><w lemma="[{'id':242816974,'ls':[{'id':242816975,'name':'vos','wfs':[{'id':242816977,'morph':{'Casus':'DATIVE','Numerus':'PLURAL','Pos':'PRO','PronounType':'PERSONAL'},'name':'vobis'}]}],'name':'vos@PRO'}]">vobis</w><c> </c><w lemma="[{'id':205765,'ls':[{'id':205766,'name':'nimio','wfs':[{'id':205767,'morph':{'ComparisonDegree':'POSITIVE','Pos':'ADV'},'name':'nimio'}]}],'name':'nimio@ADV'}]">nimio</w><c> </c><w lemma="[{'id':1126285,'ls':[{'id':5563,'name':'labor','wfs':[{'id':243380813,'morph':{'Casus':'ABLATIVE','DeclensionType':'THIRD_DECLENSION','Genus':'MASCULINE','Numerus':'SINGULAR','Pos':'NN'},'name':'labore'}]}],'name':'labor@NN'}]">labore</w><c> </c><w lemma="[{'id':4151313,'ls':[{'id':1943,'name':'claudico','wfs':[{'id':4151394,'morph':{'ConjugationType':'FIRST_CONJUGATION','Mood':'INFINITIVE','Pos':'V','Tense':'PRESENT','VerbType':'INTRANSITIVE','Voice':'ACTIVE'},'name':'claudicare'}]}],'name':'claudico@V'}]">claudicare</w><c> </c><w lemma="[{'id':4542206,'ls':[{'id':4542030,'name':'contingit','wfs':[{'id':4542193,'morph':{'ConjugationType':'THIRD_CONJUGATION','Mood':'INDICATIVE','Numerus':'SINGULAR','Person':'PERSON_3','Pos':'V','Tense':'PRESENT','VerbType':'IMPERSONAL','Voice':'ACTIVE'},'name':'contingit'}]}],'name':'contingo@V'}]">contingit</w><c>,</c><c> </c><w lemma="[{'id':242816363,'ls':[{'id':242816364,'name':'qui','wfs':[{'id':296826592,'morph':{'Casus':'NOMINATIVE','Genus':'MASCULINE','Numerus':'PLURAL','Pos':'PRO','PronounType':'RELATIVE'},'name':'qui'}]}],'name':'qui@PRO'}]">qui</w><c> </c><w lemma="[{'id':1157267,'ls':[{'id':5949,'name':'manus','wfs':[{'id':243391483,'morph':{'Casus':'ABLATIVE','DeclensionType':'FOURTH_DECLENSION','Genus':'FEMININE','Numerus':'PLURAL','Pos':'NN'},'name':'manibus'}]}],'name':'manus@NN'}]">manibus</w><c> </c><w lemma="[{'id':3599191,'ls':[{'id':692,'name':'ambulo','wfs':[{'id':3599395,'morph':{'ConjugationType':'FIRST_CONJUGATION','Mood':'INDICATIVE','Numerus':'PLURAL','Person':'PERSON_2','Pos':'V','Tense':'PRESENT','VerbType':'INTRANSITIVE','Voice':'ACTIVE'},'name':'ambulatis'}]}],'name':'ambulo@V'}]">ambulatis</w><c>.</c><c> </c></s><s><w lemma="[{'id':1450100,'ls':[{'id':9139,'name':'vehiculum','wfs':[{'id':1450164,'morph':{'Casus':'NOMINATIVE','DeclensionType':'SECOND_DECLENSION','Genus':'NEUTER','Numerus':'SINGULAR','Pos':'NN'},'name':'vehiculum'}]}],'name':'vehiculum@NN'}]">vehiculum</w><c> </c><lb n="10" xml:id="bsb00000824_00248_10"></lb><w lemma="[{'id':244512458,'ls':[{'id':244512459,'name':'vester','wfs':[{'id':244512557,'morph':{'Casus':'NOMINATIVE','DeclensionType':'SECOND_DECLENSION','Genus':'NEUTER','Numerus':'SINGULAR','Pos':'PRO','PronounType':'POSSESSIVE'},'name':'vestrum'}]}],'name':'vester@PRO'}]">vestrum</w><c> </c><w lemma="[{'id':206035,'ls':[{'id':6416,'name':'non','wfs':[{'id':241322627,'morph':{'Pos':'ADV'},'name':'non'}]}],'name':'non@ADV'}]">non</w><c> </c><w lemma="[{'id':7355982,'ls':[{'id':244500552,'name':'sentio','wfs':[{'id':297496733,'morph':{'ConjugationType':'FOURTH_CONJUGATION','Mood':'INDICATIVE','Numerus':'SINGULAR','Person':'PERSON_3','Pos':'V','Tense':'PRESENT','VerbType':'INTRANSITIVE','Voice':'ACTIVE'},'name':'sentit'}]}],'name':'sentio@V'}]">sentit</w><c> </c><w lemma="[{'id':1098732,'ls':[{'id':1098733,'name':'iniuria','wfs':[{'id':1098739,'morph':{'Casus':'ACCUSATIVE','DeclensionType':'FIRST_DECLENSION','Genus':'FEMININE','Numerus':'SINGULAR','Pos':'NN'},'name':'iniuriam'}]}],'name':'iniuria@NN'}]">iniuriam</w><c> </c><w lemma="[{'id':109871,'ls':[{'id':109872,'name':'nec','wfs':[{'id':109873,'morph':{'Pos':'CON'},'name':'nec'}]}],'name':'nec@CON'}]">nec</w><c> </c><w lemma="[{'id':941878,'ls':[{'id':3102,'name':'defectus','wfs':[{'id':243314440,'morph':{'Casus':'ACCUSATIVE','DeclensionType':'SECOND_DECLENSION','Genus':'MASCULINE','Numerus':'SINGULAR','Pos':'NN'},'name':'defectum'}]}],'name':'defectus@NN'}]">defectum</w><c> </c><w lemma="[{'id':6534354,'ls':[{'id':6845,'name':'patior','wfs':[{'id':6534861,'morph':{'ConjugationType':'THIRD_CONJUGATION','Mood':'INDICATIVE','Numerus':'SINGULAR','Person':'PERSON_3','Pos':'V','Tense':'PRESENT','VerbType':'DEPONENT','Voice':'PASSIVE'},'name':'patitur'}]}],'name':'patior@V'}]">patitur</w><c>,</c><c> </c><w lemma="[{'id':109986,'ls':[{'id':109987,'name':'quod','wfs':[{'id':109988,'morph':{'Pos':'CON'},'name':'quod'}]}],'name':'quod@CON'}]">quod</w><c> </c><w lemma="[{'id':1439940,'ls':[{'id':9041,'name':'unda','wfs':[{'id':1439968,'morph':{'Casus':'ABLATIVE','DeclensionType':'FIRST_DECLENSION','Genus':'FEMININE','Numerus':'SINGULAR','Pos':'NN'},'name':'unda'}]}],'name':'unda@NN'}]">unda</w><c> </c><w lemma="[{'id':241328546,'ls':[{'id':241328552,'name':'potius','wfs':[{'id':241328555,'morph':{'ComparisonDegree':'POSITIVE','Pos':'ADV'},'name':'potius'}]}],'name':'potius@ADV'}]">potius</w><c> </c><w lemma="[{'id':4675094,'ls':[{'id':2973,'name':'curro','wfs':[{'id':4675120,'morph':{'Casus':'ABLATIVE','ConjugationType':'THIRD_CONJUGATION','Genus':'FEMININE','Mood':'PARTICIPLE','Numerus':'SINGULAR','Pos':'V','Tense':'PRESENT','VerbType':'INTRANSITIVE','Voice':'ACTIVE'},'name':'currente'}]}],'name':'curro@V'}]">currente</w><c> </c><w lemma="[{'id':6740047,'ls':[{'id':7218,'name':'porto','wfs':[{'id':6740398,'morph':{'ConjugationType':'FIRST_CONJUGATION','Mood':'INDICATIVE','Numerus':'SINGULAR','Person':'PERSON_3','Pos':'V','Tense':'PRESENT','VerbType':'TRANSITIVE','Voice':'PASSIVE'},'name':'portatur'}]}],'name':'porto@V'}]">portatur</w><c>.</c></s></p></div></body></text></TEI>