<?xml version="1.0" ?><TEI xmlns="http://www.tei-c.org/ns/1.0"><teiHeader><fileDesc><titleStmt><title>MGH Auct. ant. 12: Cassiodori Senatoris Variae</title><editor>Mommsen, Theodor</editor></titleStmt><publicationStmt><publisher>Monumenta Germaniae Historica (MGH)</publisher><publisher>Bavarian State Library (BSB), München</publisher><idno type="BSB">bsb00000824</idno><idno type="MGH"><idno type="Annotation_created_by">sysop</idno><idno type="Annotation_created_on">Wed Oct 18 18:58:34 CEST 2017</idno><idno type="Annotation_last_changed_by">geelhaar</idno><idno type="Annotation_last_changed_on">Thu Aug 20 10:43:40 CEST 2020</idno><idno type="Author_(German)">Cassiodor (Flavius Magnus Aurelius Cassiodorus Senator)</idno><idno type="Author_(Latin)">Cassiodorus Vivariensis</idno><idno type="BSB">bsb00000824</idno><idno type="Bibliographical_Link">http://stabikat.de/DB=1/XMLPRS=N/PPN?PPN=235118842</idno><idno type="C_Stat">06</idno><idno type="C1">06</idno><idno type="C2">05</idno><idno type="Column">050</idno><idno type="Commentary">dated according to Stefan Krautschick, Cassiodor und die Politik seiner Zeit. Bonn 1983, 74.  (TG)</idno><idno type="Concordance_View">true</idno><idno type="Digital_Edition_Statement">Text retrieved from the critical edition and prepared by the BMBF funded project "Humanist Computer Interaction under Scrutiny"(https://humanist.hs-mainz.de/en/). The Latin Text Archive (LTA) version has been created at Goethe University Frankfurt by the CompHistSem-Work Group (hudesktop.hucompute.org).</idno><idno type="Edition">MGH Auctores antiquissimi 12</idno><idno type="LTA_Export">true</idno><idno type="Licence_Info">CC BY 4.0</idno><idno type="Multiple_Lemmata_under_a_unique_Super_lemma">0.00%</idno><idno type="Multiple_Super_lemmata">0.00%</idno><idno type="Multiple_Wordforms_under_a_unique_Lemma">0.00%</idno><idno type="Multiple_Wordforms._Tagger_based_result._Multiple_Lemmata_possible">0.00%</idno><idno type="Multiple_Wordforms._Tagger_based_result._Multiple_Super_Lemmata_possible">0.00%</idno><idno type="Not_yet_linked_or_unknown_Wordform">0.00%</idno><idno type="Page">050</idno><idno type="Provided_by">Monumenta Germaniae Historica</idno><idno type="RepFontMA">not available</idno><idno type="Status">a</idno><idno type="Text_Type">Letter</idno><idno type="Text_Type_Class">Letters</idno><idno type="Time">509 ineunte</idno><idno type="Title">Variae 02.06 - Agapito viro illustri patricio Theodericus rex</idno><idno type="Type_of_Corpus">Corpus of Letters</idno><idno type="URL">http://www.mgh.de/dmgh/resolving/MGH_Auct._ant._12_S._50</idno><idno type="Unique_Wordform">100,00%</idno><idno type="Unique_Wordform._Tagger_based_result._Multiple_Lemmata_possible">0.00%</idno><idno type="Unique_Wordform._Tagger_based_result._Multiple_Super_lemmata_possible">0.00%</idno><idno type="VIAF_(Expression)">182693798</idno><idno type="VIAF_(Expression)_Link">http://viaf.org/viaf/182693798</idno><idno type="VIAF_(Person)">95230707</idno><idno type="VIAF_(Person)_Link">http://viaf.org/viaf/95230707</idno><idno type="Volume">Auct. ant. 12</idno><idno type="Year_of_Publication_(interpreted)">0509</idno>MGH Auct. ant. 12</idno><availability><licence target="http://creativecommons.org/licenses/by/4.0/"><p>Distributed under the Creative Commons Attribution 4.0 International (CC BY 4.0) license.</p><p>This license covers the annotations added by the Monumenta Germaniae Historica and the
            Bavarian State Library, Munich, in the course of project "digital MGH"
            <ref target="http://www.dmgh.de">http://www.dmgh.de</ref>, funded by the
            German Research Foundation (DFG).</p><p>We do not claim any rights on the text itself which is believed to be in the public domain.</p><p>If you distribute a copy or a derivative version of this file, please indicate the source
            of the file by mentioning the Monumenta Germaniae Historica (MGH) and the
            Bavarian State Library, Munich (BSB).</p></licence></availability><date when="2016-11-28T16:32:43+01:00">2016-11-28, 16:32:43</date></publicationStmt><sourceDesc><biblFull><titleStmt><title>Cassiodori Senatoris Variae</title><editor>Mommsen, Theodor</editor></titleStmt><publicationStmt><publisher>Weidmann</publisher><pubPlace>Berlin</pubPlace><date>1894</date></publicationStmt><seriesStmt><title>Auctores antiquissimi</title><biblScope unit="volume">12</biblScope></seriesStmt></biblFull></sourceDesc></fileDesc><revisionDesc><change when="23-12-2018 09:43" who="vzernovnikov"></change></revisionDesc></teiHeader><text><body><div><lb n="4" xml:id="bsb00000824_00234_4"></lb><head n="3"><s><w lemma="[{'id':241346594,'ls':[{'id':241346595,'name':'NUMERAL','wfs':[{'id':602162884,'morph':{'Pos':'NUM'},'name':'VI'}]}],'name':'NUMERAL@NUM'}]">VI</w><c>.</c><c> </c><lb n="5" xml:id="bsb00000824_00234_5"></lb><w lemma="[{'id':274820,'ls':[{'id':274821,'name':'Agapitus','wfs':[{'id':274832,'morph':{'Casus':'DATIVE','DeclensionType':'SECOND_DECLENSION','Genus':'MASCULINE','Numerus':'SINGULAR','Pos':'NP'},'name':'Agapito'}]}],'name':'Agapitus@NP'}]">AGAPITO</w><c> </c><w lemma="[{'id':1466541,'ls':[{'id':9281,'name':'vir','wfs':[{'id':779458787,'morph':{'Casus':'DATIVE','DeclensionType':'SECOND_DECLENSION','Genus':'MASCULINE','Numerus':'SINGULAR','Pos':'NN'},'name':'v'}]}],'name':'vir@NN'}]">V</w><c>.</c><c> </c><w lemma="[{'id':2413908,'ls':[{'id':4928,'name':'illustris','wfs':[{'id':779459471,'morph':{'Casus':'DATIVE','ComparisonDegree':'POSITIVE','DeclensionType':'THIRD_DECLENSION','Genus':'MASCULINE','Numerus':'SINGULAR','Pos':'ADJ'},'name':'I'}]}],'name':'illustris@ADJ'}]">I</w><c>.</c><c> </c><w lemma="[{'id':1229528,'ls':[{'id':1229529,'name':'patricius','wfs':[{'id':243415586,'morph':{'Casus':'DATIVE','DeclensionType':'SECOND_DECLENSION','Genus':'MASCULINE','Numerus':'SINGULAR','Pos':'NN'},'name':'patricio'}]}],'name':'patricius@NN'}]">PATRICIO</w><c> </c><w lemma="[{'id':624521,'ls':[{'id':624522,'name':'Theodericus','wfs':[{'id':243244190,'morph':{'Casus':'NOMINATIVE','DeclensionType':'SECOND_DECLENSION','Genus':'MASCULINE','Numerus':'SINGULAR','Pos':'NP'},'name':'Theodericus'}]}],'name':'Theodericus@NP'}]">THEODERICUS</w><c> </c><w lemma="[{'id':1329481,'ls':[{'id':7965,'name':'rex','wfs':[{'id':1329499,'morph':{'Casus':'NOMINATIVE','DeclensionType':'THIRD_DECLENSION','Genus':'MASCULINE','Numerus':'SINGULAR','Pos':'NN'},'name':'rex'}]}],'name':'rex@NN'}]">REX</w><c>.</c></s></head><note><s><hi rend="ITALICS"><w lemma="[{'id':759853,'ls':[{'id':807,'name':'annus','wfs':[{'id':382849904,'morph':{'Casus':'ABLATIVE','DeclensionType':'SECOND_DECLENSION','Genus':'MASCULINE','Numerus':'SINGULAR','Pos':'NN'},'name':'a'}]}],'name':'annus@NN'}]">a</w><c>.</c><c> </c><w lemma="[{'id':241346594,'ls':[{'id':241346595,'name':'NUMERAL','wfs':[{'id':241346596,'morph':{'Pos':'NUM'},'name':'NUMERAL'}]}],'name':'NUMERAL@NUM'}]">509</w><c>|</c><w lemma="[{'id':241346594,'ls':[{'id':241346595,'name':'NUMERAL','wfs':[{'id':241346596,'morph':{'Pos':'NUM'},'name':'NUMERAL'}]}],'name':'NUMERAL@NUM'}]">511</w></hi></s></note><lb n="6" xml:id="bsb00000824_00234_6"></lb><p><s><w lemma="[{'id':946010,'ls':[{'id':946011,'name':'deliberatio','wfs':[{'id':946014,'morph':{'Casus':'GENITIVE','DeclensionType':'THIRD_DECLENSION','Genus':'FEMININE','Numerus':'SINGULAR','Pos':'NN'},'name':'deliberationis'}]}],'name':'deliberatio@NN'}]">Deliberationis</w><c> </c><w lemma="[{'id':244510439,'ls':[{'id':244510440,'name':'noster','wfs':[{'id':245551334,'morph':{'Casus':'GENITIVE','DeclensionType':'FIRST_DECLENSION','Genus':'FEMININE','Numerus':'SINGULAR','Pos':'PRO','PronounType':'POSSESSIVE'},'name':'nostrae'}]}],'name':'noster@PRO'}]">nostrae</w><c> </c><w lemma="[{'id':902655,'ls':[{'id':2542,'name':'consilium','wfs':[{'id':241420291,'morph':{'Casus':'NOMINATIVE','DeclensionType':'SECOND_DECLENSION','Genus':'NEUTER','Numerus':'SINGULAR','Pos':'NN'},'name':'consilium'}]}],'name':'consilium@NN'}]">consilium</w><c> </c><w lemma="[{'id':1466541,'ls':[{'id':9281,'name':'vir','wfs':[{'id':1466560,'morph':{'Casus':'GENITIVE','DeclensionType':'SECOND_DECLENSION','Genus':'MASCULINE','Numerus':'PLURAL','Pos':'NN'},'name':'virorum'}]}],'name':'vir@NN'}]">virorum</w><c> </c><w lemma="[{'id':2912036,'ls':[{'id':242491946,'name':'prudens','wfs':[{'id':244231651,'morph':{'Casus':'GENITIVE','ComparisonDegree':'POSITIVE','DeclensionType':'THIRD_DECLENSION','Genus':'MASCULINE','Numerus':'PLURAL','Pos':'ADJ'},'name':'prudentium'}]}],'name':'prudens@ADJ'}]">prudentium</w><c> </c><w lemma="[{'id':7188354,'ls':[{'id':7907,'name':'requiro','wfs':[{'id':7189189,'morph':{'ConjugationType':'THIRD_CONJUGATION','Mood':'INDICATIVE','Numerus':'SINGULAR','Person':'PERSON_3','Pos':'V','Tense':'PRESENT','VerbType':'TRANSITIVE','Voice':'ACTIVE'},'name':'requirit'}]}],'name':'requiro@V'}]">requirit</w><c> </c><w lemma="[{'id':1202179,'ls':[{'id':6522,'name':'obsequium','wfs':[{'id':243406827,'morph':{'Casus':'ACCUSATIVE','DeclensionType':'SECOND_DECLENSION','Genus':'NEUTER','Numerus':'SINGULAR','Pos':'NN'},'name':'obsequium'}]}],'name':'obsequium@NN'}]">obsequium</w><c>,</c><c> </c><w lemma="[{'id':110061,'ls':[{'id':110062,'name':'ut','wfs':[{'id':110063,'morph':{'Pos':'CON'},'name':'ut'}]}],'name':'ut@CON'}]">ut</w><c> </c><lb n="7" xml:id="bsb00000824_00234_7"></lb><w lemma="[{'id':1443775,'ls':[{'id':9082,'name':'utilitas','wfs':[{'id':1443789,'morph':{'Casus':'GENITIVE','DeclensionType':'THIRD_DECLENSION','Genus':'FEMININE','Numerus':'SINGULAR','Pos':'NN'},'name':'utilitatis'}]}],'name':'utilitas@NN'}]">utilitatis</w><c> </c><w lemma="[{'id':2914003,'ls':[{'id':7599,'name':'publicus','wfs':[{'id':2914072,'morph':{'Casus':'GENITIVE','ComparisonDegree':'POSITIVE','DeclensionType':'FIRST_DECLENSION','Genus':'FEMININE','Numerus':'SINGULAR','Pos':'ADJ'},'name':'publicae'}]}],'name':'publicus@ADJ'}]">publicae</w><c> </c><w lemma="[{'id':1307428,'ls':[{'id':7734,'name':'ratio','wfs':[{'id':241472634,'morph':{'Casus':'NOMINATIVE','DeclensionType':'THIRD_DECLENSION','Genus':'FEMININE','Numerus':'SINGULAR','Pos':'NN'},'name':'ratio'}]}],'name':'ratio@NN'}]">ratio</w><c> </c><w lemma="[{'id':1341228,'ls':[{'id':1341229,'name':'sapiens','wfs':[{'id':1341235,'morph':{'Casus':'GENITIVE','DeclensionType':'THIRD_DECLENSION','Genus':'MASCULINE','Numerus':'PLURAL','Pos':'NN'},'name':'sapientum'}]}],'name':'sapiens@NN'}]">sapientum</w><c> </c><w lemma="[{'id':1168880,'ls':[{'id':6118,'name':'ministerium','wfs':[{'id':242825905,'morph':{'Casus':'ABLATIVE','DeclensionType':'SECOND_DECLENSION','Genus':'NEUTER','Numerus':'SINGULAR','Pos':'NN'},'name':'ministerio'}]}],'name':'ministerium@NN'}]">ministerio</w><c> </c><w lemma="[{'id':4337727,'ls':[{'id':2228,'name':'compleo','wfs':[{'id':4338081,'morph':{'ConjugationType':'SECOND_CONJUGATION','Mood':'SUBJUNCTIVE','Numerus':'SINGULAR','Person':'PERSON_3','Pos':'V','Tense':'PRESENT','VerbType':'TRANSITIVE','Voice':'PASSIVE'},'name':'compleatur'}]}],'name':'compleo@V'}]">compleatur</w><c>.</c><c> </c></s><s><w lemma="[{'id':109828,'ls':[{'id':109829,'name':'et','wfs':[{'id':109830,'morph':{'Pos':'CON'},'name':'et'}]}],'name':'et@CON'}]">et</w><c> </c><w lemma="[{'id':183546,'ls':[{'id':183547,'name':'ideo','wfs':[{'id':183548,'morph':{'ComparisonDegree':'POSITIVE','Pos':'ADV'},'name':'ideo'}]}],'name':'ideo@ADV'}]">ideo</w><c> </c><w lemma="[{'id':2413908,'ls':[{'id':4928,'name':'illustris','wfs':[{'id':2414004,'morph':{'Casus':'NOMINATIVE','ComparisonDegree':'POSITIVE','DeclensionType':'THIRD_DECLENSION','Genus':'FEMININE','Numerus':'SINGULAR','Pos':'ADJ'},'name':'illustris'}]}],'name':'illustris@ADJ'}]">illustris</w><c> </c><w lemma="[{'id':1152577,'ls':[{'id':5920,'name':'magnitudo','wfs':[{'id':1152583,'morph':{'Casus':'NOMINATIVE','DeclensionType':'THIRD_DECLENSION','Genus':'FEMININE','Numerus':'SINGULAR','Pos':'NN'},'name':'magnitudo'}]}],'name':'magnitudo@NN'}]">magnitudo</w><c> </c><w lemma="[{'id':244512131,'ls':[{'id':244512132,'name':'tuus','wfs':[{'id':244512186,'morph':{'Casus':'NOMINATIVE','DeclensionType':'FIRST_DECLENSION','Genus':'FEMININE','Numerus':'SINGULAR','Pos':'PRO','PronounType':'POSSESSIVE'},'name':'tua'}]}],'name':'tuus@PRO'}]">tua</w><c> </c><lb n="8" xml:id="bsb00000824_00234_8"></lb><w lemma="[{'id':958093,'ls':[{'id':958094,'name':'deus','wfs':[{'id':958105,'morph':{'Casus':'ABLATIVE','DeclensionType':'SECOND_DECLENSION','Genus':'MASCULINE','Numerus':'SINGULAR','Pos':'NN'},'name':'deo'}]}],'name':'deus@NN'}]">deo</w><c> </c><w lemma="[{'id':3872052,'ls':[{'id':1249,'name':'auxilior','wfs':[{'id':3872500,'morph':{'Casus':'ABLATIVE','ConjugationType':'FIRST_CONJUGATION','Genus':'MASCULINE','Mood':'PARTICIPLE','Numerus':'SINGULAR','Pos':'V','Tense':'PRESENT','VerbType':'DEPONENT','Voice':'ACTIVE'},'name':'auxiliante'}]}],'name':'auxilior@V'}]">auxiliante</w><c> </c><w lemma="[{'id':4186426,'ls':[{'id':2021,'name':'cognosco','wfs':[{'id':4186785,'morph':{'ConjugationType':'THIRD_CONJUGATION','Mood':'SUBJUNCTIVE','Numerus':'SINGULAR','Person':'PERSON_3','Pos':'V','Tense':'PRESENT','VerbType':'TRANSITIVE','Voice':'ACTIVE'},'name':'cognoscat'}]}],'name':'cognosco@V'}]">cognoscat</w><c> </c><w lemma="[{'id':1134668,'ls':[{'id':5675,'name':'legatio','wfs':[{'id':243383583,'morph':{'Casus':'ACCUSATIVE','DeclensionType':'THIRD_DECLENSION','Genus':'FEMININE','Numerus':'SINGULAR','Pos':'NN'},'name':'legationem'}]}],'name':'legatio@NN'}]">legationem</w><c> </c><w lemma="[{'id':242816286,'ls':[{'id':242816287,'name':'nos','wfs':[{'id':386315174,'morph':{'Casus':'ACCUSATIVE','Genus':'MASCULINE','Numerus':'PLURAL','Pos':'PRO','PronounType':'PERSONAL'},'name':'nos'}]}],'name':'nos@PRO'}]">nos</w><c> </c><w lemma="[{'id':109453,'ls':[{'id':109454,'name':'ad','wfs':[{'id':109455,'morph':{'Pos':'AP'},'name':'ad'}]}],'name':'ad@AP'}]">ad</w><c> </c><w lemma="[{'id':1216641,'ls':[{'id':6696,'name':'oriens','wfs':[{'id':243411437,'morph':{'Casus':'ACCUSATIVE','DeclensionType':'THIRD_DECLENSION','Genus':'MASCULINE','Numerus':'SINGULAR','Pos':'NN'},'name':'orientem'}]}],'name':'oriens@NN'}]">Orientem</w><c> </c><w lemma="[{'id':4797343,'ls':[{'id':3187,'name':'delibero','wfs':[{'id':244514286,'morph':{'Pos':'V'},'name':'deliberasse'}]}],'name':'delibero@V'}]">deliberasse</w><c> </c><w lemma="[{'id':7841090,'ls':[{'id':8922,'name':'transmitto','wfs':[{'id':7841576,'morph':{'ConjugationType':'THIRD_CONJUGATION','Mood':'INFINITIVE','Pos':'V','Tense':'PRESENT','VerbType':'TRANSITIVE','Voice':'ACTIVE'},'name':'transmittere'}]}],'name':'transmitto@V'}]">transmittere</w><c>:</c><c> </c><w lemma="[{'id':242816363,'ls':[{'id':242816364,'name':'qui','wfs':[{'id':242816365,'morph':{'Casus':'DATIVE','Genus':'FEMININE','Numerus':'SINGULAR','Pos':'PRO','PronounType':'RELATIVE'},'name':'cui'}]}],'name':'qui@PRO'}]">cui</w><c> </c><w lemma="[{'id':242816823,'ls':[{'id':242816824,'name':'tu','wfs':[{'id':244512059,'morph':{'Casus':'ACCUSATIVE','Genus':'MASCULINE','Numerus':'SINGULAR','Pos':'PRO','PronounType':'PERSONAL'},'name':'te'}]}],'name':'tu@PRO'}]">te</w><c> </c><lb n="9" xml:id="bsb00000824_00234_9"></lb><w lemma="[{'id':2403147,'ls':[{'id':2403148,'name':'idoneus','wfs':[{'id':2403226,'morph':{'Casus':'ACCUSATIVE','ComparisonDegree':'POSITIVE','DeclensionType':'SECOND_DECLENSION','Genus':'MASCULINE','Numerus':'SINGULAR','Pos':'ADJ'},'name':'idoneum'}]}],'name':'idoneus@ADJ'}]">idoneum</w><c> </c><w lemma="[{'id':6076190,'ls':[{'id':6076191,'name':'iudico','wfs':[{'id':6076207,'morph':{'Casus':'NOMINATIVE','ConjugationType':'FIRST_CONJUGATION','Genus':'MASCULINE','Mood':'PARTICIPLE','Numerus':'PLURAL','Pos':'V','Tense':'PRESENT','VerbType':'TRANSITIVE','Voice':'ACTIVE'},'name':'iudicantes'}]}],'name':'iudico@V'}]">iudicantes</w><c> </c><w lemma="[{'id':1123242,'ls':[{'id':1123243,'name':'iussum','wfs':[{'id':1123245,'morph':{'Casus':'ABLATIVE','DeclensionType':'SECOND_DECLENSION','Genus':'NEUTER','Numerus':'PLURAL','Pos':'NN'},'name':'iussis'}]}],'name':'iussum@NN'}]">iussis</w><c> </c><w lemma="[{'id':2874459,'ls':[{'id':242457998,'name':'praesens','wfs':[{'id':244213347,'morph':{'Casus':'ABLATIVE','ComparisonDegree':'POSITIVE','DeclensionType':'THIRD_DECLENSION','Genus':'NEUTER','Numerus':'PLURAL','Pos':'ADJ'},'name':'praesentibus'}]}],'name':'praesens@ADJ'}]">praesentibus</w><c> </c><w lemma="[{'id':5296763,'ls':[{'id':3996,'name':'evoco','wfs':[{'id':5297271,'morph':{'ConjugationType':'FIRST_CONJUGATION','Mood':'INDICATIVE','Numerus':'PLURAL','Person':'PERSON_1','Pos':'V','Tense':'PRESENT','VerbType':'TRANSITIVE','Voice':'ACTIVE'},'name':'evocamus'}]}],'name':'evoco@V'}]">evocamus</w><c>,</c><c> </c><w lemma="[{'id':110061,'ls':[{'id':110062,'name':'ut','wfs':[{'id':110063,'morph':{'Pos':'CON'},'name':'ut'}]}],'name':'ut@CON'}]">ut</w><c> </c><w lemma="[{'id':109828,'ls':[{'id':109829,'name':'et','wfs':[{'id':109830,'morph':{'Pos':'CON'},'name':'et'}]}],'name':'et@CON'}]">et</w><c> </c><w lemma="[{'id':242816823,'ls':[{'id':242816824,'name':'tu','wfs':[{'id':242816828,'morph':{'Casus':'DATIVE','Genus':'MASCULINE','Numerus':'SINGULAR','Pos':'PRO','PronounType':'PERSONAL'},'name':'tibi'}]}],'name':'tu@PRO'}]">tibi</w><c> </c><w lemma="[{'id':109545,'ls':[{'id':109546,'name':'de','wfs':[{'id':109547,'morph':{'Pos':'AP'},'name':'de'}]}],'name':'de@AP'}]">de</w><c> </c><w lemma="[{'id':731316,'ls':[{'id':535,'name':'aestimatio','wfs':[{'id':243244531,'morph':{'Casus':'ABLATIVE','DeclensionType':'THIRD_DECLENSION','Genus':'FEMININE','Numerus':'SINGULAR','Pos':'NN'},'name':'aestimatione'}]}],'name':'aestimatio@NN'}]">aestimatione</w><c> </c><w lemma="[{'id':244510439,'ls':[{'id':244510440,'name':'noster','wfs':[{'id':6614821,'morph':{'Casus':'ABLATIVE','DeclensionType':'FIRST_DECLENSION','Genus':'FEMININE','Numerus':'SINGULAR','Pos':'PRO','PronounType':'POSSESSIVE'},'name':'nostra'}]}],'name':'noster@PRO'}]">nostra</w><c> </c><lb n="10" xml:id="bsb00000824_00234_10"></lb><w lemma="[{'id':4641727,'ls':[{'id':2862,'name':'cresco','wfs':[{'id':4642086,'morph':{'ConjugationType':'THIRD_CONJUGATION','Mood':'SUBJUNCTIVE','Numerus':'SINGULAR','Person':'PERSON_3','Pos':'V','Tense':'PRESENT','VerbType':'INTRANSITIVE','Voice':'ACTIVE'},'name':'crescat'}]}],'name':'cresco@V'}]">crescat</w><c> </c><w lemma="[{'id':1217096,'ls':[{'id':1217097,'name':'ornatus','wfs':[{'id':243411563,'morph':{'Casus':'NOMINATIVE','DeclensionType':'FOURTH_DECLENSION','Genus':'MASCULINE','Numerus':'SINGULAR','Pos':'NN'},'name':'ornatus'}]}],'name':'ornatus@NN'}]">ornatus</w><c> </c><w lemma="[{'id':109828,'ls':[{'id':109829,'name':'et','wfs':[{'id':109830,'morph':{'Pos':'CON'},'name':'et'}]}],'name':'et@CON'}]">et</w><c> </c><w lemma="[{'id':244510439,'ls':[{'id':244510440,'name':'noster','wfs':[{'id':457578029,'morph':{'Casus':'ABLATIVE','DeclensionType':'FIRST_DECLENSION','Genus':'FEMININE','Numerus':'PLURAL','Pos':'PRO','PronounType':'POSSESSIVE'},'name':'nostris'}]}],'name':'noster@PRO'}]">nostris</w><c> </c><w lemma="[{'id':1123200,'ls':[{'id':1123201,'name':'iussio','wfs':[{'id':243379751,'morph':{'Casus':'ABLATIVE','DeclensionType':'THIRD_DECLENSION','Genus':'FEMININE','Numerus':'PLURAL','Pos':'NN'},'name':'iussionibus'}]}],'name':'iussio@NN'}]">iussionibus</w><c> </c><w lemma="[{'id':109610,'ls':[{'id':109611,'name':'per','wfs':[{'id':109612,'morph':{'Pos':'AP'},'name':'per'}]}],'name':'per@AP'}]">per</w><c> </c><w lemma="[{'id':242816823,'ls':[{'id':242816824,'name':'tu','wfs':[{'id':244512059,'morph':{'Casus':'ACCUSATIVE','Genus':'MASCULINE','Numerus':'SINGULAR','Pos':'PRO','PronounType':'PERSONAL'},'name':'te'}]}],'name':'tu@PRO'}]">te</w><c> </c><w lemma="[{'id':6901697,'ls':[{'id':7428,'name':'procuro','wfs':[{'id':6902051,'morph':{'ConjugationType':'FIRST_CONJUGATION','Mood':'SUBJUNCTIVE','Numerus':'SINGULAR','Person':'PERSON_3','Pos':'V','Tense':'PRESENT','VerbType':'TRANSITIVE','Voice':'PASSIVE'},'name':'procuretur'}]}],'name':'procuro@V'}]">procuretur</w><c> </c><w lemma="[{'id':987009,'ls':[{'id':3791,'name':'effectus','wfs':[{'id':542315,'morph':{'Casus':'NOMINATIVE','DeclensionType':'FOURTH_DECLENSION','Genus':'MASCULINE','Numerus':'SINGULAR','Pos':'NN'},'name':'effectus'}]}],'name':'effectus@NN'}]">effectus</w><c>.</c><c> </c></s><s><w lemma="[{'id':110010,'ls':[{'id':110011,'name':'sed','wfs':[{'id':110012,'morph':{'Pos':'CON'},'name':'sed'}]}],'name':'sed@CON'}]">Sed</w><c> </c><w lemma="[{'id':109855,'ls':[{'id':109856,'name':'licet','wfs':[{'id':109857,'morph':{'Pos':'CON'},'name':'licet'}]}],'name':'licet@CON'}]">licet</w><c> </c><w lemma="[{'id':2744416,'ls':[{'id':6625,'name':'omnis','wfs':[{'id':242349879,'morph':{'Casus':'NOMINATIVE','ComparisonDegree':'POSITIVE','DeclensionType':'THIRD_DECLENSION','Genus':'FEMININE','Numerus':'SINGULAR','Pos':'ADJ'},'name':'omnis'}]}],'name':'omnis@ADJ'}]">omnis</w><c> </c><lb n="11" xml:id="bsb00000824_00234_11"></lb><w lemma="[{'id':1134668,'ls':[{'id':5675,'name':'legatio','wfs':[{'id':1134672,'morph':{'Casus':'NOMINATIVE','DeclensionType':'THIRD_DECLENSION','Genus':'FEMININE','Numerus':'SINGULAR','Pos':'NN'},'name':'legatio'}]}],'name':'legatio@NN'}]">legatio</w><c> </c><w lemma="[{'id':1466541,'ls':[{'id':9281,'name':'vir','wfs':[{'id':1466564,'morph':{'Casus':'ACCUSATIVE','DeclensionType':'SECOND_DECLENSION','Genus':'MASCULINE','Numerus':'SINGULAR','Pos':'NN'},'name':'virum'}]}],'name':'vir@NN'}]">virum</w><c> </c><w lemma="[{'id':3012236,'ls':[{'id':242589130,'name':'sapiens','wfs':[{'id':244284556,'morph':{'Casus':'ACCUSATIVE','ComparisonDegree':'POSITIVE','DeclensionType':'THIRD_DECLENSION','Genus':'MASCULINE','Numerus':'SINGULAR','Pos':'ADJ'},'name':'sapientem'}]}],'name':'sapiens@ADJ'}]">sapientem</w><c> </c><w lemma="[{'id':7188354,'ls':[{'id':7907,'name':'requiro','wfs':[{'id':7189192,'morph':{'ConjugationType':'THIRD_CONJUGATION','Mood':'SUBJUNCTIVE','Numerus':'SINGULAR','Person':'PERSON_3','Pos':'V','Tense':'PRESENT','VerbType':'TRANSITIVE','Voice':'ACTIVE'},'name':'requirat'}]}],'name':'requiro@V'}]">requirat</w><c>,</c><c> </c><w lemma="[{'id':242816363,'ls':[{'id':242816364,'name':'qui','wfs':[{'id':244990008,'morph':{'Casus':'DATIVE','Genus':'MASCULINE','Numerus':'SINGULAR','Pos':'PRO','PronounType':'RELATIVE'},'name':'cui'}]}],'name':'qui@PRO'}]">cui</w><c> </c><w lemma="[{'id':1291084,'ls':[{'id':7580,'name':'provincia','wfs':[{'id':1291106,'morph':{'Casus':'GENITIVE','DeclensionType':'FIRST_DECLENSION','Genus':'FEMININE','Numerus':'PLURAL','Pos':'NN'},'name':'provinciarum'}]}],'name':'provincia@NN'}]">provinciarum</w><c> </c><w lemma="[{'id':1443775,'ls':[{'id':9082,'name':'utilitas','wfs':[{'id':241492903,'morph':{'Casus':'NOMINATIVE','DeclensionType':'THIRD_DECLENSION','Genus':'FEMININE','Numerus':'SINGULAR','Pos':'NN'},'name':'utilitas'}]}],'name':'utilitas@NN'}]">utilitas</w><c> </c><w lemma="[{'id':244512015,'ls':[{'id':244512016,'name':'totus','wfs':[{'id':244512027,'morph':{'Casus':'GENITIVE','Genus':'MASCULINE','Numerus':'SINGULAR','Pos':'PRO','PronounType':'CORRELATIVE'},'name':'totiusque'}]}],'name':'totus@PRO'}]">totiusque</w><c> </c><w lemma="[{'id':1315305,'ls':[{'id':7826,'name':'regnum','wfs':[{'id':1315316,'morph':{'Casus':'GENITIVE','DeclensionType':'SECOND_DECLENSION','Genus':'NEUTER','Numerus':'SINGULAR','Pos':'NN'},'name':'regni'}]}],'name':'regnum@NN'}]">regni</w><c> </c><w lemma="[{'id':1374091,'ls':[{'id':8481,'name':'status','wfs':[{'id':253418518,'morph':{'Casus':'NOMINATIVE','DeclensionType':'FOURTH_DECLENSION','Genus':'MASCULINE','Numerus':'SINGULAR','Pos':'NN'},'name':'status'}]}],'name':'status@NN'}]">status</w><c> </c><lb n="12" xml:id="bsb00000824_00234_12"></lb><w lemma="[{'id':4285261,'ls':[{'id':2162,'name':'committo','wfs':[{'id':4285583,'morph':{'ConjugationType':'THIRD_CONJUGATION','Mood':'INDICATIVE','Numerus':'SINGULAR','Person':'PERSON_3','Pos':'V','Tense':'PRESENT','VerbType':'TRANSITIVE','Voice':'PASSIVE'},'name':'committitur'}]}],'name':'committo@V'}]">committitur</w><c> </c><w lemma="[{'id':8016930,'ls':[{'id':9269,'name':'vindico','wfs':[{'id':498859476,'morph':{'Casus':'NOMINATIVE','ComparisonDegree':'POSITIVE','DeclensionType':'SECOND_DECLENSION','Genus':'MASCULINE','Mood':'GERUNDIVE','Numerus':'SINGULAR','Pos':'V'},'name':'vindicandus'}]}],'name':'vindico@V'}]">vindicandus</w><c>,</c><c> </c><w lemma="[{'id':206572,'ls':[{'id':206573,'name':'nunc','wfs':[{'id':241322948,'morph':{'Pos':'ADV'},'name':'nunc'}]}],'name':'nunc@ADV'}]">nunc</w><c> </c><w lemma="[{'id':245297,'ls':[{'id':245298,'name':'tamen','wfs':[{'id':245299,'morph':{'ComparisonDegree':'POSITIVE','Pos':'ADV'},'name':'tamen'}]}],'name':'tamen@ADV'}]">tamen</w><c> </c><w lemma="[{'id':242307696,'ls':[{'id':242307701,'name':'necesse','wfs':[{'id':242307702,'morph':{'Genus':'NEUTER','Pos':'ADJ'},'name':'necesse'}]}],'name':'necesse@ADJ'}]">necesse</w><c> </c><w lemma="[{'id':7617143,'ls':[{'id':7617144,'name':'sum','wfs':[{'id':242825881,'morph':{'Mood':'INDICATIVE','Numerus':'SINGULAR','Person':'PERSON_3','Pos':'V','Tense':'PRESENT','VerbType':'VERBA_ANOMALA','Voice':'ACTIVE'},'name':'est'}]}],'name':'sum@V'}]">est</w><c> </c><w lemma="[{'id':2912036,'ls':[{'id':242491946,'name':'prudens','wfs':[{'id':244231750,'morph':{'Casus':'ACCUSATIVE','ComparisonDegree':'SUPERLATIVE','DeclensionType':'SECOND_DECLENSION','Genus':'MASCULINE','Numerus':'SINGULAR','Pos':'ADJ'},'name':'prudentissimum'}]}],'name':'prudens@ADJ'}]">prudentissimum</w><c> </c><w lemma="[{'id':5189377,'ls':[{'id':3832,'name':'eligo','wfs':[{'id':5189458,'morph':{'ConjugationType':'THIRD_CONJUGATION','Mood':'INFINITIVE','Pos':'V','Tense':'PRESENT','VerbType':'TRANSITIVE','Voice':'ACTIVE'},'name':'eligere'}]}],'name':'eligo@V'}]">eligere</w><c>,</c><c> </c><w lemma="[{'id':242816363,'ls':[{'id':242816364,'name':'qui','wfs':[{'id':244511016,'morph':{'Casus':'NOMINATIVE','Genus':'MASCULINE','Numerus':'SINGULAR','Pos':'PRO','PronounType':'RELATIVE'},'name':'qui'}]}],'name':'qui@PRO'}]">qui</w><c> </c><w lemma="[{'id':6741602,'ls':[{'id':7228,'name':'possum','wfs':[{'id':244516516,'morph':{'Mood':'SUBJUNCTIVE','Numerus':'SINGULAR','Person':'PERSON_3','Pos':'V','Tense':'PRESENT','VerbType':'VERBA_ANOMALA','Voice':'ACTIVE'},'name':'possit'}]}],'name':'possum@V'}]">possit</w><c> </c><w lemma="[{'id':109535,'ls':[{'id':109536,'name':'contra','wfs':[{'id':109537,'morph':{'Pos':'AP'},'name':'contra'}]}],'name':'contra@AP'}]">contra</w><c> </c><lb n="13" xml:id="bsb00000824_00234_13"></lb><w lemma="[{'id':3124139,'ls':[{'id':8599,'name':'subtilis','wfs':[{'id':244336074,'morph':{'Casus':'ACCUSATIVE','ComparisonDegree':'SUPERLATIVE','DeclensionType':'SECOND_DECLENSION','Genus':'MASCULINE','Numerus':'PLURAL','Pos':'ADJ'},'name':'subtilissimos'}]}],'name':'subtilis@ADJ'}]">subtilissimos</w><c> </c><w lemma="[{'id':5060079,'ls':[{'id':3612,'name':'disputo','wfs':[{'id':5060160,'morph':{'ConjugationType':'FIRST_CONJUGATION','Mood':'INFINITIVE','Pos':'V','Tense':'PRESENT','VerbType':'TRANSITIVE','Voice':'ACTIVE'},'name':'disputare'}]}],'name':'disputo@V'}]">disputare</w><c> </c><w lemma="[{'id':109828,'ls':[{'id':109829,'name':'et','wfs':[{'id':109830,'morph':{'Pos':'CON'},'name':'et'}]}],'name':'et@CON'}]">et</w><c> </c><w lemma="[{'id':109577,'ls':[{'id':109578,'name':'in','wfs':[{'id':109579,'morph':{'Pos':'AP'},'name':'in'}]}],'name':'in@AP'}]">in</w><c> </c><w lemma="[{'id':911636,'ls':[{'id':2710,'name':'conventus','wfs':[{'id':1376420,'morph':{'Casus':'ABLATIVE','DeclensionType':'FOURTH_DECLENSION','Genus':'MASCULINE','Numerus':'SINGULAR','Pos':'NN'},'name':'conventu'}]}],'name':'conventus@NN'}]">conventu</w><c> </c><w lemma="[{'id':2215533,'ls':[{'id':3678,'name':'doctus','wfs':[{'id':2215574,'morph':{'Casus':'GENITIVE','ComparisonDegree':'POSITIVE','DeclensionType':'SECOND_DECLENSION','Genus':'MASCULINE','Numerus':'PLURAL','Pos':'ADJ'},'name':'doctorum'}]}],'name':'doctus@ADJ'}]">doctorum</w><c> </c><w lemma="[{'id':235482,'ls':[{'id':8302,'name':'sic','wfs':[{'id':241337168,'morph':{'Pos':'ADV'},'name':'sic'}]}],'name':'sic@ADV'}]">sic</w><c> </c><w lemma="[{'id':3560733,'ls':[{'id':556,'name':'ago','wfs':[{'id':3560814,'morph':{'ConjugationType':'THIRD_CONJUGATION','Mood':'INFINITIVE','Pos':'V','Tense':'PRESENT','VerbType':'TRANSITIVE','Voice':'ACTIVE'},'name':'agere'}]}],'name':'ago@V'}]">agere</w><c>,</c><c> </c><w lemma="[{'id':109868,'ls':[{'id':109869,'name':'ne','wfs':[{'id':109870,'morph':{'Pos':'CON'},'name':'ne'}]}],'name':'ne@CON'}]">ne</w><c> </c><w lemma="[{'id':7755891,'ls':[{'id':8690,'name':'suscipio','wfs':[{'id':7756762,'morph':{'Casus':'ACCUSATIVE','ConjugationType':'THIRD_CONJUGATION','Genus':'FEMININE','Mood':'PARTICIPLE','Numerus':'SINGULAR','Pos':'V','Tense':'PERFECT','VerbType':'TRANSITIVE','Voice':'PASSIVE'},'name':'susceptam'}]}],'name':'suscipio@V'}]">susceptam</w><c> </c><w lemma="[{'id':839994,'ls':[{'id':1705,'name':'causa','wfs':[{'id':840003,'morph':{'Casus':'ACCUSATIVE','DeclensionType':'FIRST_DECLENSION','Genus':'FEMININE','Numerus':'SINGULAR','Pos':'NN'},'name':'causam'}]}],'name':'causa@NN'}]">causam</w><c> </c><w lemma="[{'id':241347125,'ls':[{'id':241347126,'name':'tot','wfs':[{'id':241347136,'morph':{'Pos':'ADJ'},'name':'tot'}]}],'name':'tot@NUM'}]">tot</w><c> </c><lb n="14" xml:id="bsb00000824_00234_14"></lb><w lemma="[{'id':2259722,'ls':[{'id':3951,'name':'eruditus','wfs':[{'id':2259790,'morph':{'Casus':'NOMINATIVE','ComparisonDegree':'POSITIVE','DeclensionType':'SECOND_DECLENSION','Genus':'NEUTER','Numerus':'PLURAL','Pos':'ADJ'},'name':'erudita'}]}],'name':'eruditus@ADJ'}]">erudita</w><c> </c><w lemma="[{'id':6741602,'ls':[{'id':7228,'name':'possum','wfs':[{'id':244516514,'morph':{'Mood':'SUBJUNCTIVE','Numerus':'PLURAL','Person':'PERSON_3','Pos':'V','Tense':'PRESENT','VerbType':'VERBA_ANOMALA','Voice':'ACTIVE'},'name':'possint'}]}],'name':'possum@V'}]">possint</w><c> </c><w lemma="[{'id':1097003,'ls':[{'id':5237,'name':'ingenium','wfs':[{'id':243369139,'morph':{'Casus':'NOMINATIVE','DeclensionType':'SECOND_DECLENSION','Genus':'NEUTER','Numerus':'PLURAL','Pos':'NN'},'name':'ingenia'}]}],'name':'ingenium@NN'}]">ingenia</w><c> </c><w lemma="[{'id':7690792,'ls':[{'id':8658,'name':'supero','wfs':[{'id':7690873,'morph':{'ConjugationType':'FIRST_CONJUGATION','Mood':'INFINITIVE','Pos':'V','Tense':'PRESENT','VerbType':'TRANSITIVE','Voice':'ACTIVE'},'name':'superare'}]}],'name':'supero@V'}]">superare</w><c>.</c><c> </c></s><s><w lemma="[{'id':2637442,'ls':[{'id':5911,'name':'magnus','wfs':[{'id':2637530,'morph':{'Casus':'NOMINATIVE','ComparisonDegree':'POSITIVE','DeclensionType':'FIRST_DECLENSION','Genus':'FEMININE','Numerus':'SINGULAR','Pos':'ADJ'},'name':'magna'}]}],'name':'magnus@ADJ'}]">magna</w><c> </c><w lemma="[{'id':783494,'ls':[{'id':1043,'name':'ars','wfs':[{'id':783513,'morph':{'Casus':'NOMINATIVE','DeclensionType':'THIRD_DECLENSION','Genus':'FEMININE','Numerus':'SINGULAR','Pos':'NN'},'name':'ars'}]}],'name':'ars@NN'}]">ars</w><c> </c><w lemma="[{'id':7617143,'ls':[{'id':7617144,'name':'sum','wfs':[{'id':242825881,'morph':{'Mood':'INDICATIVE','Numerus':'SINGULAR','Person':'PERSON_3','Pos':'V','Tense':'PRESENT','VerbType':'VERBA_ANOMALA','Voice':'ACTIVE'},'name':'est'}]}],'name':'sum@V'}]">est</w><c> </c><w lemma="[{'id':109535,'ls':[{'id':109536,'name':'contra','wfs':[{'id':109537,'morph':{'Pos':'AP'},'name':'contra'}]}],'name':'contra@AP'}]">contra</w><c> </c><w lemma="[{'id':784273,'ls':[{'id':784274,'name':'artifex','wfs':[{'id':784284,'morph':{'Casus':'ACCUSATIVE','DeclensionType':'THIRD_DECLENSION','Genus':'MASCULINE','Numerus':'PLURAL','Pos':'NN'},'name':'artifices'}]}],'name':'artifex@NN'}]">artifices</w><c> </c><w lemma="[{'id':6165520,'ls':[{'id':5815,'name':'loquor','wfs':[{'id':6165560,'morph':{'ConjugationType':'THIRD_CONJUGATION','Mood':'INFINITIVE','Pos':'V','Tense':'PRESENT','VerbType':'DEPONENT','Voice':'PASSIVE'},'name':'loqui'}]}],'name':'loquor@V'}]">loqui</w><c> </c><w lemma="[{'id':109828,'ls':[{'id':109829,'name':'et','wfs':[{'id':109830,'morph':{'Pos':'CON'},'name':'et'}]}],'name':'et@CON'}]">et</w><c> </c><w lemma="[{'id':109487,'ls':[{'id':109488,'name':'apud','wfs':[{'id':109489,'morph':{'Pos':'AP'},'name':'apud'}]}],'name':'apud@AP'}]">apud</w><c> </c><w lemma="[{'id':242816114,'ls':[{'id':242816115,'name':'ille','wfs':[{'id':242816139,'morph':{'Casus':'ACCUSATIVE','Genus':'MASCULINE','Numerus':'PLURAL','Pos':'PRO','PronounType':'DEMONSTRATIVE'},'name':'illos'}]}],'name':'ille@PRO'}]">illos</w><c> </c><lb n="15" xml:id="bsb00000824_00234_15"></lb><w lemma="[{'id':242815921,'ls':[{'id':242815922,'name':'aliquis','wfs':[{'id':245005377,'morph':{'Casus':'ACCUSATIVE','Genus':'NEUTER','Numerus':'SINGULAR','Pos':'PRO','PronounType':'INDEFINITE'},'name':'aliquid'}]}],'name':'aliquis@PRO'}]">aliquid</w><c> </c><w lemma="[{'id':3560733,'ls':[{'id':556,'name':'ago','wfs':[{'id':3560814,'morph':{'ConjugationType':'THIRD_CONJUGATION','Mood':'INFINITIVE','Pos':'V','Tense':'PRESENT','VerbType':'TRANSITIVE','Voice':'ACTIVE'},'name':'agere'}]}],'name':'ago@V'}]">agere</w><c>,</c><c> </c><w lemma="[{'id':242816363,'ls':[{'id':242816364,'name':'qui','wfs':[{'id':296826592,'morph':{'Casus':'NOMINATIVE','Genus':'MASCULINE','Numerus':'PLURAL','Pos':'PRO','PronounType':'RELATIVE'},'name':'qui'}]}],'name':'qui@PRO'}]">qui</w><c> </c><w lemma="[{'id':242816792,'ls':[{'id':242816793,'name':'sui','wfs':[{'id':594734072,'morph':{'Casus':'ACCUSATIVE','Genus':'MASCULINE','Numerus':'PLURAL','Pos':'PRO','PronounType':'REFLEXIVE'},'name':'se'}]}],'name':'sui@PRO'}]">se</w><c> </c><w lemma="[{'id':7017319,'ls':[{'id':7652,'name':'puto','wfs':[{'id':7017619,'morph':{'ConjugationType':'FIRST_CONJUGATION','Mood':'INDICATIVE','Numerus':'PLURAL','Person':'PERSON_3','Pos':'V','Tense':'PRESENT','VerbType':'TRANSITIVE','Voice':'ACTIVE'},'name':'putant'}]}],'name':'puto@V'}]">putant</w><c> </c><w lemma="[{'id':2744416,'ls':[{'id':6625,'name':'omnis','wfs':[{'id':2744433,'morph':{'Casus':'ACCUSATIVE','ComparisonDegree':'POSITIVE','DeclensionType':'THIRD_DECLENSION','Genus':'NEUTER','Numerus':'PLURAL','Pos':'ADJ'},'name':'omnia'}]}],'name':'omnis@ADJ'}]">omnia</w><c> </c><w lemma="[{'id':6877881,'ls':[{'id':244490286,'name':'praevideo','wfs':[{'id':6878366,'morph':{'ConjugationType':'SECOND_CONJUGATION','Mood':'INFINITIVE','Pos':'V','Tense':'PRESENT','VerbType':'TRANSITIVE','Voice':'ACTIVE'},'name':'praevidere'}]}],'name':'praevideo@V'}]">praevidere</w><c>.</c><c> </c></s><s><w lemma="[{'id':6112387,'ls':[{'id':5584,'name':'laetor','wfs':[{'id':6112896,'morph':{'ConjugationType':'FIRST_CONJUGATION','Mood':'IMPERATIVE','Numerus':'SINGULAR','Person':'PERSON_2','Pos':'V','Tense':'PRESENT','VerbType':'DEPONENT','Voice':'PASSIVE'},'name':'laetare'}]}],'name':'laetor@V'}]">laetare</w><c> </c><w lemma="[{'id':109847,'ls':[{'id':109848,'name':'igitur','wfs':[{'id':109849,'morph':{'Pos':'CON'},'name':'igitur'}]}],'name':'igitur@CON'}]">igitur</w><c> </c><w lemma="[{'id':244511939,'ls':[{'id':244511940,'name':'tantus','wfs':[{'id':244511958,'morph':{'Casus':'ABLATIVE','Genus':'NEUTER','Numerus':'SINGULAR','Pos':'PRO','PronounType':'CORRELATIVE'},'name':'tanto'}]}],'name':'tantus@PRO'}]">tanto</w><c> </c><w lemma="[{'id':1119861,'ls':[{'id':1119862,'name':'iudicium','wfs':[{'id':243378428,'morph':{'Casus':'ABLATIVE','DeclensionType':'SECOND_DECLENSION','Genus':'NEUTER','Numerus':'SINGULAR','Pos':'NN'},'name':'iudicio'}]}],'name':'iudicium@NN'}]">iudicio</w><c>,</c><c> </c><w lemma="[{'id':109946,'ls':[{'id':109947,'name':'quando','wfs':[{'id':109948,'morph':{'Pos':'CON'},'name':'quando'}]}],'name':'quando@CON'}]">quando</w><c> </c><lb n="16" xml:id="bsb00000824_00234_16"></lb><w lemma="[{'id':122768,'ls':[{'id':817,'name':'ante','wfs':[{'id':122771,'morph':{'Pos':'ADV'},'name':'ante'}]}],'name':'ante@ADV'}]">ante</w><c> </c><w lemma="[{'id':7755891,'ls':[{'id':8690,'name':'suscipio','wfs':[{'id':7756959,'morph':{'ConjugationType':'THIRD_CONJUGATION','Mood':'INDICATIVE','Numerus':'SINGULAR','Person':'PERSON_2','Pos':'V','Tense':'PRESENT','VerbType':'TRANSITIVE','Voice':'ACTIVE'},'name':'suscipis'}]}],'name':'suscipio@V'}]">suscipis</w><c> </c><w lemma="[{'id':990146,'ls':[{'id':990147,'name':'electio','wfs':[{'id':990150,'morph':{'Casus':'GENITIVE','DeclensionType':'THIRD_DECLENSION','Genus':'FEMININE','Numerus':'SINGULAR','Pos':'NN'},'name':'electionis'}]}],'name':'electio@NN'}]">electionis</w><c> </c><w lemma="[{'id':980362,'ls':[{'id':3708,'name':'donum','wfs':[{'id':980370,'morph':{'Casus':'ACCUSATIVE','DeclensionType':'SECOND_DECLENSION','Genus':'NEUTER','Numerus':'SINGULAR','Pos':'NN'},'name':'donum'}]}],'name':'donum@NN'}]">donum</w><c>,</c><c> </c><w lemma="[{'id':109929,'ls':[{'id':109930,'name':'quam','wfs':[{'id':109931,'morph':{'Pos':'CON'},'name':'quam'}]}],'name':'quam@CON'}]">quam</w><c> </c><w lemma="[{'id':244512131,'ls':[{'id':244512132,'name':'tuus','wfs':[{'id':484162159,'morph':{'Casus':'ACCUSATIVE','DeclensionType':'SECOND_DECLENSION','Genus':'NEUTER','Numerus':'SINGULAR','Pos':'PRO','PronounType':'POSSESSIVE'},'name':'tuum'}]}],'name':'tuus@PRO'}]">tuum</w><c> </c><w lemma="[{'id':6890785,'ls':[{'id':7404,'name':'probo','wfs':[{'id':6890866,'morph':{'ConjugationType':'FIRST_CONJUGATION','Mood':'INFINITIVE','Pos':'V','Tense':'PRESENT','VerbType':'TRANSITIVE','Voice':'ACTIVE'},'name':'probare'}]}],'name':'probo@V'}]">probare</w><c> </c><w lemma="[{'id':6741602,'ls':[{'id':7228,'name':'possum','wfs':[{'id':244516558,'morph':{'Mood':'SUBJUNCTIVE','Numerus':'SINGULAR','Person':'PERSON_2','Pos':'V','Tense':'PLUPERFECT','VerbType':'VERBA_ANOMALA','Voice':'ACTIVE'},'name':'potuisses'}]}],'name':'possum@V'}]">potuisses</w><c> </c><w lemma="[{'id':1097003,'ls':[{'id':5237,'name':'ingenium','wfs':[{'id':243369141,'morph':{'Casus':'ACCUSATIVE','DeclensionType':'SECOND_DECLENSION','Genus':'NEUTER','Numerus':'SINGULAR','Pos':'NN'},'name':'ingenium'}]}],'name':'ingenium@NN'}]">ingenium</w><c>.</c></s></p></div></body></text></TEI>