<?xml version="1.0" ?><TEI xmlns="http://www.tei-c.org/ns/1.0"><teiHeader><fileDesc><titleStmt><title>MGH Auct. ant. 12: Cassiodori Senatoris Variae</title><editor>Mommsen, Theodor</editor></titleStmt><publicationStmt><publisher>Monumenta Germaniae Historica (MGH)</publisher><publisher>Bavarian State Library (BSB), München</publisher><idno type="BSB">bsb00000824</idno><idno type="MGH"><idno type="Annotation_created_by">sysop</idno><idno type="Annotation_created_on">Wed Oct 18 18:55:30 CEST 2017</idno><idno type="Annotation_last_changed_by">geelhaar</idno><idno type="Annotation_last_changed_on">Thu Aug 20 10:43:40 CEST 2020</idno><idno type="Author_(German)">Cassiodor (Flavius Magnus Aurelius Cassiodorus Senator)</idno><idno type="Author_(Latin)">Cassiodorus Vivariensis</idno><idno type="BSB">bsb00000824</idno><idno type="Bibliographical_Link">http://stabikat.de/DB=1/XMLPRS=N/PPN?PPN=235118842</idno><idno type="C_Stat">06</idno><idno type="C1">06</idno><idno type="C2">05</idno><idno type="Column">098</idno><idno type="Commentary">dated according to Stefan Krautschick, Cassiodor und die Politik seiner Zeit. Bonn 1983, 75.  (TG)</idno><idno type="Concordance_View">true</idno><idno type="Digital_Edition_Statement">Text retrieved from the critical edition and prepared by the BMBF funded project "Humanist Computer Interaction under Scrutiny"(https://humanist.hs-mainz.de/en/). The Latin Text Archive (LTA) version has been created at Goethe University Frankfurt by the CompHistSem-Work Group (hudesktop.hucompute.org).</idno><idno type="Edition">MGH Auctores antiquissimi 12</idno><idno type="LTA_Export">true</idno><idno type="Licence_Info">CC BY 4.0</idno><idno type="Multiple_Lemmata_under_a_unique_Super_lemma">0.00%</idno><idno type="Multiple_Super_lemmata">0.00%</idno><idno type="Multiple_Wordforms_under_a_unique_Lemma">0.00%</idno><idno type="Multiple_Wordforms._Tagger_based_result._Multiple_Lemmata_possible">0.00%</idno><idno type="Multiple_Wordforms._Tagger_based_result._Multiple_Super_Lemmata_possible">0.00%</idno><idno type="Not_yet_linked_or_unknown_Wordform">0.00%</idno><idno type="Page">098</idno><idno type="Provided_by">Monumenta Germaniae Historica</idno><idno type="RepFontMA">not available</idno><idno type="Status">c</idno><idno type="Text_Type">Letter</idno><idno type="Text_Type_Class">Letters</idno><idno type="Time">510</idno><idno type="Title">Variae 03.38 - VVandil Theodericus rex</idno><idno type="Type_of_Corpus">Corpus of Letters</idno><idno type="URL">http://www.mgh.de/dmgh/resolving/MGH_Auct._ant._12_S._98</idno><idno type="Unique_Wordform">100,00%</idno><idno type="Unique_Wordform._Tagger_based_result._Multiple_Lemmata_possible">0.00%</idno><idno type="Unique_Wordform._Tagger_based_result._Multiple_Super_lemmata_possible">0.00%</idno><idno type="VIAF_(Expression)">182693798</idno><idno type="VIAF_(Expression)_Link">http://viaf.org/viaf/182693798</idno><idno type="VIAF_(Person)">95230707</idno><idno type="VIAF_(Person)_Link">http://viaf.org/viaf/95230707</idno><idno type="Volume">Auct. ant. 12</idno><idno type="Year_of_Publication_(interpreted)">0510</idno>MGH Auct. ant. 12</idno><availability><licence target="http://creativecommons.org/licenses/by/4.0/"><p>Distributed under the Creative Commons Attribution 4.0 International (CC BY 4.0) license.</p><p>This license covers the annotations added by the Monumenta Germaniae Historica and the
            Bavarian State Library, Munich, in the course of project "digital MGH"
            <ref target="http://www.dmgh.de">http://www.dmgh.de</ref>, funded by the
            German Research Foundation (DFG).</p><p>We do not claim any rights on the text itself which is believed to be in the public domain.</p><p>If you distribute a copy or a derivative version of this file, please indicate the source
            of the file by mentioning the Monumenta Germaniae Historica (MGH) and the
            Bavarian State Library, Munich (BSB).</p></licence></availability><date when="2016-11-28T16:32:43+01:00">2016-11-28, 16:32:43</date></publicationStmt><sourceDesc><biblFull><titleStmt><title>Cassiodori Senatoris Variae</title><editor>Mommsen, Theodor</editor></titleStmt><publicationStmt><publisher>Weidmann</publisher><pubPlace>Berlin</pubPlace><date>1894</date></publicationStmt><seriesStmt><title>Auctores antiquissimi</title><biblScope unit="volume">12</biblScope></seriesStmt></biblFull></sourceDesc></fileDesc></teiHeader><text><body><div><lb n="20" xml:id="bsb00000824_00282_20"></lb><head n="3"><s><w lemma="[{'id':241346594,'ls':[{'id':241346595,'name':'NUMERAL','wfs':[{'id':498534586,'morph':{'Pos':'NUM'},'name':'xxxviii'}]}],'name':'NUMERAL@NUM'}]">XXXVIII</w><c>.</c><c> </c><lb n="21" xml:id="bsb00000824_00282_21"></lb><w lemma="[{'id':1468261,'ls':[{'id':1468262,'name':'VVandil','wfs':[{'id':241496010,'morph':{'Casus':'DATIVE','DeclensionType':'INDECLINABLE','Genus':'MASCULINE','Numerus':'SINGULAR','Pos':'NP'},'name':'VVANDIL'}]}],'name':'Wandil@NP'}]">VVANDIL</w><c> </c><w lemma="[{'id':624521,'ls':[{'id':624522,'name':'Theodericus','wfs':[{'id':243244190,'morph':{'Casus':'NOMINATIVE','DeclensionType':'SECOND_DECLENSION','Genus':'MASCULINE','Numerus':'SINGULAR','Pos':'NP'},'name':'Theodericus'}]}],'name':'Theodericus@NP'}]">THEODERICUS</w><c> </c><w lemma="[{'id':1329481,'ls':[{'id':7965,'name':'rex','wfs':[{'id':1329499,'morph':{'Casus':'NOMINATIVE','DeclensionType':'THIRD_DECLENSION','Genus':'MASCULINE','Numerus':'SINGULAR','Pos':'NN'},'name':'rex'}]}],'name':'rex@NN'}]">REX</w><c>.</c></s></head><note><s><hi rend="ITALICS"><w lemma="[{'id':759853,'ls':[{'id':807,'name':'annus','wfs':[{'id':382849904,'morph':{'Casus':'ABLATIVE','DeclensionType':'SECOND_DECLENSION','Genus':'MASCULINE','Numerus':'SINGULAR','Pos':'NN'},'name':'a'}]}],'name':'annus@NN'}]">a</w><c>.</c><c> </c><w lemma="[{'id':241346594,'ls':[{'id':241346595,'name':'NUMERAL','wfs':[{'id':241346596,'morph':{'Pos':'NUM'},'name':'NUMERAL'}]}],'name':'NUMERAL@NUM'}]">508</w></hi></s></note><lb n="22" xml:id="bsb00000824_00282_22"></lb><p><s><w lemma="[{'id':109941,'ls':[{'id':109942,'name':'quamvis','wfs':[{'id':109944,'morph':{'Pos':'CON'},'name':'quamvis'}]}],'name':'quamvis@CON'}]">Quamvis</w><c> </c><w lemma="[{'id':1254025,'ls':[{'id':7092,'name':'pietas','wfs':[{'id':1254037,'morph':{'Casus':'GENITIVE','DeclensionType':'THIRD_DECLENSION','Genus':'FEMININE','Numerus':'SINGULAR','Pos':'NN'},'name':'pietatis'}]}],'name':'pietas@NN'}]">pietatis</w><c> </c><w lemma="[{'id':244510439,'ls':[{'id':244510440,'name':'noster','wfs':[{'id':245551334,'morph':{'Casus':'GENITIVE','DeclensionType':'FIRST_DECLENSION','Genus':'FEMININE','Numerus':'SINGULAR','Pos':'PRO','PronounType':'POSSESSIVE'},'name':'nostrae'}]}],'name':'noster@PRO'}]">nostrae</w><c> </c><w lemma="[{'id':4508476,'ls':[{'id':4508477,'name':'constat','wfs':[{'id':4508641,'morph':{'ConjugationType':'FIRST_CONJUGATION','Mood':'SUBJUNCTIVE','Numerus':'SINGULAR','Person':'PERSON_3','Pos':'V','Tense':'PRESENT','VerbType':'IMPERSONAL','Voice':'ACTIVE'},'name':'constet'}]}],'name':'constat@V'}]">constet</w><c> </c><w lemma="[{'id':7617143,'ls':[{'id':7617144,'name':'sum','wfs':[{'id':7617145,'morph':{'Mood':'INFINITIVE','Pos':'V','Tense':'PRESENT','VerbType':'VERBA_ANOMALA','Voice':'ACTIVE'},'name':'esse'}]}],'name':'sum@V'}]">esse</w><c> </c><w lemma="[{'id':1473777,'ls':[{'id':9345,'name':'votum','wfs':[{'id':1473802,'morph':{'Casus':'ACCUSATIVE','DeclensionType':'SECOND_DECLENSION','Genus':'NEUTER','Numerus':'SINGULAR','Pos':'NN'},'name':'votum'}]}],'name':'votum@NN'}]">votum</w><c>,</c><c> </c><w lemma="[{'id':110061,'ls':[{'id':110062,'name':'ut','wfs':[{'id':110063,'morph':{'Pos':'CON'},'name':'ut'}]}],'name':'ut@CON'}]">ut</w><c> </c><w lemma="[{'id':249371,'ls':[{'id':249372,'name':'ubique','wfs':[{'id':249374,'morph':{'ComparisonDegree':'POSITIVE','Pos':'ADV'},'name':'ubique'}]}],'name':'ubique@ADV'}]">ubique</w><c> </c><w lemma="[{'id':1884913,'ls':[{'id':1885029,'name':'civilis','wfs':[{'id':1885092,'morph':{'Casus':'NOMINATIVE','ComparisonDegree':'POSITIVE','DeclensionType':'THIRD_DECLENSION','Genus':'NEUTER','Numerus':'PLURAL','Pos':'ADJ'},'name':'civilia'}]}],'name':'civilis@ADJ'}]">civilia</w><c>,</c><c> </c><w lemma="[{'id':249371,'ls':[{'id':249372,'name':'ubique','wfs':[{'id':249374,'morph':{'ComparisonDegree':'POSITIVE','Pos':'ADV'},'name':'ubique'}]}],'name':'ubique@ADV'}]">ubique</w><c> </c><w lemma="[{'id':2666128,'ls':[{'id':6161,'name':'moderatus','wfs':[{'id':2666187,'morph':{'Casus':'NOMINATIVE','ComparisonDegree':'POSITIVE','DeclensionType':'SECOND_DECLENSION','Genus':'NEUTER','Numerus':'PLURAL','Pos':'ADJ'},'name':'moderata'}]}],'name':'moderatus@ADJ'}]">moderata</w><c> </c><lb n="23" xml:id="bsb00000824_00282_23"></lb><w lemma="[{'id':6561661,'ls':[{'id':6921,'name':'perago','wfs':[{'id':6562385,'morph':{'ConjugationType':'THIRD_CONJUGATION','Mood':'SUBJUNCTIVE','Numerus':'PLURAL','Person':'PERSON_3','Pos':'V','Tense':'PRESENT','VerbType':'TRANSITIVE','Voice':'PASSIVE'},'name':'peragantur'}]}],'name':'perago@V'}]">peragantur</w><c>,</c><c> </c><w lemma="[{'id':200930,'ls':[{'id':5907,'name':'magis','wfs':[{'id':297496591,'morph':{'ComparisonDegree':'SUPERLATIVE','Pos':'ADV'},'name':'maxime'}]}],'name':'magis@ADV'}]">maxime</w><c> </c><w lemma="[{'id':245297,'ls':[{'id':245298,'name':'tamen','wfs':[{'id':245299,'morph':{'ComparisonDegree':'POSITIVE','Pos':'ADV'},'name':'tamen'}]}],'name':'tamen@ADV'}]">tamen</w><c> </c><w lemma="[{'id':6498460,'ls':[{'id':6664,'name':'opto','wfs':[{'id':6498573,'morph':{'ConjugationType':'FIRST_CONJUGATION','Mood':'INDICATIVE','Numerus':'PLURAL','Person':'PERSON_1','Pos':'V','Tense':'PRESENT','VerbType':'TRANSITIVE','Voice':'ACTIVE'},'name':'optamus'}]}],'name':'opto@V'}]">optamus</w><c> </c><w lemma="[{'id':131082,'ls':[{'id':1339,'name':'bene','wfs':[{'id':131085,'morph':{'ComparisonDegree':'POSITIVE','Pos':'ADV'},'name':'bene'}]}],'name':'bene@ADV'}]">bene</w><c> </c><w lemma="[{'id':5592400,'ls':[{'id':4645,'name':'gero','wfs':[{'id':5592482,'morph':{'ConjugationType':'THIRD_CONJUGATION','Mood':'INFINITIVE','Pos':'V','Tense':'PRESENT','VerbType':'TRANSITIVE','Voice':'PASSIVE'},'name':'geri'}]}],'name':'gero@V'}]">geri</w><c> </c><w lemma="[{'id':109577,'ls':[{'id':109578,'name':'in','wfs':[{'id':109579,'morph':{'Pos':'AP'},'name':'in'}]}],'name':'in@AP'}]">in</w><c> </c><w lemma="[{'id':1315114,'ls':[{'id':7825,'name':'regio','wfs':[{'id':243445543,'morph':{'Casus':'ABLATIVE','DeclensionType':'THIRD_DECLENSION','Genus':'FEMININE','Numerus':'PLURAL','Pos':'NN'},'name':'regionibus'}]}],'name':'regio@NN'}]">regionibus</w><c> </c><w lemma="[{'id':241531030,'ls':[{'id':241531031,'name':'Gallicanus','wfs':[{'id':243561996,'morph':{'Casus':'ABLATIVE','ComparisonDegree':'POSITIVE','DeclensionType':'FIRST_DECLENSION','Genus':'FEMININE','Numerus':'PLURAL','Pos':'ADJ'},'name':'Gallicanis'}]}],'name':'Gallicanus@ADJ'}]">Gallicanis</w><c>,</c><c> </c><w lemma="[{'id':249332,'ls':[{'id':249333,'name':'ubi','wfs':[{'id':249334,'morph':{'Pos':'ADV'},'name':'ubi'}]}],'name':'ubi@ADV'}]">ubi</w><c> </c><w lemma="[{'id':109828,'ls':[{'id':109829,'name':'et','wfs':[{'id':109830,'morph':{'Pos':'CON'},'name':'et'}]}],'name':'et@CON'}]">et</w><c> </c><w lemma="[{'id':2951600,'ls':[{'id':242518651,'name':'recens','wfs':[{'id':242518658,'morph':{'Casus':'NOMINATIVE','ComparisonDegree':'POSITIVE','DeclensionType':'THIRD_DECLENSION','Genus':'FEMININE','Numerus':'SINGULAR','Pos':'ADJ'},'name':'recens'}]}],'name':'recens@ADJ'}]">recens</w><c> </c><lb n="24" xml:id="bsb00000824_00282_24"></lb><w lemma="[{'id':1448651,'ls':[{'id':1448655,'name':'vastatio','wfs':[{'id':1448659,'morph':{'Casus':'NOMINATIVE','DeclensionType':'THIRD_DECLENSION','Genus':'FEMININE','Numerus':'SINGULAR','Pos':'NN'},'name':'vastatio'}]}],'name':'vastatio@NN'}]">vastatio</w><c> </c><w lemma="[{'id':206035,'ls':[{'id':6416,'name':'non','wfs':[{'id':241322627,'morph':{'Pos':'ADV'},'name':'non'}]}],'name':'non@ADV'}]">non</w><c> </c><w lemma="[{'id':6740047,'ls':[{'id':7218,'name':'porto','wfs':[{'id':6740397,'morph':{'ConjugationType':'FIRST_CONJUGATION','Mood':'INDICATIVE','Numerus':'SINGULAR','Person':'PERSON_3','Pos':'V','Tense':'PRESENT','VerbType':'TRANSITIVE','Voice':'ACTIVE'},'name':'portat'}]}],'name':'porto@V'}]">portat</w><c> </c><w lemma="[{'id':1098732,'ls':[{'id':1098733,'name':'iniuria','wfs':[{'id':1098739,'morph':{'Casus':'ACCUSATIVE','DeclensionType':'FIRST_DECLENSION','Genus':'FEMININE','Numerus':'SINGULAR','Pos':'NN'},'name':'iniuriam'}]}],'name':'iniuria@NN'}]">iniuriam</w><c> </c><w lemma="[{'id':109828,'ls':[{'id':109829,'name':'et','wfs':[{'id':109830,'morph':{'Pos':'CON'},'name':'et'}]}],'name':'et@CON'}]">et</w><c> </c><w lemma="[{'id':242816153,'ls':[{'id':242816154,'name':'ipse','wfs':[{'id':242816156,'morph':{'Casus':'ACCUSATIVE','Genus':'NEUTER','Numerus':'PLURAL','Pos':'PRO','PronounType':'DEMONSTRATIVE'},'name':'ipsa'}]}],'name':'ipse@PRO'}]">ipsa</w><c> </c><w lemma="[{'id':1098504,'ls':[{'id':5263,'name':'initium','wfs':[{'id':243369838,'morph':{'Casus':'ACCUSATIVE','DeclensionType':'SECOND_DECLENSION','Genus':'NEUTER','Numerus':'PLURAL','Pos':'NN'},'name':'initia'}]}],'name':'initium@NN'}]">initia</w><c> </c><w lemma="[{'id':131082,'ls':[{'id':1339,'name':'bene','wfs':[{'id':131085,'morph':{'ComparisonDegree':'POSITIVE','Pos':'ADV'},'name':'bene'}]}],'name':'bene@ADV'}]">bene</w><c> </c><w lemma="[{'id':6718181,'ls':[{'id':7144,'name':'planto','wfs':[{'id':6718262,'morph':{'ConjugationType':'FIRST_CONJUGATION','Mood':'INFINITIVE','Pos':'V','Tense':'PRESENT','VerbType':'TRANSITIVE','Voice':'ACTIVE'},'name':'plantare'}]}],'name':'planto@V'}]">plantare</w><c> </c><w lemma="[{'id':4694501,'ls':[{'id':3027,'name':'debeo','wfs':[{'id':4694801,'morph':{'ConjugationType':'SECOND_CONJUGATION','Mood':'INDICATIVE','Numerus':'PLURAL','Person':'PERSON_3','Pos':'V','Tense':'PRESENT','VerbType':'TRANSITIVE','Voice':'ACTIVE'},'name':'debent'}]}],'name':'debeo@V'}]">debent</w><c> </c><w lemma="[{'id':244510439,'ls':[{'id':244510440,'name':'noster','wfs':[{'id':297496353,'morph':{'Casus':'GENITIVE','DeclensionType':'SECOND_DECLENSION','Genus':'NEUTER','Numerus':'SINGULAR','Pos':'PRO','PronounType':'POSSESSIVE'},'name':'nostri'}]}],'name':'noster@PRO'}]">nostri</w><c> </c><w lemma="[{'id':1191767,'ls':[{'id':6409,'name':'nomen','wfs':[{'id':1191780,'morph':{'Casus':'GENITIVE','DeclensionType':'THIRD_DECLENSION','Genus':'NEUTER','Numerus':'SINGULAR','Pos':'NN'},'name':'nominis'}]}],'name':'nomen@NN'}]">nominis</w><c> </c><w lemma="[{'id':1026954,'ls':[{'id':4255,'name':'fama','wfs':[{'id':1026963,'morph':{'Casus':'ACCUSATIVE','DeclensionType':'FIRST_DECLENSION','Genus':'FEMININE','Numerus':'SINGULAR','Pos':'NN'},'name':'famam'}]}],'name':'fama@NN'}]">famam</w><c>.</c><c> </c><lb n="25" xml:id="bsb00000824_00282_25"></lb></s><s><w lemma="[{'id':1278659,'ls':[{'id':1278660,'name':'princeps','wfs':[{'id':1278673,'morph':{'Casus':'GENITIVE','DeclensionType':'THIRD_DECLENSION','Genus':'MASCULINE','Numerus':'SINGULAR','Pos':'NN'},'name':'principis'}]}],'name':'princeps@NN'}]">principis</w><c> </c><w lemma="[{'id':110034,'ls':[{'id':110035,'name':'siquidem','wfs':[{'id':110036,'morph':{'Pos':'CON'},'name':'siquidem'}]}],'name':'siquidem@CON'}]">siquidem</w><c> </c><w lemma="[{'id':1213166,'ls':[{'id':6643,'name':'opinio','wfs':[{'id':243410472,'morph':{'Casus':'ACCUSATIVE','DeclensionType':'THIRD_DECLENSION','Genus':'FEMININE','Numerus':'SINGULAR','Pos':'NN'},'name':'opinionem'}]}],'name':'opinio@NN'}]">opinionem</w><c> </c><w lemma="[{'id':199765,'ls':[{'id':199766,'name':'longe','wfs':[{'id':199769,'morph':{'ComparisonDegree':'POSITIVE','Pos':'ADV'},'name':'longe'}]}],'name':'longe@ADV'}]">longe</w><c> </c><w lemma="[{'id':198383,'ls':[{'id':198384,'name':'late','wfs':[{'id':540415562,'morph':{'ComparisonDegree':'POSITIVE','Pos':'ADV'},'name':'lateque'}]}],'name':'late@ADV'}]">lateque</w><c> </c><w lemma="[{'id':5065074,'ls':[{'id':5065075,'name':'dissemino','wfs':[{'id':5065425,'morph':{'ConjugationType':'FIRST_CONJUGATION','Mood':'INDICATIVE','Numerus':'SINGULAR','Person':'PERSON_3','Pos':'V','Tense':'PRESENT','VerbType':'TRANSITIVE','Voice':'ACTIVE'},'name':'disseminat'}]}],'name':'dissemino@V'}]">disseminat</w><c> </c><w lemma="[{'id':3098614,'ls':[{'id':3098615,'name':'subiectus','wfs':[{'id':3098651,'morph':{'Casus':'GENITIVE','ComparisonDegree':'POSITIVE','DeclensionType':'SECOND_DECLENSION','Genus':'MASCULINE','Numerus':'PLURAL','Pos':'ADJ'},'name':'subiectorum'}]}],'name':'subiectus@ADJ'}]">subiectorum</w><c> </c><w lemma="[{'id':4681710,'ls':[{'id':2987,'name':'custodio','wfs':[{'id':4681772,'morph':{'Casus':'NOMINATIVE','ConjugationType':'FOURTH_CONJUGATION','Genus':'FEMININE','Mood':'PARTICIPLE','Numerus':'SINGULAR','Pos':'V','Tense':'PERFECT','VerbType':'TRANSITIVE','Voice':'PASSIVE'},'name':'custodita'}]}],'name':'custodio@V'}]">custodita</w><c> </c><w lemma="[{'id':1351918,'ls':[{'id':8213,'name':'securitas','wfs':[{'id':241479200,'morph':{'Casus':'NOMINATIVE','DeclensionType':'THIRD_DECLENSION','Genus':'FEMININE','Numerus':'SINGULAR','Pos':'NN'},'name':'securitas'}]}],'name':'securitas@NN'}]">securitas</w><c>,</c><c> </c><lb n="26" xml:id="bsb00000824_00282_26"></lb><w lemma="[{'id':109828,'ls':[{'id':109829,'name':'et','wfs':[{'id':109830,'morph':{'Pos':'CON'},'name':'et'}]}],'name':'et@CON'}]">et</w><c> </c><w lemma="[{'id':249332,'ls':[{'id':249333,'name':'ubi','wfs':[{'id':249334,'morph':{'Pos':'ADV'},'name':'ubi'}]}],'name':'ubi@ADV'}]">ubi</w><c> </c><w lemma="[{'id':1013455,'ls':[{'id':4072,'name':'exercitus','wfs':[{'id':242825898,'morph':{'Casus':'NOMINATIVE','DeclensionType':'FOURTH_DECLENSION','Genus':'MASCULINE','Numerus':'SINGULAR','Pos':'NN'},'name':'exercitus'}]}],'name':'exercitus@NN'}]">exercitus</w><c> </c><w lemma="[{'id':5013658,'ls':[{'id':3561,'name':'dirigo','wfs':[{'id':5014385,'morph':{'ConjugationType':'THIRD_CONJUGATION','Mood':'INDICATIVE','Numerus':'SINGULAR','Person':'PERSON_3','Pos':'V','Tense':'PRESENT','VerbType':'TRANSITIVE','Voice':'PASSIVE'},'name':'dirigitur'}]}],'name':'dirigo@V'}]">dirigitur</w><c>,</c><c> </c><w lemma="[{'id':206035,'ls':[{'id':6416,'name':'non','wfs':[{'id':241322627,'morph':{'Pos':'ADV'},'name':'non'}]}],'name':'non@ADV'}]">non</w><c> </c><w lemma="[{'id':5609409,'ls':[{'id':4722,'name':'gravo','wfs':[{'id':497523215,'morph':{'Casus':'NOMINATIVE','ComparisonDegree':'POSITIVE','DeclensionType':'SECOND_DECLENSION','Genus':'MASCULINE','Mood':'GERUNDIVE','Numerus':'PLURAL','Pos':'V'},'name':'gravandi'}]}],'name':'gravo@V'}]">gravandi</w><c>,</c><c> </c><w lemma="[{'id':110010,'ls':[{'id':110011,'name':'sed','wfs':[{'id':110012,'morph':{'Pos':'CON'},'name':'sed'}]}],'name':'sed@CON'}]">sed</w><c> </c><w lemma="[{'id':4740903,'ls':[{'id':3105,'name':'defendo','wfs':[{'id':496905760,'morph':{'Casus':'NOMINATIVE','ComparisonDegree':'POSITIVE','DeclensionType':'SECOND_DECLENSION','Genus':'MASCULINE','Mood':'GERUNDIVE','Numerus':'PLURAL','Pos':'V'},'name':'defendendi'}]}],'name':'defendo@V'}]">defendendi</w><c> </c><w lemma="[{'id':241328546,'ls':[{'id':241328552,'name':'potius','wfs':[{'id':241328555,'morph':{'ComparisonDegree':'POSITIVE','Pos':'ADV'},'name':'potius'}]}],'name':'potius@ADV'}]">potius</w><c> </c><w lemma="[{'id':5368591,'ls':[{'id':5368592,'name':'existimo','wfs':[{'id':5368896,'morph':{'ConjugationType':'FIRST_CONJUGATION','Mood':'SUBJUNCTIVE','Numerus':'PLURAL','Person':'PERSON_3','Pos':'V','Tense':'PRESENT','VerbType':'TRANSITIVE','Voice':'PASSIVE'},'name':'existimentur'}]}],'name':'existimo@V'}]">existimentur</w><c>.</c><c> </c></s><s><w lemma="[{'id':109772,'ls':[{'id':109773,'name':'atque','wfs':[{'id':109774,'morph':{'Pos':'CON'},'name':'atque'}]}],'name':'atque@CON'}]">Atque</w><c> </c><lb n="27" xml:id="bsb00000824_00282_27"></lb><w lemma="[{'id':183546,'ls':[{'id':183547,'name':'ideo','wfs':[{'id':183548,'morph':{'ComparisonDegree':'POSITIVE','Pos':'ADV'},'name':'ideo'}]}],'name':'ideo@ADV'}]">ideo</w><c> </c><w lemma="[{'id':2874459,'ls':[{'id':242457998,'name':'praesens','wfs':[{'id':244213372,'morph':{'Casus':'ABLATIVE','ComparisonDegree':'POSITIVE','DeclensionType':'THIRD_DECLENSION','Genus':'FEMININE','Numerus':'SINGULAR','Pos':'ADJ'},'name':'praesenti'}]}],'name':'praesens@ADJ'}]">praesenti</w><c> </c><w lemma="[{'id':796872,'ls':[{'id':1184,'name':'auctoritas','wfs':[{'id':243116312,'morph':{'Casus':'ABLATIVE','DeclensionType':'THIRD_DECLENSION','Genus':'FEMININE','Numerus':'SINGULAR','Pos':'NN'},'name':'auctoritate'}]}],'name':'auctoritas@NN'}]">auctoritate</w><c> </c><w lemma="[{'id':4794348,'ls':[{'id':3180,'name':'delego','wfs':[{'id':4794461,'morph':{'ConjugationType':'FIRST_CONJUGATION','Mood':'INDICATIVE','Numerus':'PLURAL','Person':'PERSON_1','Pos':'V','Tense':'PRESENT','VerbType':'TRANSITIVE','Voice':'ACTIVE'},'name':'delegamus'}]}],'name':'delego@V'}]">delegamus</w><c>,</c><c> </c><w lemma="[{'id':110061,'ls':[{'id':110062,'name':'ut','wfs':[{'id':110063,'morph':{'Pos':'CON'},'name':'ut'}]}],'name':'ut@CON'}]">ut</w><c> </c><w lemma="[{'id':109577,'ls':[{'id':109578,'name':'in','wfs':[{'id':109579,'morph':{'Pos':'AP'},'name':'in'}]}],'name':'in@AP'}]">in</w><c> </c><w lemma="[{'id':241354827,'ls':[{'id':241354828,'name':'Avinion','wfs':[{'id':241354833,'morph':{'Pos':'NE'},'name':'avinione'}]}],'name':'Avinion@NE'}]">Avinione</w><c>,</c><c> </c><w lemma="[{'id':224993,'ls':[{'id':224994,'name':'qua','wfs':[{'id':224995,'morph':{'ComparisonDegree':'POSITIVE','Pos':'ADV'},'name':'qua'}]}],'name':'qua@ADV'}]">qua</w><c> </c><w lemma="[{'id':7197248,'ls':[{'id':7915,'name':'resideo','wfs':[{'id':7198006,'morph':{'ConjugationType':'SECOND_CONJUGATION','Mood':'INDICATIVE','Numerus':'SINGULAR','Person':'PERSON_2','Pos':'V','Tense':'PRESENT','VerbType':'TRANSITIVE','Voice':'ACTIVE'},'name':'resides'}]}],'name':'resideo@V'}]">resides</w><c>,</c><c> </c><w lemma="[{'id':242816293,'ls':[{'id':242816294,'name':'nullus','wfs':[{'id':241035948,'morph':{'Casus':'ACCUSATIVE','Genus':'NEUTER','Numerus':'PLURAL','Pos':'PRO','PronounType':'INDEFINITE'},'name':'nulla'}]}],'name':'nullus@PRO'}]">nulla</w><c> </c><w lemma="[{'id':5511842,'ls':[{'id':4349,'name':'fio','wfs':[{'id':244466101,'morph':{'Mood':'INFINITIVE','Pos':'V','Tense':'PRESENT','VerbType':'VERBA_ANOMALA','Voice':'PASSIVE'},'name':'fieri'}]}],'name':'fio@V'}]">fieri</w><c> </c><w lemma="[{'id':3288645,'ls':[{'id':9277,'name':'violentus','wfs':[{'id':3288835,'morph':{'Casus':'ACCUSATIVE','ComparisonDegree':'POSITIVE','DeclensionType':'SECOND_DECLENSION','Genus':'NEUTER','Numerus':'PLURAL','Pos':'ADJ'},'name':'violenta'}]}],'name':'violentus@ADJ'}]">violenta</w><c> </c><lb n="28" xml:id="bsb00000824_00282_28"></lb><w lemma="[{'id':6534354,'ls':[{'id':6845,'name':'patior','wfs':[{'id':6534839,'morph':{'ConjugationType':'THIRD_CONJUGATION','Mood':'SUBJUNCTIVE','Numerus':'SINGULAR','Person':'PERSON_2','Pos':'V','Tense':'PRESENT','VerbType':'DEPONENT','Voice':'PASSIVE'},'name':'patiaris'}]}],'name':'patior@V'}]">patiaris</w><c>.</c><c> </c></s><s><w lemma="[{'id':8032801,'ls':[{'id':9316,'name':'vivo','wfs':[{'id':8034338,'morph':{'ConjugationType':'THIRD_CONJUGATION','Mood':'SUBJUNCTIVE','Numerus':'SINGULAR','Person':'PERSON_3','Pos':'V','Tense':'PRESENT','VerbType':'TRANSITIVE','Voice':'ACTIVE'},'name':'vivat'}]}],'name':'vivo@V'}]">vivat</w><c> </c><w lemma="[{'id':244510439,'ls':[{'id':244510440,'name':'noster','wfs':[{'id':244510477,'morph':{'Casus':'NOMINATIVE','DeclensionType':'SECOND_DECLENSION','Genus':'MASCULINE','Numerus':'SINGULAR','Pos':'PRO','PronounType':'POSSESSIVE'},'name':'noster'}]}],'name':'noster@PRO'}]">noster</w><c> </c><w lemma="[{'id':1013455,'ls':[{'id':4072,'name':'exercitus','wfs':[{'id':242825898,'morph':{'Casus':'NOMINATIVE','DeclensionType':'FOURTH_DECLENSION','Genus':'MASCULINE','Numerus':'SINGULAR','Pos':'NN'},'name':'exercitus'}]}],'name':'exercitus@NN'}]">exercitus</w><c> </c><w lemma="[{'id':141093,'ls':[{'id':141099,'name':'civiliter','wfs':[{'id':141102,'morph':{'ComparisonDegree':'POSITIVE','Pos':'ADV'},'name':'civiliter'}]}],'name':'civiliter@ADV'}]">civiliter</w><c> </c><w lemma="[{'id':109541,'ls':[{'id':109542,'name':'cum','wfs':[{'id':109543,'morph':{'Pos':'AP'},'name':'cum'}]}],'name':'cum@AP'}]">cum</w><c> </c><w lemma="[{'id':1332038,'ls':[{'id':1332039,'name':'romanus','wfs':[{'id':1332041,'morph':{'Casus':'ABLATIVE','DeclensionType':'SECOND_DECLENSION','Genus':'MASCULINE','Numerus':'PLURAL','Pos':'NN'},'name':'romanis'}]}],'name':'romanus@NN'}]">Romanis</w><c>:</c><c> </c><w lemma="[{'id':6964535,'ls':[{'id':6964536,'name':'prosum','wfs':[{'id':516135,'morph':{'Mood':'SUBJUNCTIVE','Numerus':'SINGULAR','Person':'PERSON_3','Pos':'V','Tense':'PRESENT','VerbType':'VERBA_ANOMALA','Voice':'ACTIVE'},'name':'prosit'}]}],'name':'prosum@V'}]">prosit</w><c> </c><w lemma="[{'id':242816207,'ls':[{'id':242816208,'name':'is','wfs':[{'id':382834383,'morph':{'Casus':'DATIVE','Genus':'MASCULINE','Numerus':'PLURAL','Pos':'PRO','PronounType':'DEMONSTRATIVE'},'name':'eis'}]}],'name':'is@PRO'}]">eis</w><c> </c><w lemma="[{'id':4904178,'ls':[{'id':3400,'name':'destino','wfs':[{'id':4904250,'morph':{'Casus':'NOMINATIVE','ConjugationType':'FIRST_CONJUGATION','Genus':'FEMININE','Mood':'PARTICIPLE','Numerus':'SINGULAR','Pos':'V','Tense':'PERFECT','VerbType':'TRANSITIVE','Voice':'PASSIVE'},'name':'destinata'}]}],'name':'destino@V'}]">destinata</w><c> </c><w lemma="[{'id':942023,'ls':[{'id':3108,'name':'defensio','wfs':[{'id':942027,'morph':{'Casus':'NOMINATIVE','DeclensionType':'THIRD_DECLENSION','Genus':'FEMININE','Numerus':'SINGULAR','Pos':'NN'},'name':'defensio'}]}],'name':'defensio@NN'}]">defensio</w><c> </c><w lemma="[{'id':109871,'ls':[{'id':109872,'name':'nec','wfs':[{'id':109873,'morph':{'Pos':'CON'},'name':'nec'}]}],'name':'nec@CON'}]">nec</w><c> </c><lb n="29" xml:id="bsb00000824_00282_29"></lb><w lemma="[{'id':242815921,'ls':[{'id':242815922,'name':'aliquis','wfs':[{'id':245005377,'morph':{'Casus':'ACCUSATIVE','Genus':'NEUTER','Numerus':'SINGULAR','Pos':'PRO','PronounType':'INDEFINITE'},'name':'aliquid'}]}],'name':'aliquis@PRO'}]">aliquid</w><c> </c><w lemma="[{'id':242816114,'ls':[{'id':242816115,'name':'ille','wfs':[{'id':242816139,'morph':{'Casus':'ACCUSATIVE','Genus':'MASCULINE','Numerus':'PLURAL','Pos':'PRO','PronounType':'DEMONSTRATIVE'},'name':'illos'}]}],'name':'ille@PRO'}]">illos</w><c> </c><w lemma="[{'id':109433,'ls':[{'id':109434,'name':'a','wfs':[{'id':109435,'morph':{'Pos':'AP'},'name':'a'}]}],'name':'a@AP'}]">a</w><c> </c><w lemma="[{'id':245551298,'ls':[{'id':245551299,'name':'nostri','wfs':[{'id':245551305,'morph':{'Casus':'ABLATIVE','DeclensionType':'SECOND_DECLENSION','Genus':'MASCULINE','Numerus':'PLURAL','Pos':'NN'},'name':'nostris'}]}],'name':'nostri@NN'}]">nostris</w><c> </c><w lemma="[{'id':7387089,'ls':[{'id':7387090,'name':'sino','wfs':[{'id':7387389,'morph':{'ConjugationType':'THIRD_CONJUGATION','Mood':'SUBJUNCTIVE','Numerus':'PLURAL','Person':'PERSON_2','Pos':'V','Tense':'PRESENT','VerbType':'TRANSITIVE','Voice':'ACTIVE'},'name':'sinatis'}]}],'name':'sino@V'}]">sinatis</w><c> </c><w lemma="[{'id':6534354,'ls':[{'id':6845,'name':'patior','wfs':[{'id':6534799,'morph':{'ConjugationType':'THIRD_CONJUGATION','Mood':'INFINITIVE','Pos':'V','Tense':'PRESENT','VerbType':'DEPONENT','Voice':'PASSIVE'},'name':'pati'}]}],'name':'patior@V'}]">pati</w><c>,</c><c> </c><w lemma="[{'id':242816363,'ls':[{'id':242816364,'name':'qui','wfs':[{'id':242816417,'morph':{'Casus':'ACCUSATIVE','Genus':'MASCULINE','Numerus':'PLURAL','Pos':'PRO','PronounType':'RELATIVE'},'name':'quos'}]}],'name':'qui@PRO'}]">quos</w><c> </c><w lemma="[{'id':109436,'ls':[{'id':109437,'name':'ab','wfs':[{'id':109438,'morph':{'Pos':'AP'},'name':'ab'}]}],'name':'ab@AP'}]">ab</w><c> </c><w lemma="[{'id':2395887,'ls':[{'id':2395888,'name':'hostilis','wfs':[{'id':2395959,'morph':{'Casus':'ABLATIVE','ComparisonDegree':'POSITIVE','DeclensionType':'THIRD_DECLENSION','Genus':'FEMININE','Numerus':'SINGULAR','Pos':'ADJ'},'name':'hostili'}]}],'name':'hostilis@ADJ'}]">hostili</w><c> </c><w lemma="[{'id':6322383,'ls':[{'id':6397,'name':'nitor','wfs':[{'id':6322430,'morph':{'ConjugationType':'THIRD_CONJUGATION','Mood':'INDICATIVE','Numerus':'PLURAL','Person':'PERSON_1','Pos':'V','Tense':'PRESENT','VerbType':'DEPONENT','Voice':'PASSIVE'},'name':'nitimur'}]}],'name':'nitor@V'}]">nitimur</w><c> </c><w lemma="[{'id':1214229,'ls':[{'id':6657,'name':'oppressio','wfs':[{'id':243410792,'morph':{'Casus':'ABLATIVE','DeclensionType':'THIRD_DECLENSION','Genus':'FEMININE','Numerus':'SINGULAR','Pos':'NN'},'name':'oppressione'}]}],'name':'oppressio@NN'}]">oppressione</w><c> </c><w lemma="[{'id':6143524,'ls':[{'id':5734,'name':'libero','wfs':[{'id':6143606,'morph':{'ConjugationType':'FIRST_CONJUGATION','Mood':'INFINITIVE','Pos':'V','Tense':'PRESENT','VerbType':'TRANSITIVE','Voice':'PASSIVE'},'name':'liberari'}]}],'name':'libero@V'}]">liberari</w><c>.</c></s></p></div></body></text></TEI>