<?xml version="1.0" ?><TEI xmlns="http://www.tei-c.org/ns/1.0"><teiHeader><fileDesc><titleStmt><title>MGH Auct. ant. 12: Cassiodori Senatoris Variae</title><editor>Mommsen, Theodor</editor></titleStmt><publicationStmt><publisher>Monumenta Germaniae Historica (MGH)</publisher><publisher>Bavarian State Library (BSB), München</publisher><idno type="BSB">bsb00000824</idno><idno type="MGH"><idno type="Annotation_created_by">sysop</idno><idno type="Annotation_created_on">Wed Oct 18 19:00:30 CEST 2017</idno><idno type="Annotation_last_changed_by">geelhaar</idno><idno type="Annotation_last_changed_on">Thu Aug 20 10:43:41 CEST 2020</idno><idno type="Author_(German)">Cassiodor (Flavius Magnus Aurelius Cassiodorus Senator)</idno><idno type="Author_(Latin)">Cassiodorus Vivariensis</idno><idno type="BSB">bsb00000824</idno><idno type="Bibliographical_Link">http://stabikat.de/DB=1/XMLPRS=N/PPN?PPN=235118842</idno><idno type="C_Stat">06</idno><idno type="C1">06</idno><idno type="C2">05</idno><idno type="Column">016</idno><idno type="Commentary">dated according to Stefan Krautschick, Cassiodor und die Politik seiner Zeit. Bonn 1983, 73.  (TG)</idno><idno type="Concordance_View">true</idno><idno type="Digital_Edition_Statement">Text retrieved from the critical edition and prepared by the BMBF funded project "Humanist Computer Interaction under Scrutiny"(https://humanist.hs-mainz.de/en/). The Latin Text Archive (LTA) version has been created at Goethe University Frankfurt by the CompHistSem-Work Group (hudesktop.hucompute.org).</idno><idno type="Edition">MGH Auctores antiquissimi 12</idno><idno type="LTA_Export">true</idno><idno type="Licence_Info">CC BY 4.0</idno><idno type="Multiple_Lemmata_under_a_unique_Super_lemma">0.00%</idno><idno type="Multiple_Super_lemmata">0.00%</idno><idno type="Multiple_Wordforms_under_a_unique_Lemma">0.00%</idno><idno type="Multiple_Wordforms._Tagger_based_result._Multiple_Lemmata_possible">0.00%</idno><idno type="Multiple_Wordforms._Tagger_based_result._Multiple_Super_Lemmata_possible">0.00%</idno><idno type="Not_yet_linked_or_unknown_Wordform">0.00%</idno><idno type="Page">016-017</idno><idno type="Provided_by">Monumenta Germaniae Historica</idno><idno type="RepFontMA">not available</idno><idno type="Status">c</idno><idno type="Text_Type">Letter</idno><idno type="Text_Type_Class">Letters</idno><idno type="Time">508</idno><idno type="Title">Variae 01.06 - Agapito viro illustri praefecto urbis Romae Theodericus rex</idno><idno type="Type_of_Corpus">Corpus of Letters</idno><idno type="URL">http://www.mgh.de/dmgh/resolving/MGH_Auct._ant._12_S._16</idno><idno type="Unique_Wordform">100,00%</idno><idno type="Unique_Wordform._Tagger_based_result._Multiple_Lemmata_possible">0.00%</idno><idno type="Unique_Wordform._Tagger_based_result._Multiple_Super_lemmata_possible">0.00%</idno><idno type="VIAF_(Expression)">182693798</idno><idno type="VIAF_(Expression)_Link">http://viaf.org/viaf/182693798</idno><idno type="VIAF_(Person)">95230707</idno><idno type="VIAF_(Person)_Link">http://viaf.org/viaf/95230707</idno><idno type="Volume">Auct. ant. 12</idno><idno type="Year_of_Publication_(interpreted)">0508</idno>MGH Auct. ant. 12</idno><availability><licence target="http://creativecommons.org/licenses/by/4.0/"><p>Distributed under the Creative Commons Attribution 4.0 International (CC BY 4.0) license.</p><p>This license covers the annotations added by the Monumenta Germaniae Historica and the
            Bavarian State Library, Munich, in the course of project "digital MGH"
            <ref target="http://www.dmgh.de">http://www.dmgh.de</ref>, funded by the
            German Research Foundation (DFG).</p><p>We do not claim any rights on the text itself which is believed to be in the public domain.</p><p>If you distribute a copy or a derivative version of this file, please indicate the source
            of the file by mentioning the Monumenta Germaniae Historica (MGH) and the
            Bavarian State Library, Munich (BSB).</p></licence></availability><date when="2016-11-28T16:32:43+01:00">2016-11-28, 16:32:43</date></publicationStmt><sourceDesc><biblFull><titleStmt><title>Cassiodori Senatoris Variae</title><editor>Mommsen, Theodor</editor></titleStmt><publicationStmt><publisher>Weidmann</publisher><pubPlace>Berlin</pubPlace><date>1894</date></publicationStmt><seriesStmt><title>Auctores antiquissimi</title><biblScope unit="volume">12</biblScope></seriesStmt></biblFull></sourceDesc></fileDesc><revisionDesc><change when="24-11-2017 16:04" who="dharnisch"></change><change when="24-11-2017 16:04" who="dharnisch"></change></revisionDesc></teiHeader><text><body><div><lb n="28" xml:id="bsb00000824_00200_28"></lb><head n="3"><s><w lemma="[{'id':241346594,'ls':[{'id':241346595,'name':'NUMERAL','wfs':[{'id':602162884,'morph':{'Pos':'NUM'},'name':'VI'}]}],'name':'NUMERAL@NUM'}]">VI</w><c>.</c><c> </c><lb n="29" xml:id="bsb00000824_00200_29"></lb><w lemma="[{'id':274820,'ls':[{'id':274821,'name':'Agapitus','wfs':[{'id':274832,'morph':{'Casus':'DATIVE','DeclensionType':'SECOND_DECLENSION','Genus':'MASCULINE','Numerus':'SINGULAR','Pos':'NP'},'name':'Agapito'}]}],'name':'Agapitus@NP'}]">AGAPITO</w><c> </c><w lemma="[{'id':1466541,'ls':[{'id':9281,'name':'vir','wfs':[{'id':779458787,'morph':{'Casus':'DATIVE','DeclensionType':'SECOND_DECLENSION','Genus':'MASCULINE','Numerus':'SINGULAR','Pos':'NN'},'name':'v'}]}],'name':'vir@NN'}]">V</w><c>.</c><c> </c><w lemma="[{'id':2413908,'ls':[{'id':4928,'name':'illustris','wfs':[{'id':779459471,'morph':{'Casus':'DATIVE','ComparisonDegree':'POSITIVE','DeclensionType':'THIRD_DECLENSION','Genus':'MASCULINE','Numerus':'SINGULAR','Pos':'ADJ'},'name':'I'}]}],'name':'illustris@ADJ'}]">I</w><c>.</c><c> </c><w lemma="[{'id':1269621,'ls':[{'id':7302,'name':'praefectus','wfs':[{'id':779483080,'morph':{'Casus':'DATIVE','DeclensionType':'SECOND_DECLENSION','Genus':'MASCULINE','Numerus':'SINGULAR','Pos':'NN'},'name':'P'}]}],'name':'praefectus@NN'}]">P</w><c>.</c><c> </c><w lemma="[{'id':1441746,'ls':[{'id':9065,'name':'urbs','wfs':[{'id':779483081,'morph':{'DeclensionType':'THIRD_DECLENSION','Genus':'FEMININE','Numerus':'SINGULAR','Pos':'NN'},'name':'U'}]}],'name':'urbs@NN'}]">U</w><c>.</c><c> </c><w lemma="[{'id':624521,'ls':[{'id':624522,'name':'Theodericus','wfs':[{'id':243244190,'morph':{'Casus':'NOMINATIVE','DeclensionType':'SECOND_DECLENSION','Genus':'MASCULINE','Numerus':'SINGULAR','Pos':'NP'},'name':'Theodericus'}]}],'name':'Theodericus@NP'}]">THEODERICUS</w><c> </c><w lemma="[{'id':1329481,'ls':[{'id':7965,'name':'rex','wfs':[{'id':1329499,'morph':{'Casus':'NOMINATIVE','DeclensionType':'THIRD_DECLENSION','Genus':'MASCULINE','Numerus':'SINGULAR','Pos':'NN'},'name':'rex'}]}],'name':'rex@NN'}]">REX</w><c>.</c></s></head><note><s><hi rend="ITALICS"><w lemma="[{'id':759853,'ls':[{'id':807,'name':'annus','wfs':[{'id':382849904,'morph':{'Casus':'ABLATIVE','DeclensionType':'SECOND_DECLENSION','Genus':'MASCULINE','Numerus':'SINGULAR','Pos':'NN'},'name':'a'}]}],'name':'annus@NN'}]">a</w><c>.</c><c> </c><w lemma="[{'id':241346594,'ls':[{'id':241346595,'name':'NUMERAL','wfs':[{'id':241346596,'morph':{'Pos':'NUM'},'name':'NUMERAL'}]}],'name':'NUMERAL@NUM'}]">507</w><c>/</c><w lemma="[{'id':241346594,'ls':[{'id':241346595,'name':'NUMERAL','wfs':[{'id':241346596,'morph':{'Pos':'NUM'},'name':'NUMERAL'}]}],'name':'NUMERAL@NUM'}]">509</w></hi></s></note><lb n="30" xml:id="bsb00000824_00200_30"></lb><p><s><w lemma="[{'id':4708992,'ls':[{'id':4708993,'name':'decet','wfs':[{'id':4709145,'morph':{'ConjugationType':'SECOND_CONJUGATION','Mood':'INDICATIVE','Numerus':'SINGULAR','Person':'PERSON_3','Pos':'V','Tense':'PRESENT','VerbType':'IMPERSONAL','Voice':'ACTIVE'},'name':'decet'}]}],'name':'decet@V'}]">Decet</w><c> </c><w lemma="[{'id':1278659,'ls':[{'id':1278660,'name':'princeps','wfs':[{'id':243431603,'morph':{'Casus':'ACCUSATIVE','DeclensionType':'THIRD_DECLENSION','Genus':'MASCULINE','Numerus':'SINGULAR','Pos':'NN'},'name':'principem'}]}],'name':'princeps@NN'}]">principem</w><c> </c><w lemma="[{'id':930846,'ls':[{'id':2962,'name':'cura','wfs':[{'id':930860,'morph':{'Casus':'NOMINATIVE','DeclensionType':'FIRST_DECLENSION','Genus':'FEMININE','Numerus':'SINGULAR','Pos':'NN'},'name':'cura'}]}],'name':'cura@NN'}]">cura</w><c> </c><w lemma="[{'id':242816363,'ls':[{'id':242816364,'name':'qui','wfs':[{'id':296826594,'morph':{'Casus':'NOMINATIVE','Genus':'FEMININE','Numerus':'SINGULAR','Pos':'PRO','PronounType':'RELATIVE'},'name':'quae'}]}],'name':'qui@PRO'}]">quae</w><c> </c><w lemma="[{'id':109453,'ls':[{'id':109454,'name':'ad','wfs':[{'id':109455,'morph':{'Pos':'AP'},'name':'ad'}]}],'name':'ad@AP'}]">ad</w><c> </c><w lemma="[{'id':1322669,'ls':[{'id':964024,'name':'res','wfs':[{'id':242825941,'morph':{'Casus':'ACCUSATIVE','DeclensionType':'FIFTH_DECLENSION','Genus':'FEMININE','Numerus':'SINGULAR','Pos':'NN'},'name':'rem'}]}],'name':'res@NN'}]">rem</w><c> </c><w lemma="[{'id':2914003,'ls':[{'id':7599,'name':'publicus','wfs':[{'id':2914062,'morph':{'Casus':'ACCUSATIVE','ComparisonDegree':'POSITIVE','DeclensionType':'FIRST_DECLENSION','Genus':'FEMININE','Numerus':'SINGULAR','Pos':'ADJ'},'name':'publicam'}]}],'name':'publicus@ADJ'}]">publicam</w><c> </c><w lemma="[{'id':7402576,'ls':[{'id':8423,'name':'specto','wfs':[{'id':7402926,'morph':{'ConjugationType':'FIRST_CONJUGATION','Mood':'INDICATIVE','Numerus':'SINGULAR','Person':'PERSON_3','Pos':'V','Tense':'PRESENT','VerbType':'TRANSITIVE','Voice':'ACTIVE'},'name':'spectat'}]}],'name':'specto@V'}]">spectat</w><c> </c><w lemma="[{'id':3856155,'ls':[{'id':1202,'name':'augeo','wfs':[{'id':498649626,'morph':{'Casus':'ACCUSATIVE','ComparisonDegree':'POSITIVE','DeclensionType':'FIRST_DECLENSION','Genus':'FEMININE','Mood':'GERUNDIVE','Numerus':'SINGULAR','Pos':'V'},'name':'augendam'}]}],'name':'augeo@V'}]">augendam</w><c>,</c><c> </c><w lemma="[{'id':109828,'ls':[{'id':109829,'name':'et','wfs':[{'id':109830,'morph':{'Pos':'CON'},'name':'et'}]}],'name':'et@CON'}]">et</w><c> </c><w lemma="[{'id':252377,'ls':[{'id':9187,'name':'vere','wfs':[{'id':252384,'morph':{'ComparisonDegree':'POSITIVE','Pos':'ADV'},'name':'vere'}]}],'name':'vere@ADV'}]">vere</w><c> </c><w lemma="[{'id':965460,'ls':[{'id':965461,'name':'dignum','wfs':[{'id':965474,'morph':{'Casus':'NOMINATIVE','DeclensionType':'SECOND_DECLENSION','Genus':'NEUTER','Numerus':'SINGULAR','Pos':'NN'},'name':'dignum'}]}],'name':'dignum@NN'}]">dignum</w><c> </c><lb n="31" xml:id="bsb00000824_00200_31"></lb><w lemma="[{'id':7617143,'ls':[{'id':7617144,'name':'sum','wfs':[{'id':242825881,'morph':{'Mood':'INDICATIVE','Numerus':'SINGULAR','Person':'PERSON_3','Pos':'V','Tense':'PRESENT','VerbType':'VERBA_ANOMALA','Voice':'ACTIVE'},'name':'est'}]}],'name':'sum@V'}]">est</w><c> </c><w lemma="[{'id':1329481,'ls':[{'id':7965,'name':'rex','wfs':[{'id':236891162,'morph':{'Casus':'ACCUSATIVE','DeclensionType':'THIRD_DECLENSION','Genus':'MASCULINE','Numerus':'SINGULAR','Pos':'NN'},'name':'regem'}]}],'name':'rex@NN'}]">regem</w><c> </c><w lemma="[{'id':726585,'ls':[{'id':476,'name':'aedificium','wfs':[{'id':243243258,'morph':{'Casus':'ABLATIVE','DeclensionType':'SECOND_DECLENSION','Genus':'NEUTER','Numerus':'PLURAL','Pos':'NN'},'name':'aedificiis'}]}],'name':'aedificium@NN'}]">aedificiis</w><c> </c><w lemma="[{'id':241462305,'ls':[{'id':241462312,'name':'palatium','wfs':[{'id':245538356,'morph':{'Casus':'ACCUSATIVE','DeclensionType':'SECOND_DECLENSION','Genus':'NEUTER','Numerus':'PLURAL','Pos':'NN'},'name':'palatia'}]}],'name':'palatium@NN'}]">palatia</w><c> </c><w lemma="[{'id':4717946,'ls':[{'id':4717947,'name':'decoro','wfs':[{'id':4718028,'morph':{'ConjugationType':'FIRST_CONJUGATION','Mood':'INFINITIVE','Pos':'V','Tense':'PRESENT','VerbType':'TRANSITIVE','Voice':'ACTIVE'},'name':'decorare'}]}],'name':'decoro@V'}]">decorare</w><c>.</c><c> </c></s><s><w lemma="[{'id':3372672,'ls':[{'id':3372673,'name':'absum','wfs':[{'id':241313902,'morph':{'Mood':'SUBJUNCTIVE','Numerus':'SINGULAR','Person':'PERSON_3','Pos':'V','Tense':'PRESENT','VerbType':'VERBA_ANOMALA','Voice':'ACTIVE'},'name':'absit'}]}],'name':'absum@V'}]">absit</w><c> </c><w lemma="[{'id':109821,'ls':[{'id':109822,'name':'enim','wfs':[{'id':109823,'morph':{'Pos':'CON'},'name':'enim'}]}],'name':'enim@CON'}]">enim</w><c> </c><w lemma="[{'id':110061,'ls':[{'id':110062,'name':'ut','wfs':[{'id':110063,'morph':{'Pos':'CON'},'name':'ut'}]}],'name':'ut@CON'}]">ut</w><c> </c><w lemma="[{'id':1217096,'ls':[{'id':1217097,'name':'ornatus','wfs':[{'id':241461817,'morph':{'Casus':'DATIVE','DeclensionType':'FOURTH_DECLENSION','Genus':'MASCULINE','Numerus':'SINGULAR','Pos':'NN'},'name':'ornatui'}]}],'name':'ornatus@NN'}]">ornatui</w><c> </c><w lemma="[{'id':3985641,'ls':[{'id':1726,'name':'cedo','wfs':[{'id':3985757,'morph':{'ConjugationType':'THIRD_CONJUGATION','Mood':'SUBJUNCTIVE','Numerus':'PLURAL','Person':'PERSON_1','Pos':'V','Tense':'PRESENT','VerbType':'TRANSITIVE','Voice':'ACTIVE'},'name':'cedamus'}]}],'name':'cedo@V'}]">cedamus</w><c> </c><w lemma="[{'id':1460460,'ls':[{'id':1460474,'name':'vetus','wfs':[{'id':1460480,'morph':{'Casus':'GENITIVE','DeclensionType':'THIRD_DECLENSION','Genus':'MASCULINE','Numerus':'PLURAL','Pos':'NN'},'name':'veterum'}]}],'name':'vetus@NN'}]">veterum</w><c>,</c><c> </c><w lemma="[{'id':242816363,'ls':[{'id':242816364,'name':'qui','wfs':[{'id':296826592,'morph':{'Casus':'NOMINATIVE','Genus':'MASCULINE','Numerus':'PLURAL','Pos':'PRO','PronounType':'RELATIVE'},'name':'qui'}]}],'name':'qui@PRO'}]">qui</w><c> </c><lb n="32" xml:id="bsb00000824_00200_32"></lb><w lemma="[{'id':1081630,'ls':[{'id':1081646,'name':'inpar','wfs':[{'id':1081654,'morph':{'Casus':'NOMINATIVE','DeclensionType':'THIRD_DECLENSION','Genus':'MASCULINE','Numerus':'PLURAL','Pos':'NN'},'name':'inpares'}]}],'name':'impar@NN'}]">inpares</w><c> </c><w lemma="[{'id':206035,'ls':[{'id':6416,'name':'non','wfs':[{'id':241322627,'morph':{'Pos':'ADV'},'name':'non'}]}],'name':'non@ADV'}]">non</w><c> </c><w lemma="[{'id':7617143,'ls':[{'id':7617144,'name':'sum','wfs':[{'id':244519869,'morph':{'Mood':'INDICATIVE','Numerus':'PLURAL','Person':'PERSON_1','Pos':'V','Tense':'PRESENT','VerbType':'VERBA_ANOMALA','Voice':'ACTIVE'},'name':'sumus'}]}],'name':'sum@V'}]">sumus</w><c> </c><w lemma="[{'id':809180,'ls':[{'id':1320,'name':'beatitudo','wfs':[{'id':243268138,'morph':{'Casus':'ABLATIVE','DeclensionType':'THIRD_DECLENSION','Genus':'FEMININE','Numerus':'SINGULAR','Pos':'NN'},'name':'beatitudine'}]}],'name':'beatitudo@NN'}]">beatitudine</w><c> </c><w lemma="[{'id':1336255,'ls':[{'id':8027,'name':'sacculus','wfs':[{'id':1336259,'morph':{'Casus':'GENITIVE','DeclensionType':'SECOND_DECLENSION','Genus':'MASCULINE','Numerus':'PLURAL','Pos':'NN'},'name':'sacculorum'}]}],'name':'sacculus@NN'}]">sacculorum</w><c>.</c><c> </c></s><s><w lemma="[{'id':225709,'ls':[{'id':225710,'name':'quapropter','wfs':[{'id':225712,'morph':{'ComparisonDegree':'POSITIVE','Pos':'ADV'},'name':'quapropter'}]}],'name':'quapropter@ADV'}]">Quapropter</w><c> </c><w lemma="[{'id':109577,'ls':[{'id':109578,'name':'in','wfs':[{'id':109579,'morph':{'Pos':'AP'},'name':'in'}]}],'name':'in@AP'}]">in</w><c> </c><w lemma="[{'id':241569774,'ls':[{'id':241569775,'name':'Ravennas','wfs':[{'id':241569787,'morph':{'Pos':'ADJ'},'name':'ravennati'}]}],'name':'Ravennas@ADJ'}]">Ravennati</w><c> </c><w lemma="[{'id':1441746,'ls':[{'id':9065,'name':'urbs','wfs':[{'id':241492618,'morph':{'Casus':'ABLATIVE','DeclensionType':'THIRD_DECLENSION','Genus':'FEMININE','Numerus':'SINGULAR','Pos':'NN'},'name':'urbe'}]}],'name':'urbs@NN'}]">urbe</w><c> </c><w lemma="[{'id':808244,'ls':[{'id':1312,'name':'basilica','wfs':[{'id':808256,'morph':{'Casus':'GENITIVE','DeclensionType':'FIRST_DECLENSION','Genus':'FEMININE','Numerus':'SINGULAR','Pos':'NN'},'name':'basilicae'}]}],'name':'basilica@NN'}]">basilicae</w><c> </c><lb n="33" xml:id="bsb00000824_00200_33"></lb><w lemma="[{'id':457613,'ls':[{'id':4805,'name':'Hercules','wfs':[{'id':457621,'morph':{'Casus':'GENITIVE','DeclensionType':'THIRD_DECLENSION','Genus':'MASCULINE','Numerus':'SINGULAR','Pos':'NE'},'name':'Herculis'}]}],'name':'Hercules@NP'}]">Herculis</w><c> </c><w lemma="[{'id':1608940,'ls':[{'id':732,'name':'amplus','wfs':[{'id':1609058,'morph':{'Casus':'ACCUSATIVE','ComparisonDegree':'POSITIVE','DeclensionType':'SECOND_DECLENSION','Genus':'NEUTER','Numerus':'SINGULAR','Pos':'ADJ'},'name':'amplum'}]}],'name':'amplus@ADJ'}]">amplum</w><c> </c><w lemma="[{'id':1215242,'ls':[{'id':6672,'name':'opus','wfs':[{'id':1215257,'morph':{'Casus':'ACCUSATIVE','DeclensionType':'THIRD_DECLENSION','Genus':'NEUTER','Numerus':'SINGULAR','Pos':'NN'},'name':'opus'}]}],'name':'opus@NN'}]">opus</w><c> </c><w lemma="[{'id':3554059,'ls':[{'id':3554464,'name':'aggredior','wfs':[{'id':779505581,'morph':{'Casus':'NOMINATIVE','ConjugationType':'SECOND_CONJUGATION','Genus':'MASCULINE','Mood':'PARTICIPLE','Numerus':'PLURAL','Pos':'V','Tense':'PERFECT','VerbType':'DEPONENT','Voice':'ACTIVE'},'name':'aggressi'}]}],'name':'aggredior@V'}]">aggressi</w><c>,</c><c> </c><w lemma="[{'id':242816363,'ls':[{'id':242816364,'name':'qui','wfs':[{'id':296826593,'morph':{'Casus':'GENITIVE','Genus':'MASCULINE','Numerus':'SINGULAR','Pos':'PRO','PronounType':'RELATIVE'},'name':'cuius'}]}],'name':'qui@PRO'}]">cuius</w><c> </c><w lemma="[{'id':1191767,'ls':[{'id':6409,'name':'nomen','wfs':[{'id':243402775,'morph':{'Casus':'DATIVE','DeclensionType':'THIRD_DECLENSION','Genus':'NEUTER','Numerus':'SINGULAR','Pos':'NN'},'name':'nomini'}]}],'name':'nomen@NN'}]">nomini</w><c> </c><w lemma="[{'id':764060,'ls':[{'id':847,'name':'antiquitas','wfs':[{'id':764079,'morph':{'Casus':'NOMINATIVE','DeclensionType':'THIRD_DECLENSION','Genus':'FEMININE','Numerus':'SINGULAR','Pos':'NN'},'name':'antiquitas'}]}],'name':'antiquitas@NN'}]">antiquitas</w><c> </c><w lemma="[{'id':150047,'ls':[{'id':150048,'name':'congrue','wfs':[{'id':150050,'morph':{'ComparisonDegree':'POSITIVE','Pos':'ADV'},'name':'congrue'}]}],'name':'congrue@ADV'}]">congrue</w><c> </c><w lemma="[{'id':7865249,'ls':[{'id':8933,'name':'tribuo','wfs':[{'id':7865576,'morph':{'ConjugationType':'THIRD_CONJUGATION','Mood':'INDICATIVE','Numerus':'SINGULAR','Person':'PERSON_3','Pos':'V','Tense':'PERFECT','VerbType':'TRANSITIVE','Voice':'ACTIVE'},'name':'tribuit'}]}],'name':'tribuo@V'}]">tribuit</w><c>,</c><c> </c><w lemma="[{'id':242816688,'ls':[{'id':242816689,'name':'quisquis','wfs':[{'id':242816690,'morph':{'Casus':'ACCUSATIVE','Genus':'NEUTER','Numerus':'SINGULAR','Pos':'PRO','PronounType':'INDEFINITE'},'name':'quicquid'}]}],'name':'quisquis@PRO'}]">quicquid</w><c> </c><w lemma="[{'id':109577,'ls':[{'id':109578,'name':'in','wfs':[{'id':109579,'morph':{'Pos':'AP'},'name':'in'}]}],'name':'in@AP'}]">in</w><c> </c><pb n="17" xml:id="bsb00000824_00201"></pb><lb n="1" xml:id="bsb00000824_00201_1"></lb><w lemma="[{'id':798420,'ls':[{'id':1214,'name':'aula','wfs':[{'id':798430,'morph':{'Casus':'ABLATIVE','DeclensionType':'FIRST_DECLENSION','Genus':'FEMININE','Numerus':'SINGULAR','Pos':'NN'},'name':'aula'}]}],'name':'aula@NN'}]">aula</w><c> </c><w lemma="[{'id':242447175,'ls':[{'id':242447176,'name':'praedicabilis','wfs':[{'id':244207053,'morph':{'Casus':'ABLATIVE','ComparisonDegree':'POSITIVE','DeclensionType':'THIRD_DECLENSION','Genus':'FEMININE','Numerus':'SINGULAR','Pos':'ADJ'},'name':'praedicabili'}]}],'name':'praedicabilis@ADJ'}]">praedicabili</w><c> </c><w lemma="[{'id':718183,'ls':[{'id':718197,'name':'ammiratio','wfs':[{'id':243240847,'morph':{'Casus':'ABLATIVE','DeclensionType':'THIRD_DECLENSION','Genus':'FEMININE','Numerus':'SINGULAR','Pos':'NN'},'name':'ammiratione'}]}],'name':'admiratio@NN'}]">ammiratione</w><c> </c><w lemma="[{'id':5575916,'ls':[{'id':599862,'name':'fundo','wfs':[{'id':593471075,'morph':{'ConjugationType':'FIRST_CONJUGATION','Mood':'INDICATIVE','Numerus':'SINGULAR','Person':'PERSON_3','Pos':'V','Tense':'PERFECT','VerbType':'TRANSITIVE','Voice':'ACTIVE'},'name':'fundavit'}]}],'name':'fundo@V'}]">fundavit</w><c>,</c><c> </c><w lemma="[{'id':1152577,'ls':[{'id':5920,'name':'magnitudo','wfs':[{'id':243389863,'morph':{'Casus':'DATIVE','DeclensionType':'THIRD_DECLENSION','Genus':'FEMININE','Numerus':'SINGULAR','Pos':'NN'},'name':'magnitudini'}]}],'name':'magnitudo@NN'}]">magnitudini</w><c> </c><w lemma="[{'id':244512131,'ls':[{'id':244512132,'name':'tuus','wfs':[{'id':243191877,'morph':{'Casus':'DATIVE','DeclensionType':'FIRST_DECLENSION','Genus':'FEMININE','Numerus':'SINGULAR','Pos':'PRO','PronounType':'POSSESSIVE'},'name':'tuae'}]}],'name':'tuus@PRO'}]">tuae</w><c> </c><w lemma="[{'id':237819,'ls':[{'id':8539,'name':'studiose','wfs':[{'id':237822,'morph':{'ComparisonDegree':'SUPERLATIVE','Pos':'ADV'},'name':'studiosissime'}]}],'name':'studiose@ADV'}]">studiosissime</w><c> </c><w lemma="[{'id':4794348,'ls':[{'id':3180,'name':'delego','wfs':[{'id':4794461,'morph':{'ConjugationType':'FIRST_CONJUGATION','Mood':'INDICATIVE','Numerus':'PLURAL','Person':'PERSON_1','Pos':'V','Tense':'PRESENT','VerbType':'TRANSITIVE','Voice':'ACTIVE'},'name':'delegamus'}]}],'name':'delego@V'}]">delegamus</w><c>,</c><c> </c><w lemma="[{'id':110061,'ls':[{'id':110062,'name':'ut','wfs':[{'id':110063,'morph':{'Pos':'CON'},'name':'ut'}]}],'name':'ut@CON'}]">ut</w><c> </c><lb n="2" xml:id="bsb00000824_00201_2"></lb><w lemma="[{'id':109650,'ls':[{'id':109651,'name':'secundum','wfs':[{'id':109652,'morph':{'Pos':'AP'},'name':'secundum'}]}],'name':'secundum@AP'}]">secundum</w><c> </c><w lemma="[{'id':816711,'ls':[{'id':816725,'name':'brevis','wfs':[{'id':243270580,'morph':{'Casus':'ACCUSATIVE','DeclensionType':'THIRD_DECLENSION','Genus':'MASCULINE','Numerus':'SINGULAR','Pos':'NN'},'name':'brevem'}]}],'name':'brevis@NN'}]">brevem</w><c> </c><w lemma="[{'id':240660,'ls':[{'id':8596,'name':'subter','wfs':[{'id':240662,'morph':{'ComparisonDegree':'POSITIVE','Pos':'ADV'},'name':'subter'}]}],'name':'subter@ADV'}]">subter</w><c> </c><w lemma="[{'id':1620540,'ls':[{'id':1620653,'name':'annexus','wfs':[{'id':1620731,'morph':{'Casus':'ACCUSATIVE','ComparisonDegree':'POSITIVE','DeclensionType':'SECOND_DECLENSION','Genus':'MASCULINE','Numerus':'SINGULAR','Pos':'ADJ'},'name':'annexum'}]}],'name':'annexus@ADJ'}]">annexum</w><c> </c><w lemma="[{'id':109545,'ls':[{'id':109546,'name':'de','wfs':[{'id':109547,'morph':{'Pos':'AP'},'name':'de'}]}],'name':'de@AP'}]">de</w><c> </c><w lemma="[{'id':1441746,'ls':[{'id':9065,'name':'urbs','wfs':[{'id':241492618,'morph':{'Casus':'ABLATIVE','DeclensionType':'THIRD_DECLENSION','Genus':'FEMININE','Numerus':'SINGULAR','Pos':'NN'},'name':'urbe'}]}],'name':'urbs@NN'}]">urbe</w><c> </c><w lemma="[{'id':242816286,'ls':[{'id':242816287,'name':'nos','wfs':[{'id':594760049,'morph':{'Casus':'DATIVE','Genus':'MASCULINE','Numerus':'PLURAL','Pos':'PRO','PronounType':'PERSONAL'},'name':'nobis'}]}],'name':'nos@PRO'}]">nobis</w><c> </c><w lemma="[{'id':1158118,'ls':[{'id':1158119,'name':'marmorarius','wfs':[{'id':297488753,'morph':{'Casus':'ACCUSATIVE','DeclensionType':'SECOND_DECLENSION','Genus':'MASCULINE','Numerus':'PLURAL','Pos':'NN'},'name':'marmorarios'}]}],'name':'marmorarius@NN'}]">marmorarios</w><c> </c><w lemma="[{'id':2803104,'ls':[{'id':6973,'name':'peritus','wfs':[{'id':244179378,'morph':{'Casus':'ACCUSATIVE','ComparisonDegree':'SUPERLATIVE','DeclensionType':'SECOND_DECLENSION','Genus':'MASCULINE','Numerus':'PLURAL','Pos':'ADJ'},'name':'peritissimos'}]}],'name':'peritus@ADJ'}]">peritissimos</w><c> </c><w lemma="[{'id':4904178,'ls':[{'id':3400,'name':'destino','wfs':[{'id':4904448,'morph':{'ConjugationType':'FIRST_CONJUGATION','Mood':'SUBJUNCTIVE','Numerus':'PLURAL','Person':'PERSON_2','Pos':'V','Tense':'PRESENT','VerbType':'TRANSITIVE','Voice':'ACTIVE'},'name':'destinetis'}]}],'name':'destino@V'}]">destinetis</w><c>,</c><c> </c><lb n="3" xml:id="bsb00000824_00201_3"></lb><w lemma="[{'id':242816363,'ls':[{'id':242816364,'name':'qui','wfs':[{'id':296826592,'morph':{'Casus':'NOMINATIVE','Genus':'MASCULINE','Numerus':'PLURAL','Pos':'PRO','PronounType':'RELATIVE'},'name':'qui'}]}],'name':'qui@PRO'}]">qui</w><c> </c><w lemma="[{'id':174327,'ls':[{'id':174328,'name':'eximie','wfs':[{'id':174331,'morph':{'ComparisonDegree':'POSITIVE','Pos':'ADV'},'name':'eximie'}]}],'name':'eximie@ADV'}]">eximie</w><c> </c><w lemma="[{'id':5102942,'ls':[{'id':3664,'name':'divido','wfs':[{'id':5103438,'morph':{'Casus':'ACCUSATIVE','ConjugationType':'THIRD_CONJUGATION','Genus':'NEUTER','Mood':'PARTICIPLE','Numerus':'PLURAL','Pos':'V','Tense':'PERFECT','VerbType':'TRANSITIVE','Voice':'PASSIVE'},'name':'divisa'}]}],'name':'divido@V'}]">divisa</w><c> </c><w lemma="[{'id':4464104,'ls':[{'id':4464105,'name':'coniungo','wfs':[{'id':4464386,'morph':{'ConjugationType':'THIRD_CONJUGATION','Mood':'SUBJUNCTIVE','Numerus':'PLURAL','Person':'PERSON_3','Pos':'V','Tense':'PRESENT','VerbType':'TRANSITIVE','Voice':'ACTIVE'},'name':'coniungant'}]}],'name':'coniungo@V'}]">coniungant</w><c>,</c><c> </c><w lemma="[{'id':110061,'ls':[{'id':110062,'name':'ut','wfs':[{'id':110063,'morph':{'Pos':'CON'},'name':'ut'}]}],'name':'ut@CON'}]">ut</w><c> </c><w lemma="[{'id':1452545,'ls':[{'id':9167,'name':'venia','wfs':[{'id':1452566,'morph':{'Casus':'DATIVE','DeclensionType':'FIRST_DECLENSION','Genus':'FEMININE','Numerus':'PLURAL','Pos':'NN'},'name':'venis'}]}],'name':'venia@NN'}]">venis</w><c> </c><w lemma="[{'id':4232759,'ls':[{'id':4232760,'name':'colludo','wfs':[{'id':317287,'morph':{'Casus':'DATIVE','ConjugationType':'THIRD_CONJUGATION','Genus':'FEMININE','Mood':'PARTICIPLE','Numerus':'PLURAL','Pos':'V','Tense':'PRESENT','VerbType':'INTRANSITIVE','Voice':'ACTIVE'},'name':'colludentibus'}]}],'name':'colludo@V'}]">colludentibus</w><c> </c><w lemma="[{'id':5669009,'ls':[{'id':5669010,'name':'illigo','wfs':[{'id':5669067,'morph':{'Casus':'NOMINATIVE','ConjugationType':'FIRST_CONJUGATION','Genus':'NEUTER','Mood':'PARTICIPLE','Numerus':'PLURAL','Pos':'V','Tense':'PERFECT','VerbType':'TRANSITIVE','Voice':'PASSIVE'},'name':'illigata'}]}],'name':'illigo@V'}]">illigata</w><c> </c><w lemma="[{'id':2692288,'ls':[{'id':6332,'name':'naturalis','wfs':[{'id':2692310,'morph':{'Casus':'ACCUSATIVE','ComparisonDegree':'POSITIVE','DeclensionType':'THIRD_DECLENSION','Genus':'FEMININE','Numerus':'SINGULAR','Pos':'ADJ'},'name':'naturalem'}]}],'name':'naturalis@ADJ'}]">naturalem</w><c> </c><w lemma="[{'id':1025735,'ls':[{'id':4231,'name':'facies','wfs':[{'id':241433578,'morph':{'Casus':'ACCUSATIVE','DeclensionType':'FIFTH_DECLENSION','Genus':'FEMININE','Numerus':'SINGULAR','Pos':'NN'},'name':'faciem'}]}],'name':'facies@NN'}]">faciem</w><c> </c><lb n="4" xml:id="bsb00000824_00201_4"></lb><w lemma="[{'id':198515,'ls':[{'id':198516,'name':'laudabiliter','wfs':[{'id':198518,'morph':{'ComparisonDegree':'POSITIVE','Pos':'ADV'},'name':'laudabiliter'}]}],'name':'laudabiliter@ADV'}]">laudabiliter</w><c> </c><w lemma="[{'id':6231633,'ls':[{'id':6069,'name':'mentior','wfs':[{'id':6232159,'morph':{'ConjugationType':'FOURTH_CONJUGATION','Mood':'SUBJUNCTIVE','Numerus':'PLURAL','Person':'PERSON_3','Pos':'V','Tense':'PRESENT','VerbType':'DEPONENT','Voice':'PASSIVE'},'name':'mentiantur'}]}],'name':'mentior@V'}]">mentiantur</w><c>.</c><c> </c></s><s><w lemma="[{'id':109545,'ls':[{'id':109546,'name':'de','wfs':[{'id':109547,'morph':{'Pos':'AP'},'name':'de'}]}],'name':'de@AP'}]">de</w><c> </c><w lemma="[{'id':783494,'ls':[{'id':1043,'name':'ars','wfs':[{'id':243259291,'morph':{'Casus':'ABLATIVE','DeclensionType':'THIRD_DECLENSION','Genus':'FEMININE','Numerus':'SINGULAR','Pos':'NN'},'name':'arte'}]}],'name':'ars@NN'}]">arte</w><c> </c><w lemma="[{'id':7964639,'ls':[{'id':9166,'name':'venio','wfs':[{'id':7965398,'morph':{'ConjugationType':'FOURTH_CONJUGATION','Mood':'SUBJUNCTIVE','Numerus':'SINGULAR','Person':'PERSON_3','Pos':'V','Tense':'PRESENT','VerbType':'INTRANSITIVE','Voice':'ACTIVE'},'name':'veniat'}]}],'name':'venio@V'}]">veniat</w><c> </c><w lemma="[{'id':242816363,'ls':[{'id':242816364,'name':'qui','wfs':[{'id':296826590,'morph':{'Casus':'NOMINATIVE','Genus':'NEUTER','Numerus':'SINGULAR','Pos':'PRO','PronounType':'RELATIVE'},'name':'quod'}]}],'name':'qui@PRO'}]">quod</w><c> </c><w lemma="[{'id':8014163,'ls':[{'id':9264,'name':'vinco','wfs':[{'id':8014892,'morph':{'ConjugationType':'THIRD_CONJUGATION','Mood':'SUBJUNCTIVE','Numerus':'SINGULAR','Person':'PERSON_3','Pos':'V','Tense':'PRESENT','VerbType':'TRANSITIVE','Voice':'ACTIVE'},'name':'vincat'}]}],'name':'vinco@V'}]">vincat</w><c> </c><w lemma="[{'id':1185336,'ls':[{'id':6331,'name':'natura','wfs':[{'id':1185345,'morph':{'Casus':'ACCUSATIVE','DeclensionType':'FIRST_DECLENSION','Genus':'FEMININE','Numerus':'SINGULAR','Pos':'NN'},'name':'naturam'}]}],'name':'natura@NN'}]">naturam</w><c>:</c><c> </c><w lemma="[{'id':241922650,'ls':[{'id':779463735,'name':'discoloreus','wfs':[{'id':779463944,'morph':{'Casus':'NOMINATIVE','ComparisonDegree':'POSITIVE','DeclensionType':'SECOND_DECLENSION','Genus':'NEUTER','Numerus':'PLURAL','Pos':'ADJ'},'name':'discolorea'}]}],'name':'discolorius@ADJ'}]">discolorea</w><c> </c><w lemma="[{'id':925436,'ls':[{'id':925437,'name':'crustum','wfs':[{'id':925443,'morph':{'Casus':'NOMINATIVE','DeclensionType':'SECOND_DECLENSION','Genus':'NEUTER','Numerus':'PLURAL','Pos':'NN'},'name':'crusta'}]}],'name':'crustum@NN'}]">crusta</w><c> </c><w lemma="[{'id':1158095,'ls':[{'id':5986,'name':'marmor','wfs':[{'id':1158101,'morph':{'Casus':'GENITIVE','DeclensionType':'THIRD_DECLENSION','Genus':'NEUTER','Numerus':'PLURAL','Pos':'NN'},'name':'marmorum'}]}],'name':'marmor@NN'}]">marmorum</w><c> </c><lb n="5" xml:id="bsb00000824_00201_5"></lb><w lemma="[{'id':2373661,'ls':[{'id':4714,'name':'gratus','wfs':[{'id':2373721,'morph':{'Casus':'ABLATIVE','ComparisonDegree':'SUPERLATIVE','DeclensionType':'FIRST_DECLENSION','Genus':'FEMININE','Numerus':'SINGULAR','Pos':'ADJ'},'name':'gratissima'}]}],'name':'gratus@ADJ'}]">gratissima</w><c> </c><w lemma="[{'id':1253921,'ls':[{'id':7091,'name':'pictura','wfs':[{'id':1253925,'morph':{'Casus':'GENITIVE','DeclensionType':'FIRST_DECLENSION','Genus':'FEMININE','Numerus':'PLURAL','Pos':'NN'},'name':'picturarum'}]}],'name':'pictura@NN'}]">picturarum</w><c> </c><w lemma="[{'id':1448204,'ls':[{'id':9120,'name':'varietas','wfs':[{'id':243493234,'morph':{'Casus':'ABLATIVE','DeclensionType':'THIRD_DECLENSION','Genus':'FEMININE','Numerus':'SINGULAR','Pos':'NN'},'name':'varietate'}]}],'name':'varietas@NN'}]">varietate</w><c> </c><w lemma="[{'id':7792681,'ls':[{'id':8815,'name':'texo','wfs':[{'id':7792991,'morph':{'ConjugationType':'THIRD_CONJUGATION','Mood':'SUBJUNCTIVE','Numerus':'PLURAL','Person':'PERSON_3','Pos':'V','Tense':'PRESENT','VerbType':'TRANSITIVE','Voice':'PASSIVE'},'name':'texantur'}]}],'name':'texo@V'}]">texantur</w><c>,</c><c> </c><w lemma="[{'id':109966,'ls':[{'id':109967,'name':'quia','wfs':[{'id':109968,'morph':{'Pos':'CON'},'name':'quia'}]}],'name':'quia@CON'}]">quia</w><c> </c><w lemma="[{'id':242816114,'ls':[{'id':242816115,'name':'ille','wfs':[{'id':244509871,'morph':{'Casus':'NOMINATIVE','Genus':'NEUTER','Numerus':'SINGULAR','Pos':'PRO','PronounType':'DEMONSTRATIVE'},'name':'illud'}]}],'name':'ille@PRO'}]">illud</w><c> </c><w lemma="[{'id':7617143,'ls':[{'id':7617144,'name':'sum','wfs':[{'id':242825881,'morph':{'Mood':'INDICATIVE','Numerus':'SINGULAR','Person':'PERSON_3','Pos':'V','Tense':'PRESENT','VerbType':'VERBA_ANOMALA','Voice':'ACTIVE'},'name':'est'}]}],'name':'sum@V'}]">est</w><c> </c><w lemma="[{'id':234266,'ls':[{'id':8236,'name':'semper','wfs':[{'id':241336670,'morph':{'Pos':'ADV'},'name':'semper'}]}],'name':'semper@ADV'}]">semper</w><c> </c><w lemma="[{'id':109577,'ls':[{'id':109578,'name':'in','wfs':[{'id':109579,'morph':{'Pos':'AP'},'name':'in'}]}],'name':'in@AP'}]">in</w><c> </c><w lemma="[{'id':1278291,'ls':[{'id':7384,'name':'pretium','wfs':[{'id':243431373,'morph':{'Casus':'ACCUSATIVE','DeclensionType':'SECOND_DECLENSION','Genus':'NEUTER','Numerus':'SINGULAR','Pos':'NN'},'name':'pretium'}]}],'name':'pretium@NN'}]">pretium</w><c>,</c><c> </c><w lemma="[{'id':242816363,'ls':[{'id':242816364,'name':'qui','wfs':[{'id':296826590,'morph':{'Casus':'NOMINATIVE','Genus':'NEUTER','Numerus':'SINGULAR','Pos':'PRO','PronounType':'RELATIVE'},'name':'quod'}]}],'name':'qui@PRO'}]">quod</w><c> </c><w lemma="[{'id':109453,'ls':[{'id':109454,'name':'ad','wfs':[{'id':109455,'morph':{'Pos':'AP'},'name':'ad'}]}],'name':'ad@AP'}]">ad</w><c> </c><lb n="6" xml:id="bsb00000824_00201_6"></lb><w lemma="[{'id':939673,'ls':[{'id':939674,'name':'decor','wfs':[{'id':243313422,'morph':{'Casus':'ACCUSATIVE','DeclensionType':'THIRD_DECLENSION','Genus':'MASCULINE','Numerus':'SINGULAR','Pos':'NN'},'name':'decorem'}]}],'name':'decor@NN'}]">decorem</w><c> </c><w lemma="[{'id':7617143,'ls':[{'id':7617144,'name':'sum','wfs':[{'id':242825884,'morph':{'Mood':'SUBJUNCTIVE','Numerus':'SINGULAR','Person':'PERSON_3','Pos':'V','Tense':'PERFECT','VerbType':'VERBA_ANOMALA','Voice':'ACTIVE'},'name':'fuerit'}]}],'name':'sum@V'}]">fuerit</w><c> </c><w lemma="[{'id':242011918,'ls':[{'id':242012031,'name':'exquisitus','wfs':[{'id':243937577,'morph':{'Casus':'ACCUSATIVE','ComparisonDegree':'POSITIVE','DeclensionType':'SECOND_DECLENSION','Genus':'MASCULINE','Numerus':'SINGULAR','Pos':'ADJ'},'name':'exquisitum'}]}],'name':'exquisitus@ADJ'}]">exquisitum</w><c>.</c><c> </c></s><s><w lemma="[{'id':242815996,'ls':[{'id':242815997,'name':'hic','wfs':[{'id':244509655,'morph':{'Casus':'DATIVE','Genus':'MASCULINE','Numerus':'PLURAL','Pos':'PRO','PronounType':'DEMONSTRATIVE'},'name':'his'}]}],'name':'hic@PRO'}]">His</w><c> </c><w lemma="[{'id':1397057,'ls':[{'id':8655,'name':'sumptus','wfs':[{'id':241485577,'morph':{'Casus':'ACCUSATIVE','DeclensionType':'FOURTH_DECLENSION','Genus':'MASCULINE','Numerus':'PLURAL','Pos':'NN'},'name':'sumptus'}]}],'name':'sumptus@NN'}]">sumptus</w><c> </c><w lemma="[{'id':1389913,'ls':[{'id':1389917,'name':'subvectio','wfs':[{'id':779432653,'morph':{'Casus':'ACCUSATIVE','DeclensionType':'THIRD_DECLENSION','Genus':'FEMININE','Numerus':'PLURAL','Pos':'NN'},'name':'subvectionesque'}]}],'name':'subvectio@NN'}]">subvectionesque</w><c> </c><w lemma="[{'id':6846113,'ls':[{'id':7340,'name':'praesto','wfs':[{'id':6846437,'morph':{'ConjugationType':'FIRST_CONJUGATION','Mood':'INDICATIVE','Numerus':'SINGULAR','Person':'PERSON_2','Pos':'V','Tense':'FUTURE','VerbType':'TRANSITIVE','Voice':'ACTIVE'},'name':'praestabis'}]}],'name':'praesto@V'}]">praestabis</w><c>:</c><c> </c><w lemma="[{'id':109868,'ls':[{'id':109869,'name':'ne','wfs':[{'id':109870,'morph':{'Pos':'CON'},'name':'ne'}]}],'name':'ne@CON'}]">ne</w><c> </c><w lemma="[{'id':242816645,'ls':[{'id':242816646,'name':'quisquam','wfs':[{'id':244511470,'morph':{'Casus':'ACCUSATIVE','Genus':'MASCULINE','Numerus':'SINGULAR','Pos':'PRO','PronounType':'INDEFINITE'},'name':'quemquam'}]}],'name':'quisquam@PRO'}]">quemquam</w><c> </c><lb n="7" xml:id="bsb00000824_00201_7"></lb><w lemma="[{'id':244510439,'ls':[{'id':244510440,'name':'noster','wfs':[{'id':457578024,'morph':{'Casus':'GENITIVE','DeclensionType':'SECOND_DECLENSION','Genus':'MASCULINE','Numerus':'PLURAL','Pos':'PRO','PronounType':'POSSESSIVE'},'name':'nostrum'}]}],'name':'noster@PRO'}]">nostrum</w><c> </c><w lemma="[{'id':5609409,'ls':[{'id':4722,'name':'gravo','wfs':[{'id':5610901,'morph':{'ConjugationType':'FIRST_CONJUGATION','Mood':'SUBJUNCTIVE','Numerus':'SINGULAR','Person':'PERSON_3','Pos':'V','Tense':'PRESENT','VerbType':'TRANSITIVE','Voice':'ACTIVE'},'name':'gravet'}]}],'name':'gravo@V'}]">gravet</w><c> </c><w lemma="[{'id':1082821,'ls':[{'id':4985,'name':'imperium','wfs':[{'id':1082822,'morph':{'Casus':'NOMINATIVE','DeclensionType':'SECOND_DECLENSION','Genus':'NEUTER','Numerus':'SINGULAR','Pos':'NN'},'name':'imperium'}]}],'name':'imperium@NN'}]">imperium</w><c>,</c><c> </c><w lemma="[{'id':242816363,'ls':[{'id':242816364,'name':'qui','wfs':[{'id':245004334,'morph':{'Casus':'ACCUSATIVE','Genus':'NEUTER','Numerus':'SINGULAR','Pos':'PRO','PronounType':'RELATIVE'},'name':'quod'}]}],'name':'qui@PRO'}]">quod</w><c> </c><w lemma="[{'id':109453,'ls':[{'id':109454,'name':'ad','wfs':[{'id':109455,'morph':{'Pos':'AP'},'name':'ad'}]}],'name':'ad@AP'}]">ad</w><c> </c><w lemma="[{'id':1443775,'ls':[{'id':9082,'name':'utilitas','wfs':[{'id':243491567,'morph':{'Casus':'ACCUSATIVE','DeclensionType':'THIRD_DECLENSION','Genus':'FEMININE','Numerus':'SINGULAR','Pos':'NN'},'name':'utilitatem'}]}],'name':'utilitas@NN'}]">utilitatem</w><c> </c><w lemma="[{'id':8038609,'ls':[{'id':9327,'name':'volo','wfs':[{'id':243116354,'morph':{'Mood':'INDICATIVE','Numerus':'PLURAL','Person':'PERSON_1','Pos':'V','Tense':'PRESENT','VerbType':'VERBA_ANOMALA','Voice':'ACTIVE'},'name':'volumus'}]}],'name':'volo@V'}]">volumus</w><c> </c><w lemma="[{'id':7203647,'ls':[{'id':7926,'name':'respicio','wfs':[{'id':7203732,'morph':{'ConjugationType':'THIRD_CONJUGATION','Mood':'INFINITIVE','Pos':'V','Tense':'PRESENT','VerbType':'TRANSITIVE','Voice':'ACTIVE'},'name':'respicere'}]}],'name':'respicio@V'}]">respicere</w><c> </c><w lemma="[{'id':261258,'ls':[{'id':261259,'name':'singuli','wfs':[{'id':261270,'morph':{'Casus':'GENITIVE','Genus':'MASCULINE','Numerus':'PLURAL','Pos':'DIST'},'name':'singulorum'}]}],'name':'singuli@DIST'}]">singulorum</w><c>.</c></s></p></div></body></text></TEI>