<?xml version="1.0" ?><TEI xmlns="http://www.tei-c.org/ns/1.0"><teiHeader><fileDesc><titleStmt><title>MGH Auct. ant. 12: Cassiodori Senatoris Variae</title><editor>Mommsen, Theodor</editor></titleStmt><publicationStmt><publisher>Monumenta Germaniae Historica (MGH)</publisher><publisher>Bavarian State Library (BSB), München</publisher><idno type="BSB">bsb00000824</idno><idno type="MGH"><idno type="Annotation_created_by">sysop</idno><idno type="Annotation_created_on">Wed Oct 18 18:57:48 CEST 2017</idno><idno type="Annotation_last_changed_by">geelhaar</idno><idno type="Annotation_last_changed_on">Thu Aug 20 10:43:40 CEST 2020</idno><idno type="Author_(German)">Cassiodor (Flavius Magnus Aurelius Cassiodorus Senator)</idno><idno type="Author_(Latin)">Cassiodorus Vivariensis</idno><idno type="BSB">bsb00000824</idno><idno type="Bibliographical_Link">http://stabikat.de/DB=1/XMLPRS=N/PPN?PPN=235118842</idno><idno type="C_Stat">06</idno><idno type="C1">06</idno><idno type="C2">05</idno><idno type="Column">061</idno><idno type="Commentary">dated according to the edition (TG)</idno><idno type="Concordance_View">true</idno><idno type="Digital_Edition_Statement">Text retrieved from the critical edition and prepared by the BMBF funded project "Humanist Computer Interaction under Scrutiny"(https://humanist.hs-mainz.de/en/). The Latin Text Archive (LTA) version has been created at Goethe University Frankfurt by the CompHistSem-Work Group (hudesktop.hucompute.org).</idno><idno type="Edition">MGH Auctores antiquissimi 12</idno><idno type="LTA_Export">true</idno><idno type="Licence_Info">CC BY 4.0</idno><idno type="Multiple_Lemmata_under_a_unique_Super_lemma">0.00%</idno><idno type="Multiple_Super_lemmata">0.00%</idno><idno type="Multiple_Wordforms_under_a_unique_Lemma">0.00%</idno><idno type="Multiple_Wordforms._Tagger_based_result._Multiple_Lemmata_possible">0.00%</idno><idno type="Multiple_Wordforms._Tagger_based_result._Multiple_Super_Lemmata_possible">0.00%</idno><idno type="Not_yet_linked_or_unknown_Wordform">0.00%</idno><idno type="Page">061</idno><idno type="Provided_by">Monumenta Germaniae Historica</idno><idno type="RepFontMA">not available</idno><idno type="Status">a</idno><idno type="Text_Type">Letter</idno><idno type="Text_Type_Class">Letters</idno><idno type="Time">507/511</idno><idno type="Title">Variae 02.26 - Fausto praefecto praetorio Theodericus rex</idno><idno type="Type_of_Corpus">Corpus of Letters</idno><idno type="URL">http://www.mgh.de/dmgh/resolving/MGH_Auct._ant._12_S._61</idno><idno type="Unique_Wordform">100,00%</idno><idno type="Unique_Wordform._Tagger_based_result._Multiple_Lemmata_possible">0.00%</idno><idno type="Unique_Wordform._Tagger_based_result._Multiple_Super_lemmata_possible">0.00%</idno><idno type="VIAF_(Expression)">182693798</idno><idno type="VIAF_(Expression)_Link">http://viaf.org/viaf/182693798</idno><idno type="VIAF_(Person)">95230707</idno><idno type="VIAF_(Person)_Link">http://viaf.org/viaf/95230707</idno><idno type="Volume">Auct. ant. 12</idno><idno type="Year_of_Publication_(interpreted)">0511</idno>MGH Auct. ant. 12</idno><availability><licence target="http://creativecommons.org/licenses/by/4.0/"><p>Distributed under the Creative Commons Attribution 4.0 International (CC BY 4.0) license.</p><p>This license covers the annotations added by the Monumenta Germaniae Historica and the
            Bavarian State Library, Munich, in the course of project "digital MGH"
            <ref target="http://www.dmgh.de">http://www.dmgh.de</ref>, funded by the
            German Research Foundation (DFG).</p><p>We do not claim any rights on the text itself which is believed to be in the public domain.</p><p>If you distribute a copy or a derivative version of this file, please indicate the source
            of the file by mentioning the Monumenta Germaniae Historica (MGH) and the
            Bavarian State Library, Munich (BSB).</p></licence></availability><date when="2016-11-28T16:32:43+01:00">2016-11-28, 16:32:43</date></publicationStmt><sourceDesc><biblFull><titleStmt><title>Cassiodori Senatoris Variae</title><editor>Mommsen, Theodor</editor></titleStmt><publicationStmt><publisher>Weidmann</publisher><pubPlace>Berlin</pubPlace><date>1894</date></publicationStmt><seriesStmt><title>Auctores antiquissimi</title><biblScope unit="volume">12</biblScope></seriesStmt></biblFull></sourceDesc></fileDesc></teiHeader><text><body><div><pb n="61" xml:id="bsb00000824_00245"></pb><lb n="1" xml:id="bsb00000824_00245_1"></lb><head n="3"><s><w lemma="[{'id':241346594,'ls':[{'id':241346595,'name':'NUMERAL','wfs':[{'id':498534587,'morph':{'Pos':'NUM'},'name':'xxvi'}]}],'name':'NUMERAL@NUM'}]">XXVI</w><c>.</c><c> </c><lb n="2" xml:id="bsb00000824_00245_2"></lb><w lemma="[{'id':403371,'ls':[{'id':403372,'name':'Faustus','wfs':[{'id':627439,'morph':{'Casus':'DATIVE','DeclensionType':'SECOND_DECLENSION','Genus':'MASCULINE','Numerus':'SINGULAR','Pos':'NP'},'name':'Fausto'}]}],'name':'Faustus@NP'}]">FAUSTO</w><c> </c><w lemma="[{'id':1269621,'ls':[{'id':7302,'name':'praefectus','wfs':[{'id':779486769,'morph':{'Casus':'DATIVE','DeclensionType':'SECOND_DECLENSION','Genus':'MASCULINE','Numerus':'SINGULAR','Pos':'NN'},'name':'PPO'}]}],'name':'praefectus@NN'}]">PPO</w><c> </c><w lemma="[{'id':624521,'ls':[{'id':624522,'name':'Theodericus','wfs':[{'id':243244190,'morph':{'Casus':'NOMINATIVE','DeclensionType':'SECOND_DECLENSION','Genus':'MASCULINE','Numerus':'SINGULAR','Pos':'NP'},'name':'Theodericus'}]}],'name':'Theodericus@NP'}]">THEODERICUS</w><c> </c><w lemma="[{'id':1329481,'ls':[{'id':7965,'name':'rex','wfs':[{'id':1329499,'morph':{'Casus':'NOMINATIVE','DeclensionType':'THIRD_DECLENSION','Genus':'MASCULINE','Numerus':'SINGULAR','Pos':'NN'},'name':'rex'}]}],'name':'rex@NN'}]">REX</w><c>.</c></s></head><note><s><hi rend="ITALICS"><w lemma="[{'id':759853,'ls':[{'id':807,'name':'annus','wfs':[{'id':382849904,'morph':{'Casus':'ABLATIVE','DeclensionType':'SECOND_DECLENSION','Genus':'MASCULINE','Numerus':'SINGULAR','Pos':'NN'},'name':'a'}]}],'name':'annus@NN'}]">a</w><c> </c><w lemma="[{'id':241346594,'ls':[{'id':241346595,'name':'NUMERAL','wfs':[{'id':241346596,'morph':{'Pos':'NUM'},'name':'NUMERAL'}]}],'name':'NUMERAL@NUM'}]">507</w><c>/</c><w lemma="[{'id':241346594,'ls':[{'id':241346595,'name':'NUMERAL','wfs':[{'id':241346596,'morph':{'Pos':'NUM'},'name':'NUMERAL'}]}],'name':'NUMERAL@NUM'}]">511</w></hi></s></note><lb n="3" xml:id="bsb00000824_00245_3"></lb><p><s><w lemma="[{'id':2709764,'ls':[{'id':2709765,'name':'nullus','wfs':[{'id':2709811,'morph':{'Casus':'ABLATIVE','ComparisonDegree':'POSITIVE','DeclensionType':'SECOND_DECLENSION','Genus':'NEUTER','Numerus':'PLURAL','Pos':'ADJ'},'name':'nullis'}]}],'name':'nullus@ADJ'}]">Nullis</w><c> </c><w lemma="[{'id':883680,'ls':[{'id':2212,'name':'compendium','wfs':[{'id':243292901,'morph':{'Casus':'ABLATIVE','DeclensionType':'SECOND_DECLENSION','Genus':'NEUTER','Numerus':'PLURAL','Pos':'NN'},'name':'compendiis'}]}],'name':'compendium@NN'}]">compendiis</w><c> </c><w lemma="[{'id':4793813,'ls':[{'id':3176,'name':'delecto','wfs':[{'id':4793928,'morph':{'ConjugationType':'FIRST_CONJUGATION','Mood':'INDICATIVE','Numerus':'PLURAL','Person':'PERSON_1','Pos':'V','Tense':'PRESENT','VerbType':'TRANSITIVE','Voice':'PASSIVE'},'name':'delectamur'}]}],'name':'delecto@V'}]">delectamur</w><c> </c><w lemma="[{'id':2509151,'ls':[{'id':2509152,'name':'iniustus','wfs':[{'id':2509199,'morph':{'Casus':'ABLATIVE','ComparisonDegree':'POSITIVE','DeclensionType':'SECOND_DECLENSION','Genus':'NEUTER','Numerus':'PLURAL','Pos':'ADJ'},'name':'iniustis'}]}],'name':'iniustus@ADJ'}]">iniustis</w><c> </c><w lemma="[{'id':109871,'ls':[{'id':109872,'name':'nec','wfs':[{'id':109873,'morph':{'Pos':'CON'},'name':'nec'}]}],'name':'nec@CON'}]">nec</w><c> </c><w lemma="[{'id':109453,'ls':[{'id':109454,'name':'ad','wfs':[{'id':109455,'morph':{'Pos':'AP'},'name':'ad'}]}],'name':'ad@AP'}]">ad</w><c> </c><w lemma="[{'id':758332,'ls':[{'id':792,'name':'animus','wfs':[{'id':758341,'morph':{'Casus':'ACCUSATIVE','DeclensionType':'SECOND_DECLENSION','Genus':'MASCULINE','Numerus':'SINGULAR','Pos':'NN'},'name':'animum'}]}],'name':'animus@NN'}]">animum</w><c> </c><w lemma="[{'id':244510439,'ls':[{'id':244510440,'name':'noster','wfs':[{'id':245551334,'morph':{'Casus':'GENITIVE','DeclensionType':'FIRST_DECLENSION','Genus':'FEMININE','Numerus':'SINGULAR','Pos':'PRO','PronounType':'POSSESSIVE'},'name':'nostrae'}]}],'name':'noster@PRO'}]">nostrae</w><c> </c><w lemma="[{'id':1254025,'ls':[{'id':7092,'name':'pietas','wfs':[{'id':1254037,'morph':{'Casus':'GENITIVE','DeclensionType':'THIRD_DECLENSION','Genus':'FEMININE','Numerus':'SINGULAR','Pos':'NN'},'name':'pietatis'}]}],'name':'pietas@NN'}]">pietatis</w><c> </c><w lemma="[{'id':6683384,'ls':[{'id':7038,'name':'pervenio','wfs':[{'id':6684059,'morph':{'ConjugationType':'FOURTH_CONJUGATION','Mood':'INDICATIVE','Numerus':'PLURAL','Person':'PERSON_3','Pos':'V','Tense':'PRESENT','VerbType':'TRANSITIVE','Voice':'ACTIVE'},'name':'perveniunt'}]}],'name':'pervenio@V'}]">perveniunt</w><c> </c><lb n="4" xml:id="bsb00000824_00245_4"></lb><w lemma="[{'id':242816363,'ls':[{'id':242816364,'name':'qui','wfs':[{'id':244511026,'morph':{'Casus':'NOMINATIVE','Genus':'NEUTER','Numerus':'PLURAL','Pos':'PRO','PronounType':'RELATIVE'},'name':'quae'}]}],'name':'qui@PRO'}]">quae</w><c> </c><w lemma="[{'id':1279667,'ls':[{'id':7406,'name':'probitas','wfs':[{'id':1279679,'morph':{'Casus':'GENITIVE','DeclensionType':'THIRD_DECLENSION','Genus':'FEMININE','Numerus':'SINGULAR','Pos':'NN'},'name':'probitatis'}]}],'name':'probitas@NN'}]">probitatis</w><c> </c><w lemma="[{'id':241279535,'ls':[{'id':241279536,'name':'gratia','wfs':[{'id':241279537,'morph':{'Pos':'AP'},'name':'gratia'}]}],'name':'gratia@AP'}]">gratia</w><c> </c><w lemma="[{'id':4887711,'ls':[{'id':3356,'name':'desero','wfs':[{'id':4888180,'morph':{'ConjugationType':'THIRD_CONJUGATION','Mood':'INDICATIVE','Numerus':'PLURAL','Person':'PERSON_3','Pos':'V','Tense':'PRESENT','VerbType':'TRANSITIVE','Voice':'PASSIVE'},'name':'deseruntur'}]}],'name':'desero@V'}]">deseruntur</w><c>.</c><c> </c></s><s><w lemma="[{'id':1322669,'ls':[{'id':964024,'name':'res','wfs':[{'id':964026,'morph':{'Casus':'NOMINATIVE','DeclensionType':'FIFTH_DECLENSION','Genus':'FEMININE','Numerus':'SINGULAR','Pos':'NN'},'name':'res'}]}],'name':'res@NN'}]">res</w><c> </c><w lemma="[{'id':2914003,'ls':[{'id':7599,'name':'publicus','wfs':[{'id':2914075,'morph':{'Casus':'NOMINATIVE','ComparisonDegree':'POSITIVE','DeclensionType':'FIRST_DECLENSION','Genus':'FEMININE','Numerus':'SINGULAR','Pos':'ADJ'},'name':'publica'}]}],'name':'publicus@ADJ'}]">publica</w><c> </c><w lemma="[{'id':241337430,'ls':[{'id':241337431,'name':'siquidem','wfs':[{'id':241337434,'morph':{'ComparisonDegree':'POSITIVE','Pos':'ADV'},'name':'siquidem'}]}],'name':'siquidem@ADV'}]">siquidem</w><c> </c><w lemma="[{'id':1122928,'ls':[{'id':1122941,'name':'ius','wfs':[{'id':498538193,'morph':{'Casus':'ABLATIVE','DeclensionType':'THIRD_DECLENSION','Genus':'NEUTER','Numerus':'SINGULAR','Pos':'NN'},'name':'iure'}]}],'name':'ius@NN'}]">iure</w><c> </c><w lemma="[{'id':234266,'ls':[{'id':8236,'name':'semper','wfs':[{'id':241336670,'morph':{'Pos':'ADV'},'name':'semper'}]}],'name':'semper@ADV'}]">semper</w><c> </c><w lemma="[{'id':729556,'ls':[{'id':516,'name':'aequitas','wfs':[{'id':729572,'morph':{'Casus':'GENITIVE','DeclensionType':'THIRD_DECLENSION','Genus':'FEMININE','Numerus':'SINGULAR','Pos':'NN'},'name':'aequitatis'}]}],'name':'aequitas@NN'}]">aequitatis</w><c> </c><w lemma="[{'id':3856155,'ls':[{'id':1202,'name':'augeo','wfs':[{'id':3856471,'morph':{'ConjugationType':'SECOND_CONJUGATION','Mood':'INDICATIVE','Numerus':'SINGULAR','Person':'PERSON_3','Pos':'V','Tense':'PRESENT','VerbType':'TRANSITIVE','Voice':'PASSIVE'},'name':'augetur'}]}],'name':'augeo@V'}]">augetur</w><c>,</c><c> </c><lb n="5" xml:id="bsb00000824_00245_5"></lb><w lemma="[{'id':109828,'ls':[{'id':109829,'name':'et','wfs':[{'id':109830,'morph':{'Pos':'CON'},'name':'et'}]}],'name':'et@CON'}]">et</w><c> </c><w lemma="[{'id':241279615,'ls':[{'id':241279619,'name':'cum','wfs':[{'id':241279620,'morph':{'Pos':'CON'},'name':'cum'}]}],'name':'cum@CON'}]">cum</w><c> </c><w lemma="[{'id':1412459,'ls':[{'id':8764,'name':'temperantia','wfs':[{'id':1412473,'morph':{'Casus':'NOMINATIVE','DeclensionType':'FIRST_DECLENSION','Genus':'FEMININE','Numerus':'SINGULAR','Pos':'NN'},'name':'temperantia'}]}],'name':'temperantia@NN'}]">temperantia</w><c> </c><w lemma="[{'id':4995044,'ls':[{'id':244530690,'name':'diligo','wfs':[{'id':4995722,'morph':{'ConjugationType':'THIRD_CONJUGATION','Mood':'INDICATIVE','Numerus':'SINGULAR','Person':'PERSON_3','Pos':'V','Tense':'PRESENT','VerbType':'TRANSITIVE','Voice':'PASSIVE'},'name':'diligitur'}]}],'name':'diligo@V'}]">diligitur</w><c>,</c><c> </c><w lemma="[{'id':251917,'ls':[{'id':9151,'name':'velociter','wfs':[{'id':251924,'morph':{'ComparisonDegree':'POSITIVE','Pos':'ADV'},'name':'velociter'}]}],'name':'velociter@ADV'}]">velociter</w><c> </c><w lemma="[{'id':6964535,'ls':[{'id':6964536,'name':'prosum','wfs':[{'id':499019734,'morph':{'Casus':'NOMINATIVE','Genus':'NEUTER','Mood':'PARTICIPLE','Numerus':'PLURAL','Pos':'V','Tense':'FUTURE','VerbType':'VERBA_ANOMALA','Voice':'ACTIVE'},'name':'profutura'}]}],'name':'prosum@V'}]">profutura</w><c> </c><w lemma="[{'id':7568522,'ls':[{'id':8609,'name':'succedo','wfs':[{'id':7568799,'morph':{'ConjugationType':'THIRD_CONJUGATION','Mood':'INDICATIVE','Numerus':'PLURAL','Person':'PERSON_3','Pos':'V','Tense':'PRESENT','VerbType':'TRANSITIVE','Voice':'ACTIVE'},'name':'succedunt'}]}],'name':'succedo@V'}]">succedunt</w><c>.</c><c> </c></s><s><w lemma="[{'id':109772,'ls':[{'id':109773,'name':'atque','wfs':[{'id':109774,'morph':{'Pos':'CON'},'name':'atque'}]}],'name':'atque@CON'}]">Atque</w><c> </c><w lemma="[{'id':183546,'ls':[{'id':183547,'name':'ideo','wfs':[{'id':183548,'morph':{'ComparisonDegree':'POSITIVE','Pos':'ADV'},'name':'ideo'}]}],'name':'ideo@ADV'}]">ideo</w><c> </c><w lemma="[{'id':2413908,'ls':[{'id':4928,'name':'illustris','wfs':[{'id':2413990,'morph':{'Casus':'ACCUSATIVE','ComparisonDegree':'POSITIVE','DeclensionType':'THIRD_DECLENSION','Genus':'FEMININE','Numerus':'SINGULAR','Pos':'ADJ'},'name':'illustrem'}]}],'name':'illustris@ADJ'}]">illustrem</w><c> </c><lb n="6" xml:id="bsb00000824_00245_6"></lb><w lemma="[{'id':1152448,'ls':[{'id':5918,'name':'magnificentia','wfs':[{'id':1152455,'morph':{'Casus':'ACCUSATIVE','DeclensionType':'FIRST_DECLENSION','Genus':'FEMININE','Numerus':'SINGULAR','Pos':'NN'},'name':'magnificentiam'}]}],'name':'magnificentia@NN'}]">magnificentiam</w><c> </c><w lemma="[{'id':244512131,'ls':[{'id':244512132,'name':'tuus','wfs':[{'id':244512133,'morph':{'Casus':'ACCUSATIVE','DeclensionType':'FIRST_DECLENSION','Genus':'FEMININE','Numerus':'SINGULAR','Pos':'PRO','PronounType':'POSSESSIVE'},'name':'tuam'}]}],'name':'tuus@PRO'}]">tuam</w><c>,</c><c> </c><w lemma="[{'id':1188569,'ls':[{'id':1188570,'name':'negotiator','wfs':[{'id':1188576,'morph':{'Casus':'GENITIVE','DeclensionType':'THIRD_DECLENSION','Genus':'MASCULINE','Numerus':'PLURAL','Pos':'NN'},'name':'negotiatorum'}]}],'name':'negotiator@NN'}]">negotiatorum</w><c> </c><w lemma="[{'id':299995,'ls':[{'id':300032,'name':'Apulia','wfs':[{'id':300045,'morph':{'Casus':'GENITIVE','DeclensionType':'FIRST_DECLENSION','Genus':'FEMININE','Numerus':'SINGULAR','Pos':'NE'},'name':'Apuliae'}]}],'name':'Apulia@NE'}]">Apuliae</w><c> </c><w lemma="[{'id':110038,'ls':[{'id':110039,'name':'sive','wfs':[{'id':110041,'morph':{'Pos':'CON'},'name':'sive'}]}],'name':'sive@CON'}]">sive</w><c> </c><w lemma="[{'id':340641,'ls':[{'id':340642,'name':'Calabria','wfs':[{'id':241358374,'morph':{'Casus':'GENITIVE','DeclensionType':'FIRST_DECLENSION','Genus':'FEMININE','Numerus':'SINGULAR','Pos':'NE'},'name':'Calabriae'}]}],'name':'Calabria@NE'}]">Calabriae</w><c> </c><w lemma="[{'id':1402512,'ls':[{'id':8674,'name':'supplicatio','wfs':[{'id':243477260,'morph':{'Casus':'ABLATIVE','DeclensionType':'THIRD_DECLENSION','Genus':'FEMININE','Numerus':'SINGULAR','Pos':'NN'},'name':'supplicatione'}]}],'name':'supplicatio@NN'}]">supplicatione</w><c> </c><w lemma="[{'id':6625818,'ls':[{'id':6625819,'name':'permoueo','wfs':[{'id':6625870,'morph':{'Casus':'NOMINATIVE','ConjugationType':'SECOND_CONJUGATION','Genus':'MASCULINE','Mood':'PARTICIPLE','Numerus':'PLURAL','Pos':'V','Tense':'PERFECT','VerbType':'TRANSITIVE','Voice':'PASSIVE'},'name':'permoti'}]}],'name':'permoveo@V'}]">permoti</w><c>,</c><c> </c><w lemma="[{'id':5118777,'ls':[{'id':3728,'name':'duco','wfs':[{'id':5118897,'morph':{'ConjugationType':'THIRD_CONJUGATION','Mood':'INDICATIVE','Numerus':'PLURAL','Person':'PERSON_1','Pos':'V','Tense':'PERFECT','VerbType':'TRANSITIVE','Voice':'ACTIVE'},'name':'duximus'}]}],'name':'duco@V'}]">duximus</w><c> </c><lb n="7" xml:id="bsb00000824_00245_7"></lb><w lemma="[{'id':5925227,'ls':[{'id':5356,'name':'instruo','wfs':[{'id':497571555,'morph':{'Casus':'ACCUSATIVE','ComparisonDegree':'POSITIVE','DeclensionType':'FIRST_DECLENSION','Genus':'FEMININE','Mood':'GERUNDIVE','Numerus':'SINGULAR','Pos':'V'},'name':'instruendam'}]}],'name':'instruo@V'}]">instruendam</w><c>,</c><c> </c><w lemma="[{'id':110061,'ls':[{'id':110062,'name':'ut','wfs':[{'id':110063,'morph':{'Pos':'CON'},'name':'ut'}]}],'name':'ut@CON'}]">ut</w><c> </c><w lemma="[{'id':1042788,'ls':[{'id':4534,'name':'frumentum','wfs':[{'id':1042794,'morph':{'Casus':'NOMINATIVE','DeclensionType':'SECOND_DECLENSION','Genus':'NEUTER','Numerus':'PLURAL','Pos':'NN'},'name':'frumenta'}]}],'name':'frumentum@NN'}]">frumenta</w><c>,</c><c> </c><w lemma="[{'id':242816363,'ls':[{'id':242816364,'name':'qui','wfs':[{'id':244511026,'morph':{'Casus':'NOMINATIVE','Genus':'NEUTER','Numerus':'PLURAL','Pos':'PRO','PronounType':'RELATIVE'},'name':'quae'}]}],'name':'qui@PRO'}]">quae</w><c> </c><w lemma="[{'id':109610,'ls':[{'id':109611,'name':'per','wfs':[{'id':109612,'morph':{'Pos':'AP'},'name':'per'}]}],'name':'per@AP'}]">per</w><c> </c><w lemma="[{'id':244436,'ls':[{'id':8682,'name':'supra','wfs':[{'id':244437,'morph':{'ComparisonDegree':'POSITIVE','Pos':'ADV'},'name':'supra'}]}],'name':'supra@ADV'}]">supra</w><c> </c><w lemma="[{'id':4961932,'ls':[{'id':244530688,'name':'dico','wfs':[{'id':4962024,'morph':{'Casus':'ACCUSATIVE','ConjugationType':'THIRD_CONJUGATION','Genus':'MASCULINE','Mood':'PARTICIPLE','Numerus':'PLURAL','Pos':'V','Tense':'PERFECT','VerbType':'TRANSITIVE','Voice':'PASSIVE'},'name':'dictos'}]}],'name':'dico@V'}]">dictos</w><c> </c><w lemma="[{'id':1188569,'ls':[{'id':1188570,'name':'negotiator','wfs':[{'id':1188571,'morph':{'Casus':'ACCUSATIVE','DeclensionType':'THIRD_DECLENSION','Genus':'MASCULINE','Numerus':'PLURAL','Pos':'NN'},'name':'negotiatores'}]}],'name':'negotiator@NN'}]">negotiatores</w><c> </c><w lemma="[{'id':224027,'ls':[{'id':224033,'name':'publico','wfs':[{'id':224034,'morph':{'ComparisonDegree':'POSITIVE','Pos':'ADV'},'name':'publico'}]}],'name':'publice@ADV'}]">publico</w><c> </c><w lemma="[{'id':4310551,'ls':[{'id':2201,'name':'comparo','wfs':[{'id':4310852,'morph':{'ConjugationType':'FIRST_CONJUGATION','Mood':'INDICATIVE','Numerus':'PLURAL','Person':'PERSON_3','Pos':'V','Tense':'PRESENT','VerbType':'TRANSITIVE','Voice':'PASSIVE'},'name':'comparantur'}]}],'name':'comparo@V'}]">comparantur</w><c>,</c><c> </c><w lemma="[{'id':206035,'ls':[{'id':6416,'name':'non','wfs':[{'id':241322627,'morph':{'Pos':'ADV'},'name':'non'}]}],'name':'non@ADV'}]">non</w><c> </c><lb n="8" xml:id="bsb00000824_00245_8"></lb><w lemma="[{'id':196556,'ls':[{'id':5551,'name':'iterum','wfs':[{'id':196557,'morph':{'ComparisonDegree':'POSITIVE','Pos':'ADV'},'name':'iterum'}]}],'name':'iterum@ADV'}]">iterum</w><c> </c><w lemma="[{'id':109436,'ls':[{'id':109437,'name':'ab','wfs':[{'id':109438,'morph':{'Pos':'AP'},'name':'ab'}]}],'name':'ab@AP'}]">ab</w><c> </c><w lemma="[{'id':242816067,'ls':[{'id':242816068,'name':'idem','wfs':[{'id':297497083,'morph':{'Casus':'ABLATIVE','Genus':'MASCULINE','Numerus':'PLURAL','Pos':'PRO','PronounType':'DEMONSTRATIVE'},'name':'eisdem'}]}],'name':'idem@PRO'}]">eisdem</w><c> </c><w lemma="[{'id':1109031,'ls':[{'id':1109032,'name':'interpretium','wfs':[{'id':1109033,'morph':{'Casus':'GENITIVE','DeclensionType':'SECOND_DECLENSION','Genus':'NEUTER','Numerus':'SINGULAR','Pos':'NN'},'name':'interpretii'}]}],'name':'interpretium@NN'}]">interpretii</w><c> </c><w lemma="[{'id':1191767,'ls':[{'id':6409,'name':'nomen','wfs':[{'id':243402774,'morph':{'Casus':'ABLATIVE','DeclensionType':'THIRD_DECLENSION','Genus':'NEUTER','Numerus':'SINGULAR','Pos':'NN'},'name':'nomine'}]}],'name':'nomen@NN'}]">nomine</w><c> </c><w lemma="[{'id':1365593,'ls':[{'id':1365594,'name':'solidus','wfs':[{'id':1365598,'morph':{'Casus':'GENITIVE','DeclensionType':'SECOND_DECLENSION','Genus':'MASCULINE','Numerus':'PLURAL','Pos':'NN'},'name':'solidorum'}]}],'name':'solidus@NN'}]">solidorum</w><c> </c><w lemma="[{'id':1303048,'ls':[{'id':7685,'name':'quantitas','wfs':[{'id':1303061,'morph':{'Casus':'NOMINATIVE','DeclensionType':'THIRD_DECLENSION','Genus':'FEMININE','Numerus':'SINGULAR','Pos':'NN'},'name':'quantitas'}]}],'name':'quantitas@NN'}]">quantitas</w><c> </c><w lemma="[{'id':5367339,'ls':[{'id':4086,'name':'exigo','wfs':[{'id':5367664,'morph':{'ConjugationType':'THIRD_CONJUGATION','Mood':'SUBJUNCTIVE','Numerus':'SINGULAR','Person':'PERSON_3','Pos':'V','Tense':'PRESENT','VerbType':'TRANSITIVE','Voice':'PASSIVE'},'name':'exigatur'}]}],'name':'exigo@V'}]">exigatur</w><c>.</c><c> </c></s><s><w lemma="[{'id':109861,'ls':[{'id':109862,'name':'nam','wfs':[{'id':109863,'morph':{'Pos':'CON'},'name':'nam'}]}],'name':'nam@CON'}]">nam</w><c> </c><w lemma="[{'id':110020,'ls':[{'id':110021,'name':'si','wfs':[{'id':110022,'morph':{'Pos':'CON'},'name':'si'}]}],'name':'si@CON'}]">si</w><c> </c><w lemma="[{'id':4181852,'ls':[{'id':4181853,'name':'coemo','wfs':[{'id':4181911,'morph':{'Casus':'ACCUSATIVE','ConjugationType':'THIRD_CONJUGATION','Genus':'FEMININE','Mood':'PARTICIPLE','Numerus':'SINGULAR','Pos':'V','Tense':'PERFECT','VerbType':'TRANSITIVE','Voice':'PASSIVE'},'name':'coemptam'}]}],'name':'coemo@V'}]">coemptam</w><c> </c><lb n="9" xml:id="bsb00000824_00245_9"></lb><w lemma="[{'id':1368576,'ls':[{'id':8419,'name':'species','wfs':[{'id':243464005,'morph':{'Casus':'ACCUSATIVE','DeclensionType':'FIFTH_DECLENSION','Genus':'FEMININE','Numerus':'SINGULAR','Pos':'NN'},'name':'speciem'}]}],'name':'species@NN'}]">speciem</w><c> </c><w lemma="[{'id':1016050,'ls':[{'id':4114,'name':'expensa','wfs':[{'id':1016053,'morph':{'Casus':'DATIVE','DeclensionType':'FIRST_DECLENSION','Genus':'FEMININE','Numerus':'PLURAL','Pos':'NN'},'name':'expensis'}]}],'name':'expensa@NN'}]">expensis</w><c> </c><w lemma="[{'id':2914003,'ls':[{'id':7599,'name':'publicus','wfs':[{'id':2914014,'morph':{'Casus':'DATIVE','ComparisonDegree':'POSITIVE','DeclensionType':'FIRST_DECLENSION','Genus':'FEMININE','Numerus':'PLURAL','Pos':'ADJ'},'name':'publicis'}]}],'name':'publicus@ADJ'}]">publicis</w><c> </c><w lemma="[{'id':2696084,'ls':[{'id':6352,'name':'necessarius','wfs':[{'id':2696150,'morph':{'Casus':'ACCUSATIVE','ComparisonDegree':'POSITIVE','DeclensionType':'FIRST_DECLENSION','Genus':'FEMININE','Numerus':'SINGULAR','Pos':'ADJ'},'name':'necessariam'}]}],'name':'necessarius@ADJ'}]">necessariam</w><c> </c><w lemma="[{'id':206035,'ls':[{'id':6416,'name':'non','wfs':[{'id':241322627,'morph':{'Pos':'ADV'},'name':'non'}]}],'name':'non@ADV'}]">non</w><c> </c><w lemma="[{'id':5618354,'ls':[{'id':4757,'name':'habeo','wfs':[{'id':5618558,'morph':{'ConjugationType':'SECOND_CONJUGATION','Mood':'INDICATIVE','Numerus':'PLURAL','Person':'PERSON_2','Pos':'V','Tense':'PRESENT','VerbType':'TRANSITIVE','Voice':'ACTIVE'},'name':'habetis'}]}],'name':'habeo@V'}]">habetis</w><c>,</c><c> </c><w lemma="[{'id':109436,'ls':[{'id':109437,'name':'ab','wfs':[{'id':109438,'morph':{'Pos':'AP'},'name':'ab'}]}],'name':'ab@AP'}]">ab</w><c> </c><w lemma="[{'id':1209674,'ls':[{'id':6607,'name':'officium','wfs':[{'id':243409596,'morph':{'Casus':'ABLATIVE','DeclensionType':'SECOND_DECLENSION','Genus':'NEUTER','Numerus':'SINGULAR','Pos':'NN'},'name':'officio'}]}],'name':'officium@NN'}]">officio</w><c> </c><w lemma="[{'id':245551310,'ls':[{'id':245551311,'name':'vestrum','wfs':[{'id':245551318,'morph':{'Casus':'ABLATIVE','DeclensionType':'SECOND_DECLENSION','Genus':'NEUTER','Numerus':'SINGULAR','Pos':'NN'},'name':'vestro'}]}],'name':'vestrum@NN'}]">vestro</w><c> </c><w lemma="[{'id':7755891,'ls':[{'id':8690,'name':'suscipio','wfs':[{'id':7756766,'morph':{'Casus':'NOMINATIVE','ConjugationType':'THIRD_CONJUGATION','Genus':'FEMININE','Mood':'PARTICIPLE','Numerus':'SINGULAR','Pos':'V','Tense':'PERFECT','VerbType':'TRANSITIVE','Voice':'PASSIVE'},'name':'suscepta'}]}],'name':'suscipio@V'}]">suscepta</w><c> </c><w lemma="[{'id':1171475,'ls':[{'id':1171476,'name':'modiatio','wfs':[{'id':1171478,'morph':{'Casus':'NOMINATIVE','DeclensionType':'THIRD_DECLENSION','Genus':'FEMININE','Numerus':'SINGULAR','Pos':'NN'},'name':'modiatio'}]}],'name':'modiatio@NN'}]">modiatio</w><c> </c><lb n="10" xml:id="bsb00000824_00245_10"></lb><w lemma="[{'id':177645,'ls':[{'id':4362,'name':'fideliter','wfs':[{'id':177648,'morph':{'ComparisonDegree':'POSITIVE','Pos':'ADV'},'name':'fideliter'}]}],'name':'fideliter@ADV'}]">fideliter</w><c> </c><w lemma="[{'id':5084417,'ls':[{'id':3646,'name':'distraho','wfs':[{'id':5084741,'morph':{'ConjugationType':'THIRD_CONJUGATION','Mood':'SUBJUNCTIVE','Numerus':'SINGULAR','Person':'PERSON_3','Pos':'V','Tense':'PRESENT','VerbType':'TRANSITIVE','Voice':'PASSIVE'},'name':'distrahatur'}]}],'name':'distraho@V'}]">distrahatur</w><c>:</c><c> </c><w lemma="[{'id':1006656,'ls':[{'id':3984,'name':'eventus','wfs':[{'id':498532994,'morph':{'Casus':'ACCUSATIVE','DeclensionType':'FOURTH_DECLENSION','Genus':'MASCULINE','Numerus':'SINGULAR','Pos':'NN'},'name':'eventum'}]}],'name':'eventus@NN'}]">eventum</w><c> </c><w lemma="[{'id':1322669,'ls':[{'id':964024,'name':'res','wfs':[{'id':964027,'morph':{'Casus':'GENITIVE','DeclensionType':'FIFTH_DECLENSION','Genus':'FEMININE','Numerus':'SINGULAR','Pos':'NN'},'name':'rei'}]}],'name':'res@NN'}]">rei</w><c> </c><w lemma="[{'id':1307428,'ls':[{'id':7734,'name':'ratio','wfs':[{'id':241472634,'morph':{'Casus':'NOMINATIVE','DeclensionType':'THIRD_DECLENSION','Genus':'FEMININE','Numerus':'SINGULAR','Pos':'NN'},'name':'ratio'}]}],'name':'ratio@NN'}]">ratio</w><c> </c><w lemma="[{'id':2324965,'ls':[{'id':4387,'name':'fiscalis','wfs':[{'id':2325032,'morph':{'Casus':'GENITIVE','ComparisonDegree':'POSITIVE','DeclensionType':'THIRD_DECLENSION','Genus':'FEMININE','Numerus':'SINGULAR','Pos':'ADJ'},'name':'fiscalis'}]}],'name':'fiscalis@ADJ'}]">fiscalis</w><c> </c><w lemma="[{'id':5618354,'ls':[{'id':4757,'name':'habeo','wfs':[{'id':5618769,'morph':{'Casus':'NOMINATIVE','ConjugationType':'SECOND_CONJUGATION','Genus':'FEMININE','Mood':'PARTICIPLE','Numerus':'SINGULAR','Pos':'V','Tense':'FUTURE','VerbType':'TRANSITIVE','Voice':'ACTIVE'},'name':'habitura'}]}],'name':'habeo@V'}]">habitura</w><c>,</c><c> </c><w lemma="[{'id':242816363,'ls':[{'id':242816364,'name':'qui','wfs':[{'id':296826594,'morph':{'Casus':'NOMINATIVE','Genus':'FEMININE','Numerus':'SINGULAR','Pos':'PRO','PronounType':'RELATIVE'},'name':'quae'}]}],'name':'qui@PRO'}]">quae</w><c> </c><w lemma="[{'id':191381,'ls':[{'id':191382,'name':'iniuste','wfs':[{'id':191384,'morph':{'ComparisonDegree':'POSITIVE','Pos':'ADV'},'name':'iniuste'}]}],'name':'iniuste@ADV'}]">iniuste</w><c> </c><w lemma="[{'id':242815904,'ls':[{'id':244520791,'name':'videor','wfs':[{'id':232322737,'morph':{'ConjugationType':'SECOND_CONJUGATION','Mood':'INDICATIVE','Numerus':'SINGULAR','Person':'PERSON_3','Pos':'V','Tense':'PRESENT','VerbType':'DEPONENT','Voice':'PASSIVE'},'name':'videtur'}]}],'name':'videor@V'}]">videtur</w><c> </c><w lemma="[{'id':5739390,'ls':[{'id':5006,'name':'impono','wfs':[{'id':5739475,'morph':{'ConjugationType':'THIRD_CONJUGATION','Mood':'INFINITIVE','Pos':'V','Tense':'PERFECT','VerbType':'TRANSITIVE','Voice':'ACTIVE'},'name':'imposuisse'}]}],'name':'impono@V'}]">imposuisse</w><c> </c><lb n="11" xml:id="bsb00000824_00245_11"></lb><w lemma="[{'id':242816363,'ls':[{'id':242816364,'name':'qui','wfs':[{'id':245004334,'morph':{'Casus':'ACCUSATIVE','Genus':'NEUTER','Numerus':'SINGULAR','Pos':'PRO','PronounType':'RELATIVE'},'name':'quod'}]}],'name':'qui@PRO'}]">quod</w><c> </c><w lemma="[{'id':7205989,'ls':[{'id':7931,'name':'respuo','wfs':[{'id':7206158,'morph':{'ConjugationType':'THIRD_CONJUGATION','Mood':'INDICATIVE','Numerus':'SINGULAR','Person':'PERSON_3','Pos':'V','Tense':'PRESENT','VerbType':'TRANSITIVE','Voice':'ACTIVE'},'name':'respuit'}]}],'name':'respuo@V'}]">respuit</w><c>.</c><c> </c></s><s><w lemma="[{'id':205772,'ls':[{'id':6392,'name':'nimis','wfs':[{'id':205773,'morph':{'ComparisonDegree':'POSITIVE','Pos':'ADV'},'name':'nimis'}]}],'name':'nimis@ADV'}]">nimis</w><c> </c><w lemma="[{'id':109821,'ls':[{'id':109822,'name':'enim','wfs':[{'id':109823,'morph':{'Pos':'CON'},'name':'enim'}]}],'name':'enim@CON'}]">enim</w><c> </c><w lemma="[{'id':2505256,'ls':[{'id':5260,'name':'iniquus','wfs':[{'id':2505389,'morph':{'Casus':'NOMINATIVE','ComparisonDegree':'POSITIVE','DeclensionType':'SECOND_DECLENSION','Genus':'NEUTER','Numerus':'SINGULAR','Pos':'ADJ'},'name':'iniquum'}]}],'name':'iniquus@ADJ'}]">iniquum</w><c> </c><w lemma="[{'id':7617143,'ls':[{'id':7617144,'name':'sum','wfs':[{'id':242825881,'morph':{'Mood':'INDICATIVE','Numerus':'SINGULAR','Person':'PERSON_3','Pos':'V','Tense':'PRESENT','VerbType':'VERBA_ANOMALA','Voice':'ACTIVE'},'name':'est'}]}],'name':'sum@V'}]">est</w><c>,</c><c> </c><w lemma="[{'id':110061,'ls':[{'id':110062,'name':'ut','wfs':[{'id':110063,'morph':{'Pos':'CON'},'name':'ut'}]}],'name':'ut@CON'}]">ut</w><c> </c><w lemma="[{'id':242816114,'ls':[{'id':242816115,'name':'ille','wfs':[{'id':244509864,'morph':{'Casus':'NOMINATIVE','Genus':'MASCULINE','Numerus':'SINGULAR','Pos':'PRO','PronounType':'DEMONSTRATIVE'},'name':'ille'}]}],'name':'ille@PRO'}]">ille</w><c> </c><w lemma="[{'id':6534354,'ls':[{'id':6845,'name':'patior','wfs':[{'id':6534863,'morph':{'ConjugationType':'THIRD_CONJUGATION','Mood':'SUBJUNCTIVE','Numerus':'SINGULAR','Person':'PERSON_3','Pos':'V','Tense':'PRESENT','VerbType':'DEPONENT','Voice':'PASSIVE'},'name':'patiatur'}]}],'name':'patior@V'}]">patiatur</w><c> </c><w lemma="[{'id':972649,'ls':[{'id':3600,'name':'dispendium','wfs':[{'id':243325239,'morph':{'Casus':'ACCUSATIVE','DeclensionType':'SECOND_DECLENSION','Genus':'NEUTER','Numerus':'SINGULAR','Pos':'NN'},'name':'dispendium'}]}],'name':'dispendium@NN'}]">dispendium</w><c>,</c><c> </c><w lemma="[{'id':242816363,'ls':[{'id':242816364,'name':'qui','wfs':[{'id':244511016,'morph':{'Casus':'NOMINATIVE','Genus':'MASCULINE','Numerus':'SINGULAR','Pos':'PRO','PronounType':'RELATIVE'},'name':'qui'}]}],'name':'qui@PRO'}]">qui</w><c> </c><w lemma="[{'id':1082821,'ls':[{'id':4985,'name':'imperium','wfs':[{'id':243363595,'morph':{'Casus':'ACCUSATIVE','DeclensionType':'SECOND_DECLENSION','Genus':'NEUTER','Numerus':'SINGULAR','Pos':'NN'},'name':'imperium'}]}],'name':'imperium@NN'}]">imperium</w><c> </c><w lemma="[{'id':5475468,'ls':[{'id':4230,'name':'facio','wfs':[{'id':5475808,'morph':{'ConjugationType':'THIRD_CONJUGATION','Mood':'INDICATIVE','Numerus':'SINGULAR','Person':'PERSON_3','Pos':'V','Tense':'PERFECT','VerbType':'TRANSITIVE','Voice':'ACTIVE'},'name':'fecit'}]}],'name':'facio@V'}]">fecit</w><c> </c><lb n="12" xml:id="bsb00000824_00245_12"></lb><w lemma="[{'id':1587169,'ls':[{'id':1587170,'name':'alienus','wfs':[{'id':1587285,'morph':{'Casus':'ACCUSATIVE','ComparisonDegree':'POSITIVE','DeclensionType':'SECOND_DECLENSION','Genus':'NEUTER','Numerus':'SINGULAR','Pos':'ADJ'},'name':'alienum'}]}],'name':'alienus@ADJ'}]">alienum</w><c>.</c><c> </c></s><s><w lemma="[{'id':2764049,'ls':[{'id':245550017,'name':'par','wfs':[{'id':244161904,'morph':{'Casus':'ABLATIVE','ComparisonDegree':'POSITIVE','DeclensionType':'THIRD_DECLENSION','Genus':'FEMININE','Numerus':'SINGULAR','Pos':'ADJ'},'name':'pari'}]}],'name':'par@ADJ'}]">Pari</w><c> </c><w lemma="[{'id':741321149,'ls':[{'id':484148292,'name':'condicio','wfs':[{'id':243296577,'morph':{'Casus':'ABLATIVE','DeclensionType':'THIRD_DECLENSION','Genus':'FEMININE','Numerus':'SINGULAR','Pos':'NN'},'name':'condicione'}]}],'name':'condicio@NN'}]">condicione</w><c> </c><w lemma="[{'id':3989099,'ls':[{'id':1747,'name':'censeo','wfs':[{'id':3989115,'morph':{'Casus':'NOMINATIVE','ConjugationType':'SECOND_CONJUGATION','Genus':'MASCULINE','Mood':'PARTICIPLE','Numerus':'PLURAL','Pos':'V','Tense':'PRESENT','VerbType':'TRANSITIVE','Voice':'ACTIVE'},'name':'censentes'}]}],'name':'censeo@V'}]">censentes</w><c> </c><w lemma="[{'id':109545,'ls':[{'id':109546,'name':'de','wfs':[{'id':109547,'morph':{'Pos':'AP'},'name':'de'}]}],'name':'de@AP'}]">de</w><c> </c><w lemma="[{'id':1359732,'ls':[{'id':1359733,'name':'sextarius','wfs':[{'id':243460847,'morph':{'Casus':'ABLATIVE','DeclensionType':'SECOND_DECLENSION','Genus':'MASCULINE','Numerus':'SINGULAR','Pos':'NN'},'name':'sextario'}]}],'name':'sextarius@NN'}]">sextario</w><c> </c><w lemma="[{'id':226369,'ls':[{'id':7700,'name':'quoque','wfs':[{'id':226371,'morph':{'Pos':'ADV'},'name':'quoque'}]}],'name':'quoque@ADV'}]">quoque</w><c>,</c><c> </c><w lemma="[{'id':242816363,'ls':[{'id':242816364,'name':'qui','wfs':[{'id':539256813,'morph':{'Casus':'ACCUSATIVE','Genus':'MASCULINE','Numerus':'SINGULAR','Pos':'PRO','PronounType':'RELATIVE'},'name':'quem'}]}],'name':'qui@PRO'}]">quem</w><c> </c><w lemma="[{'id':1188569,'ls':[{'id':1188570,'name':'negotiator','wfs':[{'id':1188583,'morph':{'Casus':'NOMINATIVE','DeclensionType':'THIRD_DECLENSION','Genus':'MASCULINE','Numerus':'SINGULAR','Pos':'NN'},'name':'negotiator'}]}],'name':'negotiator@NN'}]">negotiator</w><c> </c><w lemma="[{'id':242816207,'ls':[{'id':242816208,'name':'is','wfs':[{'id':297496634,'morph':{'Casus':'GENITIVE','Genus':'MASCULINE','Numerus':'SINGULAR','Pos':'PRO','PronounType':'PERSONAL'},'name':'eius'}]}],'name':'is@PRO'}]">eius</w><c> </c><lb n="13" xml:id="bsb00000824_00245_13"></lb><w lemma="[{'id':1291084,'ls':[{'id':7580,'name':'provincia','wfs':[{'id':1291112,'morph':{'Casus':'DATIVE','DeclensionType':'FIRST_DECLENSION','Genus':'FEMININE','Numerus':'SINGULAR','Pos':'NN'},'name':'provinciae'}]}],'name':'provincia@NN'}]">provinciae</w><c> </c><w lemma="[{'id':8004098,'ls':[{'id':9253,'name':'video','wfs':[{'id':8004814,'morph':{'ConjugationType':'SECOND_CONJUGATION','Mood':'INDICATIVE','Numerus':'SINGULAR','Person':'PERSON_3','Pos':'V','Tense':'PRESENT','VerbType':'TRANSITIVE','Voice':'PASSIVE'},'name':'videtur'}]}],'name':'video@V'}]">videtur</w><c> </c><w lemma="[{'id':5837509,'ls':[{'id':5198,'name':'infero','wfs':[{'id':453607,'morph':{'Mood':'INFINITIVE','Pos':'V','Tense':'PRESENT','VerbType':'VERBA_ANOMALA','Voice':'ACTIVE'},'name':'inferre'}]}],'name':'infero@V'}]">inferre</w><c>,</c><c> </c><w lemma="[{'id':109868,'ls':[{'id':109869,'name':'ne','wfs':[{'id':109870,'morph':{'Pos':'CON'},'name':'ne'}]}],'name':'ne@CON'}]">ne</w><c> </c><w lemma="[{'id':242815921,'ls':[{'id':242815922,'name':'aliquis','wfs':[{'id':595339718,'morph':{'Casus':'NOMINATIVE','Genus':'MASCULINE','Numerus':'SINGULAR','Pos':'PRO','PronounType':'INDEFINITE'},'name':'quis'}]}],'name':'aliquis@PRO'}]">quis</w><c> </c><w lemma="[{'id':3852441,'ls':[{'id':3852442,'name':'audeo','wfs':[{'id':244435914,'morph':{'ConjugationType':'SECOND_CONJUGATION','Mood':'SUBJUNCTIVE','Numerus':'SINGULAR','Person':'PERSON_3','Pos':'V','Tense':'PRESENT','VerbType':'SEMIDEPONENT','Voice':'ACTIVE'},'name':'audeat'}]}],'name':'audeo@V'}]">audeat</w><c> </c><w lemma="[{'id':4683867,'ls':[{'id':3009,'name':'damno','wfs':[{'id':4683919,'morph':{'Casus':'ACCUSATIVE','ConjugationType':'FIRST_CONJUGATION','Genus':'NEUTER','Mood':'PARTICIPLE','Numerus':'PLURAL','Pos':'V','Tense':'PERFECT','VerbType':'TRANSITIVE','Voice':'PASSIVE'},'name':'damnata'}]}],'name':'damno@V'}]">damnata</w><c> </c><w lemma="[{'id':234266,'ls':[{'id':8236,'name':'semper','wfs':[{'id':241336670,'morph':{'Pos':'ADV'},'name':'semper'}]}],'name':'semper@ADV'}]">semper</w><c> </c><w lemma="[{'id':1278291,'ls':[{'id':7384,'name':'pretium','wfs':[{'id':243431366,'morph':{'Casus':'ACCUSATIVE','DeclensionType':'SECOND_DECLENSION','Genus':'NEUTER','Numerus':'PLURAL','Pos':'NN'},'name':'pretia'}]}],'name':'pretium@NN'}]">pretia</w><c> </c><w lemma="[{'id':2908578,'ls':[{'id':2908691,'name':'protervus','wfs':[{'id':2908779,'morph':{'Casus':'NOMINATIVE','ComparisonDegree':'POSITIVE','DeclensionType':'SECOND_DECLENSION','Genus':'MASCULINE','Numerus':'SINGULAR','Pos':'ADJ'},'name':'protervus'}]}],'name':'protervus@ADJ'}]">protervus</w><c> </c><w lemma="[{'id':5367339,'ls':[{'id':4086,'name':'exigo','wfs':[{'id':5367420,'morph':{'ConjugationType':'THIRD_CONJUGATION','Mood':'INFINITIVE','Pos':'V','Tense':'PRESENT','VerbType':'TRANSITIVE','Voice':'ACTIVE'},'name':'exigere'}]}],'name':'exigo@V'}]">exigere</w><c>.</c><c> </c></s><s><w lemma="[{'id':109828,'ls':[{'id':109829,'name':'et','wfs':[{'id':109830,'morph':{'Pos':'CON'},'name':'et'}]}],'name':'et@CON'}]">et</w><c> </c><lb n="14" xml:id="bsb00000824_00245_14"></lb><w lemma="[{'id':110061,'ls':[{'id':110062,'name':'ut','wfs':[{'id':110063,'morph':{'Pos':'CON'},'name':'ut'}]}],'name':'ut@CON'}]">ut</w><c> </c><w lemma="[{'id':251273,'ls':[{'id':251278,'name':'valide','wfs':[{'id':251279,'morph':{'ComparisonDegree':'COMPARATIVE','Pos':'ADV'},'name':'validius'}]}],'name':'valide@ADV'}]">validius</w><c> </c><w lemma="[{'id':7228037,'ls':[{'id':7955,'name':'retundo','wfs':[{'id':7228211,'morph':{'ConjugationType':'THIRD_CONJUGATION','Mood':'SUBJUNCTIVE','Numerus':'PLURAL','Person':'PERSON_1','Pos':'V','Tense':'PRESENT','VerbType':'TRANSITIVE','Voice':'ACTIVE'},'name':'retundamus'}]}],'name':'retundo@V'}]">retundamus</w><c> </c><w lemma="[{'id':1010698,'ls':[{'id':4037,'name':'excessus','wfs':[{'id':1010700,'morph':{'Casus':'ACCUSATIVE','DeclensionType':'FOURTH_DECLENSION','Genus':'MASCULINE','Numerus':'PLURAL','Pos':'NN'},'name':'excessus'}]}],'name':'excessus@NN'}]">excessus</w><c>,</c><c> </c><w lemma="[{'id':1260283,'ls':[{'id':1260284,'name':'poena','wfs':[{'id':1260293,'morph':{'Casus':'ACCUSATIVE','DeclensionType':'FIRST_DECLENSION','Genus':'FEMININE','Numerus':'SINGULAR','Pos':'NN'},'name':'poenam'}]}],'name':'poena@NN'}]">poenam</w><c> </c><w lemma="[{'id':256396,'ls':[{'id':256397,'name':'triginta','wfs':[{'id':256398,'morph':{'Casus':'INDECLINABLE','Pos':'NUM'},'name':'triginta'}]}],'name':'triginta@NUM'}]">triginta</w><c> </c><w lemma="[{'id':1138943,'ls':[{'id':5741,'name':'libra','wfs':[{'id':1138947,'morph':{'Casus':'GENITIVE','DeclensionType':'FIRST_DECLENSION','Genus':'FEMININE','Numerus':'PLURAL','Pos':'NN'},'name':'librarum'}]}],'name':'libra@NN'}]">librarum</w><c> </c><w lemma="[{'id':800193,'ls':[{'id':1217,'name':'aurum','wfs':[{'id':800205,'morph':{'Casus':'GENITIVE','DeclensionType':'SECOND_DECLENSION','Genus':'NEUTER','Numerus':'SINGULAR','Pos':'NN'},'name':'auri'}]}],'name':'aurum@NN'}]">auri</w><c> </c><w lemma="[{'id':1352314,'ls':[{'id':8218,'name':'sedes','wfs':[{'id':1352320,'morph':{'Casus':'GENITIVE','DeclensionType':'THIRD_DECLENSION','Genus':'FEMININE','Numerus':'SINGULAR','Pos':'NN'},'name':'sedis'}]}],'name':'sedes@NN'}]">sedis</w><c> </c><w lemma="[{'id':244512458,'ls':[{'id':244512459,'name':'vester','wfs':[{'id':245551329,'morph':{'Casus':'GENITIVE','DeclensionType':'FIRST_DECLENSION','Genus':'FEMININE','Numerus':'SINGULAR','Pos':'PRO','PronounType':'POSSESSIVE'},'name':'vestrae'}]}],'name':'vester@PRO'}]">vestrae</w><c> </c><w lemma="[{'id':1269621,'ls':[{'id':7302,'name':'praefectus','wfs':[{'id':1269624,'morph':{'Casus':'DATIVE','DeclensionType':'SECOND_DECLENSION','Genus':'MASCULINE','Numerus':'PLURAL','Pos':'NN'},'name':'praefectis'}]}],'name':'praefectus@NN'}]">praefectis</w><c> </c><lb n="15" xml:id="bsb00000824_00245_15"></lb><w lemma="[{'id':5739390,'ls':[{'id':5006,'name':'impono','wfs':[{'id':5739512,'morph':{'ConjugationType':'THIRD_CONJUGATION','Mood':'INDICATIVE','Numerus':'PLURAL','Person':'PERSON_1','Pos':'V','Tense':'PRESENT','VerbType':'TRANSITIVE','Voice':'ACTIVE'},'name':'imponimus'}]}],'name':'impono@V'}]">imponimus</w><c>,</c><c> </c><w lemma="[{'id':110020,'ls':[{'id':110021,'name':'si','wfs':[{'id':110022,'morph':{'Pos':'CON'},'name':'si'}]}],'name':'si@CON'}]">si</w><c> </c><w lemma="[{'id':242815921,'ls':[{'id':242815922,'name':'aliquis','wfs':[{'id':595339718,'morph':{'Casus':'NOMINATIVE','Genus':'MASCULINE','Numerus':'SINGULAR','Pos':'PRO','PronounType':'INDEFINITE'},'name':'quis'}]}],'name':'aliquis@PRO'}]">quis</w><c> </c><w lemma="[{'id':109535,'ls':[{'id':109536,'name':'contra','wfs':[{'id':109537,'morph':{'Pos':'AP'},'name':'contra'}]}],'name':'contra@AP'}]">contra</w><c> </c><w lemma="[{'id':242815996,'ls':[{'id':242815997,'name':'hic','wfs':[{'id':244509721,'morph':{'Casus':'ACCUSATIVE','Genus':'NEUTER','Numerus':'PLURAL','Pos':'PRO','PronounType':'DEMONSTRATIVE'},'name':'haec'}]}],'name':'hic@PRO'}]">haec</w><c> </c><w lemma="[{'id':3008177,'ls':[{'id':8075,'name':'saluber','wfs':[{'id':244281760,'morph':{'Casus':'ACCUSATIVE','ComparisonDegree':'SUPERLATIVE','DeclensionType':'SECOND_DECLENSION','Genus':'NEUTER','Numerus':'PLURAL','Pos':'ADJ'},'name':'saluberrima'}]}],'name':'saluber@ADJ'}]">saluberrima</w><c> </c><w lemma="[{'id':904226,'ls':[{'id':2588,'name':'constitutum','wfs':[{'id':904227,'morph':{'Casus':'ACCUSATIVE','DeclensionType':'SECOND_DECLENSION','Genus':'NEUTER','Numerus':'PLURAL','Pos':'NN'},'name':'constituta'}]}],'name':'constitutum@NN'}]">constituta</w><c> </c><w lemma="[{'id':800957,'ls':[{'id':800958,'name':'ausus','wfs':[{'id':243116319,'morph':{'Casus':'ABLATIVE','DeclensionType':'FOURTH_DECLENSION','Genus':'MASCULINE','Numerus':'SINGULAR','Pos':'NN'},'name':'ausu'}]}],'name':'ausus@NN'}]">ausu</w><c> </c><w lemma="[{'id':1412242,'ls':[{'id':1412243,'name':'temerarium','wfs':[{'id':243480795,'morph':{'Casus':'ABLATIVE','DeclensionType':'SECOND_DECLENSION','Genus':'NEUTER','Numerus':'SINGULAR','Pos':'NN'},'name':'temerario'}]}],'name':'temerarium@NN'}]">temerario</w><c> </c><w lemma="[{'id':7964639,'ls':[{'id':9166,'name':'venio','wfs':[{'id':7965122,'morph':{'ConjugationType':'FOURTH_CONJUGATION','Mood':'INFINITIVE','Pos':'V','Tense':'PRESENT','VerbType':'INTRANSITIVE','Voice':'ACTIVE'},'name':'venire'}]}],'name':'venio@V'}]">venire</w><c> </c><w lemma="[{'id':7781204,'ls':[{'id':8772,'name':'tempto','wfs':[{'id':7781568,'morph':{'ConjugationType':'FIRST_CONJUGATION','Mood':'SUBJUNCTIVE','Numerus':'SINGULAR','Person':'PERSON_3','Pos':'V','Tense':'PERFECT','VerbType':'TRANSITIVE','Voice':'ACTIVE'},'name':'temptaverit'}]}],'name':'tempto@V'}]">temptaverit</w><c>.</c><c> </c><lb n="16" xml:id="bsb00000824_00245_16"></lb></s><s><w lemma="[{'id':1209674,'ls':[{'id':6607,'name':'officium','wfs':[{'id':1209676,'morph':{'Casus':'NOMINATIVE','DeclensionType':'SECOND_DECLENSION','Genus':'NEUTER','Numerus':'SINGULAR','Pos':'NN'},'name':'officium'}]}],'name':'officium@NN'}]">officium</w><c> </c><w lemma="[{'id':252583,'ls':[{'id':9197,'name':'vero','wfs':[{'id':550000524,'morph':{'Pos':'ADV'},'name':'vero'}]}],'name':'vero@ADV'}]">vero</w><c> </c><w lemma="[{'id':255304,'ls':[{'id':255305,'name':'decem','wfs':[{'id':255311,'morph':{'Casus':'INDECLINABLE','Pos':'NUM'},'name':'decem'}]}],'name':'decem@NUM'}]">decem</w><c> </c><w lemma="[{'id':1138943,'ls':[{'id':5741,'name':'libra','wfs':[{'id':1138947,'morph':{'Casus':'GENITIVE','DeclensionType':'FIRST_DECLENSION','Genus':'FEMININE','Numerus':'PLURAL','Pos':'NN'},'name':'librarum'}]}],'name':'libra@NN'}]">librarum</w><c> </c><w lemma="[{'id':800193,'ls':[{'id':1217,'name':'aurum','wfs':[{'id':800205,'morph':{'Casus':'GENITIVE','DeclensionType':'SECOND_DECLENSION','Genus':'NEUTER','Numerus':'SINGULAR','Pos':'NN'},'name':'auri'}]}],'name':'aurum@NN'}]">auri</w><c> </c><w lemma="[{'id':972649,'ls':[{'id':3600,'name':'dispendium','wfs':[{'id':243325241,'morph':{'Casus':'ABLATIVE','DeclensionType':'SECOND_DECLENSION','Genus':'NEUTER','Numerus':'SINGULAR','Pos':'NN'},'name':'dispendio'}]}],'name':'dispendium@NN'}]">dispendio</w><c> </c><w lemma="[{'id':242816792,'ls':[{'id':242816793,'name':'sui','wfs':[{'id':594734074,'morph':{'Casus':'ACCUSATIVE','Genus':'MASCULINE','Numerus':'SINGULAR','Pos':'PRO','PronounType':'REFLEXIVE'},'name':'se'}]}],'name':'sui@PRO'}]">se</w><c> </c><w lemma="[{'id':6327887,'ls':[{'id':6419,'name':'nosco','wfs':[{'id':6328700,'morph':{'ConjugationType':'THIRD_CONJUGATION','Mood':'SUBJUNCTIVE','Numerus':'SINGULAR','Person':'PERSON_3','Pos':'V','Tense':'PERFECT','VerbType':'TRANSITIVE','Voice':'ACTIVE'},'name':'noverit'}]}],'name':'nosco@V'}]">noverit</w><c> </c><w lemma="[{'id':7617143,'ls':[{'id':7617144,'name':'sum','wfs':[{'id':7617145,'morph':{'Mood':'INFINITIVE','Pos':'V','Tense':'PRESENT','VerbType':'VERBA_ANOMALA','Voice':'ACTIVE'},'name':'esse'}]}],'name':'sum@V'}]">esse</w><c> </c><w lemma="[{'id':5494775,'ls':[{'id':244530708,'name':'ferio','wfs':[{'id':503593726,'morph':{'Casus':'ACCUSATIVE','ComparisonDegree':'POSITIVE','DeclensionType':'SECOND_DECLENSION','Genus':'NEUTER','Mood':'GERUNDIVE','Numerus':'SINGULAR','Pos':'V'},'name':'feriendum'}]}],'name':'ferio@V'}]">feriendum</w><c>,</c><c> </c><w lemma="[{'id':110020,'ls':[{'id':110021,'name':'si','wfs':[{'id':110022,'morph':{'Pos':'CON'},'name':'si'}]}],'name':'si@CON'}]">si</w><c> </c><w lemma="[{'id':5864609,'ls':[{'id':5250,'name':'inhibeo','wfs':[{'id':5864649,'morph':{'Casus':'ACCUSATIVE','ConjugationType':'SECOND_CONJUGATION','Genus':'FEMININE','Mood':'PARTICIPLE','Numerus':'PLURAL','Pos':'V','Tense':'PERFECT','VerbType':'TRANSITIVE','Voice':'PASSIVE'},'name':'inhibitas'}]}],'name':'inhibeo@V'}]">inhibitas</w><c> </c><lb n="17" xml:id="bsb00000824_00245_17"></lb><w lemma="[{'id':6849771,'ls':[{'id':7351,'name':'praesumo','wfs':[{'id':6850140,'morph':{'ConjugationType':'THIRD_CONJUGATION','Mood':'SUBJUNCTIVE','Numerus':'SINGULAR','Person':'PERSON_3','Pos':'V','Tense':'PERFECT','VerbType':'TRANSITIVE','Voice':'ACTIVE'},'name':'praesumpserit'}]}],'name':'praesumo@V'}]">praesumpserit</w><c> </c><w lemma="[{'id':5413467,'ls':[{'id':4168,'name':'exsequor','wfs':[{'id':5413798,'morph':{'ConjugationType':'THIRD_CONJUGATION','Mood':'INFINITIVE','Pos':'V','Tense':'PRESENT','VerbType':'DEPONENT','Voice':'PASSIVE'},'name':'exsequi'}]}],'name':'exsequor@V'}]">exsequi</w><c> </c><w lemma="[{'id':1123200,'ls':[{'id':1123201,'name':'iussio','wfs':[{'id':243379749,'morph':{'Casus':'ACCUSATIVE','DeclensionType':'THIRD_DECLENSION','Genus':'FEMININE','Numerus':'PLURAL','Pos':'NN'},'name':'iussiones'}]}],'name':'iussio@NN'}]">iussiones</w><c>.</c><c> </c></s><s><w lemma="[{'id':109577,'ls':[{'id':109578,'name':'in','wfs':[{'id':109579,'morph':{'Pos':'AP'},'name':'in'}]}],'name':'in@AP'}]">In</w><c> </c><w lemma="[{'id':242816114,'ls':[{'id':242816115,'name':'ille','wfs':[{'id':242816118,'morph':{'Casus':'ABLATIVE','Genus':'FEMININE','Numerus':'SINGULAR','Pos':'PRO','PronounType':'DEMONSTRATIVE'},'name':'illa'}]}],'name':'ille@PRO'}]">illa</w><c> </c><w lemma="[{'id':226369,'ls':[{'id':7700,'name':'quoque','wfs':[{'id':226371,'morph':{'Pos':'ADV'},'name':'quoque'}]}],'name':'quoque@ADV'}]">quoque</w><c> </c><w lemma="[{'id':1227224,'ls':[{'id':6813,'name':'pars','wfs':[{'id':243414708,'morph':{'Casus':'ABLATIVE','DeclensionType':'THIRD_DECLENSION','Genus':'FEMININE','Numerus':'SINGULAR','Pos':'NN'},'name':'parte'}]}],'name':'pars@NN'}]">parte</w><c> </c><w lemma="[{'id':2319984,'ls':[{'id':4338,'name':'fessus','wfs':[{'id':2320017,'morph':{'Casus':'DATIVE','ComparisonDegree':'POSITIVE','DeclensionType':'SECOND_DECLENSION','Genus':'MASCULINE','Numerus':'PLURAL','Pos':'ADJ'},'name':'fessis'}]}],'name':'fessus@ADJ'}]">fessis</w><c> </c><w lemma="[{'id':863829,'ls':[{'id':1956,'name':'clementia','wfs':[{'id':863843,'morph':{'Casus':'NOMINATIVE','DeclensionType':'FIRST_DECLENSION','Genus':'FEMININE','Numerus':'SINGULAR','Pos':'NN'},'name':'clementia'}]}],'name':'clementia@NN'}]">clementia</w><c> </c><w lemma="[{'id':244510439,'ls':[{'id':244510440,'name':'noster','wfs':[{'id':244510472,'morph':{'Casus':'NOMINATIVE','DeclensionType':'FIRST_DECLENSION','Genus':'FEMININE','Numerus':'SINGULAR','Pos':'PRO','PronounType':'POSSESSIVE'},'name':'nostra'}]}],'name':'noster@PRO'}]">nostra</w><c> </c><w lemma="[{'id':242816792,'ls':[{'id':242816793,'name':'sui','wfs':[{'id':594734073,'morph':{'Casus':'ACCUSATIVE','Genus':'FEMININE','Numerus':'SINGULAR','Pos':'PRO','PronounType':'REFLEXIVE'},'name':'se'}]}],'name':'sui@PRO'}]">se</w><c> </c><w lemma="[{'id':6738142,'ls':[{'id':7215,'name':'porrigo','wfs':[{'id':6738677,'morph':{'ConjugationType':'THIRD_CONJUGATION','Mood':'INDICATIVE','Numerus':'SINGULAR','Person':'PERSON_3','Pos':'V','Tense':'PRESENT','VerbType':'TRANSITIVE','Voice':'ACTIVE'},'name':'porrigit'}]}],'name':'porrigo@V'}]">porrigit</w><c>,</c><c> </c><lb n="18" xml:id="bsb00000824_00245_18"></lb><w lemma="[{'id':110061,'ls':[{'id':110062,'name':'ut','wfs':[{'id':110063,'morph':{'Pos':'CON'},'name':'ut'}]}],'name':'ut@CON'}]">ut</w><c>,</c><c> </c><w lemma="[{'id':110020,'ls':[{'id':110021,'name':'si','wfs':[{'id':110022,'morph':{'Pos':'CON'},'name':'si'}]}],'name':'si@CON'}]">si</w><c> </c><w lemma="[{'id':1234601,'ls':[{'id':6915,'name':'pensio','wfs':[{'id':243417157,'morph':{'Casus':'ACCUSATIVE','DeclensionType':'THIRD_DECLENSION','Genus':'FEMININE','Numerus':'SINGULAR','Pos':'NN'},'name':'pensionem'}]}],'name':'pensio@NN'}]">pensionem</w><c> </c><w lemma="[{'id':242815996,'ls':[{'id':242815997,'name':'hic','wfs':[{'id':244509678,'morph':{'Casus':'GENITIVE','Genus':'MASCULINE','Numerus':'SINGULAR','Pos':'PRO','PronounType':'DEMONSTRATIVE'},'name':'huius'}]}],'name':'hic@PRO'}]">huius</w><c> </c><w lemma="[{'id':1420465,'ls':[{'id':8854,'name':'titulus','wfs':[{'id':1420478,'morph':{'Casus':'GENITIVE','DeclensionType':'SECOND_DECLENSION','Genus':'MASCULINE','Numerus':'SINGULAR','Pos':'NN'},'name':'tituli'}]}],'name':'titulus@NN'}]">tituli</w><c> </c><w lemma="[{'id':794916860,'ls':[{'id':794916861,'name':'siliquatarius','wfs':[{'id':795281204,'morph':{'Casus':'DATIVE','DeclensionType':'SECOND_DECLENSION','Genus':'MASCULINE','Numerus':'SINGULAR','Pos':'NN'},'name':'siliquatario'}]}],'name':'siliquatarius@NN'}]">siliquatario</w><c> </c><w lemma="[{'id':6846113,'ls':[{'id':7340,'name':'praesto','wfs':[{'id':6846612,'morph':{'ConjugationType':'FIRST_CONJUGATION','Mood':'INDICATIVE','Numerus':'SINGULAR','Person':'PERSON_3','Pos':'V','Tense':'PRESENT','VerbType':'TRANSITIVE','Voice':'ACTIVE'},'name':'praestat'}]}],'name':'praesto@V'}]">praestat</w><c>,</c><c> </c><w lemma="[{'id':1173946,'ls':[{'id':1173947,'name':'monopolium','wfs':[{'id':243396846,'morph':{'Casus':'ACCUSATIVE','DeclensionType':'SECOND_DECLENSION','Genus':'NEUTER','Numerus':'SINGULAR','Pos':'NN'},'name':'monopolium'}]}],'name':'monopolium@NN'}]">monopolium</w><c> </c><w lemma="[{'id':226369,'ls':[{'id':7700,'name':'quoque','wfs':[{'id':226371,'morph':{'Pos':'ADV'},'name':'quoque'}]}],'name':'quoque@ADV'}]">quoque</w><c> </c><w lemma="[{'id':1188569,'ls':[{'id':1188570,'name':'negotiator','wfs':[{'id':1188583,'morph':{'Casus':'NOMINATIVE','DeclensionType':'THIRD_DECLENSION','Genus':'MASCULINE','Numerus':'SINGULAR','Pos':'NN'},'name':'negotiator'}]}],'name':'negotiator@NN'}]">negotiator</w><c> </c><lb n="19" xml:id="bsb00000824_00245_19"></lb><w lemma="[{'id':5357196,'ls':[{'id':4071,'name':'exerceo','wfs':[{'id':5357549,'morph':{'ConjugationType':'SECOND_CONJUGATION','Mood':'SUBJUNCTIVE','Numerus':'SINGULAR','Person':'PERSON_3','Pos':'V','Tense':'PRESENT','VerbType':'TRANSITIVE','Voice':'ACTIVE'},'name':'exerceat'}]}],'name':'exerceo@V'}]">exerceat</w><c>.</c><c> </c></s><s><w lemma="[{'id':110020,'ls':[{'id':110021,'name':'si','wfs':[{'id':110022,'morph':{'Pos':'CON'},'name':'si'}]}],'name':'si@CON'}]">si</w><c> </c><w lemma="[{'id':252583,'ls':[{'id':9197,'name':'vero','wfs':[{'id':550000524,'morph':{'Pos':'ADV'},'name':'vero'}]}],'name':'vero@ADV'}]">vero</w><c> </c><w lemma="[{'id':794916860,'ls':[{'id':794916861,'name':'siliquatarius','wfs':[{'id':795281203,'morph':{'Casus':'NOMINATIVE','DeclensionType':'SECOND_DECLENSION','Genus':'MASCULINE','Numerus':'SINGULAR','Pos':'NN'},'name':'siliquatarius'}]}],'name':'siliquatarius@NN'}]">siliquatarius</w><c> </c><w lemma="[{'id':242815996,'ls':[{'id':242815997,'name':'hic','wfs':[{'id':244509688,'morph':{'Casus':'ACCUSATIVE','Genus':'MASCULINE','Numerus':'SINGULAR','Pos':'PRO','PronounType':'DEMONSTRATIVE'},'name':'hunc'}]}],'name':'hic@PRO'}]">hunc</w><c> </c><w lemma="[{'id':1420465,'ls':[{'id':8854,'name':'titulus','wfs':[{'id':1420474,'morph':{'Casus':'ACCUSATIVE','DeclensionType':'SECOND_DECLENSION','Genus':'MASCULINE','Numerus':'SINGULAR','Pos':'NN'},'name':'titulum'}]}],'name':'titulus@NN'}]">titulum</w><c> </c><w lemma="[{'id':1188569,'ls':[{'id':1188570,'name':'negotiator','wfs':[{'id':1188574,'morph':{'Casus':'DATIVE','DeclensionType':'THIRD_DECLENSION','Genus':'MASCULINE','Numerus':'PLURAL','Pos':'NN'},'name':'negotiatoribus'}]}],'name':'negotiator@NN'}]">negotiatoribus</w><c> </c><w lemma="[{'id':6076190,'ls':[{'id':6076191,'name':'iudico','wfs':[{'id':6076541,'morph':{'ConjugationType':'FIRST_CONJUGATION','Mood':'INDICATIVE','Numerus':'SINGULAR','Person':'PERSON_3','Pos':'V','Tense':'PRESENT','VerbType':'TRANSITIVE','Voice':'ACTIVE'},'name':'iudicat'}]}],'name':'iudico@V'}]">iudicat</w><c> </c><w lemma="[{'id':3352216,'ls':[{'id':53,'name':'abrogo','wfs':[{'id':498547433,'morph':{'Casus':'ACCUSATIVE','ComparisonDegree':'POSITIVE','DeclensionType':'SECOND_DECLENSION','Genus':'MASCULINE','Mood':'GERUNDIVE','Numerus':'SINGULAR','Pos':'V'},'name':'abrogandum'}]}],'name':'abrogo@V'}]">abrogandum</w><c>,</c><c> </c><w lemma="[{'id':2709764,'ls':[{'id':2709765,'name':'nullus','wfs':[{'id':2709824,'morph':{'Casus':'ACCUSATIVE','ComparisonDegree':'POSITIVE','DeclensionType':'FIRST_DECLENSION','Genus':'FEMININE','Numerus':'SINGULAR','Pos':'ADJ'},'name':'nullam'}]}],'name':'nullus@ADJ'}]">nullam</w><c> </c><w lemma="[{'id':109436,'ls':[{'id':109437,'name':'ab','wfs':[{'id':109438,'morph':{'Pos':'AP'},'name':'ab'}]}],'name':'ab@AP'}]">ab</w><c> </c><lb n="20" xml:id="bsb00000824_00245_20"></lb><w lemma="[{'id':242816207,'ls':[{'id':242816208,'name':'is','wfs':[{'id':244510101,'morph':{'Casus':'ABLATIVE','Genus':'MASCULINE','Numerus':'PLURAL','Pos':'PRO','PronounType':'PERSONAL'},'name':'eis'}]}],'name':'is@PRO'}]">eis</w><c> </c><w lemma="[{'id':5367339,'ls':[{'id':4086,'name':'exigo','wfs':[{'id':5367663,'morph':{'ConjugationType':'THIRD_CONJUGATION','Mood':'SUBJUNCTIVE','Numerus':'SINGULAR','Person':'PERSON_3','Pos':'V','Tense':'PRESENT','VerbType':'TRANSITIVE','Voice':'ACTIVE'},'name':'exigat'}]}],'name':'exigo@V'}]">exigat</w><c> </c><w lemma="[{'id':1234601,'ls':[{'id':6915,'name':'pensio','wfs':[{'id':243417157,'morph':{'Casus':'ACCUSATIVE','DeclensionType':'THIRD_DECLENSION','Genus':'FEMININE','Numerus':'SINGULAR','Pos':'NN'},'name':'pensionem'}]}],'name':'pensio@NN'}]">pensionem</w><c>,</c><c> </c><w lemma="[{'id':109966,'ls':[{'id':109967,'name':'quia','wfs':[{'id':109968,'morph':{'Pos':'CON'},'name':'quia'}]}],'name':'quia@CON'}]">quia</w><c> </c><w lemma="[{'id':232635,'ls':[{'id':232638,'name':'satis','wfs':[{'id':232641,'morph':{'ComparisonDegree':'POSITIVE','Pos':'ADV'},'name':'satis'}]}],'name':'satis@ADV'}]">satis</w><c> </c><w lemma="[{'id':1509405,'ls':[{'id':1509406,'name':'absurdus','wfs':[{'id':1509535,'morph':{'Casus':'NOMINATIVE','ComparisonDegree':'POSITIVE','DeclensionType':'SECOND_DECLENSION','Genus':'NEUTER','Numerus':'SINGULAR','Pos':'ADJ'},'name':'absurdum'}]}],'name':'absurdus@ADJ'}]">absurdum</w><c> </c><w lemma="[{'id':7617143,'ls':[{'id':7617144,'name':'sum','wfs':[{'id':242825881,'morph':{'Mood':'INDICATIVE','Numerus':'SINGULAR','Person':'PERSON_3','Pos':'V','Tense':'PRESENT','VerbType':'VERBA_ANOMALA','Voice':'ACTIVE'},'name':'est'}]}],'name':'sum@V'}]">est</w><c>,</c><c> </c><w lemma="[{'id':110061,'ls':[{'id':110062,'name':'ut','wfs':[{'id':110063,'morph':{'Pos':'CON'},'name':'ut'}]}],'name':'ut@CON'}]">ut</w><c> </c><w lemma="[{'id':3530669,'ls':[{'id':3531074,'name':'affligo','wfs':[{'id':3531399,'morph':{'ConjugationType':'THIRD_CONJUGATION','Mood':'SUBJUNCTIVE','Numerus':'SINGULAR','Person':'PERSON_3','Pos':'V','Tense':'PRESENT','VerbType':'TRANSITIVE','Voice':'PASSIVE'},'name':'affligatur'}]}],'name':'affligo@V'}]">affligatur</w><c> </c><w lemma="[{'id':935794,'ls':[{'id':3008,'name':'damnum','wfs':[{'id':935796,'morph':{'Casus':'ABLATIVE','DeclensionType':'SECOND_DECLENSION','Genus':'NEUTER','Numerus':'PLURAL','Pos':'NN'},'name':'damnis'}]}],'name':'damnum@NN'}]">damnis</w><c>,</c><c> </c><w lemma="[{'id':242816363,'ls':[{'id':242816364,'name':'qui','wfs':[{'id':244511016,'morph':{'Casus':'NOMINATIVE','Genus':'MASCULINE','Numerus':'SINGULAR','Pos':'PRO','PronounType':'RELATIVE'},'name':'qui'}]}],'name':'qui@PRO'}]">qui</w><c> </c><w lemma="[{'id':880499,'ls':[{'id':2165,'name':'commodum','wfs':[{'id':880500,'morph':{'Casus':'ACCUSATIVE','DeclensionType':'SECOND_DECLENSION','Genus':'NEUTER','Numerus':'PLURAL','Pos':'NN'},'name':'commoda'}]}],'name':'commodum@NN'}]">commoda</w><c> </c><w lemma="[{'id':206035,'ls':[{'id':6416,'name':'non','wfs':[{'id':241322627,'morph':{'Pos':'ADV'},'name':'non'}]}],'name':'non@ADV'}]">non</w><c> </c><lb n="21" xml:id="bsb00000824_00245_21"></lb><w lemma="[{'id':5618354,'ls':[{'id':4757,'name':'habeo','wfs':[{'id':5618704,'morph':{'ConjugationType':'SECOND_CONJUGATION','Mood':'INDICATIVE','Numerus':'SINGULAR','Person':'PERSON_3','Pos':'V','Tense':'PRESENT','VerbType':'TRANSITIVE','Voice':'ACTIVE'},'name':'habet'}]}],'name':'habeo@V'}]">habet</w><c> </c><w lemma="[{'id':709525,'ls':[{'id':175,'name':'actio','wfs':[{'id':709532,'morph':{'Casus':'GENITIVE','DeclensionType':'THIRD_DECLENSION','Genus':'FEMININE','Numerus':'SINGULAR','Pos':'NN'},'name':'actionis'}]}],'name':'actio@NN'}]">actionis</w><c>.</c><c> </c></s><s><w lemma="[{'id':109577,'ls':[{'id':109578,'name':'in','wfs':[{'id':109579,'morph':{'Pos':'AP'},'name':'in'}]}],'name':'in@AP'}]">In</w><c> </c><w lemma="[{'id':798996,'ls':[{'id':798997,'name':'aurarius','wfs':[{'id':243264942,'morph':{'Casus':'ABLATIVE','DeclensionType':'SECOND_DECLENSION','Genus':'MASCULINE','Numerus':'PLURAL','Pos':'NN'},'name':'aurariis'}]}],'name':'aurarius@NN'}]">aurariis</w><c> </c><w lemma="[{'id':161648,'ls':[{'id':3251,'name':'denique','wfs':[{'id':161650,'morph':{'ComparisonDegree':'POSITIVE','Pos':'ADV'},'name':'denique'}]}],'name':'denique@ADV'}]">denique</w><c> </c><w lemma="[{'id':2888005,'ls':[{'id':7401,'name':'priscus','wfs':[{'id':2888093,'morph':{'Casus':'NOMINATIVE','ComparisonDegree':'POSITIVE','DeclensionType':'SECOND_DECLENSION','Genus':'MASCULINE','Numerus':'SINGULAR','Pos':'ADJ'},'name':'priscus'}]}],'name':'priscus@ADJ'}]">priscus</w><c> </c><w lemma="[{'id':1216283,'ls':[{'id':6689,'name':'ordo','wfs':[{'id':1216289,'morph':{'Casus':'NOMINATIVE','DeclensionType':'THIRD_DECLENSION','Genus':'MASCULINE','Numerus':'SINGULAR','Pos':'NN'},'name':'ordo'}]}],'name':'ordo@NN'}]">ordo</w><c> </c><w lemma="[{'id':7367147,'ls':[{'id':8287,'name':'servo','wfs':[{'id':7367866,'morph':{'ConjugationType':'FIRST_CONJUGATION','Mood':'SUBJUNCTIVE','Numerus':'SINGULAR','Person':'PERSON_3','Pos':'V','Tense':'PRESENT','VerbType':'TRANSITIVE','Voice':'PASSIVE'},'name':'servetur'}]}],'name':'servo@V'}]">servetur</w><c> </c><w lemma="[{'id':109828,'ls':[{'id':109829,'name':'et','wfs':[{'id':109830,'morph':{'Pos':'CON'},'name':'et'}]}],'name':'et@CON'}]">et</w><c> </c><w lemma="[{'id':109453,'ls':[{'id':109454,'name':'ad','wfs':[{'id':109455,'morph':{'Pos':'AP'},'name':'ad'}]}],'name':'ad@AP'}]">ad</w><c> </c><w lemma="[{'id':242816207,'ls':[{'id':242816208,'name':'is','wfs':[{'id':244510049,'morph':{'Casus':'ACCUSATIVE','Genus':'MASCULINE','Numerus':'PLURAL','Pos':'PRO','PronounType':'PERSONAL'},'name':'eos'}]}],'name':'is@PRO'}]">eos</w><c> </c><w lemma="[{'id':245351,'ls':[{'id':8740,'name':'tantum','wfs':[{'id':245352,'morph':{'ComparisonDegree':'POSITIVE','Pos':'ADV'},'name':'tantum'}]}],'name':'tantum@ADV'}]">tantum</w><c> </c><w lemma="[{'id':1045378,'ls':[{'id':4558,'name':'functio','wfs':[{'id':1045382,'morph':{'Casus':'NOMINATIVE','DeclensionType':'THIRD_DECLENSION','Genus':'FEMININE','Numerus':'SINGULAR','Pos':'NN'},'name':'functio'}]}],'name':'functio@NN'}]">functio</w><c> </c><lb n="22" xml:id="bsb00000824_00245_22"></lb><w lemma="[{'id':242816153,'ls':[{'id':242816154,'name':'ipse','wfs':[{'id':244509988,'morph':{'Casus':'NOMINATIVE','Genus':'FEMININE','Numerus':'SINGULAR','Pos':'PRO','PronounType':'DEMONSTRATIVE'},'name':'ipsa'}]}],'name':'ipse@PRO'}]">ipsa</w><c> </c><w lemma="[{'id':7203647,'ls':[{'id':7926,'name':'respicio','wfs':[{'id':7203976,'morph':{'ConjugationType':'THIRD_CONJUGATION','Mood':'SUBJUNCTIVE','Numerus':'SINGULAR','Person':'PERSON_3','Pos':'V','Tense':'PRESENT','VerbType':'TRANSITIVE','Voice':'ACTIVE'},'name':'respiciat'}]}],'name':'respicio@V'}]">respiciat</w><c>,</c><c> </c><w lemma="[{'id':242816363,'ls':[{'id':242816364,'name':'qui','wfs':[{'id':242816417,'morph':{'Casus':'ACCUSATIVE','Genus':'MASCULINE','Numerus':'PLURAL','Pos':'PRO','PronounType':'RELATIVE'},'name':'quos'}]}],'name':'qui@PRO'}]">quos</w><c> </c><w lemma="[{'id':242815996,'ls':[{'id':242815997,'name':'hic','wfs':[{'id':244509677,'morph':{'Casus':'DATIVE','Genus':'MASCULINE','Numerus':'SINGULAR','Pos':'PRO','PronounType':'DEMONSTRATIVE'},'name':'huic'}]}],'name':'hic@PRO'}]">huic</w><c> </c><w lemma="[{'id':1420465,'ls':[{'id':8854,'name':'titulus','wfs':[{'id':1420477,'morph':{'Casus':'DATIVE','DeclensionType':'SECOND_DECLENSION','Genus':'MASCULINE','Numerus':'SINGULAR','Pos':'NN'},'name':'titulo'}]}],'name':'titulus@NN'}]">titulo</w><c> </c><w lemma="[{'id':7366338,'ls':[{'id':8289,'name':'servio','wfs':[{'id':7366824,'morph':{'ConjugationType':'FOURTH_CONJUGATION','Mood':'INFINITIVE','Pos':'V','Tense':'PRESENT','VerbType':'TRANSITIVE','Voice':'ACTIVE'},'name':'servire'}]}],'name':'servio@V'}]">servire</w><c> </c><w lemma="[{'id':8038609,'ls':[{'id':9327,'name':'volo','wfs':[{'id':8038843,'morph':{'Mood':'INDICATIVE','Numerus':'SINGULAR','Person':'PERSON_3','Pos':'V','Tense':'PERFECT','VerbType':'VERBA_ANOMALA','Voice':'ACTIVE'},'name':'voluit'}]}],'name':'volo@V'}]">voluit</w><c> </c><w lemma="[{'id':764060,'ls':[{'id':847,'name':'antiquitas','wfs':[{'id':764076,'morph':{'Casus':'GENITIVE','DeclensionType':'THIRD_DECLENSION','Genus':'FEMININE','Numerus':'SINGULAR','Pos':'NN'},'name':'antiquitatis'}]}],'name':'antiquitas@NN'}]">antiquitatis</w><c> </c><w lemma="[{'id':796872,'ls':[{'id':1184,'name':'auctoritas','wfs':[{'id':796887,'morph':{'Casus':'NOMINATIVE','DeclensionType':'THIRD_DECLENSION','Genus':'FEMININE','Numerus':'SINGULAR','Pos':'NN'},'name':'auctoritas'}]}],'name':'auctoritas@NN'}]">auctoritas</w><c>.</c><c> </c></s><s><w lemma="[{'id':225709,'ls':[{'id':225710,'name':'quapropter','wfs':[{'id':225712,'morph':{'ComparisonDegree':'POSITIVE','Pos':'ADV'},'name':'quapropter'}]}],'name':'quapropter@ADV'}]">quapropter</w><c> </c><lb n="23" xml:id="bsb00000824_00245_23"></lb><w lemma="[{'id':810229,'ls':[{'id':1346,'name':'beneficium','wfs':[{'id':243116320,'morph':{'Casus':'ACCUSATIVE','DeclensionType':'SECOND_DECLENSION','Genus':'NEUTER','Numerus':'PLURAL','Pos':'NN'},'name':'beneficia'}]}],'name':'beneficium@NN'}]">beneficia</w><c> </c><w lemma="[{'id':244510439,'ls':[{'id':244510440,'name':'noster','wfs':[{'id':457578023,'morph':{'Casus':'ACCUSATIVE','DeclensionType':'SECOND_DECLENSION','Genus':'NEUTER','Numerus':'PLURAL','Pos':'PRO','PronounType':'POSSESSIVE'},'name':'nostra'}]}],'name':'noster@PRO'}]">nostra</w><c> </c><w lemma="[{'id':109562,'ls':[{'id':109563,'name':'erga','wfs':[{'id':109564,'morph':{'Pos':'AP'},'name':'erga'}]}],'name':'erga@AP'}]">erga</w><c> </c><w lemma="[{'id':1188569,'ls':[{'id':1188570,'name':'negotiator','wfs':[{'id':1188571,'morph':{'Casus':'ACCUSATIVE','DeclensionType':'THIRD_DECLENSION','Genus':'MASCULINE','Numerus':'PLURAL','Pos':'NN'},'name':'negotiatores'}]}],'name':'negotiator@NN'}]">negotiatores</w><c>,</c><c> </c><w lemma="[{'id':242816363,'ls':[{'id':242816364,'name':'qui','wfs':[{'id':296826592,'morph':{'Casus':'NOMINATIVE','Genus':'MASCULINE','Numerus':'PLURAL','Pos':'PRO','PronounType':'RELATIVE'},'name':'qui'}]}],'name':'qui@PRO'}]">qui</w><c> </c><w lemma="[{'id':244512458,'ls':[{'id':244512459,'name':'vester','wfs':[{'id':779538097,'morph':{'Casus':'ABLATIVE','DeclensionType':'SECOND_DECLENSION','Genus':'MASCULINE','Numerus':'PLURAL','Pos':'PRO','PronounType':'POSSESSIVE'},'name':'vestris'}]}],'name':'vester@PRO'}]">vestris</w><c> </c><w lemma="[{'id':1420465,'ls':[{'id':8854,'name':'titulus','wfs':[{'id':1420467,'morph':{'Casus':'ABLATIVE','DeclensionType':'SECOND_DECLENSION','Genus':'MASCULINE','Numerus':'PLURAL','Pos':'NN'},'name':'titulis'}]}],'name':'titulus@NN'}]">titulis</w><c> </c><w lemma="[{'id':1187791,'ls':[{'id':6351,'name':'necessarius','wfs':[{'id':297489668,'morph':{'Casus':'NOMINATIVE','DeclensionType':'SECOND_DECLENSION','Genus':'MASCULINE','Numerus':'PLURAL','Pos':'NN'},'name':'necessarii'}]}],'name':'necessarius@NN'}]">necessarii</w><c> </c><w lemma="[{'id':4352625,'ls':[{'id':2255,'name':'comprobo','wfs':[{'id':4352926,'morph':{'ConjugationType':'FIRST_CONJUGATION','Mood':'INDICATIVE','Numerus':'PLURAL','Person':'PERSON_3','Pos':'V','Tense':'PRESENT','VerbType':'TRANSITIVE','Voice':'PASSIVE'},'name':'comprobantur'}]}],'name':'comprobo@V'}]">comprobantur</w><c>,</c><c> </c><w lemma="[{'id':209695,'ls':[{'id':209696,'name':'omnimodis','wfs':[{'id':209697,'morph':{'ComparisonDegree':'POSITIVE','Pos':'ADV'},'name':'omnimodis'}]}],'name':'omnimodis@ADV'}]">omnimodis</w><c> </c><lb n="24" xml:id="bsb00000824_00245_24"></lb><w lemma="[{'id':5475468,'ls':[{'id':4230,'name':'facio','wfs':[{'id':5475664,'morph':{'ConjugationType':'THIRD_CONJUGATION','Mood':'IMPERATIVE','Numerus':'PLURAL','Person':'PERSON_2','Pos':'V','Tense':'PRESENT','VerbType':'TRANSITIVE','Voice':'ACTIVE'},'name':'facite'}]}],'name':'facio@V'}]">facite</w><c> </c><w lemma="[{'id':4681710,'ls':[{'id':2987,'name':'custodio','wfs':[{'id':4681792,'morph':{'ConjugationType':'FOURTH_CONJUGATION','Mood':'INFINITIVE','Pos':'V','Tense':'PRESENT','VerbType':'TRANSITIVE','Voice':'PASSIVE'},'name':'custodiri'}]}],'name':'custodio@V'}]">custodiri</w><c>,</c><c> </c><w lemma="[{'id':109868,'ls':[{'id':109869,'name':'ne','wfs':[{'id':109870,'morph':{'Pos':'CON'},'name':'ne'}]}],'name':'ne@CON'}]">ne</w><c> </c><w lemma="[{'id':1052280,'ls':[{'id':4639,'name':'genus','wfs':[{'id':1052299,'morph':{'Casus':'NOMINATIVE','DeclensionType':'THIRD_DECLENSION','Genus':'NEUTER','Numerus':'SINGULAR','Pos':'NN'},'name':'genus'}]}],'name':'genus@NN'}]">genus</w><c> </c><w lemma="[{'id':1068431,'ls':[{'id':4856,'name':'homo','wfs':[{'id':243358896,'morph':{'Casus':'GENITIVE','DeclensionType':'THIRD_DECLENSION','Genus':'MASCULINE','Numerus':'PLURAL','Pos':'NN'},'name':'hominum'}]}],'name':'homo@NN'}]">hominum</w><c>,</c><c> </c><w lemma="[{'id':242816363,'ls':[{'id':242816364,'name':'qui','wfs':[{'id':296826590,'morph':{'Casus':'NOMINATIVE','Genus':'NEUTER','Numerus':'SINGULAR','Pos':'PRO','PronounType':'RELATIVE'},'name':'quod'}]}],'name':'qui@PRO'}]">quod</w><c> </c><w lemma="[{'id':8032801,'ls':[{'id':9316,'name':'vivo','wfs':[{'id':8034335,'morph':{'ConjugationType':'THIRD_CONJUGATION','Mood':'INDICATIVE','Numerus':'SINGULAR','Person':'PERSON_3','Pos':'V','Tense':'PRESENT','VerbType':'TRANSITIVE','Voice':'ACTIVE'},'name':'vivit'}]}],'name':'vivo@V'}]">vivit</w><c> </c><w lemma="[{'id':1146397,'ls':[{'id':5830,'name':'lucrum','wfs':[{'id':1146399,'morph':{'Casus':'ABLATIVE','DeclensionType':'SECOND_DECLENSION','Genus':'NEUTER','Numerus':'PLURAL','Pos':'NN'},'name':'lucris'}]}],'name':'lucrum@NN'}]">lucris</w><c>,</c><c> </c><w lemma="[{'id':109453,'ls':[{'id':109454,'name':'ad','wfs':[{'id':109455,'morph':{'Pos':'AP'},'name':'ad'}]}],'name':'ad@AP'}]">ad</w><c> </c><w lemma="[{'id':1190017,'ls':[{'id':6384,'name':'nex','wfs':[{'id':243402251,'morph':{'Casus':'ACCUSATIVE','DeclensionType':'THIRD_DECLENSION','Genus':'FEMININE','Numerus':'SINGULAR','Pos':'NN'},'name':'necem'}]}],'name':'nex@NN'}]">necem</w><c> </c><w lemma="[{'id':6741602,'ls':[{'id':7228,'name':'possum','wfs':[{'id':244516516,'morph':{'Mood':'SUBJUNCTIVE','Numerus':'SINGULAR','Person':'PERSON_3','Pos':'V','Tense':'PRESENT','VerbType':'VERBA_ANOMALA','Voice':'ACTIVE'},'name':'possit'}]}],'name':'possum@V'}]">possit</w><c> </c><w lemma="[{'id':6683384,'ls':[{'id':7038,'name':'pervenio','wfs':[{'id':6683867,'morph':{'ConjugationType':'FOURTH_CONJUGATION','Mood':'INFINITIVE','Pos':'V','Tense':'PRESENT','VerbType':'TRANSITIVE','Voice':'ACTIVE'},'name':'pervenire'}]}],'name':'pervenio@V'}]">pervenire</w><c> </c><lb n="25" xml:id="bsb00000824_00245_25"></lb><w lemma="[{'id':972649,'ls':[{'id':3600,'name':'dispendium','wfs':[{'id':243325233,'morph':{'Casus':'ABLATIVE','DeclensionType':'SECOND_DECLENSION','Genus':'NEUTER','Numerus':'PLURAL','Pos':'NN'},'name':'dispendiis'}]}],'name':'dispendium@NN'}]">dispendiis</w><c>.</c></s></p></div></body></text></TEI>