<?xml version="1.0" ?><TEI xmlns="http://www.tei-c.org/ns/1.0"><teiHeader><fileDesc><titleStmt><title>MGH Auct. ant. 12: Cassiodori Senatoris Variae</title><editor>Mommsen, Theodor</editor></titleStmt><publicationStmt><publisher>Monumenta Germaniae Historica (MGH)</publisher><publisher>Bavarian State Library (BSB), München</publisher><idno type="BSB">bsb00000824</idno><idno type="MGH"><idno type="Annotation_created_by">sysop</idno><idno type="Annotation_created_on">Wed Oct 18 18:59:47 CEST 2017</idno><idno type="Annotation_last_changed_by">geelhaar</idno><idno type="Annotation_last_changed_on">Thu Aug 20 10:43:40 CEST 2020</idno><idno type="Author_(German)">Cassiodor (Flavius Magnus Aurelius Cassiodorus Senator)</idno><idno type="Author_(Latin)">Cassiodorus Vivariensis</idno><idno type="BSB">bsb00000824</idno><idno type="Bibliographical_Link">http://stabikat.de/DB=1/XMLPRS=N/PPN?PPN=235118842</idno><idno type="C_Stat">06</idno><idno type="C1">06</idno><idno type="C2">05</idno><idno type="Column">027</idno><idno type="Commentary">dated according to Stefan Krautschick, Cassiodor und die Politik seiner Zeit. Bonn 1983, 73.  (TG)</idno><idno type="Concordance_View">true</idno><idno type="Digital_Edition_Statement">Text retrieved from the critical edition and prepared by the BMBF funded project "Humanist Computer Interaction under Scrutiny"(https://humanist.hs-mainz.de/en/). The Latin Text Archive (LTA) version has been created at Goethe University Frankfurt by the CompHistSem-Work Group (hudesktop.hucompute.org).</idno><idno type="Edition">MGH Auctores antiquissimi 12</idno><idno type="LTA_Export">true</idno><idno type="Licence_Info">CC BY 4.0</idno><idno type="Multiple_Lemmata_under_a_unique_Super_lemma">0.00%</idno><idno type="Multiple_Super_lemmata">0.00%</idno><idno type="Multiple_Wordforms_under_a_unique_Lemma">0.00%</idno><idno type="Multiple_Wordforms._Tagger_based_result._Multiple_Lemmata_possible">0.00%</idno><idno type="Multiple_Wordforms._Tagger_based_result._Multiple_Super_Lemmata_possible">0.00%</idno><idno type="Not_yet_linked_or_unknown_Wordform">0.00%</idno><idno type="Page">027</idno><idno type="Provided_by">Monumenta Germaniae Historica</idno><idno type="RepFontMA">not available</idno><idno type="Status">c</idno><idno type="Text_Type">Letter</idno><idno type="Text_Type_Class">Letters</idno><idno type="Time">508 (?)</idno><idno type="Title">Variae 01.23 - Caeliano et Agapito viris illustribus patriciis Theodericus rex</idno><idno type="Type_of_Corpus">Corpus of Letters</idno><idno type="URL">http://www.mgh.de/dmgh/resolving/MGH_Auct._ant._12_S._27</idno><idno type="Unique_Wordform">100,00%</idno><idno type="Unique_Wordform._Tagger_based_result._Multiple_Lemmata_possible">0.00%</idno><idno type="Unique_Wordform._Tagger_based_result._Multiple_Super_lemmata_possible">0.00%</idno><idno type="VIAF_(Expression)">182693798</idno><idno type="VIAF_(Expression)_Link">http://viaf.org/viaf/182693798</idno><idno type="VIAF_(Person)">95230707</idno><idno type="VIAF_(Person)_Link">http://viaf.org/viaf/95230707</idno><idno type="Volume">Auct. ant. 12</idno><idno type="Year_of_Publication_(interpreted)">0508</idno>MGH Auct. ant. 12</idno><availability><licence target="http://creativecommons.org/licenses/by/4.0/"><p>Distributed under the Creative Commons Attribution 4.0 International (CC BY 4.0) license.</p><p>This license covers the annotations added by the Monumenta Germaniae Historica and the
            Bavarian State Library, Munich, in the course of project "digital MGH"
            <ref target="http://www.dmgh.de">http://www.dmgh.de</ref>, funded by the
            German Research Foundation (DFG).</p><p>We do not claim any rights on the text itself which is believed to be in the public domain.</p><p>If you distribute a copy or a derivative version of this file, please indicate the source
            of the file by mentioning the Monumenta Germaniae Historica (MGH) and the
            Bavarian State Library, Munich (BSB).</p></licence></availability><date when="2016-11-28T16:32:43+01:00">2016-11-28, 16:32:43</date></publicationStmt><sourceDesc><biblFull><titleStmt><title>Cassiodori Senatoris Variae</title><editor>Mommsen, Theodor</editor></titleStmt><publicationStmt><publisher>Weidmann</publisher><pubPlace>Berlin</pubPlace><date>1894</date></publicationStmt><seriesStmt><title>Auctores antiquissimi</title><biblScope unit="volume">12</biblScope></seriesStmt></biblFull></sourceDesc></fileDesc></teiHeader><text><body><div><pb n="27" xml:id="bsb00000824_00211"></pb><lb n="1" xml:id="bsb00000824_00211_1"></lb><head n="3"><s><w lemma="[{'id':241346594,'ls':[{'id':241346595,'name':'NUMERAL','wfs':[{'id':241346596,'morph':{'Pos':'NUM'},'name':'NUMERAL'}]}],'name':'NUMERAL@NUM'}]">XXIII</w><c>.</c><c> </c><lb n="2" xml:id="bsb00000824_00211_2"></lb><w lemma="[{'id':779486807,'ls':[{'id':779486808,'name':'Caelianus','wfs':[{'id':779486812,'morph':{'Casus':'DATIVE','DeclensionType':'SECOND_DECLENSION','Genus':'MASCULINE','Numerus':'SINGULAR','Pos':'NP'},'name':'Caeliano'}]}],'name':'Caelianus@NP'}]">CAELIANO</w><c> </c><w lemma="[{'id':109828,'ls':[{'id':109829,'name':'et','wfs':[{'id':109830,'morph':{'Pos':'CON'},'name':'et'}]}],'name':'et@CON'}]">ET</w><c> </c><w lemma="[{'id':274820,'ls':[{'id':274821,'name':'Agapitus','wfs':[{'id':274832,'morph':{'Casus':'DATIVE','DeclensionType':'SECOND_DECLENSION','Genus':'MASCULINE','Numerus':'SINGULAR','Pos':'NP'},'name':'Agapito'}]}],'name':'Agapitus@NP'}]">AGAPITO</w><c> </c><w lemma="[{'id':1466541,'ls':[{'id':743417409,'name':'VV (short)','wfs':[{'id':743417410,'morph':{'Numerus':'PLURAL','Pos':'NN'},'name':'VV'}]}],'name':'vir@NN'}]">VV</w><c>.</c><c> </c><w lemma="[{'id':241346594,'ls':[{'id':241346595,'name':'NUMERAL','wfs':[{'id':533291562,'morph':{'Pos':'NUM'},'name':'ii'}]}],'name':'NUMERAL@NUM'}]">II</w><c>.</c><c> </c><w lemma="[{'id':1229528,'ls':[{'id':1229529,'name':'patricius','wfs':[{'id':243415578,'morph':{'Casus':'DATIVE','DeclensionType':'SECOND_DECLENSION','Genus':'MASCULINE','Numerus':'PLURAL','Pos':'NN'},'name':'patriciis'}]}],'name':'patricius@NN'}]">PATRICIIS</w><c> </c><lb n="3" xml:id="bsb00000824_00211_3"></lb><w lemma="[{'id':624521,'ls':[{'id':624522,'name':'Theodericus','wfs':[{'id':243244190,'morph':{'Casus':'NOMINATIVE','DeclensionType':'SECOND_DECLENSION','Genus':'MASCULINE','Numerus':'SINGULAR','Pos':'NP'},'name':'Theodericus'}]}],'name':'Theodericus@NP'}]">THEODERICUS</w><c> </c><w lemma="[{'id':1329481,'ls':[{'id':7965,'name':'rex','wfs':[{'id':1329499,'morph':{'Casus':'NOMINATIVE','DeclensionType':'THIRD_DECLENSION','Genus':'MASCULINE','Numerus':'SINGULAR','Pos':'NN'},'name':'rex'}]}],'name':'rex@NN'}]">REX</w><c>.</c></s></head><note><s><hi rend="ITALICS"><w lemma="[{'id':759853,'ls':[{'id':807,'name':'annus','wfs':[{'id':382849904,'morph':{'Casus':'ABLATIVE','DeclensionType':'SECOND_DECLENSION','Genus':'MASCULINE','Numerus':'SINGULAR','Pos':'NN'},'name':'a'}]}],'name':'annus@NN'}]">a</w><c>.</c><c> </c><w lemma="[{'id':241346594,'ls':[{'id':241346595,'name':'NUMERAL','wfs':[{'id':241346596,'morph':{'Pos':'NUM'},'name':'NUMERAL'}]}],'name':'NUMERAL@NUM'}]">507</w><c>|</c><w lemma="[{'id':241346594,'ls':[{'id':241346595,'name':'NUMERAL','wfs':[{'id':241346596,'morph':{'Pos':'NUM'},'name':'NUMERAL'}]}],'name':'NUMERAL@NUM'}]">511</w></hi></s></note><lb n="4" xml:id="bsb00000824_00211_4"></lb><p><s><w lemma="[{'id':4708992,'ls':[{'id':4708993,'name':'decet','wfs':[{'id':4709145,'morph':{'ConjugationType':'SECOND_CONJUGATION','Mood':'INDICATIVE','Numerus':'SINGULAR','Person':'PERSON_3','Pos':'V','Tense':'PRESENT','VerbType':'IMPERSONAL','Voice':'ACTIVE'},'name':'decet'}]}],'name':'decet@V'}]">Decet</w><c> </c><w lemma="[{'id':2964277,'ls':[{'id':2964278,'name':'regalis','wfs':[{'id':2964358,'morph':{'Casus':'GENITIVE','ComparisonDegree':'POSITIVE','DeclensionType':'THIRD_DECLENSION','Genus':'MASCULINE','Numerus':'SINGULAR','Pos':'ADJ'},'name':'regalis'}]}],'name':'regalis@ADJ'}]">regalis</w><c> </c><w lemma="[{'id':765922,'ls':[{'id':871,'name':'apex','wfs':[{'id':765938,'morph':{'Casus':'GENITIVE','DeclensionType':'THIRD_DECLENSION','Genus':'MASCULINE','Numerus':'SINGULAR','Pos':'NN'},'name':'apicis'}]}],'name':'apex@NN'}]">apicis</w><c> </c><w lemma="[{'id':930846,'ls':[{'id':2962,'name':'cura','wfs':[{'id':930855,'morph':{'Casus':'ACCUSATIVE','DeclensionType':'FIRST_DECLENSION','Genus':'FEMININE','Numerus':'SINGULAR','Pos':'NN'},'name':'curam'}]}],'name':'cura@NN'}]">curam</w><c> </c><w lemma="[{'id':1051397,'ls':[{'id':4622,'name':'generalitas','wfs':[{'id':1051408,'morph':{'Casus':'GENITIVE','DeclensionType':'THIRD_DECLENSION','Genus':'FEMININE','Numerus':'SINGULAR','Pos':'NN'},'name':'generalitatis'}]}],'name':'generalitas@NN'}]">generalitatis</w><c> </c><w lemma="[{'id':4681710,'ls':[{'id':2987,'name':'custodio','wfs':[{'id':4681791,'morph':{'ConjugationType':'FOURTH_CONJUGATION','Mood':'INFINITIVE','Pos':'V','Tense':'PRESENT','VerbType':'TRANSITIVE','Voice':'ACTIVE'},'name':'custodire'}]}],'name':'custodio@V'}]">custodire</w><c> </c><w lemma="[{'id':889859,'ls':[{'id':2337,'name':'concordia','wfs':[{'id':889868,'morph':{'Casus':'ACCUSATIVE','DeclensionType':'FIRST_DECLENSION','Genus':'FEMININE','Numerus':'SINGULAR','Pos':'NN'},'name':'concordiam'}]}],'name':'concordia@NN'}]">concordiam</w><c>,</c><c> </c><w lemma="[{'id':110002,'ls':[{'id':110003,'name':'quoniam','wfs':[{'id':110004,'morph':{'Pos':'CON'},'name':'quoniam'}]}],'name':'quoniam@CON'}]">quoniam</w><c> </c><w lemma="[{'id':109453,'ls':[{'id':109454,'name':'ad','wfs':[{'id':109455,'morph':{'Pos':'AP'},'name':'ad'}]}],'name':'ad@AP'}]">ad</w><c> </c><w lemma="[{'id':1133332,'ls':[{'id':5649,'name':'laus','wfs':[{'id':243383168,'morph':{'Casus':'ACCUSATIVE','DeclensionType':'THIRD_DECLENSION','Genus':'FEMININE','Numerus':'SINGULAR','Pos':'NN'},'name':'laudem'}]}],'name':'laus@NN'}]">laudem</w><c> </c><lb n="5" xml:id="bsb00000824_00211_5"></lb><w lemma="[{'id':7118987,'ls':[{'id':7827,'name':'regno','wfs':[{'id':7119020,'morph':{'Casus':'GENITIVE','ConjugationType':'FIRST_CONJUGATION','Genus':'MASCULINE','Mood':'PARTICIPLE','Numerus':'SINGULAR','Pos':'V','Tense':'PRESENT','VerbType':'TRANSITIVE','Voice':'ACTIVE'},'name':'regnantis'}]}],'name':'regno@V'}]">regnantis</w><c> </c><w lemma="[{'id':7816900,'ls':[{'id':8894,'name':'traho','wfs':[{'id':7817222,'morph':{'ConjugationType':'THIRD_CONJUGATION','Mood':'INDICATIVE','Numerus':'SINGULAR','Person':'PERSON_3','Pos':'V','Tense':'PRESENT','VerbType':'TRANSITIVE','Voice':'PASSIVE'},'name':'trahitur'}]}],'name':'traho@V'}]">trahitur</w><c>,</c><c> </c><w lemma="[{'id':110020,'ls':[{'id':110021,'name':'si','wfs':[{'id':110022,'morph':{'Pos':'CON'},'name':'si'}]}],'name':'si@CON'}]">si</w><c> </c><w lemma="[{'id':109436,'ls':[{'id':109437,'name':'ab','wfs':[{'id':109438,'morph':{'Pos':'AP'},'name':'ab'}]}],'name':'ab@AP'}]">ab</w><c> </c><w lemma="[{'id':2744416,'ls':[{'id':6625,'name':'omnis','wfs':[{'id':2744427,'morph':{'Casus':'ABLATIVE','ComparisonDegree':'POSITIVE','DeclensionType':'THIRD_DECLENSION','Genus':'MASCULINE','Numerus':'PLURAL','Pos':'ADJ'},'name':'omnibus'}]}],'name':'omnis@ADJ'}]">omnibus</w><c> </c><w lemma="[{'id':1231162,'ls':[{'id':6870,'name':'pax','wfs':[{'id':1231174,'morph':{'Casus':'NOMINATIVE','DeclensionType':'THIRD_DECLENSION','Genus':'FEMININE','Numerus':'SINGULAR','Pos':'NN'},'name':'pax'}]}],'name':'pax@NN'}]">pax</w><c> </c><w lemma="[{'id':3613136,'ls':[{'id':3613137,'name':'amo','wfs':[{'id':3613491,'morph':{'ConjugationType':'FIRST_CONJUGATION','Mood':'SUBJUNCTIVE','Numerus':'SINGULAR','Person':'PERSON_3','Pos':'V','Tense':'PRESENT','VerbType':'TRANSITIVE','Voice':'PASSIVE'},'name':'ametur'}]}],'name':'amo@V'}]">ametur</w><c>.</c><c> </c></s><s><w lemma="[{'id':242816600,'ls':[{'id':242816601,'name':'quis','wfs':[{'id':496031267,'morph':{'Casus':'NOMINATIVE','Genus':'NEUTER','Numerus':'SINGULAR','Pos':'PRO','PronounType':'INTERROGATIVE'},'name':'quid'}]}],'name':'quis@PRO'}]">quid</w><c> </c><w lemma="[{'id':7617143,'ls':[{'id':7617144,'name':'sum','wfs':[{'id':242825881,'morph':{'Mood':'INDICATIVE','Numerus':'SINGULAR','Person':'PERSON_3','Pos':'V','Tense':'PRESENT','VerbType':'VERBA_ANOMALA','Voice':'ACTIVE'},'name':'est'}]}],'name':'sum@V'}]">est</w><c> </c><w lemma="[{'id':109821,'ls':[{'id':109822,'name':'enim','wfs':[{'id':109823,'morph':{'Pos':'CON'},'name':'enim'}]}],'name':'enim@CON'}]">enim</w><c>,</c><c> </c><w lemma="[{'id':242816363,'ls':[{'id':242816364,'name':'qui','wfs':[{'id':245004334,'morph':{'Casus':'ACCUSATIVE','Genus':'NEUTER','Numerus':'SINGULAR','Pos':'PRO','PronounType':'RELATIVE'},'name':'quod'}]}],'name':'qui@PRO'}]">quod</w><c> </c><w lemma="[{'id':242816286,'ls':[{'id':242816287,'name':'nos','wfs':[{'id':386315174,'morph':{'Casus':'ACCUSATIVE','Genus':'MASCULINE','Numerus':'PLURAL','Pos':'PRO','PronounType':'PERSONAL'},'name':'nos'}]}],'name':'nos@PRO'}]">nos</w><c> </c><w lemma="[{'id':131082,'ls':[{'id':1339,'name':'bene','wfs':[{'id':131083,'morph':{'ComparisonDegree':'COMPARATIVE','Pos':'ADV'},'name':'melius'}]}],'name':'bene@ADV'}]">melius</w><c> </c><lb n="6" xml:id="bsb00000824_00211_6"></lb><w lemma="[{'id':6771224,'ls':[{'id':244530740,'name':'praedico','wfs':[{'id':6771770,'morph':{'ConjugationType':'FIRST_CONJUGATION','Mood':'SUBJUNCTIVE','Numerus':'SINGULAR','Person':'PERSON_3','Pos':'V','Tense':'PRESENT','VerbType':'TRANSITIVE','Voice':'ACTIVE'},'name':'praedicet'}]}],'name':'praedico@V'}]">praedicet</w><c>,</c><c> </c><w lemma="[{'id':109929,'ls':[{'id':109930,'name':'quam','wfs':[{'id':109931,'morph':{'Pos':'CON'},'name':'quam'}]}],'name':'quam@CON'}]">quam</w><c> </c><w lemma="[{'id':2940538,'ls':[{'id':7696,'name':'quietus','wfs':[{'id':2940644,'morph':{'Casus':'NOMINATIVE','ComparisonDegree':'POSITIVE','DeclensionType':'SECOND_DECLENSION','Genus':'MASCULINE','Numerus':'SINGULAR','Pos':'ADJ'},'name':'quietus'}]}],'name':'quietus@ADJ'}]">quietus</w><c> </c><w lemma="[{'id':1263271,'ls':[{'id':7205,'name':'populus','wfs':[{'id':243425443,'morph':{'Casus':'NOMINATIVE','DeclensionType':'SECOND_DECLENSION','Genus':'MASCULINE','Numerus':'SINGULAR','Pos':'NN'},'name':'populus'}]}],'name':'populus@NN'}]">populus</w><c>,</c><c> </c><w lemma="[{'id':1970192,'ls':[{'id':241811307,'name':'concors','wfs':[{'id':241811313,'morph':{'Casus':'NOMINATIVE','ComparisonDegree':'POSITIVE','DeclensionType':'THIRD_DECLENSION','Genus':'MASCULINE','Numerus':'SINGULAR','Pos':'ADJ'},'name':'concors'}]}],'name':'concors@ADJ'}]">concors</w><c> </c><w lemma="[{'id':1354812,'ls':[{'id':8240,'name':'senatus','wfs':[{'id':566697902,'morph':{'Casus':'NOMINATIVE','DeclensionType':'FOURTH_DECLENSION','Genus':'MASCULINE','Numerus':'PLURAL','Pos':'NN'},'name':'senatus'}]}],'name':'senatus@NN'}]">senatus</w><c> </c><w lemma="[{'id':244512015,'ls':[{'id':244512016,'name':'totus','wfs':[{'id':244512047,'morph':{'Casus':'NOMINATIVE','Genus':'FEMININE','Numerus':'SINGULAR','Pos':'PRO','PronounType':'CORRELATIVE'},'name':'totaque'}]}],'name':'totus@PRO'}]">totaque</w><c> </c><w lemma="[{'id':1322669,'ls':[{'id':964024,'name':'res','wfs':[{'id':964026,'morph':{'Casus':'NOMINATIVE','DeclensionType':'FIFTH_DECLENSION','Genus':'FEMININE','Numerus':'SINGULAR','Pos':'NN'},'name':'res'}]}],'name':'res@NN'}]">res</w><c> </c><w lemma="[{'id':2914003,'ls':[{'id':7599,'name':'publicus','wfs':[{'id':2914075,'morph':{'Casus':'NOMINATIVE','ComparisonDegree':'POSITIVE','DeclensionType':'FIRST_DECLENSION','Genus':'FEMININE','Numerus':'SINGULAR','Pos':'ADJ'},'name':'publica'}]}],'name':'publicus@ADJ'}]">publica</w><c> </c><w lemma="[{'id':1175418,'ls':[{'id':6230,'name':'mos','wfs':[{'id':1175424,'morph':{'Casus':'GENITIVE','DeclensionType':'THIRD_DECLENSION','Genus':'MASCULINE','Numerus':'PLURAL','Pos':'NN'},'name':'morum'}]}],'name':'mos@NN'}]">morum</w><c> </c><w lemma="[{'id':244510439,'ls':[{'id':244510440,'name':'noster','wfs':[{'id':251223001,'morph':{'Casus':'GENITIVE','DeclensionType':'SECOND_DECLENSION','Genus':'MASCULINE','Numerus':'PLURAL','Pos':'PRO','PronounType':'POSSESSIVE'},'name':'nostrorum'}]}],'name':'noster@PRO'}]">nostrorum</w><c> </c><lb n="7" xml:id="bsb00000824_00211_7"></lb><w lemma="[{'id':1068780,'ls':[{'id':4858,'name':'honestas','wfs':[{'id':243359013,'morph':{'Casus':'ABLATIVE','DeclensionType':'THIRD_DECLENSION','Genus':'FEMININE','Numerus':'SINGULAR','Pos':'NN'},'name':'honestate'}]}],'name':'honestas@NN'}]">honestate</w><c> </c><w lemma="[{'id':7992315,'ls':[{'id':9222,'name':'vestio','wfs':[{'id':7993042,'morph':{'ConjugationType':'FOURTH_CONJUGATION','Genus':'FEMININE','Mood':'INDICATIVE','Numerus':'SINGULAR','Person':'PERSON_3','Pos':'V','Tense':'PERFECT','VerbType':'TRANSITIVE','Voice':'PASSIVE'},'name':'vestita'}]}],'name':'vestio@V'}]">vestita</w><c>?</c><c> </c></s><s><w lemma="[{'id':182444,'ls':[{'id':182445,'name':'hinc','wfs':[{'id':182446,'morph':{'ComparisonDegree':'POSITIVE','Pos':'ADV'},'name':'hinc'}]}],'name':'hinc@ADV'}]">Hinc</w><c> </c><w lemma="[{'id':7617143,'ls':[{'id':7617144,'name':'sum','wfs':[{'id':242825881,'morph':{'Mood':'INDICATIVE','Numerus':'SINGULAR','Person':'PERSON_3','Pos':'V','Tense':'PRESENT','VerbType':'VERBA_ANOMALA','Voice':'ACTIVE'},'name':'est'}]}],'name':'sum@V'}]">est</w><c> </c><w lemma="[{'id':242816363,'ls':[{'id':242816364,'name':'qui','wfs':[{'id':245004334,'morph':{'Casus':'ACCUSATIVE','Genus':'NEUTER','Numerus':'SINGULAR','Pos':'PRO','PronounType':'RELATIVE'},'name':'quod'}]}],'name':'qui@PRO'}]">quod</w><c> </c><w lemma="[{'id':2874459,'ls':[{'id':242457998,'name':'praesens','wfs':[{'id':244213372,'morph':{'Casus':'ABLATIVE','ComparisonDegree':'POSITIVE','DeclensionType':'THIRD_DECLENSION','Genus':'FEMININE','Numerus':'SINGULAR','Pos':'ADJ'},'name':'praesenti'}]}],'name':'praesens@ADJ'}]">praesenti</w><c> </c><w lemma="[{'id':1123200,'ls':[{'id':1123201,'name':'iussio','wfs':[{'id':243379762,'morph':{'Casus':'ABLATIVE','DeclensionType':'THIRD_DECLENSION','Genus':'FEMININE','Numerus':'SINGULAR','Pos':'NN'},'name':'iussione'}]}],'name':'iussio@NN'}]">iussione</w><c> </c><w lemma="[{'id':4707704,'ls':[{'id':3046,'name':'decerno','wfs':[{'id':4707821,'morph':{'ConjugationType':'THIRD_CONJUGATION','Mood':'INDICATIVE','Numerus':'PLURAL','Person':'PERSON_1','Pos':'V','Tense':'PRESENT','VerbType':'TRANSITIVE','Voice':'ACTIVE'},'name':'decernimus'}]}],'name':'decerno@V'}]">decernimus</w><c>,</c><c> </c><w lemma="[{'id':110061,'ls':[{'id':110062,'name':'ut','wfs':[{'id':110063,'morph':{'Pos':'CON'},'name':'ut'}]}],'name':'ut@CON'}]">ut</w><c> </c><w lemma="[{'id':2636884,'ls':[{'id':5916,'name':'magnificus','wfs':[{'id':2636923,'morph':{'Casus':'NOMINATIVE','ComparisonDegree':'POSITIVE','DeclensionType':'SECOND_DECLENSION','Genus':'MASCULINE','Numerus':'PLURAL','Pos':'ADJ'},'name':'magnifici'}]}],'name':'magnificus@ADJ'}]">magnifici</w><c> </c><w lemma="[{'id':109828,'ls':[{'id':109829,'name':'et','wfs':[{'id':109830,'morph':{'Pos':'CON'},'name':'et'}]}],'name':'et@CON'}]">et</w><c> </c><w lemma="[{'id':2771672,'ls':[{'id':2771673,'name':'patricius','wfs':[{'id':2771705,'morph':{'Casus':'NOMINATIVE','ComparisonDegree':'POSITIVE','DeclensionType':'SECOND_DECLENSION','Genus':'MASCULINE','Numerus':'PLURAL','Pos':'ADJ'},'name':'patricii'}]}],'name':'patricius@ADJ'}]">patricii</w><c> </c><lb n="8" xml:id="bsb00000824_00211_8"></lb><w lemma="[{'id':1466541,'ls':[{'id':9281,'name':'vir','wfs':[{'id':1466562,'morph':{'Casus':'NOMINATIVE','DeclensionType':'SECOND_DECLENSION','Genus':'MASCULINE','Numerus':'PLURAL','Pos':'NN'},'name':'viri'}]}],'name':'vir@NN'}]">viri</w><c> </c><w lemma="[{'id':404220,'ls':[{'id':404221,'name':'Festus','wfs':[{'id':627616,'morph':{'Casus':'NOMINATIVE','DeclensionType':'SECOND_DECLENSION','Genus':'MASCULINE','Numerus':'SINGULAR','Pos':'NP'},'name':'Festus'}]}],'name':'Festus@NP'}]">Festus</w><c> </c><w lemma="[{'id':109772,'ls':[{'id':109773,'name':'atque','wfs':[{'id':109774,'morph':{'Pos':'CON'},'name':'atque'}]}],'name':'atque@CON'}]">atque</w><c> </c><w lemma="[{'id':613593,'ls':[{'id':613594,'name':'Symmachus','wfs':[{'id':613609,'morph':{'Casus':'NOMINATIVE','DeclensionType':'SECOND_DECLENSION','Genus':'MASCULINE','Numerus':'SINGULAR','Pos':'NP'},'name':'Symmachus'}]}],'name':'Symmachus@NP'}]">Symmachus</w><c> </c><w lemma="[{'id':109535,'ls':[{'id':109536,'name':'contra','wfs':[{'id':109537,'morph':{'Pos':'AP'},'name':'contra'}]}],'name':'contra@AP'}]">contra</w><c> </c><w lemma="[{'id':2413908,'ls':[{'id':4928,'name':'illustris','wfs':[{'id':2414010,'morph':{'Casus':'ACCUSATIVE','ComparisonDegree':'POSITIVE','DeclensionType':'THIRD_DECLENSION','Genus':'MASCULINE','Numerus':'SINGULAR','Pos':'ADJ'},'name':'illustrem'}]}],'name':'illustris@ADJ'}]">illustrem</w><c> </c><w lemma="[{'id':109828,'ls':[{'id':109829,'name':'et','wfs':[{'id':109830,'morph':{'Pos':'CON'},'name':'et'}]}],'name':'et@CON'}]">et</w><c> </c><w lemma="[{'id':1229528,'ls':[{'id':1229529,'name':'patricius','wfs':[{'id':243415583,'morph':{'Casus':'ACCUSATIVE','DeclensionType':'SECOND_DECLENSION','Genus':'MASCULINE','Numerus':'SINGULAR','Pos':'NN'},'name':'patricium'}]}],'name':'patricius@NN'}]">patricium</w><c> </c><w lemma="[{'id':555437,'ls':[{'id':555438,'name':'Paulinus','wfs':[{'id':555447,'morph':{'Casus':'ACCUSATIVE','DeclensionType':'SECOND_DECLENSION','Genus':'MASCULINE','Numerus':'SINGULAR','Pos':'NP'},'name':'Paulinum'}]}],'name':'Paulinus@NP'}]">Paulinum</w><c> </c><w lemma="[{'id':109577,'ls':[{'id':109578,'name':'in','wfs':[{'id':109579,'morph':{'Pos':'AP'},'name':'in'}]}],'name':'in@AP'}]">in</w><c> </c><w lemma="[{'id':1119861,'ls':[{'id':1119862,'name':'iudicium','wfs':[{'id':243378428,'morph':{'Casus':'ABLATIVE','DeclensionType':'SECOND_DECLENSION','Genus':'NEUTER','Numerus':'SINGULAR','Pos':'NN'},'name':'iudicio'}]}],'name':'iudicium@NN'}]">iudicio</w><c> </c><w lemma="[{'id':244512458,'ls':[{'id':244512459,'name':'vester','wfs':[{'id':481107040,'morph':{'Casus':'ABLATIVE','DeclensionType':'SECOND_DECLENSION','Genus':'NEUTER','Numerus':'SINGULAR','Pos':'PRO','PronounType':'POSSESSIVE'},'name':'vestro'}]}],'name':'vester@PRO'}]">vestro</w><c>,</c><c> </c><lb n="9" xml:id="bsb00000824_00211_9"></lb><w lemma="[{'id':242816363,'ls':[{'id':242816364,'name':'qui','wfs':[{'id':242816398,'morph':{'Casus':'ACCUSATIVE','Genus':'FEMININE','Numerus':'PLURAL','Pos':'PRO','PronounType':'RELATIVE'},'name':'quas'}]}],'name':'qui@PRO'}]">quas</w><c> </c><w lemma="[{'id':242816792,'ls':[{'id':242816793,'name':'sui','wfs':[{'id':594734072,'morph':{'Casus':'ACCUSATIVE','Genus':'MASCULINE','Numerus':'PLURAL','Pos':'PRO','PronounType':'REFLEXIVE'},'name':'se'}]}],'name':'sui@PRO'}]">se</w><c> </c><w lemma="[{'id':5618354,'ls':[{'id':4757,'name':'habeo','wfs':[{'id':5618435,'morph':{'ConjugationType':'SECOND_CONJUGATION','Mood':'INFINITIVE','Pos':'V','Tense':'PRESENT','VerbType':'TRANSITIVE','Voice':'ACTIVE'},'name':'habere'}]}],'name':'habeo@V'}]">habere</w><c> </c><w lemma="[{'id':4961932,'ls':[{'id':244530688,'name':'dico','wfs':[{'id':4962513,'morph':{'ConjugationType':'THIRD_CONJUGATION','Mood':'INDICATIVE','Numerus':'PLURAL','Person':'PERSON_3','Pos':'V','Tense':'PRESENT','VerbType':'TRANSITIVE','Voice':'ACTIVE'},'name':'dicunt'}]}],'name':'dico@V'}]">dicunt</w><c>,</c><c> </c><w lemma="[{'id':5358515,'ls':[{'id':5358516,'name':'exero','wfs':[{'id':5358825,'morph':{'ConjugationType':'THIRD_CONJUGATION','Mood':'SUBJUNCTIVE','Numerus':'PLURAL','Person':'PERSON_3','Pos':'V','Tense':'PRESENT','VerbType':'TRANSITIVE','Voice':'ACTIVE'},'name':'exerant'}]}],'name':'exero@V'}]">exerant</w><c> </c><w lemma="[{'id':709525,'ls':[{'id':175,'name':'actio','wfs':[{'id':1033254,'morph':{'Casus':'ACCUSATIVE','DeclensionType':'THIRD_DECLENSION','Genus':'FEMININE','Numerus':'PLURAL','Pos':'NN'},'name':'actiones'}]}],'name':'actio@NN'}]">actiones</w><c>.</c><c> </c></s><s><w lemma="[{'id':242816363,'ls':[{'id':242816364,'name':'qui','wfs':[{'id':242816406,'morph':{'Casus':'ABLATIVE','Genus':'MASCULINE','Numerus':'PLURAL','Pos':'PRO','PronounType':'RELATIVE'},'name':'quibus'}]}],'name':'qui@PRO'}]">quibus</w><c> </c><w lemma="[{'id':109629,'ls':[{'id':109630,'name':'pro','wfs':[{'id':109631,'morph':{'Pos':'AP'},'name':'pro'}]}],'name':'pro@AP'}]">pro</w><c> </c><w lemma="[{'id':1137961,'ls':[{'id':5724,'name':'lex','wfs':[{'id':1137967,'morph':{'Casus':'GENITIVE','DeclensionType':'THIRD_DECLENSION','Genus':'FEMININE','Numerus':'PLURAL','Pos':'NN'},'name':'legum'}]}],'name':'lex@NN'}]">legum</w><c> </c><w lemma="[{'id':1307428,'ls':[{'id':7734,'name':'ratio','wfs':[{'id':241472615,'morph':{'Casus':'ABLATIVE','DeclensionType':'THIRD_DECLENSION','Genus':'FEMININE','Numerus':'SINGULAR','Pos':'NN'},'name':'ratione'}]}],'name':'ratio@NN'}]">ratione</w><c> </c><w lemma="[{'id':7755891,'ls':[{'id':8690,'name':'suscipio','wfs':[{'id':7756751,'morph':{'Casus':'ABLATIVE','ConjugationType':'THIRD_CONJUGATION','Genus':'MASCULINE','Mood':'PARTICIPLE','Numerus':'PLURAL','Pos':'V','Tense':'PERFECT','VerbType':'TRANSITIVE','Voice':'PASSIVE'},'name':'susceptis'}]}],'name':'suscipio@V'}]">susceptis</w><c> </c><w lemma="[{'id':109828,'ls':[{'id':109829,'name':'et','wfs':[{'id':109830,'morph':{'Pos':'CON'},'name':'et'}]}],'name':'et@CON'}]">et</w><c>,</c><c> </c><w lemma="[{'id':110020,'ls':[{'id':110021,'name':'si','wfs':[{'id':110022,'morph':{'Pos':'CON'},'name':'si'}]}],'name':'si@CON'}]">si</w><c> </c><lb n="10" xml:id="bsb00000824_00211_10"></lb><w lemma="[{'id':1122928,'ls':[{'id':1122941,'name':'ius','wfs':[{'id':1122954,'morph':{'Casus':'GENITIVE','DeclensionType':'THIRD_DECLENSION','Genus':'NEUTER','Numerus':'SINGULAR','Pos':'NN'},'name':'iuris'}]}],'name':'ius@NN'}]">iuris</w><c> </c><w lemma="[{'id':1216283,'ls':[{'id':6689,'name':'ordo','wfs':[{'id':1216289,'morph':{'Casus':'NOMINATIVE','DeclensionType':'THIRD_DECLENSION','Genus':'MASCULINE','Numerus':'SINGULAR','Pos':'NN'},'name':'ordo'}]}],'name':'ordo@NN'}]">ordo</w><c> </c><w lemma="[{'id':6534354,'ls':[{'id':6845,'name':'patior','wfs':[{'id':6534861,'morph':{'ConjugationType':'THIRD_CONJUGATION','Mood':'INDICATIVE','Numerus':'SINGULAR','Person':'PERSON_3','Pos':'V','Tense':'PRESENT','VerbType':'DEPONENT','Voice':'PASSIVE'},'name':'patitur'}]}],'name':'patior@V'}]">patitur</w><c>,</c><c> </c><w lemma="[{'id':4746265,'ls':[{'id':3116,'name':'definio','wfs':[{'id':4746312,'morph':{'Casus':'ABLATIVE','ConjugationType':'FOURTH_CONJUGATION','Genus':'MASCULINE','Mood':'PARTICIPLE','Numerus':'PLURAL','Pos':'V','Tense':'PERFECT','VerbType':'TRANSITIVE','Voice':'PASSIVE'},'name':'definitis'}]}],'name':'definio@V'}]">definitis</w><c> </c><w lemma="[{'id':248916,'ls':[{'id':8978,'name':'tunc','wfs':[{'id':241342921,'morph':{'Pos':'ADV'},'name':'tunc'}]}],'name':'tunc@ADV'}]">tunc</w><c> </c><w lemma="[{'id':1229528,'ls':[{'id':1229529,'name':'patricius','wfs':[{'id':1229531,'morph':{'Casus':'NOMINATIVE','DeclensionType':'SECOND_DECLENSION','Genus':'MASCULINE','Numerus':'SINGULAR','Pos':'NN'},'name':'patricius'}]}],'name':'patricius@NN'}]">patricius</w><c> </c><w lemma="[{'id':555437,'ls':[{'id':555438,'name':'Paulinus','wfs':[{'id':555453,'morph':{'Casus':'NOMINATIVE','DeclensionType':'SECOND_DECLENSION','Genus':'MASCULINE','Numerus':'SINGULAR','Pos':'NP'},'name':'Paulinus'}]}],'name':'Paulinus@NP'}]">Paulinus</w><c>,</c><c> </c><w lemma="[{'id':242816688,'ls':[{'id':242816689,'name':'quisquis','wfs':[{'id':242816690,'morph':{'Casus':'ACCUSATIVE','Genus':'NEUTER','Numerus':'SINGULAR','Pos':'PRO','PronounType':'INDEFINITE'},'name':'quicquid'}]}],'name':'quisquis@PRO'}]">quicquid</w><c> </c><w lemma="[{'id':116959,'ls':[{'id':116964,'name':'adversum','wfs':[{'id':116965,'morph':{'ComparisonDegree':'POSITIVE','Pos':'ADV'},'name':'adversum'}]}],'name':'adversum@ADV'}]">adversum</w><c> </c><w lemma="[{'id':109673,'ls':[{'id':109674,'name':'supra','wfs':[{'id':109675,'morph':{'Pos':'AP'},'name':'supra'}]}],'name':'supra@AP'}]">supra</w><c> </c><w lemma="[{'id':242270158,'ls':[{'id':242270159,'name':'memoratus','wfs':[{'id':242270186,'morph':{'Casus':'ACCUSATIVE','ComparisonDegree':'POSITIVE','DeclensionType':'SECOND_DECLENSION','Genus':'MASCULINE','Numerus':'PLURAL','Pos':'ADJ'},'name':'memoratos'}]}],'name':'memoratus@ADJ'}]">memoratos</w><c> </c><lb n="11" xml:id="bsb00000824_00211_11"></lb><w lemma="[{'id':2636884,'ls':[{'id':5916,'name':'magnificus','wfs':[{'id':2636911,'morph':{'Casus':'ACCUSATIVE','ComparisonDegree':'POSITIVE','DeclensionType':'SECOND_DECLENSION','Genus':'MASCULINE','Numerus':'PLURAL','Pos':'ADJ'},'name':'magnificos'}]}],'name':'magnificus@ADJ'}]">magnificos</w><c> </c><w lemma="[{'id':1466541,'ls':[{'id':9281,'name':'vir','wfs':[{'id':370436,'morph':{'Casus':'ACCUSATIVE','DeclensionType':'SECOND_DECLENSION','Genus':'MASCULINE','Numerus':'PLURAL','Pos':'NN'},'name':'viros'}]}],'name':'vir@NN'}]">viros</w><c> </c><w lemma="[{'id':242816792,'ls':[{'id':242816793,'name':'sui','wfs':[{'id':594734072,'morph':{'Casus':'ACCUSATIVE','Genus':'MASCULINE','Numerus':'PLURAL','Pos':'PRO','PronounType':'REFLEXIVE'},'name':'se'}]}],'name':'sui@PRO'}]">se</w><c> </c><w lemma="[{'id':5618354,'ls':[{'id':4757,'name':'habeo','wfs':[{'id':5618435,'morph':{'ConjugationType':'SECOND_CONJUGATION','Mood':'INFINITIVE','Pos':'V','Tense':'PRESENT','VerbType':'TRANSITIVE','Voice':'ACTIVE'},'name':'habere'}]}],'name':'habeo@V'}]">habere</w><c> </c><w lemma="[{'id':3979159,'ls':[{'id':3979598,'name':'causor','wfs':[{'id':3979691,'morph':{'ConjugationType':'FIRST_CONJUGATION','Mood':'INDICATIVE','Numerus':'SINGULAR','Person':'PERSON_3','Pos':'V','Tense':'PRESENT','VerbType':'DEPONENT','Voice':'PASSIVE'},'name':'causatur'}]}],'name':'causor@V'}]">causatur</w><c>,</c><c> </c><w lemma="[{'id':2764049,'ls':[{'id':245550017,'name':'par','wfs':[{'id':244161904,'morph':{'Casus':'ABLATIVE','ComparisonDegree':'POSITIVE','DeclensionType':'THIRD_DECLENSION','Genus':'FEMININE','Numerus':'SINGULAR','Pos':'ADJ'},'name':'pari'}]}],'name':'par@ADJ'}]">pari</w><c> </c><w lemma="[{'id':1367507,'ls':[{'id':8405,'name':'sors','wfs':[{'id':243463653,'morph':{'Casus':'ABLATIVE','DeclensionType':'THIRD_DECLENSION','Genus':'FEMININE','Numerus':'SINGULAR','Pos':'NN'},'name':'sorte'}]}],'name':'sors@NN'}]">sorte</w><c> </c><w lemma="[{'id':4861876,'ls':[{'id':3321,'name':'depromo','wfs':[{'id':4862200,'morph':{'ConjugationType':'THIRD_CONJUGATION','Mood':'SUBJUNCTIVE','Numerus':'SINGULAR','Person':'PERSON_3','Pos':'V','Tense':'PRESENT','VerbType':'TRANSITIVE','Voice':'ACTIVE'},'name':'depromat'}]}],'name':'depromo@V'}]">depromat</w><c>.</c><c> </c></s><s><w lemma="[{'id':109871,'ls':[{'id':109872,'name':'nec','wfs':[{'id':109873,'morph':{'Pos':'CON'},'name':'nec'}]}],'name':'nec@CON'}]">nec</w><c> </c><w lemma="[{'id':7777796,'ls':[{'id':8744,'name':'tardo','wfs':[{'id':7777878,'morph':{'ConjugationType':'FIRST_CONJUGATION','Mood':'INFINITIVE','Pos':'V','Tense':'PRESENT','VerbType':'TRANSITIVE','Voice':'PASSIVE'},'name':'tardari'}]}],'name':'tardo@V'}]">tardari</w><c> </c><w lemma="[{'id':8038609,'ls':[{'id':9327,'name':'volo','wfs':[{'id':243116354,'morph':{'Mood':'INDICATIVE','Numerus':'PLURAL','Person':'PERSON_1','Pos':'V','Tense':'PRESENT','VerbType':'VERBA_ANOMALA','Voice':'ACTIVE'},'name':'volumus'}]}],'name':'volo@V'}]">volumus</w><c> </c><w lemma="[{'id':109577,'ls':[{'id':109578,'name':'in','wfs':[{'id':109579,'morph':{'Pos':'AP'},'name':'in'}]}],'name':'in@AP'}]">in</w><c> </c><w lemma="[{'id':242816207,'ls':[{'id':242816208,'name':'is','wfs':[{'id':607984474,'morph':{'Casus':'GENITIVE','Genus':'MASCULINE','Numerus':'SINGULAR','Pos':'PRO','PronounType':'DEMONSTRATIVE'},'name':'eius'}]}],'name':'is@PRO'}]">eius</w><c> </c><lb n="12" xml:id="bsb00000824_00211_12"></lb><w lemma="[{'id':226369,'ls':[{'id':7700,'name':'quoque','wfs':[{'id':226371,'morph':{'Pos':'ADV'},'name':'quoque'}]}],'name':'quoque@ADV'}]">quoque</w><c> </c><w lemma="[{'id':1227224,'ls':[{'id':6813,'name':'pars','wfs':[{'id':243414708,'morph':{'Casus':'ABLATIVE','DeclensionType':'THIRD_DECLENSION','Genus':'FEMININE','Numerus':'SINGULAR','Pos':'NN'},'name':'parte'}]}],'name':'pars@NN'}]">parte</w><c> </c><w lemma="[{'id':1355217,'ls':[{'id':8251,'name':'sententia','wfs':[{'id':1355226,'morph':{'Casus':'ACCUSATIVE','DeclensionType':'FIRST_DECLENSION','Genus':'FEMININE','Numerus':'SINGULAR','Pos':'NN'},'name':'sententiam'}]}],'name':'sententia@NN'}]">sententiam</w><c>,</c><c> </c><w lemma="[{'id':109813,'ls':[{'id':109814,'name':'dum','wfs':[{'id':109815,'morph':{'Pos':'CON'},'name':'dum'}]}],'name':'dum@CON'}]">dum</w><c> </c><w lemma="[{'id':8038609,'ls':[{'id':9327,'name':'volo','wfs':[{'id':244520942,'morph':{'Mood':'SUBJUNCTIVE','Numerus':'PLURAL','Person':'PERSON_1','Pos':'V','Tense':'PRESENT','VerbType':'VERBA_ANOMALA','Voice':'ACTIVE'},'name':'velimus'}]}],'name':'volo@V'}]">velimus</w><c> </c><w lemma="[{'id':2744416,'ls':[{'id':6625,'name':'omnis','wfs':[{'id':2744433,'morph':{'Casus':'ACCUSATIVE','ComparisonDegree':'POSITIVE','DeclensionType':'THIRD_DECLENSION','Genus':'NEUTER','Numerus':'PLURAL','Pos':'ADJ'},'name':'omnia'}]}],'name':'omnis@ADJ'}]">omnia</w><c> </c><w lemma="[{'id':109587,'ls':[{'id':109588,'name':'inter','wfs':[{'id':109589,'morph':{'Pos':'AP'},'name':'inter'}]}],'name':'inter@AP'}]">inter</w><c> </c><w lemma="[{'id':242816207,'ls':[{'id':242816208,'name':'is','wfs':[{'id':244510049,'morph':{'Casus':'ACCUSATIVE','Genus':'MASCULINE','Numerus':'PLURAL','Pos':'PRO','PronounType':'PERSONAL'},'name':'eos'}]}],'name':'is@PRO'}]">eos</w><c> </c><w lemma="[{'id':7617143,'ls':[{'id':7617144,'name':'sum','wfs':[{'id':7617145,'morph':{'Mood':'INFINITIVE','Pos':'V','Tense':'PRESENT','VerbType':'VERBA_ANOMALA','Voice':'ACTIVE'},'name':'esse'}]}],'name':'sum@V'}]">esse</w><c> </c><w lemma="[{'id':4709594,'ls':[{'id':3052,'name':'decido','wfs':[{'id':779486953,'morph':{'Casus':'ACCUSATIVE','ConjugationType':'SECOND_CONJUGATION','Genus':'NEUTER','Mood':'INFINITIVE','Numerus':'PLURAL','Pos':'V','Tense':'PERFECT','Voice':'PASSIVE'},'name':'decisa'}]}],'name':'decido@V'}]">decisa</w><c> </c><w lemma="[{'id':1190486,'ls':[{'id':1190489,'name':'nihil','wfs':[{'id':779486949,'morph':{'Casus':'ACCUSATIVE','Genus':'NEUTER','Numerus':'SINGULAR','Pos':'NN'},'name':'nihilque'}]}],'name':'nihil@NN'}]">nihilque</w><c> </c><w lemma="[{'id':242815932,'ls':[{'id':242815933,'name':'alius','wfs':[{'id':548801280,'morph':{'Casus':'ACCUSATIVE','DeclensionType':'SECOND_DECLENSION','Genus':'NEUTER','Numerus':'SINGULAR','Pos':'PRO','PronounType':'INDEFINITE'},'name':'aliud'}]}],'name':'alius@PRO'}]">aliud</w><c> </c><lb n="13" xml:id="bsb00000824_00211_13"></lb><w lemma="[{'id':7131443,'ls':[{'id':7131444,'name':'relinquo','wfs':[{'id':7131526,'morph':{'ConjugationType':'THIRD_CONJUGATION','Mood':'INFINITIVE','Pos':'V','Tense':'PRESENT','VerbType':'TRANSITIVE','Voice':'PASSIVE'},'name':'relinqui'}]}],'name':'relinquo@V'}]">relinqui</w><c>,</c><c> </c><w lemma="[{'id':109907,'ls':[{'id':109908,'name':'nisi','wfs':[{'id':109909,'morph':{'Pos':'CON'},'name':'nisi'}]}],'name':'nisi@CON'}]">nisi</w><c> </c><w lemma="[{'id':242816363,'ls':[{'id':242816364,'name':'qui','wfs':[{'id':296826590,'morph':{'Casus':'NOMINATIVE','Genus':'NEUTER','Numerus':'SINGULAR','Pos':'PRO','PronounType':'RELATIVE'},'name':'quod'}]}],'name':'qui@PRO'}]">quod</w><c> </c><w lemma="[{'id':4694501,'ls':[{'id':3027,'name':'debeo','wfs':[{'id':4694852,'morph':{'ConjugationType':'SECOND_CONJUGATION','Mood':'INDICATIVE','Numerus':'SINGULAR','Person':'PERSON_3','Pos':'V','Tense':'PRESENT','VerbType':'TRANSITIVE','Voice':'PASSIVE'},'name':'debetur'}]}],'name':'debeo@V'}]">debetur</w><c> </c><w lemma="[{'id':732914,'ls':[{'id':732919,'name':'affectus','wfs':[{'id':243245081,'morph':{'Casus':'DATIVE','DeclensionType':'FOURTH_DECLENSION','Genus':'MASCULINE','Numerus':'SINGULAR','Pos':'NN'},'name':'affectui'}]}],'name':'affectus@NN'}]">affectui</w><c>.</c><c> </c></s><s><w lemma="[{'id':8004098,'ls':[{'id':9253,'name':'video','wfs':[{'id':8004686,'morph':{'ConjugationType':'SECOND_CONJUGATION','Mood':'IMPERATIVE','Numerus':'PLURAL','Person':'PERSON_2','Pos':'V','Tense':'PRESENT','VerbType':'TRANSITIVE','Voice':'ACTIVE'},'name':'videte'}]}],'name':'video@V'}]">Videte</w><c> </c><w lemma="[{'id':171912,'ls':[{'id':171913,'name':'ergo','wfs':[{'id':171914,'morph':{'ComparisonDegree':'POSITIVE','Pos':'ADV'},'name':'ergo'}]}],'name':'ergo@ADV'}]">ergo</w><c> </c><w lemma="[{'id':3176744,'ls':[{'id':3176745,'name':'tantus','wfs':[{'id':3176847,'morph':{'Casus':'GENITIVE','ComparisonDegree':'POSITIVE','DeclensionType':'SECOND_DECLENSION','Genus':'NEUTER','Numerus':'SINGULAR','Pos':'ADJ'},'name':'tanti'}]}],'name':'tantus@ADJ'}]">tanti</w><c> </c><w lemma="[{'id':1119861,'ls':[{'id':1119862,'name':'iudicium','wfs':[{'id':1119864,'morph':{'Casus':'GENITIVE','DeclensionType':'SECOND_DECLENSION','Genus':'NEUTER','Numerus':'SINGULAR','Pos':'NN'},'name':'iudicii'}]}],'name':'iudicium@NN'}]">iudicii</w><c> </c><w lemma="[{'id':775264,'ls':[{'id':957,'name':'arbiter','wfs':[{'id':243257201,'morph':{'Casus':'ACCUSATIVE','DeclensionType':'SECOND_DECLENSION','Genus':'MASCULINE','Numerus':'PLURAL','Pos':'NN'},'name':'arbitros'}]}],'name':'arbiter@NN'}]">arbitros</w><c> </c><w lemma="[{'id':242816974,'ls':[{'id':242816975,'name':'vos','wfs':[{'id':315046,'morph':{'Casus':'ACCUSATIVE','Numerus':'PLURAL','Pos':'PRO','PronounType':'PERSONAL'},'name':'vos'}]}],'name':'vos@PRO'}]">vos</w><c> </c><w lemma="[{'id':5189377,'ls':[{'id':3832,'name':'eligo','wfs':[{'id':779487486,'morph':{'Casus':'ACCUSATIVE','ConjugationType':'THIRD_CONJUGATION','Genus':'MASCULINE','Mood':'INFINITIVE','Numerus':'PLURAL','Pos':'V','Tense':'PERFECT','VerbType':'TRANSITIVE','Voice':'PASSIVE'},'name':'electos'}]}],'name':'eligo@V'}]">electos</w><c>:</c><c> </c><lb n="14" xml:id="bsb00000824_00211_14"></lb><w lemma="[{'id':8004098,'ls':[{'id':9253,'name':'video','wfs':[{'id':8004686,'morph':{'ConjugationType':'SECOND_CONJUGATION','Mood':'IMPERATIVE','Numerus':'PLURAL','Person':'PERSON_2','Pos':'V','Tense':'PRESENT','VerbType':'TRANSITIVE','Voice':'ACTIVE'},'name':'videte'}]}],'name':'video@V'}]">videte</w><c> </c><w lemma="[{'id':1020481,'ls':[{'id':1020482,'name':'expectatio','wfs':[{'id':243343080,'morph':{'Casus':'ACCUSATIVE','DeclensionType':'THIRD_DECLENSION','Genus':'FEMININE','Numerus':'SINGULAR','Pos':'NN'},'name':'expectationem'}]}],'name':'exspectatio@NN'}]">expectationem</w><c> </c><w lemma="[{'id':244510439,'ls':[{'id':244510440,'name':'noster','wfs':[{'id':244510441,'morph':{'Casus':'ACCUSATIVE','DeclensionType':'FIRST_DECLENSION','Genus':'FEMININE','Numerus':'SINGULAR','Pos':'PRO','PronounType':'POSSESSIVE'},'name':'nostram'}]}],'name':'noster@PRO'}]">nostram</w><c> </c><w lemma="[{'id':1559384,'ls':[{'id':497,'name':'aequabilis','wfs':[{'id':779486897,'morph':{'Casus':'ACCUSATIVE','ComparisonDegree':'POSITIVE','DeclensionType':'THIRD_DECLENSION','Genus':'FEMININE','Numerus':'SINGULAR','Pos':'ADJ'},'name':'aequabilem'}]}],'name':'aequabilis@ADJ'}]">aequabilem</w><c> </c><w lemma="[{'id':5515945,'ls':[{'id':4393,'name':'flagito','wfs':[{'id':5516026,'morph':{'ConjugationType':'FIRST_CONJUGATION','Mood':'INFINITIVE','Pos':'V','Tense':'PRESENT','VerbType':'TRANSITIVE','Voice':'ACTIVE'},'name':'flagitare'}]}],'name':'flagito@V'}]">flagitare</w><c> </c><w lemma="[{'id':1123571,'ls':[{'id':1123572,'name':'iustitia','wfs':[{'id':1123581,'morph':{'Casus':'ACCUSATIVE','DeclensionType':'FIRST_DECLENSION','Genus':'FEMININE','Numerus':'SINGULAR','Pos':'NN'},'name':'iustitiam'}]}],'name':'iustitia@NN'}]">iustitiam</w><c>:</c><c> </c><w lemma="[{'id':7101054,'ls':[{'id':7806,'name':'refero','wfs':[{'id':525167,'morph':{'Casus':'NOMINATIVE','Genus':'MASCULINE','Mood':'PARTICIPLE','Numerus':'PLURAL','Pos':'V','Tense':'FUTURE','VerbType':'VERBA_ANOMALA','Voice':'ACTIVE'},'name':'relaturi'}]}],'name':'refero@V'}]">relaturi</w><c> </c><w lemma="[{'id':1056993,'ls':[{'id':4717,'name':'gratia','wfs':[{'id':1057005,'morph':{'Casus':'GENITIVE','DeclensionType':'FIRST_DECLENSION','Genus':'FEMININE','Numerus':'SINGULAR','Pos':'NN'},'name':'gratiae'}]}],'name':'gratia@NN'}]">gratiae</w><c> </c><w lemma="[{'id':3228263,'ls':[{'id':242741455,'name':'uber','wfs':[{'id':244382954,'morph':{'Casus':'ACCUSATIVE','ComparisonDegree':'SUPERLATIVE','DeclensionType':'SECOND_DECLENSION','Genus':'MASCULINE','Numerus':'SINGULAR','Pos':'ADJ'},'name':'uberrimum'}]}],'name':'uber@ADJ'}]">uberrimum</w><c> </c><lb n="15" xml:id="bsb00000824_00211_15"></lb><w lemma="[{'id':1042397,'ls':[{'id':4525,'name':'fructus','wfs':[{'id':243350626,'morph':{'Casus':'ACCUSATIVE','DeclensionType':'FOURTH_DECLENSION','Genus':'MASCULINE','Numerus':'SINGULAR','Pos':'NN'},'name':'fructum'}]}],'name':'fructus@NN'}]">fructum</w><c>,</c><c> </c><w lemma="[{'id':110020,'ls':[{'id':110021,'name':'si','wfs':[{'id':110022,'morph':{'Pos':'CON'},'name':'si'}]}],'name':'si@CON'}]">si</w><c> </c><w lemma="[{'id':1273644,'ls':[{'id':1273645,'name':'praesens','wfs':[{'id':1273660,'morph':{'Casus':'NOMINATIVE','DeclensionType':'THIRD_DECLENSION','Genus':'NEUTER','Numerus':'SINGULAR','Pos':'NN'},'name':'praesens'}]}],'name':'praesens@NN'}]">praesens</w><c> </c><w lemma="[{'id':970126,'ls':[{'id':3568,'name':'disceptatio','wfs':[{'id':970130,'morph':{'Casus':'NOMINATIVE','DeclensionType':'THIRD_DECLENSION','Genus':'FEMININE','Numerus':'SINGULAR','Pos':'NN'},'name':'disceptatio'}]}],'name':'disceptatio@NN'}]">disceptatio</w><c> </c><w lemma="[{'id':242815921,'ls':[{'id':242815922,'name':'aliquis','wfs':[{'id':597561183,'morph':{'Casus':'ACCUSATIVE','Genus':'MASCULINE','Numerus':'PLURAL','Pos':'PRO','PronounType':'INDEFINITE'},'name':'quos'}]}],'name':'aliquis@PRO'}]">quos</w><c> </c><w lemma="[{'id':2184160,'ls':[{'id':3522,'name':'dignus','wfs':[{'id':2184188,'morph':{'Casus':'ACCUSATIVE','ComparisonDegree':'POSITIVE','DeclensionType':'SECOND_DECLENSION','Genus':'MASCULINE','Numerus':'PLURAL','Pos':'ADJ'},'name':'dignos'}]}],'name':'dignus@ADJ'}]">dignos</w><c> </c><w lemma="[{'id':4637462,'ls':[{'id':2846,'name':'credo','wfs':[{'id':4637789,'morph':{'ConjugationType':'THIRD_CONJUGATION','Mood':'INDICATIVE','Numerus':'SINGULAR','Person':'PERSON_3','Pos':'V','Tense':'PERFECT','VerbType':'TRANSITIVE','Voice':'ACTIVE'},'name':'credidit'}]}],'name':'credo@V'}]">credidit</w><c>,</c><c> </c><w lemma="[{'id':206035,'ls':[{'id':6416,'name':'non','wfs':[{'id':241322627,'morph':{'Pos':'ADV'},'name':'non'}]}],'name':'non@ADV'}]">non</w><c> </c><w lemma="[{'id':1081630,'ls':[{'id':1081631,'name':'impar','wfs':[{'id':1081632,'morph':{'Casus':'ACCUSATIVE','DeclensionType':'THIRD_DECLENSION','Genus':'MASCULINE','Numerus':'PLURAL','Pos':'NN'},'name':'impares'}]}],'name':'impar@NN'}]">impares</w><c> </c><w lemma="[{'id':6890785,'ls':[{'id':7404,'name':'probo','wfs':[{'id':6891138,'morph':{'ConjugationType':'FIRST_CONJUGATION','Mood':'SUBJUNCTIVE','Numerus':'SINGULAR','Person':'PERSON_3','Pos':'V','Tense':'PRESENT','VerbType':'TRANSITIVE','Voice':'ACTIVE'},'name':'probet'}]}],'name':'probo@V'}]">probet</w><c>,</c><c> </c><w lemma="[{'id':7617143,'ls':[{'id':7617144,'name':'sum','wfs':[{'id':7617145,'morph':{'Mood':'INFINITIVE','Pos':'V','Tense':'PRESENT','VerbType':'VERBA_ANOMALA','Voice':'ACTIVE'},'name':'esse'}]}],'name':'sum@V'}]">esse</w><c> </c><w lemma="[{'id':4694501,'ls':[{'id':3027,'name':'debeo','wfs':[{'id':4694851,'morph':{'ConjugationType':'SECOND_CONJUGATION','Mood':'INDICATIVE','Numerus':'SINGULAR','Person':'PERSON_3','Pos':'V','Tense':'PRESENT','VerbType':'TRANSITIVE','Voice':'ACTIVE'},'name':'debet'}]}],'name':'debeo@V'}]">debet</w><c> </c><lb n="16" xml:id="bsb00000824_00211_16"></lb><w lemma="[{'id':109821,'ls':[{'id':109822,'name':'enim','wfs':[{'id':109823,'morph':{'Pos':'CON'},'name':'enim'}]}],'name':'enim@CON'}]">enim</w><c> </c><w lemma="[{'id':109545,'ls':[{'id':109546,'name':'de','wfs':[{'id':109547,'morph':{'Pos':'AP'},'name':'de'}]}],'name':'de@AP'}]">de</w><c> </c><w lemma="[{'id':244511865,'ls':[{'id':244511866,'name':'talis','wfs':[{'id':785529575,'morph':{'Casus':'ABLATIVE','DeclensionType':'THIRD_DECLENSION','Genus':'NEUTER','Numerus':'PLURAL','Pos':'PRO','PronounType':'CORRELATIVE'},'name':'talibus'}]}],'name':'talis@PRO'}]">talibus</w><c> </c><w lemma="[{'id':1466541,'ls':[{'id':9281,'name':'vir','wfs':[{'id':1466558,'morph':{'Casus':'ABLATIVE','DeclensionType':'SECOND_DECLENSION','Genus':'MASCULINE','Numerus':'PLURAL','Pos':'NN'},'name':'viris'}]}],'name':'vir@NN'}]">viris</w><c> </c><w lemma="[{'id':930846,'ls':[{'id':2962,'name':'cura','wfs':[{'id':930856,'morph':{'Casus':'ABLATIVE','DeclensionType':'FIRST_DECLENSION','Genus':'FEMININE','Numerus':'SINGULAR','Pos':'NN'},'name':'cura'}]}],'name':'cura@NN'}]">cura</w><c> </c><w lemma="[{'id':2856923,'ls':[{'id':2856924,'name':'praecipuus','wfs':[{'id':2856987,'morph':{'Casus':'ABLATIVE','ComparisonDegree':'POSITIVE','DeclensionType':'FIRST_DECLENSION','Genus':'FEMININE','Numerus':'SINGULAR','Pos':'ADJ'},'name':'praecipua'}]}],'name':'praecipuus@ADJ'}]">praecipua</w><c>,</c><c> </c><w lemma="[{'id':242816363,'ls':[{'id':242816364,'name':'qui','wfs':[{'id':296826592,'morph':{'Casus':'NOMINATIVE','Genus':'MASCULINE','Numerus':'PLURAL','Pos':'PRO','PronounType':'RELATIVE'},'name':'qui'}]}],'name':'qui@PRO'}]">qui</w><c> </c><w lemma="[{'id':5109084,'ls':[{'id':3001,'name':'do','wfs':[{'id':550594779,'morph':{'ConjugationType':'FIRST_CONJUGATION','Mood':'INFINITIVE','Pos':'V','Tense':'PRESENT','VerbType':'TRANSITIVE','Voice':'ACTIVE'},'name':'dare'}]}],'name':'do@V'}]">dare</w><c> </c><w lemma="[{'id':6741602,'ls':[{'id':7228,'name':'possum','wfs':[{'id':244516520,'morph':{'Mood':'INDICATIVE','Numerus':'PLURAL','Person':'PERSON_3','Pos':'V','Tense':'PRESENT','VerbType':'VERBA_ANOMALA','Voice':'ACTIVE'},'name':'possunt'}]}],'name':'possum@V'}]">possunt</w><c> </c><w lemma="[{'id':2768942,'ls':[{'id':6825,'name':'parvus','wfs':[{'id':2769118,'morph':{'Casus':'DATIVE','ComparisonDegree':'COMPARATIVE','DeclensionType':'THIRD_DECLENSION','Genus':'MASCULINE','Numerus':'PLURAL','Pos':'ADJ'},'name':'minoribus'}]}],'name':'parvus@ADJ'}]">minoribus</w><c> </c><w lemma="[{'id':172890,'ls':[{'id':172895,'name':'evidenter','wfs':[{'id':172898,'morph':{'ComparisonDegree':'POSITIVE','Pos':'ADV'},'name':'evidenter'}]}],'name':'evidenter@ADV'}]">evidenter</w><c> </c><w lemma="[{'id':1013135,'ls':[{'id':4067,'name':'exemplum','wfs':[{'id':1013136,'morph':{'Casus':'ACCUSATIVE','DeclensionType':'SECOND_DECLENSION','Genus':'NEUTER','Numerus':'PLURAL','Pos':'NN'},'name':'exempla'}]}],'name':'exemplum@NN'}]">exempla</w><c>.</c><c> </c><lb n="17" xml:id="bsb00000824_00211_17"></lb></s><s><w lemma="[{'id':109861,'ls':[{'id':109862,'name':'nam','wfs':[{'id':109863,'morph':{'Pos':'CON'},'name':'nam'}]}],'name':'nam@CON'}]">nam</w><c> </c><w lemma="[{'id':242816600,'ls':[{'id':242816601,'name':'quis','wfs':[{'id':244511369,'morph':{'Casus':'NOMINATIVE','Genus':'MASCULINE','Numerus':'SINGULAR','Pos':'PRO','PronounType':'INDEFINITE'},'name':'qui'}]}],'name':'quis@PRO'}]">qui</w><c> </c><w lemma="[{'id':109587,'ls':[{'id':109588,'name':'inter','wfs':[{'id':109589,'morph':{'Pos':'AP'},'name':'inter'}]}],'name':'inter@AP'}]">inter</w><c> </c><w lemma="[{'id':1396741,'ls':[{'id':1396742,'name':'summus','wfs':[{'id':243475217,'morph':{'Casus':'ACCUSATIVE','DeclensionType':'SECOND_DECLENSION','Genus':'MASCULINE','Numerus':'PLURAL','Pos':'NN'},'name':'summos'}]}],'name':'summus@NN'}]">summos</w><c> </c><w lemma="[{'id':1466541,'ls':[{'id':9281,'name':'vir','wfs':[{'id':370436,'morph':{'Casus':'ACCUSATIVE','DeclensionType':'SECOND_DECLENSION','Genus':'MASCULINE','Numerus':'PLURAL','Pos':'NN'},'name':'viros'}]}],'name':'vir@NN'}]">viros</w><c> </c><w lemma="[{'id':6159024,'ls':[{'id':6159025,'name':'lito','wfs':[{'id':6159189,'morph':{'ConjugationType':'FIRST_CONJUGATION','Mood':'SUBJUNCTIVE','Numerus':'SINGULAR','Person':'PERSON_1','Pos':'V','Tense':'PRESENT','VerbType':'TRANSITIVE','Voice':'ACTIVE'},'name':'litem'}]}],'name':'lito@V'}]">litem</w><c> </c><w lemma="[{'id':6313896,'ls':[{'id':6366,'name':'neglego','wfs':[{'id':6314621,'morph':{'ConjugationType':'THIRD_CONJUGATION','Mood':'INDICATIVE','Numerus':'SINGULAR','Person':'PERSON_3','Pos':'V','Tense':'PRESENT','VerbType':'TRANSITIVE','Voice':'ACTIVE'},'name':'neglegit'}]}],'name':'neglego@V'}]">neglegit</w><c> </c><w lemma="[{'id':3346397,'ls':[{'id':41,'name':'aboleo','wfs':[{'id':498546440,'morph':{'Casus':'ACCUSATIVE','ComparisonDegree':'POSITIVE','DeclensionType':'FIRST_DECLENSION','Genus':'FEMININE','Mood':'GERUNDIVE','Numerus':'SINGULAR','Pos':'V'},'name':'abolendam'}]}],'name':'aboleo@V'}]">abolendam</w><c>,</c><c> </c><w lemma="[{'id':242815996,'ls':[{'id':242815997,'name':'hic','wfs':[{'id':36187642,'morph':{'Casus':'ACCUSATIVE','Genus':'NEUTER','Numerus':'SINGULAR','Pos':'PRO','PronounType':'DEMONSTRATIVE'},'name':'hoc'}]}],'name':'hic@PRO'}]">hoc</w><c> </c><w lemma="[{'id':5688910,'ls':[{'id':4938,'name':'imitor','wfs':[{'id':5689388,'morph':{'ConjugationType':'FIRST_CONJUGATION','Mood':'INFINITIVE','Pos':'V','Tense':'PRESENT','VerbType':'DEPONENT','Voice':'PASSIVE'},'name':'imitari'}]}],'name':'imitor@V'}]">imitari</w><c> </c><w lemma="[{'id':2968402,'ls':[{'id':2968737,'name':'reliquus','wfs':[{'id':2968745,'morph':{'Casus':'ACCUSATIVE','ComparisonDegree':'POSITIVE','DeclensionType':'SECOND_DECLENSION','Genus':'MASCULINE','Numerus':'PLURAL','Pos':'ADJ'},'name':'reliquos'}]}],'name':'reliquus@ADJ'}]">reliquos</w><c> </c><w lemma="[{'id':109658,'ls':[{'id':109659,'name':'sine','wfs':[{'id':109660,'morph':{'Pos':'AP'},'name':'sine'}]}],'name':'sine@AP'}]">sine</w><c> </c><lb n="18" xml:id="bsb00000824_00211_18"></lb><w lemma="[{'id':981535,'ls':[{'id':3727,'name':'dubitatio','wfs':[{'id':243328550,'morph':{'Casus':'ABLATIVE','DeclensionType':'THIRD_DECLENSION','Genus':'FEMININE','Numerus':'SINGULAR','Pos':'NN'},'name':'dubitatione'}]}],'name':'dubitatio@NN'}]">dubitatione</w><c> </c><w lemma="[{'id':6624882,'ls':[{'id':6986,'name':'permitto','wfs':[{'id':6625203,'morph':{'ConjugationType':'THIRD_CONJUGATION','Mood':'INDICATIVE','Numerus':'SINGULAR','Person':'PERSON_3','Pos':'V','Tense':'PRESENT','VerbType':'TRANSITIVE','Voice':'ACTIVE'},'name':'permittit'}]}],'name':'permitto@V'}]">permittit</w><c>.</c></s></p></div></body></text></TEI>