<?xml version="1.0" ?><TEI xmlns="http://www.tei-c.org/ns/1.0"><teiHeader><fileDesc><titleStmt><title>MGH Auct. ant. 12: Cassiodori Senatoris Variae</title><editor>Mommsen, Theodor</editor></titleStmt><publicationStmt><publisher>Monumenta Germaniae Historica (MGH)</publisher><publisher>Bavarian State Library (BSB), München</publisher><idno type="BSB">bsb00000824</idno><idno type="MGH"><idno type="Annotation_created_by">sysop</idno><idno type="Annotation_created_on">Wed Oct 18 18:53:08 CEST 2017</idno><idno type="Annotation_last_changed_by">geelhaar</idno><idno type="Annotation_last_changed_on">Thu Aug 20 10:43:40 CEST 2020</idno><idno type="Author_(German)">Cassiodor (Flavius Magnus Aurelius Cassiodorus Senator)</idno><idno type="Author_(Latin)">Cassiodorus Vivariensis</idno><idno type="BSB">bsb00000824</idno><idno type="Bibliographical_Link">http://stabikat.de/DB=1/XMLPRS=N/PPN?PPN=235118842</idno><idno type="C_Stat">06</idno><idno type="C1">06</idno><idno type="C2">05</idno><idno type="Column">136</idno><idno type="Commentary">dated according to the edition (TG)</idno><idno type="Concordance_View">true</idno><idno type="Digital_Edition_Statement">Text retrieved from the critical edition and prepared by the BMBF funded project "Humanist Computer Interaction under Scrutiny"(https://humanist.hs-mainz.de/en/). The Latin Text Archive (LTA) version has been created at Goethe University Frankfurt by the CompHistSem-Work Group (hudesktop.hucompute.org).</idno><idno type="Edition">MGH Auctores antiquissimi 12</idno><idno type="LTA_Export">true</idno><idno type="Licence_Info">CC BY 4.0</idno><idno type="Multiple_Lemmata_under_a_unique_Super_lemma">0.00%</idno><idno type="Multiple_Super_lemmata">0.00%</idno><idno type="Multiple_Wordforms_under_a_unique_Lemma">0.00%</idno><idno type="Multiple_Wordforms._Tagger_based_result._Multiple_Lemmata_possible">0.00%</idno><idno type="Multiple_Wordforms._Tagger_based_result._Multiple_Super_Lemmata_possible">0.00%</idno><idno type="Not_yet_linked_or_unknown_Wordform">0.00%</idno><idno type="Page">136-137</idno><idno type="Provided_by">Monumenta Germaniae Historica</idno><idno type="RepFontMA">not available</idno><idno type="Status">a</idno><idno type="Text_Type">Letter</idno><idno type="Text_Type_Class">Letters</idno><idno type="Time">507/511</idno><idno type="Title">Variae 04.49 - Universis provincialibus et capillatis defensoribus et curialibus Siscia vel Savia consistentibus Theodericus rex</idno><idno type="Type_of_Corpus">Corpus of Letters</idno><idno type="URL">http://www.mgh.de/dmgh/resolving/MGH_Auct._ant._12_S._136</idno><idno type="Unique_Wordform">100,00%</idno><idno type="Unique_Wordform._Tagger_based_result._Multiple_Lemmata_possible">0.00%</idno><idno type="Unique_Wordform._Tagger_based_result._Multiple_Super_lemmata_possible">0.00%</idno><idno type="VIAF_(Expression)">182693798</idno><idno type="VIAF_(Expression)_Link">http://viaf.org/viaf/182693798</idno><idno type="VIAF_(Person)">95230707</idno><idno type="VIAF_(Person)_Link">http://viaf.org/viaf/95230707</idno><idno type="Volume">Auct. ant. 12</idno><idno type="Year_of_Publication_(interpreted)">0511</idno>MGH Auct. ant. 12</idno><availability><licence target="http://creativecommons.org/licenses/by/4.0/"><p>Distributed under the Creative Commons Attribution 4.0 International (CC BY 4.0) license.</p><p>This license covers the annotations added by the Monumenta Germaniae Historica and the
            Bavarian State Library, Munich, in the course of project "digital MGH"
            <ref target="http://www.dmgh.de">http://www.dmgh.de</ref>, funded by the
            German Research Foundation (DFG).</p><p>We do not claim any rights on the text itself which is believed to be in the public domain.</p><p>If you distribute a copy or a derivative version of this file, please indicate the source
            of the file by mentioning the Monumenta Germaniae Historica (MGH) and the
            Bavarian State Library, Munich (BSB).</p></licence></availability><date when="2016-11-28T16:32:43+01:00">2016-11-28, 16:32:43</date></publicationStmt><sourceDesc><biblFull><titleStmt><title>Cassiodori Senatoris Variae</title><editor>Mommsen, Theodor</editor></titleStmt><publicationStmt><publisher>Weidmann</publisher><pubPlace>Berlin</pubPlace><date>1894</date></publicationStmt><seriesStmt><title>Auctores antiquissimi</title><biblScope unit="volume">12</biblScope></seriesStmt></biblFull></sourceDesc></fileDesc></teiHeader><text><body><div><lb n="22" xml:id="bsb00000824_00320_22"></lb><head n="3"><s><w lemma="[{'id':241346594,'ls':[{'id':241346595,'name':'NUMERAL','wfs':[{'id':245547060,'morph':{'Pos':'NUM'},'name':'xlviiii'}]}],'name':'NUMERAL@NUM'}]">XLVIIII</w><c>.</c><c> </c><lb n="23" xml:id="bsb00000824_00320_23"></lb><w lemma="[{'id':1441318,'ls':[{'id':1441337,'name':'universus','wfs':[{'id':1441340,'morph':{'Casus':'DATIVE','DeclensionType':'SECOND_DECLENSION','Genus':'MASCULINE','Numerus':'PLURAL','Pos':'NN'},'name':'universis'}]}],'name':'universus@NN'}]">UNIVERSIS</w><c> </c><w lemma="[{'id':1291117,'ls':[{'id':1291131,'name':'provincialis','wfs':[{'id':1291136,'morph':{'Casus':'DATIVE','DeclensionType':'THIRD_DECLENSION','Genus':'MASCULINE','Numerus':'PLURAL','Pos':'NN'},'name':'provincialibus'}]}],'name':'provincialis@NN'}]">PROVINCIALIBUS</w><c> </c><w lemma="[{'id':109828,'ls':[{'id':109829,'name':'et','wfs':[{'id':109830,'morph':{'Pos':'CON'},'name':'et'}]}],'name':'et@CON'}]">ET</w><c> </c><w lemma="[{'id':1803273,'ls':[{'id':1803274,'name':'capillatus','wfs':[{'id':1803307,'morph':{'Casus':'DATIVE','ComparisonDegree':'POSITIVE','DeclensionType':'SECOND_DECLENSION','Genus':'MASCULINE','Numerus':'PLURAL','Pos':'ADJ'},'name':'capillatis'}]}],'name':'capillatus@ADJ'}]">CAPILLATIS</w><c> </c><lb n="24" xml:id="bsb00000824_00320_24"></lb><w lemma="[{'id':942038,'ls':[{'id':3109,'name':'defensor','wfs':[{'id':942040,'morph':{'Casus':'ABLATIVE','DeclensionType':'THIRD_DECLENSION','Genus':'MASCULINE','Numerus':'PLURAL','Pos':'NN'},'name':'defensoribus'}]}],'name':'defensor@NN'}]">DEFENSORIBUS</w><c> </c><w lemma="[{'id':109828,'ls':[{'id':109829,'name':'et','wfs':[{'id':109830,'morph':{'Pos':'CON'},'name':'et'}]}],'name':'et@CON'}]">ET</w><c> </c><w lemma="[{'id':931437,'ls':[{'id':931438,'name':'curialis','wfs':[{'id':931443,'morph':{'Casus':'DATIVE','DeclensionType':'THIRD_DECLENSION','Genus':'MASCULINE','Numerus':'PLURAL','Pos':'NN'},'name':'curialibus'}]}],'name':'curialis@NN'}]">CURIALIBUS</w><c> </c><w lemma="[{'id':605003,'ls':[{'id':605022,'name':'Siscia','wfs':[{'id':605033,'morph':{'Casus':'ABLATIVE','DeclensionType':'FIRST_DECLENSION','Genus':'FEMININE','Numerus':'SINGULAR','Pos':'NE'},'name':'Siscia'}]}],'name':'Siscia@NE'}]">SISCIA</w><c> </c><w lemma="[{'id':110077,'ls':[{'id':110078,'name':'vel','wfs':[{'id':110080,'morph':{'Pos':'CON'},'name':'vel'}]}],'name':'vel@CON'}]">VEL</w><c> </c><w lemma="[{'id':593577,'ls':[{'id':593596,'name':'Savia','wfs':[{'id':593607,'morph':{'Casus':'ABLATIVE','DeclensionType':'FIRST_DECLENSION','Numerus':'SINGULAR','Pos':'NP'},'name':'Savia'}]}],'name':'Sauia@NP'}]">SAVIA</w><c> </c><w lemma="[{'id':358644,'ls':[{'id':358645,'name':'Consistens','wfs':[{'id':358649,'morph':{'Casus':'DATIVE','DeclensionType':'THIRD_DECLENSION','Genus':'MASCULINE','Numerus':'PLURAL','Pos':'NE'},'name':'Consistentibus'}]}],'name':'Consistens@NE'}]">CONSISTENTIBUS</w><c> </c><lb n="25" xml:id="bsb00000824_00320_25"></lb><w lemma="[{'id':624521,'ls':[{'id':624522,'name':'Theodericus','wfs':[{'id':243244190,'morph':{'Casus':'NOMINATIVE','DeclensionType':'SECOND_DECLENSION','Genus':'MASCULINE','Numerus':'SINGULAR','Pos':'NP'},'name':'Theodericus'}]}],'name':'Theodericus@NP'}]">THEODERICUS</w><c> </c><w lemma="[{'id':1329481,'ls':[{'id':7965,'name':'rex','wfs':[{'id':1329499,'morph':{'Casus':'NOMINATIVE','DeclensionType':'THIRD_DECLENSION','Genus':'MASCULINE','Numerus':'SINGULAR','Pos':'NN'},'name':'rex'}]}],'name':'rex@NN'}]">REX</w><c>.</c></s></head><note><s><hi rend="ITALICS"><w lemma="[{'id':759853,'ls':[{'id':807,'name':'annus','wfs':[{'id':382849904,'morph':{'Casus':'ABLATIVE','DeclensionType':'SECOND_DECLENSION','Genus':'MASCULINE','Numerus':'SINGULAR','Pos':'NN'},'name':'a'}]}],'name':'annus@NN'}]">a</w><c>.</c><c> </c><w lemma="[{'id':241346594,'ls':[{'id':241346595,'name':'NUMERAL','wfs':[{'id':241346596,'morph':{'Pos':'NUM'},'name':'NUMERAL'}]}],'name':'NUMERAL@NUM'}]">507</w><c>/</c><w lemma="[{'id':241346594,'ls':[{'id':241346595,'name':'NUMERAL','wfs':[{'id':241346596,'morph':{'Pos':'NUM'},'name':'NUMERAL'}]}],'name':'NUMERAL@NUM'}]">511</w></hi></s></note><lb n="26" xml:id="bsb00000824_00320_26"></lb><p><s><w lemma="[{'id':976034,'ls':[{'id':976035,'name':'districtio','wfs':[{'id':976039,'morph':{'Casus':'NOMINATIVE','DeclensionType':'THIRD_DECLENSION','Genus':'FEMININE','Numerus':'SINGULAR','Pos':'NN'},'name':'districtio'}]}],'name':'districtio@NN'}]">Districtio</w><c> </c><w lemma="[{'id':234266,'ls':[{'id':8236,'name':'semper','wfs':[{'id':241336670,'morph':{'Pos':'ADV'},'name':'semper'}]}],'name':'semper@ADV'}]">semper</w><c> </c><w lemma="[{'id':7553577,'ls':[{'id':8601,'name':'subtraho','wfs':[{'id':7553659,'morph':{'ConjugationType':'THIRD_CONJUGATION','Mood':'INFINITIVE','Pos':'V','Tense':'PRESENT','VerbType':'TRANSITIVE','Voice':'PASSIVE'},'name':'subtrahi'}]}],'name':'subtraho@V'}]">subtrahi</w><c> </c><w lemma="[{'id':206035,'ls':[{'id':6416,'name':'non','wfs':[{'id':241322627,'morph':{'Pos':'ADV'},'name':'non'}]}],'name':'non@ADV'}]">non</w><c> </c><w lemma="[{'id':4694501,'ls':[{'id':3027,'name':'debeo','wfs':[{'id':4694851,'morph':{'ConjugationType':'SECOND_CONJUGATION','Mood':'INDICATIVE','Numerus':'SINGULAR','Person':'PERSON_3','Pos':'V','Tense':'PRESENT','VerbType':'TRANSITIVE','Voice':'ACTIVE'},'name':'debet'}]}],'name':'debeo@V'}]">debet</w><c> </c><w lemma="[{'id':2964815,'ls':[{'id':2964816,'name':'regius','wfs':[{'id':2964875,'morph':{'Casus':'GENITIVE','ComparisonDegree':'POSITIVE','DeclensionType':'FIRST_DECLENSION','Genus':'FEMININE','Numerus':'SINGULAR','Pos':'ADJ'},'name':'regiae'}]}],'name':'regius@ADJ'}]">regiae</w><c> </c><w lemma="[{'id':1123200,'ls':[{'id':1123201,'name':'iussio','wfs':[{'id':1123204,'morph':{'Casus':'GENITIVE','DeclensionType':'THIRD_DECLENSION','Genus':'FEMININE','Numerus':'SINGULAR','Pos':'NN'},'name':'iussionis'}]}],'name':'iussio@NN'}]">iussionis</w><c>,</c><c> </c><w lemma="[{'id':110061,'ls':[{'id':110062,'name':'ut','wfs':[{'id':110063,'morph':{'Pos':'CON'},'name':'ut'}]}],'name':'ut@CON'}]">ut</w><c> </c><w lemma="[{'id':109828,'ls':[{'id':109829,'name':'et','wfs':[{'id':109830,'morph':{'Pos':'CON'},'name':'et'}]}],'name':'et@CON'}]">et</w><c> </c><w lemma="[{'id':1707232,'ls':[{'id':241722500,'name':'audax','wfs':[{'id':243730722,'morph':{'Casus':'ACCUSATIVE','ComparisonDegree':'POSITIVE','DeclensionType':'THIRD_DECLENSION','Genus':'MASCULINE','Numerus':'PLURAL','Pos':'ADJ'},'name':'audaces'}]}],'name':'audax@ADJ'}]">audaces</w><c> </c><w lemma="[{'id':1167132,'ls':[{'id':6092,'name':'metus','wfs':[{'id':243394443,'morph':{'Casus':'NOMINATIVE','DeclensionType':'FOURTH_DECLENSION','Genus':'MASCULINE','Numerus':'SINGULAR','Pos':'NN'},'name':'metus'}]}],'name':'metus@NN'}]">metus</w><c> </c><lb n="27" xml:id="bsb00000824_00320_27"></lb><w lemma="[{'id':4351411,'ls':[{'id':2254,'name':'comprimo','wfs':[{'id':4351735,'morph':{'ConjugationType':'THIRD_CONJUGATION','Mood':'SUBJUNCTIVE','Numerus':'SINGULAR','Person':'PERSON_3','Pos':'V','Tense':'PRESENT','VerbType':'TRANSITIVE','Voice':'ACTIVE'},'name':'comprimat'}]}],'name':'comprimo@V'}]">comprimat</w><c> </c><w lemma="[{'id':109828,'ls':[{'id':109829,'name':'et','wfs':[{'id':109830,'morph':{'Pos':'CON'},'name':'et'}]}],'name':'et@CON'}]">et</w><c> </c><w lemma="[{'id':242220547,'ls':[{'id':242220548,'name':'laceratus','wfs':[{'id':242220575,'morph':{'Casus':'ACCUSATIVE','ComparisonDegree':'POSITIVE','DeclensionType':'SECOND_DECLENSION','Genus':'MASCULINE','Numerus':'PLURAL','Pos':'ADJ'},'name':'laceratos'}]}],'name':'laceratus@ADJ'}]">laceratos</w><c> </c><w lemma="[{'id':1369683,'ls':[{'id':8410,'name':'spes','wfs':[{'id':241482004,'morph':{'Casus':'NOMINATIVE','DeclensionType':'FIFTH_DECLENSION','Genus':'FEMININE','Numerus':'SINGULAR','Pos':'NN'},'name':'spes'}]}],'name':'spes@NN'}]">spes</w><c> </c><w lemma="[{'id':2358901,'ls':[{'id':2358902,'name':'futurus','wfs':[{'id':539256806,'morph':{'Casus':'NOMINATIVE','Genus':'FEMININE','Numerus':'SINGULAR','Pos':'ADJ'},'name':'futura'}]}],'name':'futurus@ADJ'}]">futura</w><c> </c><w lemma="[{'id':7108694,'ls':[{'id':7812,'name':'refoveo','wfs':[{'id':7109412,'morph':{'ConjugationType':'SECOND_CONJUGATION','Mood':'SUBJUNCTIVE','Numerus':'SINGULAR','Person':'PERSON_3','Pos':'V','Tense':'PRESENT','VerbType':'TRANSITIVE','Voice':'ACTIVE'},'name':'refoveat'}]}],'name':'refoveo@V'}]">refoveat</w><c>.</c><c> </c></s><s><w lemma="[{'id':217459,'ls':[{'id':7161,'name':'plerumque','wfs':[{'id':217461,'morph':{'ComparisonDegree':'POSITIVE','Pos':'ADV'},'name':'plerumque'}]}],'name':'plerumque@ADV'}]">plerumque</w><c> </c><w lemma="[{'id':109821,'ls':[{'id':109822,'name':'enim','wfs':[{'id':109823,'morph':{'Pos':'CON'},'name':'enim'}]}],'name':'enim@CON'}]">enim</w><c> </c><w lemma="[{'id':241890396,'ls':[{'id':241890397,'name':'denuntiatus','wfs':[{'id':241890469,'morph':{'Casus':'NOMINATIVE','ComparisonDegree':'POSITIVE','DeclensionType':'FIRST_DECLENSION','Genus':'FEMININE','Numerus':'SINGULAR','Pos':'ADJ'},'name':'denuntiata'}]}],'name':'denuntiatus@ADJ'}]">denuntiata</w><c> </c><w lemma="[{'id':879521,'ls':[{'id':2151,'name':'comminatio','wfs':[{'id':879525,'morph':{'Casus':'NOMINATIVE','DeclensionType':'THIRD_DECLENSION','Genus':'FEMININE','Numerus':'SINGULAR','Pos':'NN'},'name':'comminatio'}]}],'name':'comminatio@NN'}]">comminatio</w><c> </c><w lemma="[{'id':2842497,'ls':[{'id':2842498,'name':'plus','wfs':[{'id':242434503,'morph':{'Pos':'ADJ'},'name':'plus'}]}],'name':'plus@ADJ'}]">plus</w><c> </c><lb n="28" xml:id="bsb00000824_00320_28"></lb><w lemma="[{'id':5147146,'ls':[{'id':3801,'name':'efficio','wfs':[{'id':5147475,'morph':{'ConjugationType':'THIRD_CONJUGATION','Mood':'INDICATIVE','Numerus':'SINGULAR','Person':'PERSON_3','Pos':'V','Tense':'PRESENT','VerbType':'TRANSITIVE','Voice':'ACTIVE'},'name':'efficit'}]}],'name':'efficio@V'}]">efficit</w><c> </c><w lemma="[{'id':225505,'ls':[{'id':7683,'name':'quam','wfs':[{'id':225506,'morph':{'Pos':'ADV'},'name':'quam'}]}],'name':'quam@ADV'}]">quam</w><c> </c><w lemma="[{'id':1260283,'ls':[{'id':1260284,'name':'poena','wfs':[{'id':1260298,'morph':{'Casus':'NOMINATIVE','DeclensionType':'FIRST_DECLENSION','Genus':'FEMININE','Numerus':'SINGULAR','Pos':'NN'},'name':'poena'}]}],'name':'poena@NN'}]">poena</w><c> </c><w lemma="[{'id':4343116,'ls':[{'id':2239,'name':'compono','wfs':[{'id':4343472,'morph':{'ConjugationType':'THIRD_CONJUGATION','Mood':'INDICATIVE','Numerus':'SINGULAR','Person':'PERSON_3','Pos':'V','Tense':'PRESENT','VerbType':'TRANSITIVE','Voice':'ACTIVE'},'name':'componit'}]}],'name':'compono@V'}]">componit</w><c>.</c><c> </c></s><s><w lemma="[{'id':109828,'ls':[{'id':109829,'name':'et','wfs':[{'id':109830,'morph':{'Pos':'CON'},'name':'et'}]}],'name':'et@CON'}]">et</w><c> </c><w lemma="[{'id':183546,'ls':[{'id':183547,'name':'ideo','wfs':[{'id':183548,'morph':{'ComparisonDegree':'POSITIVE','Pos':'ADV'},'name':'ideo'}]}],'name':'ideo@ADV'}]">ideo</w><c> </c><w lemma="[{'id':958093,'ls':[{'id':958094,'name':'deus','wfs':[{'id':958105,'morph':{'Casus':'ABLATIVE','DeclensionType':'SECOND_DECLENSION','Genus':'MASCULINE','Numerus':'SINGULAR','Pos':'NN'},'name':'deo'}]}],'name':'deus@NN'}]">deo</w><c> </c><w lemma="[{'id':800502,'ls':[{'id':1232,'name':'auspex','wfs':[{'id':243265459,'morph':{'Casus':'ABLATIVE','DeclensionType':'THIRD_DECLENSION','Genus':'MASCULINE','Numerus':'SINGULAR','Pos':'NN'},'name':'auspice'}]}],'name':'auspex@NN'}]">auspice</w><c> </c><w lemma="[{'id':804401205,'ls':[{'id':804401206,'name':'Fridibadus','wfs':[{'id':804401207,'morph':{'Casus':'ACCUSATIVE','DeclensionType':'SECOND_DECLENSION','Genus':'MASCULINE','Numerus':'SINGULAR','Pos':'NP'},'name':'Fridibadum'}]}],'name':'Fridibadus@NP'}]">Fridibadum</w><c> </c><w lemma="[{'id':1143697,'ls':[{'id':5796,'name':'locus','wfs':[{'id':1143703,'morph':{'Casus':'DATIVE','DeclensionType':'SECOND_DECLENSION','Genus':'MASCULINE','Numerus':'PLURAL','Pos':'NN'},'name':'locis'}]}],'name':'locus@NN'}]">locis</w><c> </c><w lemma="[{'id':244512458,'ls':[{'id':244512459,'name':'vester','wfs':[{'id':795281205,'morph':{'Casus':'DATIVE','Genus':'MASCULINE','Numerus':'PLURAL','Pos':'PRO','PronounType':'POSSESSIVE'},'name':'vestris'}]}],'name':'vester@PRO'}]">vestris</w><c> </c><w lemma="[{'id':6849764,'ls':[{'id':6849765,'name':'praesum','wfs':[{'id':510324,'morph':{'Mood':'INFINITIVE','Pos':'V','Tense':'PRESENT','VerbType':'VERBA_ANOMALA','Voice':'ACTIVE'},'name':'praeesse'}]}],'name':'praesum@V'}]">praeesse</w><c> </c><lb n="29" xml:id="bsb00000824_00320_29"></lb><w lemma="[{'id':3989099,'ls':[{'id':1747,'name':'censeo','wfs':[{'id':3989273,'morph':{'ConjugationType':'SECOND_CONJUGATION','Mood':'INDICATIVE','Numerus':'PLURAL','Person':'PERSON_1','Pos':'V','Tense':'PERFECT','VerbType':'TRANSITIVE','Voice':'ACTIVE'},'name':'censuimus'}]}],'name':'censeo@V'}]">censuimus</w><c>,</c><c> </c><w lemma="[{'id':242816363,'ls':[{'id':242816364,'name':'qui','wfs':[{'id':244511016,'morph':{'Casus':'NOMINATIVE','Genus':'MASCULINE','Numerus':'SINGULAR','Pos':'PRO','PronounType':'RELATIVE'},'name':'qui'}]}],'name':'qui@PRO'}]">qui</w><c> </c><w lemma="[{'id':692708,'ls':[{'id':692709,'name':'abactor','wfs':[{'id':692710,'morph':{'Casus':'ACCUSATIVE','DeclensionType':'THIRD_DECLENSION','Genus':'MASCULINE','Numerus':'PLURAL','Pos':'NN'},'name':'abactores'}]}],'name':'abactor@NN'}]">abactores</w><c> </c><w lemma="[{'id':757982,'ls':[{'id':798,'name':'animal','wfs':[{'id':243251881,'morph':{'Casus':'GENITIVE','DeclensionType':'THIRD_DECLENSION','Genus':'NEUTER','Numerus':'PLURAL','Pos':'NN'},'name':'animalium'}]}],'name':'animal@NN'}]">animalium</w><c> </c><w lemma="[{'id':2605844,'ls':[{'id':5678,'name':'legitimus','wfs':[{'id':2605907,'morph':{'Casus':'ABLATIVE','ComparisonDegree':'POSITIVE','DeclensionType':'FIRST_DECLENSION','Genus':'FEMININE','Numerus':'SINGULAR','Pos':'ADJ'},'name':'legitima'}]}],'name':'legitimus@ADJ'}]">legitima</w><c> </c><w lemma="[{'id':1359387,'ls':[{'id':8295,'name':'severitas','wfs':[{'id':243460651,'morph':{'Casus':'ABLATIVE','DeclensionType':'THIRD_DECLENSION','Genus':'FEMININE','Numerus':'SINGULAR','Pos':'NN'},'name':'severitate'}]}],'name':'severitas@NN'}]">severitate</w><c> </c><w lemma="[{'id':4183728,'ls':[{'id':2006,'name':'coerceo','wfs':[{'id':4184081,'morph':{'ConjugationType':'SECOND_CONJUGATION','Mood':'SUBJUNCTIVE','Numerus':'SINGULAR','Person':'PERSON_3','Pos':'V','Tense':'PRESENT','VerbType':'TRANSITIVE','Voice':'ACTIVE'},'name':'coerceat'}]}],'name':'coerceo@V'}]">coerceat</w><c>,</c><c> </c><w lemma="[{'id':1068387,'ls':[{'id':4855,'name':'homicidium','wfs':[{'id':243358860,'morph':{'Casus':'ACCUSATIVE','DeclensionType':'SECOND_DECLENSION','Genus':'NEUTER','Numerus':'PLURAL','Pos':'NN'},'name':'homicidia'}]}],'name':'homicidium@NN'}]">homicidia</w><c> </c><w lemma="[{'id':7194061,'ls':[{'id':7194062,'name':'reseco','wfs':[{'id':7194415,'morph':{'ConjugationType':'FIRST_CONJUGATION','Mood':'SUBJUNCTIVE','Numerus':'SINGULAR','Person':'PERSON_3','Pos':'V','Tense':'PRESENT','VerbType':'TRANSITIVE','Voice':'ACTIVE'},'name':'resecet'}]}],'name':'reseco@V'}]">resecet</w><c>,</c><c> </c><lb n="30" xml:id="bsb00000824_00320_30"></lb><w lemma="[{'id':1047651,'ls':[{'id':4582,'name':'furtum','wfs':[{'id':1047652,'morph':{'Casus':'ACCUSATIVE','DeclensionType':'SECOND_DECLENSION','Genus':'NEUTER','Numerus':'PLURAL','Pos':'NN'},'name':'furta'}]}],'name':'furtum@NN'}]">furta</w><c> </c><w lemma="[{'id':4406208,'ls':[{'id':2367,'name':'condemno','wfs':[{'id':4406561,'morph':{'ConjugationType':'FIRST_CONJUGATION','Mood':'SUBJUNCTIVE','Numerus':'SINGULAR','Person':'PERSON_3','Pos':'V','Tense':'PRESENT','VerbType':'TRANSITIVE','Voice':'ACTIVE'},'name':'condemnet'}]}],'name':'condemno@V'}]">condemnet</w><c> </c><w lemma="[{'id':7033488,'ls':[{'id':7695,'name':'quiesco','wfs':[{'id':503480932,'morph':{'Casus':'ACCUSATIVE','ConjugationType':'THIRD_CONJUGATION','Genus':'MASCULINE','Mood':'PARTICIPLE','Numerus':'PLURAL','Pos':'V','Tense':'PERFECT','VerbType':'TRANSITIVE','Voice':'PASSIVE'},'name':'quietosque'}]}],'name':'quiesco@V'}]">quietosque</w><c> </c><w lemma="[{'id':242816974,'ls':[{'id':242816975,'name':'vos','wfs':[{'id':315046,'morph':{'Casus':'ACCUSATIVE','Numerus':'PLURAL','Pos':'PRO','PronounType':'PERSONAL'},'name':'vos'}]}],'name':'vos@PRO'}]">vos</w><c> </c><w lemma="[{'id':109436,'ls':[{'id':109437,'name':'ab','wfs':[{'id':109438,'morph':{'Pos':'AP'},'name':'ab'}]}],'name':'ab@AP'}]">ab</w><c> </c><w lemma="[{'id':7318439,'ls':[{'id':8148,'name':'scelero','wfs':[{'id':7318486,'morph':{'Casus':'ABLATIVE','ConjugationType':'FIRST_CONJUGATION','Genus':'MASCULINE','Mood':'PARTICIPLE','Numerus':'PLURAL','Pos':'V','Tense':'PERFECT','VerbType':'TRANSITIVE','Voice':'PASSIVE'},'name':'sceleratis'}]}],'name':'scelero@V'}]">sceleratis</w><c> </c><w lemma="[{'id':800957,'ls':[{'id':800958,'name':'ausus','wfs':[{'id':262656340,'morph':{'Casus':'ABLATIVE','DeclensionType':'FOURTH_DECLENSION','Genus':'MASCULINE','Numerus':'PLURAL','Pos':'NN'},'name':'ausibus'}]}],'name':'ausus@NN'}]">ausibus</w><c> </c><w lemma="[{'id':7086882,'ls':[{'id':7788,'name':'reddo','wfs':[{'id':7087206,'morph':{'ConjugationType':'THIRD_CONJUGATION','Mood':'SUBJUNCTIVE','Numerus':'SINGULAR','Person':'PERSON_3','Pos':'V','Tense':'PRESENT','VerbType':'TRANSITIVE','Voice':'ACTIVE'},'name':'reddat'}]}],'name':'reddo@V'}]">reddat</w><c>,</c><c> </c><w lemma="[{'id':242816363,'ls':[{'id':242816364,'name':'qui','wfs':[{'id':242816417,'morph':{'Casus':'ACCUSATIVE','Genus':'MASCULINE','Numerus':'PLURAL','Pos':'PRO','PronounType':'RELATIVE'},'name':'quos'}]}],'name':'qui@PRO'}]">quos</w><c> </c><w lemma="[{'id':206572,'ls':[{'id':206573,'name':'nunc','wfs':[{'id':241322948,'morph':{'Pos':'ADV'},'name':'nunc'}]}],'name':'nunc@ADV'}]">nunc</w><c> </c><w lemma="[{'id':1274820,'ls':[{'id':7353,'name':'praesumptio','wfs':[{'id':1274824,'morph':{'Casus':'NOMINATIVE','DeclensionType':'THIRD_DECLENSION','Genus':'FEMININE','Numerus':'SINGULAR','Pos':'NN'},'name':'praesumptio'}]}],'name':'praesumptio@NN'}]">praesumptio</w><c> </c><lb n="31" xml:id="bsb00000824_00320_31"></lb><w lemma="[{'id':2505256,'ls':[{'id':5260,'name':'iniquus','wfs':[{'id':2505344,'morph':{'Casus':'NOMINATIVE','ComparisonDegree':'POSITIVE','DeclensionType':'FIRST_DECLENSION','Genus':'FEMININE','Numerus':'SINGULAR','Pos':'ADJ'},'name':'iniqua'}]}],'name':'iniquus@ADJ'}]">iniqua</w><c> </c><w lemma="[{'id':4988790,'ls':[{'id':4988791,'name':'dilacero','wfs':[{'id':4989141,'morph':{'ConjugationType':'FIRST_CONJUGATION','Mood':'INDICATIVE','Numerus':'SINGULAR','Person':'PERSON_3','Pos':'V','Tense':'PRESENT','VerbType':'TRANSITIVE','Voice':'ACTIVE'},'name':'dilacerat'}]}],'name':'dilacero@V'}]">dilacerat</w><c>.</c><c> </c></s><s><w lemma="[{'id':8032801,'ls':[{'id':9316,'name':'vivo','wfs':[{'id':8034206,'morph':{'ConjugationType':'THIRD_CONJUGATION','Mood':'IMPERATIVE','Numerus':'PLURAL','Person':'PERSON_2','Pos':'V','Tense':'PRESENT','VerbType':'TRANSITIVE','Voice':'ACTIVE'},'name':'vivite'}]}],'name':'vivo@V'}]">vivite</w><c> </c><w lemma="[{'id':4343116,'ls':[{'id':2239,'name':'compono','wfs':[{'id':4343167,'morph':{'Casus':'NOMINATIVE','ConjugationType':'THIRD_CONJUGATION','Genus':'MASCULINE','Mood':'PARTICIPLE','Numerus':'PLURAL','Pos':'V','Tense':'PERFECT','VerbType':'TRANSITIVE','Voice':'PASSIVE'},'name':'compositi'}]}],'name':'compono@V'}]">compositi</w><c>,</c><c> </c><w lemma="[{'id':8032801,'ls':[{'id':9316,'name':'vivo','wfs':[{'id':8034206,'morph':{'ConjugationType':'THIRD_CONJUGATION','Mood':'IMPERATIVE','Numerus':'PLURAL','Person':'PERSON_2','Pos':'V','Tense':'PRESENT','VerbType':'TRANSITIVE','Voice':'ACTIVE'},'name':'vivite'}]}],'name':'vivo@V'}]">vivite</w><c> </c><w lemma="[{'id':1764149,'ls':[{'id':1394,'name':'bonus','wfs':[{'id':1764175,'morph':{'Casus':'ABLATIVE','ComparisonDegree':'POSITIVE','DeclensionType':'SECOND_DECLENSION','Genus':'MASCULINE','Numerus':'PLURAL','Pos':'ADJ'},'name':'bonis'}]}],'name':'bonus@ADJ'}]">bonis</w><c> </c><w lemma="[{'id':1175418,'ls':[{'id':6230,'name':'mos','wfs':[{'id':1175420,'morph':{'Casus':'ABLATIVE','DeclensionType':'THIRD_DECLENSION','Genus':'MASCULINE','Numerus':'PLURAL','Pos':'NN'},'name':'moribus'}]}],'name':'mos@NN'}]">moribus</w><c> </c><w lemma="[{'id':5922921,'ls':[{'id':5353,'name':'instituo','wfs':[{'id':5922972,'morph':{'Casus':'NOMINATIVE','ConjugationType':'THIRD_CONJUGATION','Genus':'MASCULINE','Mood':'PARTICIPLE','Numerus':'PLURAL','Pos':'V','Tense':'PERFECT','VerbType':'TRANSITIVE','Voice':'PASSIVE'},'name':'instituti'}]}],'name':'instituo@V'}]">instituti</w><c>,</c><c> </c><w lemma="[{'id':1194950,'ls':[{'id':1194951,'name':'nullus','wfs':[{'id':1194960,'morph':{'Casus':'ACCUSATIVE','DeclensionType':'SECOND_DECLENSION','Genus':'MASCULINE','Numerus':'SINGULAR','Pos':'NN'},'name':'nullum'}]}],'name':'nullus@NN'}]">nullum</w><c> </c><w lemma="[{'id':1185136,'ls':[{'id':6327,'name':'natio','wfs':[{'id':241457454,'morph':{'Casus':'NOMINATIVE','DeclensionType':'THIRD_DECLENSION','Genus':'FEMININE','Numerus':'SINGULAR','Pos':'NN'},'name':'natio'}]}],'name':'natio@NN'}]">natio</w><c>,</c><c> </c><w lemma="[{'id':1194950,'ls':[{'id':1194951,'name':'nullus','wfs':[{'id':1194960,'morph':{'Casus':'ACCUSATIVE','DeclensionType':'SECOND_DECLENSION','Genus':'MASCULINE','Numerus':'SINGULAR','Pos':'NN'},'name':'nullum'}]}],'name':'nullus@NN'}]">nullum</w><c> </c><lb n="32" xml:id="bsb00000824_00320_32"></lb><w lemma="[{'id':242478231,'ls':[{'id':242478232,'name':'promeritus','wfs':[{'id':242478320,'morph':{'Casus':'NOMINATIVE','ComparisonDegree':'POSITIVE','DeclensionType':'SECOND_DECLENSION','Genus':'MASCULINE','Numerus':'SINGULAR','Pos':'ADJ'},'name':'promeritus'}]}],'name':'promeritus@ADJ'}]">promeritus</w><c> </c><w lemma="[{'id':614673272,'ls':[{'id':4860,'name':'honor','wfs':[{'id':1068861,'morph':{'Casus':'NOMINATIVE','DeclensionType':'THIRD_DECLENSION','Genus':'MASCULINE','Numerus':'SINGULAR','Pos':'NN'},'name':'honor'}]}],'name':'honor@NN'}]">honor</w><c> </c><w lemma="[{'id':5349008,'ls':[{'id':4060,'name':'excuso','wfs':[{'id':5349361,'morph':{'ConjugationType':'FIRST_CONJUGATION','Mood':'SUBJUNCTIVE','Numerus':'SINGULAR','Person':'PERSON_3','Pos':'V','Tense':'PRESENT','VerbType':'TRANSITIVE','Voice':'ACTIVE'},'name':'excuset'}]}],'name':'excuso@V'}]">excuset</w><c>.</c><c> </c></s><s><w lemma="[{'id':242307696,'ls':[{'id':242307701,'name':'necesse','wfs':[{'id':242307702,'morph':{'Genus':'NEUTER','Pos':'ADJ'},'name':'necesse'}]}],'name':'necesse@ADJ'}]">necesse</w><c> </c><w lemma="[{'id':7617143,'ls':[{'id':7617144,'name':'sum','wfs':[{'id':242825881,'morph':{'Mood':'INDICATIVE','Numerus':'SINGULAR','Person':'PERSON_3','Pos':'V','Tense':'PRESENT','VerbType':'VERBA_ANOMALA','Voice':'ACTIVE'},'name':'est'}]}],'name':'sum@V'}]">est</w><c> </c><w lemma="[{'id':1465508,'ls':[{'id':9270,'name':'vindicta','wfs':[{'id':1465537,'morph':{'Casus':'DATIVE','DeclensionType':'FIRST_DECLENSION','Genus':'FEMININE','Numerus':'SINGULAR','Pos':'NN'},'name':'vindictae'}]}],'name':'vindicta@NN'}]">vindictae</w><c> </c><w lemma="[{'id':7463407,'ls':[{'id':7463408,'name':'subiaceo','wfs':[{'id':535023,'morph':{'ConjugationType':'SECOND_CONJUGATION','Mood':'SUBJUNCTIVE','Numerus':'SINGULAR','Person':'PERSON_3','Pos':'V','Tense':'PRESENT','VerbType':'INTRANSITIVE','Voice':'ACTIVE'},'name':'subiaceat'}]}],'name':'subiaceo@V'}]">subiaceat</w><c> </c><w lemma="[{'id':242816363,'ls':[{'id':242816364,'name':'qui','wfs':[{'id':244511016,'morph':{'Casus':'NOMINATIVE','Genus':'MASCULINE','Numerus':'SINGULAR','Pos':'PRO','PronounType':'RELATIVE'},'name':'qui'}]}],'name':'qui@PRO'}]">qui</w><c> </c><w lemma="[{'id':2884075,'ls':[{'id':7373,'name':'pravus','wfs':[{'id':2884223,'morph':{'Casus':'DATIVE','ComparisonDegree':'POSITIVE','DeclensionType':'SECOND_DECLENSION','Genus':'MASCULINE','Numerus':'PLURAL','Pos':'ADJ'},'name':'pravis'}]}],'name':'pravus@ADJ'}]">pravis</w><c> </c><w lemma="[{'id':1175418,'ls':[{'id':6230,'name':'mos','wfs':[{'id':1175422,'morph':{'Casus':'DATIVE','DeclensionType':'THIRD_DECLENSION','Genus':'MASCULINE','Numerus':'PLURAL','Pos':'NN'},'name':'moribus'}]}],'name':'mos@NN'}]">moribus</w><c> </c><lb n="33" xml:id="bsb00000824_00320_33"></lb><w lemma="[{'id':6395450,'ls':[{'id':6395451,'name':'obsecundo','wfs':[{'id':6395801,'morph':{'ConjugationType':'FIRST_CONJUGATION','Mood':'INDICATIVE','Numerus':'SINGULAR','Person':'PERSON_3','Pos':'V','Tense':'PRESENT','VerbType':'TRANSITIVE','Voice':'ACTIVE'},'name':'obsecundat'}]}],'name':'obsecundo@V'}]">obsecundat</w><c>.</c></s></p></div></body></text></TEI>