<?xml version="1.0" ?><TEI xmlns="http://www.tei-c.org/ns/1.0"><teiHeader><fileDesc><titleStmt><title>MGH Auct. ant. 12: Cassiodori Senatoris Variae</title><editor>Mommsen, Theodor</editor></titleStmt><publicationStmt><publisher>Monumenta Germaniae Historica (MGH)</publisher><publisher>Bavarian State Library (BSB), München</publisher><idno type="BSB">bsb00000824</idno><idno type="MGH"><idno type="Annotation_created_by">sysop</idno><idno type="Annotation_created_on">Wed Oct 18 18:55:09 CEST 2017</idno><idno type="Annotation_last_changed_by">geelhaar</idno><idno type="Annotation_last_changed_on">Thu Aug 20 10:43:40 CEST 2020</idno><idno type="Author_(German)">Cassiodor (Flavius Magnus Aurelius Cassiodorus Senator)</idno><idno type="Author_(Latin)">Cassiodorus Vivariensis</idno><idno type="BSB">bsb00000824</idno><idno type="Bibliographical_Link">http://stabikat.de/DB=1/XMLPRS=N/PPN?PPN=235118842</idno><idno type="C_Stat">06</idno><idno type="C1">06</idno><idno type="C2">05</idno><idno type="Column">103</idno><idno type="Commentary">dated according to the edition (TG)</idno><idno type="Concordance_View">true</idno><idno type="Digital_Edition_Statement">Text retrieved from the critical edition and prepared by the BMBF funded project "Humanist Computer Interaction under Scrutiny"(https://humanist.hs-mainz.de/en/). The Latin Text Archive (LTA) version has been created at Goethe University Frankfurt by the CompHistSem-Work Group (hudesktop.hucompute.org).</idno><idno type="Edition">MGH Auctores antiquissimi 12</idno><idno type="LTA_Export">true</idno><idno type="Licence_Info">CC BY 4.0</idno><idno type="Multiple_Lemmata_under_a_unique_Super_lemma">0.00%</idno><idno type="Multiple_Super_lemmata">0.00%</idno><idno type="Multiple_Wordforms_under_a_unique_Lemma">0.00%</idno><idno type="Multiple_Wordforms._Tagger_based_result._Multiple_Lemmata_possible">0.00%</idno><idno type="Multiple_Wordforms._Tagger_based_result._Multiple_Super_Lemmata_possible">0.00%</idno><idno type="Not_yet_linked_or_unknown_Wordform">0.00%</idno><idno type="Page">103-104</idno><idno type="Provided_by">Monumenta Germaniae Historica</idno><idno type="RepFontMA">not available</idno><idno type="Status">c</idno><idno type="Text_Type">Letter</idno><idno type="Text_Type_Class">Letters</idno><idno type="Time">507/511</idno><idno type="Title">Variae 03.48 - Universis Gothis et Romanis circa Verrucas castellum consistentibus Theodericus rex</idno><idno type="Type_of_Corpus">Corpus of Letters</idno><idno type="URL">http://www.mgh.de/dmgh/resolving/MGH_Auct._ant._12_S._103</idno><idno type="Unique_Wordform">100,00%</idno><idno type="Unique_Wordform._Tagger_based_result._Multiple_Lemmata_possible">0.00%</idno><idno type="Unique_Wordform._Tagger_based_result._Multiple_Super_lemmata_possible">0.00%</idno><idno type="VIAF_(Expression)">182693798</idno><idno type="VIAF_(Expression)_Link">http://viaf.org/viaf/182693798</idno><idno type="VIAF_(Person)">95230707</idno><idno type="VIAF_(Person)_Link">http://viaf.org/viaf/95230707</idno><idno type="Volume">Auct. ant. 12</idno><idno type="Year_of_Publication_(interpreted)">0511</idno>MGH Auct. ant. 12</idno><availability><licence target="http://creativecommons.org/licenses/by/4.0/"><p>Distributed under the Creative Commons Attribution 4.0 International (CC BY 4.0) license.</p><p>This license covers the annotations added by the Monumenta Germaniae Historica and the
            Bavarian State Library, Munich, in the course of project "digital MGH"
            <ref target="http://www.dmgh.de">http://www.dmgh.de</ref>, funded by the
            German Research Foundation (DFG).</p><p>We do not claim any rights on the text itself which is believed to be in the public domain.</p><p>If you distribute a copy or a derivative version of this file, please indicate the source
            of the file by mentioning the Monumenta Germaniae Historica (MGH) and the
            Bavarian State Library, Munich (BSB).</p></licence></availability><date when="2016-11-28T16:32:43+01:00">2016-11-28, 16:32:43</date></publicationStmt><sourceDesc><biblFull><titleStmt><title>Cassiodori Senatoris Variae</title><editor>Mommsen, Theodor</editor></titleStmt><publicationStmt><publisher>Weidmann</publisher><pubPlace>Berlin</pubPlace><date>1894</date></publicationStmt><seriesStmt><title>Auctores antiquissimi</title><biblScope unit="volume">12</biblScope></seriesStmt></biblFull></sourceDesc></fileDesc><revisionDesc><change when="04-04-2018 09:05" who="vzernovnikov"></change></revisionDesc></teiHeader><text><body><div><lb n="15" xml:id="bsb00000824_00287_15"></lb><head n="3"><s><w lemma="[{'id':241346594,'ls':[{'id':241346595,'name':'NUMERAL','wfs':[{'id':498534654,'morph':{'Pos':'NUM'},'name':'xlviii'}]}],'name':'NUMERAL@NUM'}]">XLVIII</w><c>.</c><c> </c><lb n="16" xml:id="bsb00000824_00287_16"></lb><w lemma="[{'id':1441318,'ls':[{'id':1441337,'name':'universus','wfs':[{'id':1441340,'morph':{'Casus':'DATIVE','DeclensionType':'SECOND_DECLENSION','Genus':'MASCULINE','Numerus':'PLURAL','Pos':'NN'},'name':'universis'}]}],'name':'universus@NN'}]">UNIVERSIS</w><c> </c><w lemma="[{'id':436483,'ls':[{'id':436484,'name':'Gothus','wfs':[{'id':436487,'morph':{'Casus':'DATIVE','DeclensionType':'SECOND_DECLENSION','Genus':'MASCULINE','Numerus':'PLURAL','Pos':'NE'},'name':'Gothis'}]}],'name':'Gothus@NE'}]">GOTHIS</w><c> </c><w lemma="[{'id':109828,'ls':[{'id':109829,'name':'et','wfs':[{'id':109830,'morph':{'Pos':'CON'},'name':'et'}]}],'name':'et@CON'}]">ET</w><c> </c><w lemma="[{'id':1332038,'ls':[{'id':1332039,'name':'romanus','wfs':[{'id':1332042,'morph':{'Casus':'DATIVE','DeclensionType':'SECOND_DECLENSION','Genus':'MASCULINE','Numerus':'PLURAL','Pos':'NN'},'name':'romanis'}]}],'name':'romanus@NN'}]">ROMANIS</w><c> </c><w lemma="[{'id':109509,'ls':[{'id':109510,'name':'circa','wfs':[{'id':109511,'morph':{'Pos':'AP'},'name':'circa'}]}],'name':'circa@AP'}]">CIRCA</w><c> </c><w lemma="[{'id':787282259,'ls':[{'id':787282260,'name':'Verruca','wfs':[{'id':787291593,'morph':{'Casus':'GENITIVE','DeclensionType':'FIRST_DECLENSION','Genus':'FEMININE','Numerus':'SINGULAR','Pos':'NE'},'name':'Verrucas'}]}],'name':'Verruca@NE'}]">VERRUCAS</w><c> </c><w lemma="[{'id':836489,'ls':[{'id':1662,'name':'castellum','wfs':[{'id':836497,'morph':{'Casus':'ACCUSATIVE','DeclensionType':'SECOND_DECLENSION','Genus':'NEUTER','Numerus':'SINGULAR','Pos':'NN'},'name':'castellum'}]}],'name':'castellum@NN'}]">CASTELLUM</w><c> </c><lb n="17" xml:id="bsb00000824_00287_17"></lb><w lemma="[{'id':4497202,'ls':[{'id':2545,'name':'consisto','wfs':[{'id':4497214,'morph':{'Casus':'DATIVE','ConjugationType':'THIRD_CONJUGATION','Genus':'MASCULINE','Mood':'PARTICIPLE','Numerus':'PLURAL','Pos':'V','Tense':'PRESENT','VerbType':'TRANSITIVE','Voice':'ACTIVE'},'name':'consistentibus'}]}],'name':'consisto@V'}]">CONSISTENTIBUS</w><c> </c><w lemma="[{'id':624521,'ls':[{'id':624522,'name':'Theodericus','wfs':[{'id':243244190,'morph':{'Casus':'NOMINATIVE','DeclensionType':'SECOND_DECLENSION','Genus':'MASCULINE','Numerus':'SINGULAR','Pos':'NP'},'name':'Theodericus'}]}],'name':'Theodericus@NP'}]">THEODERICUS</w><c> </c><w lemma="[{'id':1329481,'ls':[{'id':7965,'name':'rex','wfs':[{'id':1329499,'morph':{'Casus':'NOMINATIVE','DeclensionType':'THIRD_DECLENSION','Genus':'MASCULINE','Numerus':'SINGULAR','Pos':'NN'},'name':'rex'}]}],'name':'rex@NN'}]">REX</w><c>.</c></s></head><note><s><hi rend="ITALICS"><w lemma="[{'id':759853,'ls':[{'id':807,'name':'annus','wfs':[{'id':382849904,'morph':{'Casus':'ABLATIVE','DeclensionType':'SECOND_DECLENSION','Genus':'MASCULINE','Numerus':'SINGULAR','Pos':'NN'},'name':'a'}]}],'name':'annus@NN'}]">a</w><c>.</c><c> </c><w lemma="[{'id':241346594,'ls':[{'id':241346595,'name':'NUMERAL','wfs':[{'id':241346596,'morph':{'Pos':'NUM'},'name':'NUMERAL'}]}],'name':'NUMERAL@NUM'}]">507</w><c>/</c><w lemma="[{'id':241346594,'ls':[{'id':241346595,'name':'NUMERAL','wfs':[{'id':241346596,'morph':{'Pos':'NUM'},'name':'NUMERAL'}]}],'name':'NUMERAL@NUM'}]">511</w></hi></s></note><lb n="18" xml:id="bsb00000824_00287_18"></lb><p><s><w lemma="[{'id':1128225,'ls':[{'id':5588,'name':'laetitia','wfs':[{'id':241450687,'morph':{'Casus':'NOMINATIVE','DeclensionType':'FIRST_DECLENSION','Genus':'FEMININE','Numerus':'SINGULAR','Pos':'NN'},'name':'laetitia'}]}],'name':'laetitia@NN'}]">Laetitia</w><c> </c><w lemma="[{'id':4694501,'ls':[{'id':3027,'name':'debeo','wfs':[{'id':4694851,'morph':{'ConjugationType':'SECOND_CONJUGATION','Mood':'INDICATIVE','Numerus':'SINGULAR','Person':'PERSON_3','Pos':'V','Tense':'PRESENT','VerbType':'TRANSITIVE','Voice':'ACTIVE'},'name':'debet'}]}],'name':'debeo@V'}]">debet</w><c> </c><w lemma="[{'id':7617143,'ls':[{'id':7617144,'name':'sum','wfs':[{'id':7617145,'morph':{'Mood':'INFINITIVE','Pos':'V','Tense':'PRESENT','VerbType':'VERBA_ANOMALA','Voice':'ACTIVE'},'name':'esse'}]}],'name':'sum@V'}]">esse</w><c> </c><w lemma="[{'id':481110610,'ls':[{'id':481110611,'name':'cunctus','wfs':[{'id':481110615,'morph':{'Casus':'GENITIVE','DeclensionType':'SECOND_DECLENSION','Genus':'MASCULINE','Numerus':'PLURAL','Pos':'NN'},'name':'cunctorum'}]}],'name':'cunctus@NN'}]">cunctorum</w><c> </c><w lemma="[{'id':2910462,'ls':[{'id':7577,'name':'providus','wfs':[{'id':2910651,'morph':{'Casus':'NOMINATIVE','ComparisonDegree':'POSITIVE','DeclensionType':'FIRST_DECLENSION','Genus':'FEMININE','Numerus':'SINGULAR','Pos':'ADJ'},'name':'provida'}]}],'name':'providus@ADJ'}]">provida</w><c> </c><w lemma="[{'id':1123200,'ls':[{'id':1123201,'name':'iussio','wfs':[{'id':1123205,'morph':{'Casus':'NOMINATIVE','DeclensionType':'THIRD_DECLENSION','Genus':'FEMININE','Numerus':'SINGULAR','Pos':'NN'},'name':'iussio'}]}],'name':'iussio@NN'}]">iussio</w><c> </c><w lemma="[{'id':5112828,'ls':[{'id':3700,'name':'dominor','wfs':[{'id':787282257,'morph':{'Casus':'GENITIVE','ConjugationType':'FIRST_CONJUGATION','Genus':'MASCULINE','Mood':'PARTICIPLE','Numerus':'PLURAL','Pos':'V','Tense':'PRESENT','VerbType':'DEPONENT'},'name':'dominantum'}]}],'name':'dominor@V'}]">dominantum</w><c>,</c><c> </c><w lemma="[{'id':109946,'ls':[{'id':109947,'name':'quando','wfs':[{'id':109948,'morph':{'Pos':'CON'},'name':'quando'}]}],'name':'quando@CON'}]">quando</w><c> </c><w lemma="[{'id':242816114,'ls':[{'id':242816115,'name':'ille','wfs':[{'id':242816141,'morph':{'Casus':'ACCUSATIVE','Genus':'NEUTER','Numerus':'SINGULAR','Pos':'PRO','PronounType':'DEMONSTRATIVE'},'name':'illud'}]}],'name':'ille@PRO'}]">illud</w><c>,</c><c> </c><w lemma="[{'id':242816363,'ls':[{'id':242816364,'name':'qui','wfs':[{'id':245004334,'morph':{'Casus':'ACCUSATIVE','Genus':'NEUTER','Numerus':'SINGULAR','Pos':'PRO','PronounType':'RELATIVE'},'name':'quod'}]}],'name':'qui@PRO'}]">quod</w><c> </c><lb n="19" xml:id="bsb00000824_00287_19"></lb><w lemma="[{'id':242816974,'ls':[{'id':242816975,'name':'vos','wfs':[{'id':645374324,'morph':{'Casus':'NOMINATIVE','Genus':'MASCULINE','Numerus':'PLURAL','Pos':'PRO','PronounType':'PERSONAL'},'name':'vos'}]}],'name':'vos@PRO'}]">vos</w><c> </c><w lemma="[{'id':4694501,'ls':[{'id':3027,'name':'debeo','wfs':[{'id':4694711,'morph':{'ConjugationType':'SECOND_CONJUGATION','Mood':'INDICATIVE','Numerus':'PLURAL','Person':'PERSON_2','Pos':'V','Tense':'PERFECT','VerbType':'TRANSITIVE','Voice':'ACTIVE'},'name':'debuistis'}]}],'name':'debeo@V'}]">debuistis</w><c> </c><w lemma="[{'id':5384584,'ls':[{'id':4122,'name':'expeto','wfs':[{'id':5384665,'morph':{'ConjugationType':'THIRD_CONJUGATION','Mood':'INFINITIVE','Pos':'V','Tense':'PRESENT','VerbType':'TRANSITIVE','Voice':'ACTIVE'},'name':'expetere'}]}],'name':'expeto@V'}]">expetere</w><c>,</c><c> </c><w lemma="[{'id':242816286,'ls':[{'id':242816287,'name':'nos','wfs':[{'id':386315174,'morph':{'Casus':'ACCUSATIVE','Genus':'MASCULINE','Numerus':'PLURAL','Pos':'PRO','PronounType':'PERSONAL'},'name':'nos'}]}],'name':'nos@PRO'}]">nos</w><c> </c><w lemma="[{'id':8004098,'ls':[{'id':9253,'name':'video','wfs':[{'id':8004684,'morph':{'ConjugationType':'SECOND_CONJUGATION','Mood':'INDICATIVE','Numerus':'PLURAL','Person':'PERSON_2','Pos':'V','Tense':'PRESENT','VerbType':'TRANSITIVE','Voice':'ACTIVE'},'name':'videtis'}]}],'name':'video@V'}]">videtis</w><c> </c><w lemma="[{'id':6465479,'ls':[{'id':6604,'name':'offero','wfs':[{'id':485369,'morph':{'Mood':'INFINITIVE','Pos':'V','Tense':'PRESENT','VerbType':'VERBA_ANOMALA','Voice':'ACTIVE'},'name':'offerre'}]}],'name':'offero@V'}]">offerre</w><c>.</c><c> </c></s><s><w lemma="[{'id':242816600,'ls':[{'id':242816601,'name':'quis','wfs':[{'id':496031267,'morph':{'Casus':'NOMINATIVE','Genus':'NEUTER','Numerus':'SINGULAR','Pos':'PRO','PronounType':'INTERROGATIVE'},'name':'quid'}]}],'name':'quis@PRO'}]">quid</w><c> </c><w lemma="[{'id':7617143,'ls':[{'id':7617144,'name':'sum','wfs':[{'id':242825881,'morph':{'Mood':'INDICATIVE','Numerus':'SINGULAR','Person':'PERSON_3','Pos':'V','Tense':'PRESENT','VerbType':'VERBA_ANOMALA','Voice':'ACTIVE'},'name':'est'}]}],'name':'sum@V'}]">est</w><c> </c><w lemma="[{'id':109821,'ls':[{'id':109822,'name':'enim','wfs':[{'id':109823,'morph':{'Pos':'CON'},'name':'enim'}]}],'name':'enim@CON'}]">enim</w><c> </c><w lemma="[{'id':181354,'ls':[{'id':4715,'name':'grate','wfs':[{'id':181355,'morph':{'ComparisonDegree':'COMPARATIVE','Pos':'ADV'},'name':'gratius'}]}],'name':'grate@ADV'}]">gratius</w><c> </c><w lemma="[{'id':225505,'ls':[{'id':7683,'name':'quam','wfs':[{'id':225506,'morph':{'Pos':'ADV'},'name':'quam'}]}],'name':'quam@ADV'}]">quam</w><c> </c><w lemma="[{'id':2396607,'ls':[{'id':4890,'name':'humanus','wfs':[{'id':2396618,'morph':{'Casus':'DATIVE','ComparisonDegree':'POSITIVE','DeclensionType':'FIRST_DECLENSION','Genus':'FEMININE','Numerus':'PLURAL','Pos':'ADJ'},'name':'humanis'}]}],'name':'humanus@ADJ'}]">humanis</w><c> </c><w lemma="[{'id':1322669,'ls':[{'id':964024,'name':'res','wfs':[{'id':242825946,'morph':{'Casus':'DATIVE','DeclensionType':'FIFTH_DECLENSION','Genus':'FEMININE','Numerus':'PLURAL','Pos':'NN'},'name':'rebus'}]}],'name':'res@NN'}]">rebus</w><c> </c><lb n="20" xml:id="bsb00000824_00287_20"></lb><w lemma="[{'id':840630,'ls':[{'id':1712,'name':'cautela','wfs':[{'id':840638,'morph':{'Casus':'ACCUSATIVE','DeclensionType':'FIRST_DECLENSION','Genus':'FEMININE','Numerus':'SINGULAR','Pos':'NN'},'name':'cautelam'}]}],'name':'cautela@NN'}]">cautelam</w><c> </c><w lemma="[{'id':234266,'ls':[{'id':8236,'name':'semper','wfs':[{'id':241336670,'morph':{'Pos':'ADV'},'name':'semper'}]}],'name':'semper@ADV'}]">semper</w><c> </c><w lemma="[{'id':3443417,'ls':[{'id':260,'name':'adhibeo','wfs':[{'id':3443498,'morph':{'ConjugationType':'SECOND_CONJUGATION','Mood':'INFINITIVE','Pos':'V','Tense':'PRESENT','VerbType':'TRANSITIVE','Voice':'ACTIVE'},'name':'adhibere'}]}],'name':'adhibeo@V'}]">adhibere</w><c>,</c><c> </c><w lemma="[{'id':242816363,'ls':[{'id':242816364,'name':'qui','wfs':[{'id':296826594,'morph':{'Casus':'NOMINATIVE','Genus':'FEMININE','Numerus':'SINGULAR','Pos':'PRO','PronounType':'RELATIVE'},'name':'quae'}]}],'name':'qui@PRO'}]">quae</w><c> </c><w lemma="[{'id':109788,'ls':[{'id':109789,'name':'aut','wfs':[{'id':109790,'morph':{'Pos':'CON'},'name':'aut'}]}],'name':'aut@CON'}]">aut</w><c> </c><w lemma="[{'id':5511842,'ls':[{'id':4349,'name':'fio','wfs':[{'id':443111,'morph':{'Mood':'INDICATIVE','Numerus':'SINGULAR','Person':'PERSON_3','Pos':'V','Tense':'PRESENT','VerbType':'VERBA_ANOMALA','Voice':'ACTIVE'},'name':'fit'}]}],'name':'fio@V'}]">fit</w><c> </c><w lemma="[{'id':2696084,'ls':[{'id':6352,'name':'necessarius','wfs':[{'id':2696162,'morph':{'Casus':'NOMINATIVE','ComparisonDegree':'POSITIVE','DeclensionType':'FIRST_DECLENSION','Genus':'FEMININE','Numerus':'SINGULAR','Pos':'ADJ'},'name':'necessaria'}]}],'name':'necessarius@ADJ'}]">necessaria</w><c> </c><w lemma="[{'id':109788,'ls':[{'id':109789,'name':'aut','wfs':[{'id':109790,'morph':{'Pos':'CON'},'name':'aut'}]}],'name':'aut@CON'}]">aut</w><c> </c><w lemma="[{'id':206035,'ls':[{'id':6416,'name':'non','wfs':[{'id':241322627,'morph':{'Pos':'ADV'},'name':'non'}]}],'name':'non@ADV'}]">non</w><c> </c><w lemma="[{'id':5609409,'ls':[{'id':4722,'name':'gravo','wfs':[{'id':5610898,'morph':{'ConjugationType':'FIRST_CONJUGATION','Mood':'INDICATIVE','Numerus':'SINGULAR','Person':'PERSON_3','Pos':'V','Tense':'PRESENT','VerbType':'TRANSITIVE','Voice':'ACTIVE'},'name':'gravat'}]}],'name':'gravo@V'}]">gravat</w><c> </c><w lemma="[{'id':7617143,'ls':[{'id':7617144,'name':'sum','wfs':[{'id':7617145,'morph':{'Mood':'INFINITIVE','Pos':'V','Tense':'PRESENT','VerbType':'VERBA_ANOMALA','Voice':'ACTIVE'},'name':'esse'}]}],'name':'sum@V'}]">esse</w><c> </c><w lemma="[{'id':3147694,'ls':[{'id':3147695,'name':'superfluus','wfs':[{'id':3147754,'morph':{'Casus':'ACCUSATIVE','ComparisonDegree':'POSITIVE','DeclensionType':'FIRST_DECLENSION','Genus':'FEMININE','Numerus':'SINGULAR','Pos':'ADJ'},'name':'superfluam'}]}],'name':'superfluus@ADJ'}]">superfluam</w><c>?</c><c> </c><lb n="21" xml:id="bsb00000824_00287_21"></lb></s><s><w lemma="[{'id':109828,'ls':[{'id':109829,'name':'et','wfs':[{'id':109830,'morph':{'Pos':'CON'},'name':'et'}]}],'name':'et@CON'}]">et</w><c> </c><w lemma="[{'id':183546,'ls':[{'id':183547,'name':'ideo','wfs':[{'id':183548,'morph':{'ComparisonDegree':'POSITIVE','Pos':'ADV'},'name':'ideo'}]}],'name':'ideo@ADV'}]">ideo</w><c> </c><w lemma="[{'id':496975,'ls':[{'id':496976,'name':'Leodefridus','wfs':[{'id':669412,'morph':{'Casus':'DATIVE','DeclensionType':'SECOND_DECLENSION','Genus':'MASCULINE','Numerus':'SINGULAR','Pos':'NP'},'name':'Leodefrido'}]}],'name':'Leodefridus@NP'}]">Leodefrido</w><c> </c><w lemma="[{'id':779279969,'ls':[{'id':779279978,'name':'saio','wfs':[{'id':779280009,'morph':{'Casus':'DATIVE','DeclensionType':'THIRD_DECLENSION','Genus':'MASCULINE','Numerus':'SINGULAR','Pos':'NN'},'name':'saioni'}]}],'name':'saio@NN'}]">saioni</w><c> </c><w lemma="[{'id':244510439,'ls':[{'id':244510440,'name':'noster','wfs':[{'id':244510454,'morph':{'Casus':'DATIVE','DeclensionType':'SECOND_DECLENSION','Genus':'MASCULINE','Numerus':'SINGULAR','Pos':'PRO','PronounType':'POSSESSIVE'},'name':'nostro'}]}],'name':'noster@PRO'}]">nostro</w><c> </c><w lemma="[{'id':2874459,'ls':[{'id':242457998,'name':'praesens','wfs':[{'id':244213372,'morph':{'Casus':'ABLATIVE','ComparisonDegree':'POSITIVE','DeclensionType':'THIRD_DECLENSION','Genus':'FEMININE','Numerus':'SINGULAR','Pos':'ADJ'},'name':'praesenti'}]}],'name':'praesens@ADJ'}]">praesenti</w><c> </c><w lemma="[{'id':4794348,'ls':[{'id':3180,'name':'delego','wfs':[{'id':4794471,'morph':{'ConjugationType':'FIRST_CONJUGATION','Mood':'INDICATIVE','Numerus':'PLURAL','Person':'PERSON_1','Pos':'V','Tense':'PERFECT','VerbType':'TRANSITIVE','Voice':'ACTIVE'},'name':'delegavimus'}]}],'name':'delego@V'}]">delegavimus</w><c> </c><w lemma="[{'id':1123200,'ls':[{'id':1123201,'name':'iussio','wfs':[{'id':243379762,'morph':{'Casus':'ABLATIVE','DeclensionType':'THIRD_DECLENSION','Genus':'FEMININE','Numerus':'SINGULAR','Pos':'NN'},'name':'iussione'}]}],'name':'iussio@NN'}]">iussione</w><c>,</c><c> </c><w lemma="[{'id':110061,'ls':[{'id':110062,'name':'ut','wfs':[{'id':110063,'morph':{'Pos':'CON'},'name':'ut'}]}],'name':'ut@CON'}]">ut</w><c> </c><w lemma="[{'id':242816207,'ls':[{'id':242816208,'name':'is','wfs':[{'id':607984474,'morph':{'Casus':'GENITIVE','Genus':'MASCULINE','Numerus':'SINGULAR','Pos':'PRO','PronounType':'DEMONSTRATIVE'},'name':'eius'}]}],'name':'is@PRO'}]">eius</w><c> </c><w lemma="[{'id':1103058,'ls':[{'id':5346,'name':'instantia','wfs':[{'id':1103068,'morph':{'Casus':'ABLATIVE','DeclensionType':'FIRST_DECLENSION','Genus':'FEMININE','Numerus':'SINGULAR','Pos':'NN'},'name':'instantia'}]}],'name':'instantia@NN'}]">instantia</w><c> </c><w lemma="[{'id':109577,'ls':[{'id':109578,'name':'in','wfs':[{'id':109579,'morph':{'Pos':'AP'},'name':'in'}]}],'name':'in@AP'}]">in</w><c> </c><lb n="22" xml:id="bsb00000824_00287_22"></lb><w lemma="[{'id':787282259,'ls':[{'id':787282260,'name':'Verruca','wfs':[{'id':787282263,'morph':{'Casus':'ABLATIVE','DeclensionType':'FIRST_DECLENSION','Genus':'FEMININE','Numerus':'SINGULAR','Pos':'NE'},'name':'Verruca'}]}],'name':'Verruca@NE'}]">Verruca</w><c> </c><w lemma="[{'id':836489,'ls':[{'id':1662,'name':'castellum','wfs':[{'id':836499,'morph':{'Casus':'ABLATIVE','DeclensionType':'SECOND_DECLENSION','Genus':'NEUTER','Numerus':'SINGULAR','Pos':'NN'},'name':'castello'}]}],'name':'castellum@NN'}]">castello</w><c> </c><w lemma="[{'id':242816974,'ls':[{'id':242816975,'name':'vos','wfs':[{'id':242816977,'morph':{'Casus':'DATIVE','Numerus':'PLURAL','Pos':'PRO','PronounType':'PERSONAL'},'name':'vobis'}]}],'name':'vos@PRO'}]">vobis</w><c> </c><w lemma="[{'id':979614,'ls':[{'id':3697,'name':'domicilium','wfs':[{'id':243327871,'morph':{'Casus':'ACCUSATIVE','DeclensionType':'SECOND_DECLENSION','Genus':'NEUTER','Numerus':'PLURAL','Pos':'NN'},'name':'domicilia'}]}],'name':'domicilium@NN'}]">domicilia</w><c> </c><w lemma="[{'id':4513083,'ls':[{'id':2595,'name':'construo','wfs':[{'id':4513277,'morph':{'ConjugationType':'THIRD_CONJUGATION','Mood':'SUBJUNCTIVE','Numerus':'PLURAL','Person':'PERSON_2','Pos':'V','Tense':'PRESENT','VerbType':'TRANSITIVE','Voice':'ACTIVE'},'name':'construatis'}]}],'name':'construo@V'}]">construatis</w><c>,</c><c> </c><w lemma="[{'id':242816363,'ls':[{'id':242816364,'name':'qui','wfs':[{'id':296826590,'morph':{'Casus':'NOMINATIVE','Genus':'NEUTER','Numerus':'SINGULAR','Pos':'PRO','PronounType':'RELATIVE'},'name':'quod'}]}],'name':'qui@PRO'}]">quod</w><c> </c><w lemma="[{'id':109433,'ls':[{'id':109434,'name':'a','wfs':[{'id':109435,'morph':{'Pos':'AP'},'name':'a'}]}],'name':'a@AP'}]">a</w><c> </c><w lemma="[{'id':1264669,'ls':[{'id':1264670,'name':'positio','wfs':[{'id':243425874,'morph':{'Casus':'ABLATIVE','DeclensionType':'THIRD_DECLENSION','Genus':'FEMININE','Numerus':'SINGULAR','Pos':'NN'},'name':'positione'}]}],'name':'positio@NN'}]">positione</w><c> </c><w lemma="[{'id':244511757,'ls':[{'id':244511758,'name':'suus','wfs':[{'id':245550207,'morph':{'Casus':'GENITIVE','Genus':'NEUTER','Numerus':'SINGULAR','Pos':'PRO','PronounType':'POSSESSIVE'},'name':'sui'}]}],'name':'suus@PRO'}]">sui</w><c> </c><w lemma="[{'id':1994244,'ls':[{'id':1994245,'name':'congruus','wfs':[{'id':1994340,'morph':{'Casus':'ACCUSATIVE','ComparisonDegree':'POSITIVE','DeclensionType':'SECOND_DECLENSION','Genus':'NEUTER','Numerus':'SINGULAR','Pos':'ADJ'},'name':'congruum'}]}],'name':'congruens@ADJ'}]">congruum</w><c> </c><w lemma="[{'id':1191767,'ls':[{'id':6409,'name':'nomen','wfs':[{'id':243402773,'morph':{'Casus':'ACCUSATIVE','DeclensionType':'THIRD_DECLENSION','Genus':'NEUTER','Numerus':'SINGULAR','Pos':'NN'},'name':'nomen'}]}],'name':'nomen@NN'}]">nomen</w><c> </c><lb n="23" xml:id="bsb00000824_00287_23"></lb><w lemma="[{'id':3384337,'ls':[{'id':3384338,'name':'accipio','wfs':[{'id':3384673,'morph':{'ConjugationType':'THIRD_CONJUGATION','Mood':'INDICATIVE','Numerus':'SINGULAR','Person':'PERSON_3','Pos':'V','Tense':'PERFECT','VerbType':'TRANSITIVE','Voice':'ACTIVE'},'name':'accepit'}]}],'name':'accipio@V'}]">accepit</w><c>.</c><c> </c></s><s><w lemma="[{'id':7617143,'ls':[{'id':7617144,'name':'sum','wfs':[{'id':242825881,'morph':{'Mood':'INDICATIVE','Numerus':'SINGULAR','Person':'PERSON_3','Pos':'V','Tense':'PRESENT','VerbType':'VERBA_ANOMALA','Voice':'ACTIVE'},'name':'est'}]}],'name':'sum@V'}]">Est</w><c> </c><w lemma="[{'id':109821,'ls':[{'id':109822,'name':'enim','wfs':[{'id':109823,'morph':{'Pos':'CON'},'name':'enim'}]}],'name':'enim@CON'}]">enim</w><c> </c><w lemma="[{'id':109577,'ls':[{'id':109578,'name':'in','wfs':[{'id':109579,'morph':{'Pos':'AP'},'name':'in'}]}],'name':'in@AP'}]">in</w><c> </c><w lemma="[{'id':2652281,'ls':[{'id':6025,'name':'medius','wfs':[{'id':2652304,'morph':{'Casus':'ABLATIVE','ComparisonDegree':'POSITIVE','DeclensionType':'SECOND_DECLENSION','Genus':'MASCULINE','Numerus':'PLURAL','Pos':'ADJ'},'name':'mediis'}]}],'name':'medius@ADJ'}]">mediis</w><c> </c><w lemma="[{'id':828655,'ls':[{'id':1533,'name':'campus','wfs':[{'id':828657,'morph':{'Casus':'ABLATIVE','DeclensionType':'SECOND_DECLENSION','Genus':'MASCULINE','Numerus':'PLURAL','Pos':'NN'},'name':'campis'}]}],'name':'campus@NN'}]">campis</w><c> </c><w lemma="[{'id':1434336,'ls':[{'id':8976,'name':'tumulus','wfs':[{'id':1434355,'morph':{'Casus':'NOMINATIVE','DeclensionType':'SECOND_DECLENSION','Genus':'MASCULINE','Numerus':'SINGULAR','Pos':'NN'},'name':'tumulus'}]}],'name':'tumulus@NN'}]">tumulus</w><c> </c><w lemma="[{'id':3014692,'ls':[{'id':3014693,'name':'saxeus','wfs':[{'id':3014781,'morph':{'Casus':'NOMINATIVE','ComparisonDegree':'POSITIVE','DeclensionType':'SECOND_DECLENSION','Genus':'MASCULINE','Numerus':'SINGULAR','Pos':'ADJ'},'name':'saxeus'}]}],'name':'saxeus@ADJ'}]">saxeus</w><c> </c><w lemma="[{'id':109577,'ls':[{'id':109578,'name':'in','wfs':[{'id':109579,'morph':{'Pos':'AP'},'name':'in'}]}],'name':'in@AP'}]">in</w><c> </c><w lemma="[{'id':1332572,'ls':[{'id':8000,'name':'rotunditas','wfs':[{'id':243452118,'morph':{'Casus':'ABLATIVE','DeclensionType':'THIRD_DECLENSION','Genus':'FEMININE','Numerus':'SINGULAR','Pos':'NN'},'name':'rotunditate'}]}],'name':'rotunditas@NN'}]">rotunditate</w><c> </c><w lemma="[{'id':4526281,'ls':[{'id':2616,'name':'consurgo','wfs':[{'id':356271,'morph':{'Casus':'NOMINATIVE','ConjugationType':'THIRD_CONJUGATION','Genus':'MASCULINE','Mood':'PARTICIPLE','Numerus':'SINGULAR','Pos':'V','Tense':'PRESENT','VerbType':'INTRANSITIVE','Voice':'ACTIVE'},'name':'consurgens'}]}],'name':'consurgo@V'}]">consurgens</w><c>,</c><c> </c><w lemma="[{'id':242816363,'ls':[{'id':242816364,'name':'qui','wfs':[{'id':244511016,'morph':{'Casus':'NOMINATIVE','Genus':'MASCULINE','Numerus':'SINGULAR','Pos':'PRO','PronounType':'RELATIVE'},'name':'qui'}]}],'name':'qui@PRO'}]">qui</w><c> </c><lb n="24" xml:id="bsb00000824_00287_24"></lb><w lemma="[{'id':2890153,'ls':[{'id':7416,'name':'procerus','wfs':[{'id':2890202,'morph':{'Casus':'ABLATIVE','ComparisonDegree':'POSITIVE','DeclensionType':'SECOND_DECLENSION','Genus':'NEUTER','Numerus':'PLURAL','Pos':'ADJ'},'name':'proceris'}]}],'name':'procerus@ADJ'}]">proceris</w><c> </c><w lemma="[{'id':1132553,'ls':[{'id':5643,'name':'latus','wfs':[{'id':1132555,'morph':{'Casus':'ABLATIVE','DeclensionType':'THIRD_DECLENSION','Genus':'NEUTER','Numerus':'PLURAL','Pos':'NN'},'name':'lateribus'}]}],'name':'latus@NN'}]">lateribus</w><c>,</c><c> </c><w lemma="[{'id':1361681,'ls':[{'id':8328,'name':'silva','wfs':[{'id':1361701,'morph':{'Casus':'ABLATIVE','DeclensionType':'FIRST_DECLENSION','Genus':'FEMININE','Numerus':'PLURAL','Pos':'NN'},'name':'silvis'}]}],'name':'silva@NN'}]">silvis</w><c> </c><w lemma="[{'id':5244371,'ls':[{'id':3931,'name':'erado','wfs':[{'id':5244439,'morph':{'Casus':'NOMINATIVE','ConjugationType':'THIRD_CONJUGATION','Genus':'MASCULINE','Mood':'PARTICIPLE','Numerus':'SINGULAR','Pos':'V','Tense':'PERFECT','VerbType':'TRANSITIVE','Voice':'PASSIVE'},'name':'erasus'}]}],'name':'erado@V'}]">erasus</w><c>,</c><c> </c><w lemma="[{'id':3197203,'ls':[{'id':8882,'name':'totus','wfs':[{'id':3197291,'morph':{'Casus':'NOMINATIVE','ComparisonDegree':'POSITIVE','DeclensionType':'SECOND_DECLENSION','Genus':'MASCULINE','Numerus':'SINGULAR','Pos':'ADJ'},'name':'totus'}]}],'name':'totus@ADJ'}]">totus</w><c> </c><w lemma="[{'id':1174057,'ls':[{'id':6203,'name':'mons','wfs':[{'id':1174071,'morph':{'Casus':'NOMINATIVE','DeclensionType':'THIRD_DECLENSION','Genus':'MASCULINE','Numerus':'SINGULAR','Pos':'NN'},'name':'mons'}]}],'name':'mons@NN'}]">mons</w><c> </c><w lemma="[{'id':225770,'ls':[{'id':225771,'name':'quasi','wfs':[{'id':225772,'morph':{'Pos':'ADV'},'name':'quasi'}]}],'name':'quasi@ADV'}]">quasi</w><c> </c><w lemma="[{'id':3241748,'ls':[{'id':3241749,'name':'unus','wfs':[{'id':3241825,'morph':{'Casus':'NOMINATIVE','ComparisonDegree':'POSITIVE','DeclensionType':'FIRST_DECLENSION','Genus':'FEMININE','Numerus':'SINGULAR','Pos':'ADJ'},'name':'una'}]}],'name':'unus@ADJ'}]">una</w><c> </c><w lemma="[{'id':1435946,'ls':[{'id':9000,'name':'turris','wfs':[{'id':1435960,'morph':{'Casus':'NOMINATIVE','DeclensionType':'THIRD_DECLENSION','Genus':'FEMININE','Numerus':'SINGULAR','Pos':'NN'},'name':'turris'}]}],'name':'turris@NN'}]">turris</w><c> </c><w lemma="[{'id':5147146,'ls':[{'id':3801,'name':'efficio','wfs':[{'id':5147476,'morph':{'ConjugationType':'THIRD_CONJUGATION','Mood':'INDICATIVE','Numerus':'SINGULAR','Person':'PERSON_3','Pos':'V','Tense':'PRESENT','VerbType':'TRANSITIVE','Voice':'PASSIVE'},'name':'efficitur'}]}],'name':'efficio@V'}]">efficitur</w><c>,</c><c> </c><w lemma="[{'id':242816363,'ls':[{'id':242816364,'name':'qui','wfs':[{'id':296826595,'morph':{'Casus':'GENITIVE','Genus':'FEMININE','Numerus':'SINGULAR','Pos':'PRO','PronounType':'RELATIVE'},'name':'cuius'}]}],'name':'qui@PRO'}]">cuius</w><c> </c><w lemma="[{'id':1085944,'ls':[{'id':1085945,'name':'imum','wfs':[{'id':1085951,'morph':{'Casus':'NOMINATIVE','DeclensionType':'SECOND_DECLENSION','Genus':'NEUTER','Numerus':'PLURAL','Pos':'NN'},'name':'ima'}]}],'name':'imum@NN'}]">ima</w><c> </c><lb n="25" xml:id="bsb00000824_00287_25"></lb><w lemma="[{'id':2370184,'ls':[{'id':242074819,'name':'gracilus','wfs':[{'id':242074874,'morph':{'Casus':'NOMINATIVE','ComparisonDegree':'COMPARATIVE','DeclensionType':'THIRD_DECLENSION','Genus':'NEUTER','Numerus':'PLURAL','Pos':'ADJ'},'name':'graciliora'}]}],'name':'gracilis@ADJ'}]">graciliora</w><c> </c><w lemma="[{'id':7617143,'ls':[{'id':7617144,'name':'sum','wfs':[{'id':242825914,'morph':{'Mood':'INDICATIVE','Numerus':'PLURAL','Person':'PERSON_3','Pos':'V','Tense':'PRESENT','VerbType':'VERBA_ANOMALA','Voice':'ACTIVE'},'name':'sunt'}]}],'name':'sum@V'}]">sunt</w><c> </c><w lemma="[{'id':225505,'ls':[{'id':7683,'name':'quam','wfs':[{'id':225506,'morph':{'Pos':'ADV'},'name':'quam'}]}],'name':'quam@ADV'}]">quam</w><c> </c><w lemma="[{'id':822281,'ls':[{'id':1450,'name':'cacumen','wfs':[{'id':822288,'morph':{'Casus':'NOMINATIVE','DeclensionType':'THIRD_DECLENSION','Genus':'NEUTER','Numerus':'PLURAL','Pos':'NN'},'name':'cacumina'}]}],'name':'cacumen@NN'}]">cacumina</w><c> </c><w lemma="[{'id':109828,'ls':[{'id':109829,'name':'et','wfs':[{'id':109830,'morph':{'Pos':'CON'},'name':'et'}]}],'name':'et@CON'}]">et</w><c> </c><w lemma="[{'id':109577,'ls':[{'id':109578,'name':'in','wfs':[{'id':109579,'morph':{'Pos':'AP'},'name':'in'}]}],'name':'in@AP'}]">in</w><c> </c><w lemma="[{'id':2668088,'ls':[{'id':6184,'name':'mollis','wfs':[{'id':244111408,'morph':{'Casus':'GENITIVE','ComparisonDegree':'SUPERLATIVE','DeclensionType':'SECOND_DECLENSION','Genus':'MASCULINE','Numerus':'SINGULAR','Pos':'ADJ'},'name':'mollissimi'}]}],'name':'mollis@ADJ'}]">mollissimi</w><c> </c><w lemma="[{'id':1046533,'ls':[{'id':4568,'name':'fungus','wfs':[{'id':1046546,'morph':{'Casus':'GENITIVE','DeclensionType':'SECOND_DECLENSION','Genus':'MASCULINE','Numerus':'SINGULAR','Pos':'NN'},'name':'fungi'}]}],'name':'fungus@NN'}]">fungi</w><c> </c><w lemma="[{'id':1171851,'ls':[{'id':6157,'name':'modus','wfs':[{'id':1171881,'morph':{'Casus':'ABLATIVE','DeclensionType':'SECOND_DECLENSION','Genus':'MASCULINE','Numerus':'SINGULAR','Pos':'NN'},'name':'modo'}]}],'name':'modus@NN'}]">modo</w><c> </c><w lemma="[{'id':3152885,'ls':[{'id':8666,'name':'supernus','wfs':[{'id':3152973,'morph':{'Casus':'NOMINATIVE','ComparisonDegree':'POSITIVE','DeclensionType':'SECOND_DECLENSION','Genus':'MASCULINE','Numerus':'SINGULAR','Pos':'ADJ'},'name':'supernus'}]}],'name':'supernus@ADJ'}]">supernus</w><c> </c><w lemma="[{'id':5445649,'ls':[{'id':4195,'name':'extendo','wfs':[{'id':5446123,'morph':{'ConjugationType':'THIRD_CONJUGATION','Mood':'INDICATIVE','Numerus':'SINGULAR','Person':'PERSON_3','Pos':'V','Tense':'PRESENT','VerbType':'TRANSITIVE','Voice':'PASSIVE'},'name':'extenditur'}]}],'name':'extendo@V'}]">extenditur</w><c>,</c><c> </c><w lemma="[{'id':241279615,'ls':[{'id':241279619,'name':'cum','wfs':[{'id':241279620,'morph':{'Pos':'CON'},'name':'cum'}]}],'name':'cum@CON'}]">cum</w><c> </c><w lemma="[{'id':109577,'ls':[{'id':109578,'name':'in','wfs':[{'id':109579,'morph':{'Pos':'AP'},'name':'in'}]}],'name':'in@AP'}]">in</w><c> </c><lb n="26" xml:id="bsb00000824_00287_26"></lb><w lemma="[{'id':2493703,'ls':[{'id':2493704,'name':'inferus','wfs':[{'id':2493780,'morph':{'Casus':'ABLATIVE','ComparisonDegree':'COMPARATIVE','DeclensionType':'THIRD_DECLENSION','Genus':'FEMININE','Numerus':'SINGULAR','Pos':'ADJ'},'name':'inferiore'}]}],'name':'inferus@ADJ'}]">inferiore</w><c> </c><w lemma="[{'id':1227224,'ls':[{'id':6813,'name':'pars','wfs':[{'id':243414708,'morph':{'Casus':'ABLATIVE','DeclensionType':'THIRD_DECLENSION','Genus':'FEMININE','Numerus':'SINGULAR','Pos':'NN'},'name':'parte'}]}],'name':'pars@NN'}]">parte</w><c> </c><w lemma="[{'id':7784997,'ls':[{'id':8787,'name':'tenuo','wfs':[{'id':7785351,'morph':{'ConjugationType':'FIRST_CONJUGATION','Mood':'SUBJUNCTIVE','Numerus':'SINGULAR','Person':'PERSON_3','Pos':'V','Tense':'PRESENT','VerbType':'TRANSITIVE','Voice':'PASSIVE'},'name':'tenuetur'}]}],'name':'tenuo@V'}]">tenuetur</w><c>.</c><c> </c></s><s><w lemma="[{'id':735595,'ls':[{'id':560,'name':'agger','wfs':[{'id':735638,'morph':{'Casus':'NOMINATIVE','DeclensionType':'THIRD_DECLENSION','Genus':'MASCULINE','Numerus':'SINGULAR','Pos':'NN'},'name':'agger'}]}],'name':'agger@NN'}]">agger</w><c> </c><w lemma="[{'id':109658,'ls':[{'id':109659,'name':'sine','wfs':[{'id':109660,'morph':{'Pos':'AP'},'name':'sine'}]}],'name':'sine@AP'}]">sine</w><c> </c><w lemma="[{'id':1295524,'ls':[{'id':7615,'name':'pugna','wfs':[{'id':1295534,'morph':{'Casus':'ABLATIVE','DeclensionType':'FIRST_DECLENSION','Genus':'FEMININE','Numerus':'SINGULAR','Pos':'NN'},'name':'pugna'}]}],'name':'pugna@NN'}]">pugna</w><c>,</c><c> </c><w lemma="[{'id':1202558,'ls':[{'id':6528,'name':'obsessio','wfs':[{'id':1202560,'morph':{'Casus':'NOMINATIVE','DeclensionType':'THIRD_DECLENSION','Genus':'FEMININE','Numerus':'SINGULAR','Pos':'NN'},'name':'obsessio'}]}],'name':'obsessio@NN'}]">obsessio</w><c> </c><w lemma="[{'id':3026748,'ls':[{'id':8211,'name':'securus','wfs':[{'id':3026833,'morph':{'Casus':'NOMINATIVE','ComparisonDegree':'POSITIVE','DeclensionType':'FIRST_DECLENSION','Genus':'FEMININE','Numerus':'SINGULAR','Pos':'ADJ'},'name':'secura'}]}],'name':'securus@ADJ'}]">secura</w><c>,</c><c> </c><w lemma="[{'id':110057,'ls':[{'id':110058,'name':'ubi','wfs':[{'id':110059,'morph':{'Pos':'CON'},'name':'ubi'}]}],'name':'ubi@CON'}]">ubi</w><c> </c><w lemma="[{'id':109871,'ls':[{'id':109872,'name':'nec','wfs':[{'id':109873,'morph':{'Pos':'CON'},'name':'nec'}]}],'name':'nec@CON'}]">nec</w><c> </c><w lemma="[{'id':724572,'ls':[{'id':724579,'name':'adversarius','wfs':[{'id':297480212,'morph':{'Casus':'NOMINATIVE','DeclensionType':'SECOND_DECLENSION','Genus':'MASCULINE','Numerus':'SINGULAR','Pos':'NN'},'name':'adversarius'}]}],'name':'adversarius@NN'}]">adversarius</w><c> </c><lb n="27" xml:id="bsb00000824_00287_27"></lb><w lemma="[{'id':242816645,'ls':[{'id':242816646,'name':'quisquam','wfs':[{'id':290778,'morph':{'Casus':'ACCUSATIVE','Genus':'NEUTER','Numerus':'SINGULAR','Pos':'PRO','PronounType':'INDEFINITE'},'name':'quicquam'}]}],'name':'quisquam@PRO'}]">quicquam</w><c> </c><w lemma="[{'id':6849771,'ls':[{'id':7351,'name':'praesumo','wfs':[{'id':6850130,'morph':{'ConjugationType':'THIRD_CONJUGATION','Mood':'SUBJUNCTIVE','Numerus':'SINGULAR','Person':'PERSON_3','Pos':'V','Tense':'PRESENT','VerbType':'TRANSITIVE','Voice':'ACTIVE'},'name':'praesumat'}]}],'name':'praesumo@V'}]">praesumat</w><c> </c><w lemma="[{'id':109871,'ls':[{'id':109872,'name':'nec','wfs':[{'id':109873,'morph':{'Pos':'CON'},'name':'nec'}]}],'name':'nec@CON'}]">nec</w><c> </c><w lemma="[{'id':1089014,'ls':[{'id':1089015,'name':'inclusus','wfs':[{'id':1089030,'morph':{'Casus':'NOMINATIVE','DeclensionType':'SECOND_DECLENSION','Genus':'MASCULINE','Numerus':'SINGULAR','Pos':'NN'},'name':'inclusus'}]}],'name':'inclusus@NN'}]">inclusus</w><c> </c><w lemma="[{'id':242815921,'ls':[{'id':242815922,'name':'aliquis','wfs':[{'id':245005377,'morph':{'Casus':'ACCUSATIVE','Genus':'NEUTER','Numerus':'SINGULAR','Pos':'PRO','PronounType':'INDEFINITE'},'name':'aliquid'}]}],'name':'aliquis@PRO'}]">aliquid</w><c> </c><w lemma="[{'id':5380383,'ls':[{'id':5380562,'name':'expavesco','wfs':[{'id':5380734,'morph':{'ConjugationType':'THIRD_CONJUGATION','Mood':'SUBJUNCTIVE','Numerus':'SINGULAR','Person':'PERSON_3','Pos':'V','Tense':'PRESENT','VerbType':'TRANSITIVE','Voice':'ACTIVE'},'name':'expavescat'}]}],'name':'expavesco@V'}]">expavescat</w><c>.</c><c> </c></s><s><w lemma="[{'id':242815996,'ls':[{'id':242815997,'name':'hic','wfs':[{'id':244509677,'morph':{'Casus':'DATIVE','Genus':'MASCULINE','Numerus':'SINGULAR','Pos':'PRO','PronounType':'DEMONSTRATIVE'},'name':'huic'}]}],'name':'hic@PRO'}]">huic</w><c> </c><w lemma="[{'id':308527,'ls':[{'id':308553,'name':'Athesis','wfs':[{'id':308573,'morph':{'Casus':'NOMINATIVE','DeclensionType':'THIRD_DECLENSION','Genus':'MASCULINE','Numerus':'SINGULAR','Pos':'NE'},'name':'Athesis'}]}],'name':'Athesis@NE'}]">Athesis</w><c> </c><w lemma="[{'id':109587,'ls':[{'id':109588,'name':'inter','wfs':[{'id':109589,'morph':{'Pos':'AP'},'name':'inter'}]}],'name':'inter@AP'}]">inter</w><c> </c><w lemma="[{'id':1037457,'ls':[{'id':4425,'name':'fluvius','wfs':[{'id':251223279,'morph':{'Casus':'ACCUSATIVE','DeclensionType':'SECOND_DECLENSION','Genus':'MASCULINE','Numerus':'PLURAL','Pos':'NN'},'name':'fluvios'}]}],'name':'fluvius@NN'}]">fluvios</w><c> </c><w lemma="[{'id':2391626,'ls':[{'id':2391627,'name':'honorus','wfs':[{'id':2391715,'morph':{'Casus':'NOMINATIVE','ComparisonDegree':'POSITIVE','DeclensionType':'SECOND_DECLENSION','Genus':'MASCULINE','Numerus':'SINGULAR','Pos':'ADJ'},'name':'honorus'}]}],'name':'honorus@ADJ'}]">honorus</w><c> </c><lb n="28" xml:id="bsb00000824_00287_28"></lb><w lemma="[{'id':1606260,'ls':[{'id':717,'name':'amoenus','wfs':[{'id':1606364,'morph':{'Casus':'GENITIVE','ComparisonDegree':'POSITIVE','DeclensionType':'SECOND_DECLENSION','Genus':'MASCULINE','Numerus':'SINGULAR','Pos':'ADJ'},'name':'amoeni'}]}],'name':'amoenus@ADJ'}]">amoeni</w><c> </c><w lemma="[{'id':1059065,'ls':[{'id':4748,'name':'gurges','wfs':[{'id':1059068,'morph':{'Casus':'GENITIVE','DeclensionType':'THIRD_DECLENSION','Genus':'MASCULINE','Numerus':'SINGULAR','Pos':'NN'},'name':'gurgitis'}]}],'name':'gurges@NN'}]">gurgitis</w><c> </c><w lemma="[{'id':1299155,'ls':[{'id':1299156,'name':'puritas','wfs':[{'id':243439289,'morph':{'Casus':'ABLATIVE','DeclensionType':'THIRD_DECLENSION','Genus':'FEMININE','Numerus':'SINGULAR','Pos':'NN'},'name':'puritate'}]}],'name':'puritas@NN'}]">puritate</w><c> </c><w lemma="[{'id':6856131,'ls':[{'id':6856132,'name':'praeterfluo','wfs':[{'id':6856265,'morph':{'ConjugationType':'THIRD_CONJUGATION','Mood':'INDICATIVE','Numerus':'SINGULAR','Person':'PERSON_3','Pos':'V','Tense':'PRESENT','VerbType':'TRANSITIVE','Voice':'ACTIVE'},'name':'praeterfluit'}]}],'name':'praeterfluo@V'}]">praeterfluit</w><c> </c><w lemma="[{'id':839994,'ls':[{'id':1705,'name':'causa','wfs':[{'id':840003,'morph':{'Casus':'ACCUSATIVE','DeclensionType':'FIRST_DECLENSION','Genus':'FEMININE','Numerus':'SINGULAR','Pos':'NN'},'name':'causam'}]}],'name':'causa@NN'}]">causam</w><c> </c><w lemma="[{'id':2876114,'ls':[{'id':242459026,'name':'praestans','wfs':[{'id':242459042,'morph':{'Casus':'NOMINATIVE','ComparisonDegree':'POSITIVE','DeclensionType':'THIRD_DECLENSION','Genus':'MASCULINE','Numerus':'SINGULAR','Pos':'ADJ'},'name':'praestans'}]}],'name':'praestans@ADJ'}]">praestans</w><c> </c><w lemma="[{'id':1178672,'ls':[{'id':6273,'name':'munimen','wfs':[{'id':1178683,'morph':{'Casus':'GENITIVE','DeclensionType':'THIRD_DECLENSION','Genus':'NEUTER','Numerus':'SINGULAR','Pos':'NN'},'name':'muniminis'}]}],'name':'munimen@NN'}]">muniminis</w><c> </c><w lemma="[{'id':109828,'ls':[{'id':109829,'name':'et','wfs':[{'id':109830,'morph':{'Pos':'CON'},'name':'et'}]}],'name':'et@CON'}]">et</w><c> </c><w lemma="[{'id':940642,'ls':[{'id':3078,'name':'decus','wfs':[{'id':940656,'morph':{'Casus':'GENITIVE','DeclensionType':'THIRD_DECLENSION','Genus':'NEUTER','Numerus':'SINGULAR','Pos':'NN'},'name':'decoris'}]}],'name':'decus@NN'}]">decoris</w><c>:</c><c> </c><w lemma="[{'id':836905,'ls':[{'id':836906,'name':'castrum','wfs':[{'id':241411607,'morph':{'Casus':'NOMINATIVE','DeclensionType':'SECOND_DECLENSION','Genus':'NEUTER','Numerus':'SINGULAR','Pos':'NN'},'name':'castrum'}]}],'name':'castrum@NN'}]">castrum</w><c> </c><lb n="29" xml:id="bsb00000824_00287_29"></lb><w lemma="[{'id':210776,'ls':[{'id':6737,'name':'paene','wfs':[{'id':210779,'morph':{'ComparisonDegree':'POSITIVE','Pos':'ADV'},'name':'paene'}]}],'name':'paene@ADV'}]">paene</w><c> </c><w lemma="[{'id':109577,'ls':[{'id':109578,'name':'in','wfs':[{'id':109579,'morph':{'Pos':'AP'},'name':'in'}]}],'name':'in@AP'}]">in</w><c> </c><w lemma="[{'id':1178111,'ls':[{'id':6265,'name':'mundus','wfs':[{'id':1178137,'morph':{'Casus':'ABLATIVE','DeclensionType':'SECOND_DECLENSION','Genus':'MASCULINE','Numerus':'SINGULAR','Pos':'NN'},'name':'mundo'}]}],'name':'mundus@NN'}]">mundo</w><c> </c><w lemma="[{'id':3059227,'ls':[{'id':3059228,'name':'singularis','wfs':[{'id':3059325,'morph':{'Casus':'NOMINATIVE','ComparisonDegree':'POSITIVE','DeclensionType':'THIRD_DECLENSION','Genus':'NEUTER','Numerus':'SINGULAR','Pos':'ADJ'},'name':'singulare'}]}],'name':'singularis@ADJ'}]">singulare</w><c>,</c><c> </c><w lemma="[{'id':7783838,'ls':[{'id':8779,'name':'teneo','wfs':[{'id':7783877,'morph':{'Casus':'NOMINATIVE','ConjugationType':'SECOND_CONJUGATION','Genus':'NEUTER','Mood':'PARTICIPLE','Numerus':'SINGULAR','Pos':'V','Tense':'PRESENT','VerbType':'TRANSITIVE','Voice':'ACTIVE'},'name':'tenens'}]}],'name':'teneo@V'}]">tenens</w><c> </c><w lemma="[{'id':863031,'ls':[{'id':1946,'name':'claustrum','wfs':[{'id':863032,'morph':{'Casus':'ACCUSATIVE','DeclensionType':'SECOND_DECLENSION','Genus':'NEUTER','Numerus':'PLURAL','Pos':'NN'},'name':'claustra'}]}],'name':'claustrum@NN'}]">claustra</w><c> </c><w lemma="[{'id':1291084,'ls':[{'id':7580,'name':'provincia','wfs':[{'id':1291113,'morph':{'Casus':'GENITIVE','DeclensionType':'FIRST_DECLENSION','Genus':'FEMININE','Numerus':'SINGULAR','Pos':'NN'},'name':'provinciae'}]}],'name':'provincia@NN'}]">provinciae</w><c>,</c><c> </c><w lemma="[{'id':242816363,'ls':[{'id':242816364,'name':'qui','wfs':[{'id':296826590,'morph':{'Casus':'NOMINATIVE','Genus':'NEUTER','Numerus':'SINGULAR','Pos':'PRO','PronounType':'RELATIVE'},'name':'quod'}]}],'name':'qui@PRO'}]">quod</w><c> </c><w lemma="[{'id':183546,'ls':[{'id':183547,'name':'ideo','wfs':[{'id':183548,'morph':{'ComparisonDegree':'POSITIVE','Pos':'ADV'},'name':'ideo'}]}],'name':'ideo@ADV'}]">ideo</w><c> </c><w lemma="[{'id':200930,'ls':[{'id':5907,'name':'magis','wfs':[{'id':200931,'morph':{'ComparisonDegree':'COMPARATIVE','Pos':'ADV'},'name':'magis'}]}],'name':'magis@ADV'}]">magis</w><c> </c><w lemma="[{'id':6890785,'ls':[{'id':7404,'name':'probo','wfs':[{'id':6891136,'morph':{'ConjugationType':'FIRST_CONJUGATION','Mood':'INDICATIVE','Numerus':'SINGULAR','Person':'PERSON_3','Pos':'V','Tense':'PRESENT','VerbType':'TRANSITIVE','Voice':'PASSIVE'},'name':'probatur'}]}],'name':'probo@V'}]">probatur</w><c> </c><w lemma="[{'id':7617143,'ls':[{'id':7617144,'name':'sum','wfs':[{'id':7617145,'morph':{'Mood':'INFINITIVE','Pos':'V','Tense':'PRESENT','VerbType':'VERBA_ANOMALA','Voice':'ACTIVE'},'name':'esse'}]}],'name':'sum@V'}]">esse</w><c> </c><lb n="30" xml:id="bsb00000824_00287_30"></lb><w lemma="[{'id':2856923,'ls':[{'id':2856924,'name':'praecipuus','wfs':[{'id':2857029,'morph':{'Casus':'NOMINATIVE','ComparisonDegree':'POSITIVE','DeclensionType':'SECOND_DECLENSION','Genus':'NEUTER','Numerus':'SINGULAR','Pos':'ADJ'},'name':'praecipuum'}]}],'name':'praecipuus@ADJ'}]">praecipuum</w><c>,</c><c> </c><w lemma="[{'id':109966,'ls':[{'id':109967,'name':'quia','wfs':[{'id':109968,'morph':{'Pos':'CON'},'name':'quia'}]}],'name':'quia@CON'}]">quia</w><c> </c><w lemma="[{'id':2319279,'ls':[{'id':2319280,'name':'ferus','wfs':[{'id':2319291,'morph':{'Casus':'DATIVE','ComparisonDegree':'POSITIVE','DeclensionType':'FIRST_DECLENSION','Genus':'FEMININE','Numerus':'PLURAL','Pos':'ADJ'},'name':'feris'}]}],'name':'ferus@ADJ'}]">feris</w><c> </c><w lemma="[{'id':1052032,'ls':[{'id':4633,'name':'gens','wfs':[{'id':1052036,'morph':{'Casus':'DATIVE','DeclensionType':'THIRD_DECLENSION','Genus':'FEMININE','Numerus':'PLURAL','Pos':'NN'},'name':'gentibus'}]}],'name':'gens@NN'}]">gentibus</w><c> </c><w lemma="[{'id':4511478,'ls':[{'id':2579,'name':'consto','wfs':[{'id':353214,'morph':{'ConjugationType':'FIRST_CONJUGATION','Mood':'INDICATIVE','Numerus':'SINGULAR','Person':'PERSON_3','Pos':'V','Tense':'PRESENT','VerbType':'INTRANSITIVE','Voice':'ACTIVE'},'name':'constat'}]}],'name':'consto@V'}]">constat</w><c> </c><w lemma="[{'id':6360790,'ls':[{'id':6483,'name':'obicio','wfs':[{'id':6360922,'morph':{'Casus':'ACCUSATIVE','ConjugationType':'THIRD_CONJUGATION','Genus':'NEUTER','Mood':'PARTICIPLE','Numerus':'SINGULAR','Pos':'V','Tense':'PERFECT','VerbType':'TRANSITIVE','Voice':'PASSIVE'},'name':'obiectum'}]}],'name':'obicio@V'}]">obiectum</w><c>.</c><c> </c></s><s><w lemma="[{'id':242815996,'ls':[{'id':242815997,'name':'hic','wfs':[{'id':36187642,'morph':{'Casus':'ACCUSATIVE','Genus':'NEUTER','Numerus':'SINGULAR','Pos':'PRO','PronounType':'DEMONSTRATIVE'},'name':'hoc'}]}],'name':'hic@PRO'}]">Hoc</w><c> </c><w lemma="[{'id':242352365,'ls':[{'id':242352366,'name':'opinabilis','wfs':[{'id':242352466,'morph':{'Casus':'ACCUSATIVE','ComparisonDegree':'POSITIVE','DeclensionType':'THIRD_DECLENSION','Genus':'NEUTER','Numerus':'SINGULAR','Pos':'ADJ'},'name':'opinabile'}]}],'name':'opinabilis@ADJ'}]">opinabile</w><c> </c><w lemma="[{'id':1178672,'ls':[{'id':6273,'name':'munimen','wfs':[{'id':243398754,'morph':{'Casus':'ACCUSATIVE','DeclensionType':'THIRD_DECLENSION','Genus':'NEUTER','Numerus':'SINGULAR','Pos':'NN'},'name':'munimen'}]}],'name':'munimen@NN'}]">munimen</w><c>,</c><c> </c><w lemma="[{'id':2662372,'ls':[{'id':6129,'name':'mirabilis','wfs':[{'id':2662439,'morph':{'Casus':'ACCUSATIVE','ComparisonDegree':'POSITIVE','DeclensionType':'THIRD_DECLENSION','Genus':'FEMININE','Numerus':'SINGULAR','Pos':'ADJ'},'name':'mirabilem'}]}],'name':'mirabilis@ADJ'}]">mirabilem</w><c> </c><lb n="31" xml:id="bsb00000824_00287_31"></lb><w lemma="[{'id':1351918,'ls':[{'id':8213,'name':'securitas','wfs':[{'id':243458190,'morph':{'Casus':'ACCUSATIVE','DeclensionType':'THIRD_DECLENSION','Genus':'FEMININE','Numerus':'SINGULAR','Pos':'NN'},'name':'securitatem'}]}],'name':'securitas@NN'}]">securitatem</w><c> </c><w lemma="[{'id':242816600,'ls':[{'id':242816601,'name':'quis','wfs':[{'id':612296782,'morph':{'Casus':'DATIVE','Genus':'MASCULINE','Numerus':'SINGULAR','Pos':'PRO','PronounType':'INTERROGATIVE'},'name':'cui'}]}],'name':'quis@PRO'}]">cui</w><c> </c><w lemma="[{'id':954514,'ls':[{'id':3366,'name':'desiderium','wfs':[{'id':241425846,'morph':{'Casus':'NOMINATIVE','DeclensionType':'SECOND_DECLENSION','Genus':'NEUTER','Numerus':'SINGULAR','Pos':'NN'},'name':'desiderium'}]}],'name':'desiderium@NN'}]">desiderium</w><c> </c><w lemma="[{'id':206035,'ls':[{'id':6416,'name':'non','wfs':[{'id':241322627,'morph':{'Pos':'ADV'},'name':'non'}]}],'name':'non@ADV'}]">non</w><c> </c><w lemma="[{'id':7617143,'ls':[{'id':7617144,'name':'sum','wfs':[{'id':244519866,'morph':{'Mood':'SUBJUNCTIVE','Numerus':'SINGULAR','Person':'PERSON_3','Pos':'V','Tense':'PRESENT','VerbType':'VERBA_ANOMALA','Voice':'ACTIVE'},'name':'sit'}]}],'name':'sum@V'}]">sit</w><c> </c><w lemma="[{'id':5619231,'ls':[{'id':4759,'name':'habito','wfs':[{'id':5619312,'morph':{'ConjugationType':'FIRST_CONJUGATION','Mood':'INFINITIVE','Pos':'V','Tense':'PRESENT','VerbType':'TRANSITIVE','Voice':'ACTIVE'},'name':'habitare'}]}],'name':'habito@V'}]">habitare</w><c>,</c><c> </c><w lemma="[{'id':242816363,'ls':[{'id':242816364,'name':'qui','wfs':[{'id':244510910,'morph':{'Casus':'ACCUSATIVE','Genus':'FEMININE','Numerus':'SINGULAR','Pos':'PRO','PronounType':'RELATIVE'},'name':'quam'}]}],'name':'qui@PRO'}]">quam</w><c> </c><w lemma="[{'id':251807,'ls':[{'id':251810,'name':'vel','wfs':[{'id':251811,'morph':{'ComparisonDegree':'POSITIVE','Pos':'ADV'},'name':'vel'}]}],'name':'vel@ADV'}]">vel</w><c> </c><w lemma="[{'id':2301289,'ls':[{'id':4201,'name':'externus','wfs':[{'id':2301316,'morph':{'Casus':'ACCUSATIVE','ComparisonDegree':'POSITIVE','DeclensionType':'SECOND_DECLENSION','Genus':'MASCULINE','Numerus':'PLURAL','Pos':'ADJ'},'name':'externos'}]}],'name':'externus@ADJ'}]">externos</w><c> </c><w lemma="[{'id':4793813,'ls':[{'id':3176,'name':'delecto','wfs':[{'id':4794163,'morph':{'ConjugationType':'FIRST_CONJUGATION','Mood':'INDICATIVE','Numerus':'SINGULAR','Person':'PERSON_3','Pos':'V','Tense':'PRESENT','VerbType':'TRANSITIVE','Voice':'ACTIVE'},'name':'delectat'}]}],'name':'delecto@V'}]">delectat</w><c> </c><w lemma="[{'id':6034136,'ls':[{'id':5505,'name':'inviso','wfs':[{'id':6034622,'morph':{'ConjugationType':'THIRD_CONJUGATION','Mood':'INFINITIVE','Pos':'V','Tense':'PRESENT','VerbType':'TRANSITIVE','Voice':'ACTIVE'},'name':'invisere'}]}],'name':'inviso@V'}]">invisere</w><c>?</c><c> </c></s><s><w lemma="[{'id':109828,'ls':[{'id':109829,'name':'et','wfs':[{'id':109830,'morph':{'Pos':'CON'},'name':'et'}]}],'name':'et@CON'}]">et</w><c> </c><lb n="32" xml:id="bsb00000824_00287_32"></lb><w lemma="[{'id':109937,'ls':[{'id':109938,'name':'quamquam','wfs':[{'id':109939,'morph':{'Pos':'CON'},'name':'quamquam'}]}],'name':'quamquam@CON'}]">quamquam</w><c> </c><w lemma="[{'id':958093,'ls':[{'id':958094,'name':'deus','wfs':[{'id':958105,'morph':{'Casus':'ABLATIVE','DeclensionType':'SECOND_DECLENSION','Genus':'MASCULINE','Numerus':'SINGULAR','Pos':'NN'},'name':'deo'}]}],'name':'deus@NN'}]">deo</w><c> </c><w lemma="[{'id':6101654,'ls':[{'id':6102055,'name':'iuvo','wfs':[{'id':6102086,'morph':{'Casus':'ABLATIVE','ConjugationType':'FIRST_CONJUGATION','Genus':'MASCULINE','Mood':'PARTICIPLE','Numerus':'SINGULAR','Pos':'V','Tense':'PRESENT','VerbType':'TRANSITIVE','Voice':'ACTIVE'},'name':'iuvante'}]}],'name':'iuvo@V'}]">iuvante</w><c> </c><w lemma="[{'id':244510439,'ls':[{'id':244510440,'name':'noster','wfs':[{'id':457578027,'morph':{'Casus':'ABLATIVE','DeclensionType':'SECOND_DECLENSION','Genus':'NEUTER','Numerus':'PLURAL','Pos':'PRO','PronounType':'POSSESSIVE'},'name':'nostris'}]}],'name':'noster@PRO'}]">nostris</w><c> </c><w lemma="[{'id':1412956,'ls':[{'id':8776,'name':'tempus','wfs':[{'id':1412958,'morph':{'Casus':'ABLATIVE','DeclensionType':'THIRD_DECLENSION','Genus':'NEUTER','Numerus':'PLURAL','Pos':'NN'},'name':'temporibus'}]}],'name':'tempus@NN'}]">temporibus</w><c> </c><w lemma="[{'id':1291084,'ls':[{'id':7580,'name':'provincia','wfs':[{'id':1291110,'morph':{'Casus':'ACCUSATIVE','DeclensionType':'FIRST_DECLENSION','Genus':'FEMININE','Numerus':'SINGULAR','Pos':'NN'},'name':'provinciam'}]}],'name':'provincia@NN'}]">provinciam</w><c> </c><w lemma="[{'id':3026748,'ls':[{'id':8211,'name':'securus','wfs':[{'id':3026819,'morph':{'Casus':'ACCUSATIVE','ComparisonDegree':'POSITIVE','DeclensionType':'FIRST_DECLENSION','Genus':'FEMININE','Numerus':'SINGULAR','Pos':'ADJ'},'name':'securam'}]}],'name':'securus@ADJ'}]">securam</w><c> </c><w lemma="[{'id':4637462,'ls':[{'id':2846,'name':'credo','wfs':[{'id':4637578,'morph':{'ConjugationType':'THIRD_CONJUGATION','Mood':'SUBJUNCTIVE','Numerus':'PLURAL','Person':'PERSON_1','Pos':'V','Tense':'PRESENT','VerbType':'TRANSITIVE','Voice':'ACTIVE'},'name':'credamus'}]}],'name':'credo@V'}]">credamus</w><c>,</c><c> </c><w lemma="[{'id':245297,'ls':[{'id':245298,'name':'tamen','wfs':[{'id':245299,'morph':{'ComparisonDegree':'POSITIVE','Pos':'ADV'},'name':'tamen'}]}],'name':'tamen@ADV'}]">tamen</w><c> </c><lb n="33" xml:id="bsb00000824_00287_33"></lb><w lemma="[{'id':1291846,'ls':[{'id':7588,'name':'prudentia','wfs':[{'id':1291858,'morph':{'Casus':'GENITIVE','DeclensionType':'FIRST_DECLENSION','Genus':'FEMININE','Numerus':'SINGULAR','Pos':'NN'},'name':'prudentiae'}]}],'name':'prudentia@NN'}]">prudentiae</w><c> </c><w lemma="[{'id':205742,'ls':[{'id':205743,'name':'nihilominus','wfs':[{'id':205744,'morph':{'ComparisonDegree':'POSITIVE','Pos':'ADV'},'name':'nihilominus'}]}],'name':'nihilominus@ADV'}]">nihilominus</w><c> </c><w lemma="[{'id':7617143,'ls':[{'id':7617144,'name':'sum','wfs':[{'id':242825881,'morph':{'Mood':'INDICATIVE','Numerus':'SINGULAR','Person':'PERSON_3','Pos':'V','Tense':'PRESENT','VerbType':'VERBA_ANOMALA','Voice':'ACTIVE'},'name':'est'}]}],'name':'sum@V'}]">est</w><c> </c><w lemma="[{'id':3982826,'ls':[{'id':3983227,'name':'caveo','wfs':[{'id':3983349,'morph':{'ConjugationType':'SECOND_CONJUGATION','Mood':'INFINITIVE','Pos':'V','Tense':'PRESENT','VerbType':'TRANSITIVE','Voice':'ACTIVE'},'name':'cavere'}]}],'name':'caveo@V'}]">cavere</w><c> </c><w lemma="[{'id':241306828,'ls':[{'id':241306833,'name':'etiam','wfs':[{'id':241306835,'morph':{'Pos':'ADV'},'name':'etiam'}]}],'name':'etiam@ADV'}]">etiam</w><c> </c><w lemma="[{'id':242816363,'ls':[{'id':242816364,'name':'qui','wfs':[{'id':244511026,'morph':{'Casus':'NOMINATIVE','Genus':'NEUTER','Numerus':'PLURAL','Pos':'PRO','PronounType':'RELATIVE'},'name':'quae'}]}],'name':'qui@PRO'}]">quae</w><c> </c><w lemma="[{'id':206035,'ls':[{'id':6416,'name':'non','wfs':[{'id':241322627,'morph':{'Pos':'ADV'},'name':'non'}]}],'name':'non@ADV'}]">non</w><c> </c><w lemma="[{'id':7017319,'ls':[{'id':7652,'name':'puto','wfs':[{'id':7017620,'morph':{'ConjugationType':'FIRST_CONJUGATION','Mood':'INDICATIVE','Numerus':'PLURAL','Person':'PERSON_3','Pos':'V','Tense':'PRESENT','VerbType':'TRANSITIVE','Voice':'PASSIVE'},'name':'putantur'}]}],'name':'puto@V'}]">putantur</w><c> </c><w lemma="[{'id':5212671,'ls':[{'id':3857,'name':'emergo','wfs':[{'id':5212752,'morph':{'ConjugationType':'THIRD_CONJUGATION','Mood':'INFINITIVE','Pos':'V','Tense':'PRESENT','VerbType':'TRANSITIVE','Voice':'ACTIVE'},'name':'emergere'}]}],'name':'emergo@V'}]">emergere</w><c>.</c><c> </c></s><s><w lemma="[{'id':1178779,'ls':[{'id':6275,'name':'munitio','wfs':[{'id':1178783,'morph':{'Casus':'NOMINATIVE','DeclensionType':'THIRD_DECLENSION','Genus':'FEMININE','Numerus':'SINGULAR','Pos':'NN'},'name':'munitio'}]}],'name':'munitio@NN'}]">Munitio</w><c> </c><w lemma="[{'id':4173488,'ls':[{'id':4173489,'name':'coapto','wfs':[{'id':498892803,'morph':{'Casus':'NOMINATIVE','ComparisonDegree':'POSITIVE','DeclensionType':'FIRST_DECLENSION','Genus':'FEMININE','Mood':'GERUNDIVE','Numerus':'SINGULAR','Pos':'V'},'name':'coaptanda'}]}],'name':'coapto@V'}]">coaptanda</w><c> </c><pb n="104" xml:id="bsb00000824_00288"></pb><lb n="1" xml:id="bsb00000824_00288_1"></lb><w lemma="[{'id':234266,'ls':[{'id':8236,'name':'semper','wfs':[{'id':241336670,'morph':{'Pos':'ADV'},'name':'semper'}]}],'name':'semper@ADV'}]">semper</w><c> </c><w lemma="[{'id':109577,'ls':[{'id':109578,'name':'in','wfs':[{'id':109579,'morph':{'Pos':'AP'},'name':'in'}]}],'name':'in@AP'}]">in</w><c> </c><w lemma="[{'id':1218912,'ls':[{'id':6721,'name':'otium','wfs':[{'id':243412176,'morph':{'Casus':'ABLATIVE','DeclensionType':'SECOND_DECLENSION','Genus':'NEUTER','Numerus':'SINGULAR','Pos':'NN'},'name':'otio'}]}],'name':'otium@NN'}]">otio</w><c> </c><w lemma="[{'id':7617143,'ls':[{'id':7617144,'name':'sum','wfs':[{'id':242825881,'morph':{'Mood':'INDICATIVE','Numerus':'SINGULAR','Person':'PERSON_3','Pos':'V','Tense':'PRESENT','VerbType':'VERBA_ANOMALA','Voice':'ACTIVE'},'name':'est'}]}],'name':'sum@V'}]">est</w><c>,</c><c> </c><w lemma="[{'id':109966,'ls':[{'id':109967,'name':'quia','wfs':[{'id':109968,'morph':{'Pos':'CON'},'name':'quia'}]}],'name':'quia@CON'}]">quia</w><c> </c><w lemma="[{'id':248916,'ls':[{'id':8978,'name':'tunc','wfs':[{'id':241342921,'morph':{'Pos':'ADV'},'name':'tunc'}]}],'name':'tunc@ADV'}]">tunc</w><c> </c><w lemma="[{'id':201171,'ls':[{'id':5930,'name':'male','wfs':[{'id':201174,'morph':{'ComparisonDegree':'POSITIVE','Pos':'ADV'},'name':'male'}]}],'name':'male@ADV'}]">male</w><c> </c><w lemma="[{'id':7026606,'ls':[{'id':244494165,'name':'quaero','wfs':[{'id':7026999,'morph':{'ConjugationType':'THIRD_CONJUGATION','Mood':'INDICATIVE','Numerus':'SINGULAR','Person':'PERSON_3','Pos':'V','Tense':'PRESENT','VerbType':'TRANSITIVE','Voice':'PASSIVE'},'name':'quaeritur'}]}],'name':'quaero@V'}]">quaeritur</w><c>,</c><c> </c><w lemma="[{'id':109946,'ls':[{'id':109947,'name':'quando','wfs':[{'id':109948,'morph':{'Pos':'CON'},'name':'quando'}]}],'name':'quando@CON'}]">quando</w><c> </c><w lemma="[{'id':2696084,'ls':[{'id':6352,'name':'necessarius','wfs':[{'id':2696162,'morph':{'Casus':'NOMINATIVE','ComparisonDegree':'POSITIVE','DeclensionType':'FIRST_DECLENSION','Genus':'FEMININE','Numerus':'SINGULAR','Pos':'ADJ'},'name':'necessaria'}]}],'name':'necessarius@ADJ'}]">necessaria</w><c> </c><w lemma="[{'id':6076190,'ls':[{'id':6076191,'name':'iudico','wfs':[{'id':6076542,'morph':{'ConjugationType':'FIRST_CONJUGATION','Mood':'INDICATIVE','Numerus':'SINGULAR','Person':'PERSON_3','Pos':'V','Tense':'PRESENT','VerbType':'TRANSITIVE','Voice':'PASSIVE'},'name':'iudicatur'}]}],'name':'iudico@V'}]">iudicatur</w><c>.</c><c> </c></s><s><w lemma="[{'id':1164937,'ls':[{'id':1164938,'name':'mergus','wfs':[{'id':1164944,'morph':{'Casus':'NOMINATIVE','DeclensionType':'SECOND_DECLENSION','Genus':'MASCULINE','Numerus':'PLURAL','Pos':'NN'},'name':'mergi'}]}],'name':'mergus@NN'}]">mergi</w><c>,</c><c> </c><lb n="2" xml:id="bsb00000824_00288_2"></lb><w lemma="[{'id':242816363,'ls':[{'id':242816364,'name':'qui','wfs':[{'id':457578084,'morph':{'Casus':'DATIVE','Genus':'MASCULINE','Numerus':'PLURAL','Pos':'PRO','PronounType':'RELATIVE'},'name':'quibus'}]}],'name':'qui@PRO'}]">quibus</w><c> </c><w lemma="[{'id':1191767,'ls':[{'id':6409,'name':'nomen','wfs':[{'id':1191782,'morph':{'Casus':'NOMINATIVE','DeclensionType':'THIRD_DECLENSION','Genus':'NEUTER','Numerus':'SINGULAR','Pos':'NN'},'name':'nomen'}]}],'name':'nomen@NN'}]">nomen</w><c> </c><w lemma="[{'id':109565,'ls':[{'id':109566,'name':'ex','wfs':[{'id':109567,'morph':{'Pos':'AP'},'name':'ex'}]}],'name':'ex@AP'}]">ex</w><c> </c><w lemma="[{'id':1025917,'ls':[{'id':4238,'name':'factum','wfs':[{'id':1025927,'morph':{'Casus':'ABLATIVE','DeclensionType':'SECOND_DECLENSION','Genus':'NEUTER','Numerus':'SINGULAR','Pos':'NN'},'name':'facto'}]}],'name':'factum@NN'}]">facto</w><c> </c><w lemma="[{'id':7617143,'ls':[{'id':7617144,'name':'sum','wfs':[{'id':242825881,'morph':{'Mood':'INDICATIVE','Numerus':'SINGULAR','Person':'PERSON_3','Pos':'V','Tense':'PRESENT','VerbType':'VERBA_ANOMALA','Voice':'ACTIVE'},'name':'est'}]}],'name':'sum@V'}]">est</w><c>,</c><c> </c><w lemma="[{'id':870101,'ls':[{'id':870102,'name':'cohabitator','wfs':[{'id':870110,'morph':{'Casus':'NOMINATIVE','DeclensionType':'THIRD_DECLENSION','Genus':'MASCULINE','Numerus':'PLURAL','Pos':'NN'},'name':'cohabitatores'}]}],'name':'cohabitator@NN'}]">cohabitatores</w><c> </c><w lemma="[{'id':1255777,'ls':[{'id':7124,'name':'piscis','wfs':[{'id':241466008,'morph':{'Casus':'GENITIVE','DeclensionType':'THIRD_DECLENSION','Genus':'MASCULINE','Numerus':'PLURAL','Pos':'NN'},'name':'piscium'}]}],'name':'piscis@NN'}]">piscium</w><c>,</c><c> </c><w lemma="[{'id':1652208,'ls':[{'id':1652209,'name':'aquatilis','wfs':[{'id':1652232,'morph':{'Casus':'NOMINATIVE','ComparisonDegree':'POSITIVE','DeclensionType':'THIRD_DECLENSION','Genus':'FEMININE','Numerus':'PLURAL','Pos':'ADJ'},'name':'aquatiles'}]}],'name':'aquatilis@ADJ'}]">aquatiles</w><c> </c><w lemma="[{'id':1472533,'ls':[{'id':9332,'name':'volucris','wfs':[{'id':1472553,'morph':{'Casus':'NOMINATIVE','DeclensionType':'THIRD_DECLENSION','Genus':'FEMININE','Numerus':'PLURAL','Pos':'NN'},'name':'volucres'}]}],'name':'volucris@NN'}]">volucres</w><c> </c><w lemma="[{'id':2358901,'ls':[{'id':2358902,'name':'futurus','wfs':[{'id':2358903,'morph':{'Casus':'ACCUSATIVE','ComparisonDegree':'POSITIVE','DeclensionType':'FIRST_DECLENSION','Genus':'FEMININE','Numerus':'PLURAL','Pos':'ADJ'},'name':'futuras'}]}],'name':'futurus@ADJ'}]">futuras</w><c> </c><lb n="3" xml:id="bsb00000824_00288_3"></lb><w lemma="[{'id':1412621,'ls':[{'id':8766,'name':'tempestas','wfs':[{'id':1412622,'morph':{'Casus':'ACCUSATIVE','DeclensionType':'THIRD_DECLENSION','Genus':'FEMININE','Numerus':'PLURAL','Pos':'NN'},'name':'tempestates'}]}],'name':'tempestas@NN'}]">tempestates</w><c> </c><w lemma="[{'id':205038,'ls':[{'id':205039,'name':'naturaliter','wfs':[{'id':205041,'morph':{'ComparisonDegree':'POSITIVE','Pos':'ADV'},'name':'naturaliter'}]}],'name':'naturaliter@ADV'}]">naturaliter</w><c> </c><w lemma="[{'id':6877881,'ls':[{'id':244490286,'name':'praevideo','wfs':[{'id':6878293,'morph':{'Casus':'NOMINATIVE','ConjugationType':'SECOND_CONJUGATION','Genus':'FEMININE','Mood':'PARTICIPLE','Numerus':'PLURAL','Pos':'V','Tense':'PRESENT','VerbType':'TRANSITIVE','Voice':'ACTIVE'},'name':'praevidentes'}]}],'name':'praevideo@V'}]">praevidentes</w><c> </c><w lemma="[{'id':1360151,'ls':[{'id':1360152,'name':'siccum','wfs':[{'id':1360153,'morph':{'Casus':'ACCUSATIVE','DeclensionType':'SECOND_DECLENSION','Genus':'NEUTER','Numerus':'PLURAL','Pos':'NN'},'name':'sicca'}]}],'name':'siccum@NN'}]">sicca</w><c> </c><w lemma="[{'id':6700788,'ls':[{'id':7053,'name':'peto','wfs':[{'id':6701095,'morph':{'ConjugationType':'THIRD_CONJUGATION','Mood':'INDICATIVE','Numerus':'PLURAL','Person':'PERSON_3','Pos':'V','Tense':'PRESENT','VerbType':'TRANSITIVE','Voice':'ACTIVE'},'name':'petunt'}]}],'name':'peto@V'}]">petunt</w><c>,</c><c> </c><w lemma="[{'id':1373006,'ls':[{'id':8478,'name':'stagnum','wfs':[{'id':1373007,'morph':{'Casus':'ACCUSATIVE','DeclensionType':'SECOND_DECLENSION','Genus':'NEUTER','Numerus':'PLURAL','Pos':'NN'},'name':'stagna'}]}],'name':'stagnum@NN'}]">stagna</w><c> </c><w lemma="[{'id':4872916,'ls':[{'id':3330,'name':'derelinquo','wfs':[{'id':4873193,'morph':{'ConjugationType':'THIRD_CONJUGATION','Mood':'INDICATIVE','Numerus':'PLURAL','Person':'PERSON_3','Pos':'V','Tense':'PRESENT','VerbType':'TRANSITIVE','Voice':'ACTIVE'},'name':'derelinquunt'}]}],'name':'derelinquo@V'}]">derelinquunt</w><c>.</c><c> </c></s><s><w lemma="[{'id':947012,'ls':[{'id':947013,'name':'delphinus','wfs':[{'id':947019,'morph':{'Casus':'NOMINATIVE','DeclensionType':'SECOND_DECLENSION','Genus':'MASCULINE','Numerus':'PLURAL','Pos':'NN'},'name':'delphini'}]}],'name':'delphinus@NN'}]">delphini</w><c> </c><w lemma="[{'id':1036992,'ls':[{'id':4419,'name':'fluctus','wfs':[{'id':243348923,'morph':{'Casus':'ACCUSATIVE','DeclensionType':'FOURTH_DECLENSION','Genus':'MASCULINE','Numerus':'PLURAL','Pos':'NN'},'name':'fluctus'}]}],'name':'fluctus@NN'}]">fluctus</w><c> </c><lb n="4" xml:id="bsb00000824_00288_4"></lb><w lemma="[{'id':1233087,'ls':[{'id':6896,'name':'pelagus','wfs':[{'id':1233117,'morph':{'Casus':'GENITIVE','DeclensionType':'SECOND_DECLENSION','Genus':'NEUTER','Numerus':'SINGULAR','Pos':'NN'},'name':'pelagi'}]}],'name':'pelagus@NN'}]">pelagi</w><c> </c><w lemma="[{'id':6238024,'ls':[{'id':6100,'name':'metuo','wfs':[{'id':6238040,'morph':{'Casus':'NOMINATIVE','ConjugationType':'THIRD_CONJUGATION','Genus':'MASCULINE','Mood':'PARTICIPLE','Numerus':'PLURAL','Pos':'V','Tense':'PRESENT','VerbType':'TRANSITIVE','Voice':'ACTIVE'},'name':'metuentes'}]}],'name':'metuo@V'}]">metuentes</w><c> </c><w lemma="[{'id':3250394,'ls':[{'id':3250507,'name':'vadosus','wfs':[{'id':3250553,'morph':{'Casus':'ABLATIVE','ComparisonDegree':'POSITIVE','DeclensionType':'SECOND_DECLENSION','Genus':'NEUTER','Numerus':'PLURAL','Pos':'ADJ'},'name':'vadosis'}]}],'name':'vadosus@ADJ'}]">vadosis</w><c> </c><w lemma="[{'id':1142958,'ls':[{'id':5794,'name':'litus','wfs':[{'id':498533033,'morph':{'Casus':'ABLATIVE','DeclensionType':'THIRD_DECLENSION','Genus':'NEUTER','Numerus':'PLURAL','Pos':'NN'},'name':'litoribus'}]}],'name':'litus@NN'}]">litoribus</w><c> </c><w lemma="[{'id':5703131,'ls':[{'id':5703132,'name':'immoror','wfs':[{'id':5703215,'morph':{'ConjugationType':'FIRST_CONJUGATION','Mood':'INDICATIVE','Numerus':'PLURAL','Person':'PERSON_3','Pos':'V','Tense':'PRESENT','VerbType':'DEPONENT','Voice':'PASSIVE'},'name':'immorantur'}]}],'name':'immoror@V'}]">immorantur</w><c>.</c><c> </c></s><s><w lemma="[{'id':985344,'ls':[{'id':985345,'name':'echinus','wfs':[{'id':985351,'morph':{'Casus':'NOMINATIVE','DeclensionType':'SECOND_DECLENSION','Genus':'MASCULINE','Numerus':'PLURAL','Pos':'NN'},'name':'echini'}]}],'name':'echinus@NN'}]">echini</w><c>,</c><c> </c><w lemma="[{'id':242816363,'ls':[{'id':242816364,'name':'qui','wfs':[{'id':244511016,'morph':{'Casus':'NOMINATIVE','Genus':'MASCULINE','Numerus':'SINGULAR','Pos':'PRO','PronounType':'RELATIVE'},'name':'qui'}]}],'name':'qui@PRO'}]">qui</w><c> </c><w lemma="[{'id':7617143,'ls':[{'id':7617144,'name':'sum','wfs':[{'id':242825914,'morph':{'Mood':'INDICATIVE','Numerus':'PLURAL','Person':'PERSON_3','Pos':'V','Tense':'PRESENT','VerbType':'VERBA_ANOMALA','Voice':'ACTIVE'},'name':'sunt'}]}],'name':'sum@V'}]">sunt</w><c> </c><w lemma="[{'id':1161636,'ls':[{'id':6046,'name':'mel','wfs':[{'id':610172877,'morph':{'Casus':'NOMINATIVE','DeclensionType':'THIRD_DECLENSION','Genus':'NEUTER','Numerus':'PLURAL','Pos':'NN'},'name':'mella'}]}],'name':'mel@NN'}]">mella</w><c> </c><w lemma="[{'id':1810373,'ls':[{'id':1625,'name':'carnalis','wfs':[{'id':1810429,'morph':{'Casus':'NOMINATIVE','ComparisonDegree':'POSITIVE','DeclensionType':'THIRD_DECLENSION','Genus':'NEUTER','Numerus':'PLURAL','Pos':'ADJ'},'name':'carnalia'}]}],'name':'carnalis@ADJ'}]">carnalia</w><c>,</c><c> </c><lb n="5" xml:id="bsb00000824_00288_5"></lb><w lemma="[{'id':788464309,'ls':[{'id':788464310,'name':'costatilis','wfs':[{'id':788464311,'morph':{'Casus':'NOMINATIVE','ComparisonDegree':'POSITIVE','DeclensionType':'THIRD_DECLENSION','Genus':'FEMININE','Numerus':'SINGULAR','Pos':'ADJ'},'name':'costatilis'}]}],'name':'costatilis@ADJ'}]">costatilis</w><c> </c><w lemma="[{'id':1413360,'ls':[{'id':1413361,'name':'teneritudo','wfs':[{'id':1413364,'morph':{'Casus':'NOMINATIVE','DeclensionType':'THIRD_DECLENSION','Genus':'FEMININE','Numerus':'SINGULAR','Pos':'NN'},'name':'teneritudo'}]}],'name':'teneritudo@NN'}]">teneritudo</w><c>,</c><c> </c><w lemma="[{'id':2067605,'ls':[{'id':2067606,'name':'croceus','wfs':[{'id':2067626,'morph':{'Casus':'NOMINATIVE','ComparisonDegree':'POSITIVE','DeclensionType':'FIRST_DECLENSION','Genus':'FEMININE','Numerus':'PLURAL','Pos':'ADJ'},'name':'croceae'}]}],'name':'croceus@ADJ'}]">croceae</w><c> </c><w lemma="[{'id':946256,'ls':[{'id':946257,'name':'delicia','wfs':[{'id':946264,'morph':{'Casus':'NOMINATIVE','DeclensionType':'FIRST_DECLENSION','Genus':'FEMININE','Numerus':'PLURAL','Pos':'NN'},'name':'deliciae'}]}],'name':'delicia@NN'}]">deliciae</w><c> </c><w lemma="[{'id':2213024,'ls':[{'id':241936667,'name':'dives','wfs':[{'id':241936680,'morph':{'Casus':'GENITIVE','ComparisonDegree':'POSITIVE','DeclensionType':'THIRD_DECLENSION','Genus':'NEUTER','Numerus':'SINGULAR','Pos':'ADJ'},'name':'divitis'}]}],'name':'dives@ADJ'}]">divitis</w><c> </c><w lemma="[{'id':1157696,'ls':[{'id':273666717,'name':'mare','wfs':[{'id':273666720,'morph':{'Casus':'GENITIVE','DeclensionType':'THIRD_DECLENSION','Genus':'NEUTER','Numerus':'SINGULAR','Pos':'NN'},'name':'maris'}]}],'name':'mare@NN'}]">maris</w><c>,</c><c> </c><w lemma="[{'id':109813,'ls':[{'id':109814,'name':'dum','wfs':[{'id':109815,'morph':{'Pos':'CON'},'name':'dum'}]}],'name':'dum@CON'}]">dum</w><c> </c><w lemma="[{'id':2358901,'ls':[{'id':2358902,'name':'futurus','wfs':[{'id':2358903,'morph':{'Casus':'ACCUSATIVE','ComparisonDegree':'POSITIVE','DeclensionType':'FIRST_DECLENSION','Genus':'FEMININE','Numerus':'PLURAL','Pos':'ADJ'},'name':'futuras'}]}],'name':'futurus@ADJ'}]">futuras</w><c> </c><w lemma="[{'id':1412621,'ls':[{'id':8766,'name':'tempestas','wfs':[{'id':1412622,'morph':{'Casus':'ACCUSATIVE','DeclensionType':'THIRD_DECLENSION','Genus':'FEMININE','Numerus':'PLURAL','Pos':'NN'},'name':'tempestates'}]}],'name':'tempestas@NN'}]">tempestates</w><c> </c><w lemma="[{'id':3558521,'ls':[{'id':580,'name':'agnosco','wfs':[{'id':3560170,'morph':{'ConjugationType':'THIRD_CONJUGATION','Mood':'SUBJUNCTIVE','Numerus':'PLURAL','Person':'PERSON_3','Pos':'V','Tense':'PERFECT','VerbType':'TRANSITIVE','Voice':'ACTIVE'},'name':'agnoverint'}]}],'name':'agnosco@V'}]">agnoverint</w><c>,</c><c> </c><lb n="6" xml:id="bsb00000824_00288_6"></lb><w lemma="[{'id':1143697,'ls':[{'id':5796,'name':'locus','wfs':[{'id':594773494,'morph':{'Casus':'ACCUSATIVE','DeclensionType':'SECOND_DECLENSION','Genus':'NEUTER','Numerus':'PLURAL','Pos':'NN'},'name':'loca'}]}],'name':'locus@NN'}]">loca</w><c> </c><w lemma="[{'id':6296647,'ls':[{'id':6293,'name':'muto','wfs':[{'id':6296728,'morph':{'ConjugationType':'FIRST_CONJUGATION','Mood':'INFINITIVE','Pos':'V','Tense':'PRESENT','VerbType':'TRANSITIVE','Voice':'ACTIVE'},'name':'mutare'}]}],'name':'muto@V'}]">mutare</w><c> </c><w lemma="[{'id':4669725,'ls':[{'id':2957,'name':'cupio','wfs':[{'id':4669741,'morph':{'Casus':'NOMINATIVE','ConjugationType':'THIRD_CONJUGATION','Genus':'MASCULINE','Mood':'PARTICIPLE','Numerus':'PLURAL','Pos':'V','Tense':'PRESENT','VerbType':'TRANSITIVE','Voice':'ACTIVE'},'name':'cupientes'}]}],'name':'cupio@V'}]">cupientes</w><c>,</c><c> </c><w lemma="[{'id':109966,'ls':[{'id':109967,'name':'quia','wfs':[{'id':109968,'morph':{'Pos':'CON'},'name':'quia'}]}],'name':'quia@CON'}]">quia</w><c> </c><w lemma="[{'id':242816114,'ls':[{'id':242816115,'name':'ille','wfs':[{'id':497062764,'morph':{'Casus':'DATIVE','Genus':'FEMININE','Numerus':'PLURAL','Pos':'PRO','PronounType':'DEMONSTRATIVE'},'name':'illis'}]}],'name':'ille@PRO'}]">illis</w><c> </c><w lemma="[{'id':109629,'ls':[{'id':109630,'name':'pro','wfs':[{'id':109631,'morph':{'Pos':'AP'},'name':'pro'}]}],'name':'pro@AP'}]">pro</w><c> </c><w lemma="[{'id':1137813,'ls':[{'id':5721,'name':'levitas','wfs':[{'id':244750581,'morph':{'Casus':'ABLATIVE','DeclensionType':'THIRD_DECLENSION','Genus':'FEMININE','Numerus':'SINGULAR','Pos':'NN'},'name':'levitate'}]}],'name':'levitas@NN'}]">levitate</w><c> </c><w lemma="[{'id':916873,'ls':[{'id':2783,'name':'corpus','wfs':[{'id':916909,'morph':{'Casus':'GENITIVE','DeclensionType':'THIRD_DECLENSION','Genus':'NEUTER','Numerus':'SINGULAR','Pos':'NN'},'name':'corporis'}]}],'name':'corpus@NN'}]">corporis</w><c> </c><w lemma="[{'id':6324092,'ls':[{'id':6306,'name':'no','wfs':[{'id':497649633,'morph':{'Casus':'GENITIVE','DeclensionType':'SECOND_DECLENSION','Genus':'NEUTER','Mood':'GERUND','Numerus':'SINGULAR','Pos':'V'},'name':'nandi'}]}],'name':'no@V'}]">nandi</w><c> </c><w lemma="[{'id':2709764,'ls':[{'id':2709765,'name':'nullus','wfs':[{'id':2709837,'morph':{'Casus':'NOMINATIVE','ComparisonDegree':'POSITIVE','DeclensionType':'FIRST_DECLENSION','Genus':'FEMININE','Numerus':'SINGULAR','Pos':'ADJ'},'name':'nulla'}]}],'name':'nullus@ADJ'}]">nulla</w><c> </c><w lemma="[{'id':1033419,'ls':[{'id':4364,'name':'fiducia','wfs':[{'id':1033430,'morph':{'Casus':'NOMINATIVE','DeclensionType':'FIRST_DECLENSION','Genus':'FEMININE','Numerus':'SINGULAR','Pos':'NN'},'name':'fiducia'}]}],'name':'fiducia@NN'}]">fiducia</w><c> </c><w lemma="[{'id':7617143,'ls':[{'id':7617144,'name':'sum','wfs':[{'id':242825881,'morph':{'Mood':'INDICATIVE','Numerus':'SINGULAR','Person':'PERSON_3','Pos':'V','Tense':'PRESENT','VerbType':'VERBA_ANOMALA','Voice':'ACTIVE'},'name':'est'}]}],'name':'sum@V'}]">est</w><c>,</c><c> </c><w lemma="[{'id':1130451,'ls':[{'id':5614,'name':'lapillus','wfs':[{'id':1130459,'morph':{'Casus':'ACCUSATIVE','DeclensionType':'SECOND_DECLENSION','Genus':'MASCULINE','Numerus':'SINGULAR','Pos':'NN'},'name':'lapillos'}]}],'name':'lapillus@NN'}]">lapillos</w><c>,</c><c> </c><lb n="7" xml:id="bsb00000824_00288_7"></lb><w lemma="[{'id':242816363,'ls':[{'id':242816364,'name':'qui','wfs':[{'id':457578084,'morph':{'Casus':'DATIVE','Genus':'MASCULINE','Numerus':'PLURAL','Pos':'PRO','PronounType':'RELATIVE'},'name':'quibus'}]}],'name':'qui@PRO'}]">quibus</w><c> </c><w lemma="[{'id':1224685,'ls':[{'id':480989835,'name':'par','wfs':[{'id':480989844,'morph':{'Casus':'NOMINATIVE','DeclensionType':'THIRD_DECLENSION','Genus':'MASCULINE','Numerus':'PLURAL','Pos':'NN'},'name':'pares'}]}],'name':'par@NN'}]">pares</w><c> </c><w lemma="[{'id':6741602,'ls':[{'id':7228,'name':'possum','wfs':[{'id':244516520,'morph':{'Mood':'INDICATIVE','Numerus':'PLURAL','Person':'PERSON_3','Pos':'V','Tense':'PRESENT','VerbType':'VERBA_ANOMALA','Voice':'ACTIVE'},'name':'possunt'}]}],'name':'possum@V'}]">possunt</w><c> </c><w lemma="[{'id':7617143,'ls':[{'id':7617144,'name':'sum','wfs':[{'id':7617145,'morph':{'Mood':'INFINITIVE','Pos':'V','Tense':'PRESENT','VerbType':'VERBA_ANOMALA','Voice':'ACTIVE'},'name':'esse'}]}],'name':'sum@V'}]">esse</w><c>,</c><c> </c><w lemma="[{'id':884895,'ls':[{'id':2233,'name':'complexus','wfs':[{'id':241417864,'morph':{'Casus':'NOMINATIVE','DeclensionType':'SECOND_DECLENSION','Genus':'MASCULINE','Numerus':'PLURAL','Pos':'NN'},'name':'complexi'}]}],'name':'complexus@NN'}]">complexi</w><c>,</c><c> </c><w lemma="[{'id':242816519,'ls':[{'id':242816520,'name':'quidam','wfs':[{'id':242816525,'morph':{'Casus':'ABLATIVE','Genus':'FEMININE','Numerus':'SINGULAR','Pos':'PRO','PronounType':'INDEFINITE'},'name':'quadam'}]}],'name':'quidam@PRO'}]">quadam</w><c> </c><w lemma="[{'id':755263,'ls':[{'id':755264,'name':'anchora','wfs':[{'id':755268,'morph':{'Casus':'GENITIVE','DeclensionType':'FIRST_DECLENSION','Genus':'FEMININE','Numerus':'PLURAL','Pos':'NN'},'name':'anchorarum'}]}],'name':'anchora@NN'}]">anchorarum</w><c> </c><w lemma="[{'id':1262437,'ls':[{'id':7199,'name':'ponderatio','wfs':[{'id':243425142,'morph':{'Casus':'ABLATIVE','DeclensionType':'THIRD_DECLENSION','Genus':'FEMININE','Numerus':'SINGULAR','Pos':'NN'},'name':'ponderatione'}]}],'name':'ponderatio@NN'}]">ponderatione</w><c> </c><w lemma="[{'id':6145249,'ls':[{'id':5742,'name':'libro','wfs':[{'id':6145300,'morph':{'Casus':'NOMINATIVE','ConjugationType':'FIRST_CONJUGATION','Genus':'MASCULINE','Mood':'PARTICIPLE','Numerus':'PLURAL','Pos':'V','Tense':'PERFECT','VerbType':'TRANSITIVE','Voice':'PASSIVE'},'name':'librati'}]}],'name':'libro@V'}]">librati</w><c> </c><w lemma="[{'id':1347690,'ls':[{'id':8174,'name':'scopulus','wfs':[{'id':1347714,'morph':{'Casus':'ACCUSATIVE','DeclensionType':'SECOND_DECLENSION','Genus':'MASCULINE','Numerus':'SINGULAR','Pos':'NN'},'name':'scopulos'}]}],'name':'scopulus@NN'}]">scopulos</w><c> </c><lb n="8" xml:id="bsb00000824_00288_8"></lb><w lemma="[{'id':6700788,'ls':[{'id':7053,'name':'peto','wfs':[{'id':6701095,'morph':{'ConjugationType':'THIRD_CONJUGATION','Mood':'INDICATIVE','Numerus':'PLURAL','Person':'PERSON_3','Pos':'V','Tense':'PRESENT','VerbType':'TRANSITIVE','Voice':'ACTIVE'},'name':'petunt'}]}],'name':'peto@V'}]">petunt</w><c>,</c><c> </c><w lemma="[{'id':242816363,'ls':[{'id':242816364,'name':'qui','wfs':[{'id':242816417,'morph':{'Casus':'ACCUSATIVE','Genus':'MASCULINE','Numerus':'PLURAL','Pos':'PRO','PronounType':'RELATIVE'},'name':'quos'}]}],'name':'qui@PRO'}]">quos</w><c> </c><w lemma="[{'id':1036992,'ls':[{'id':4419,'name':'fluctus','wfs':[{'id':243348927,'morph':{'Casus':'DATIVE','DeclensionType':'FOURTH_DECLENSION','Genus':'MASCULINE','Numerus':'PLURAL','Pos':'NN'},'name':'fluctibus'}]}],'name':'fluctus@NN'}]">fluctibus</w><c> </c><w lemma="[{'id':7999108,'ls':[{'id':9237,'name':'vexo','wfs':[{'id':498857438,'morph':{'Casus':'ACCUSATIVE','ComparisonDegree':'POSITIVE','DeclensionType':'SECOND_DECLENSION','Genus':'MASCULINE','Mood':'GERUNDIVE','Numerus':'PLURAL','Pos':'V'},'name':'vexandos'}]}],'name':'vexo@V'}]">vexandos</w><c> </c><w lemma="[{'id':7617143,'ls':[{'id':7617144,'name':'sum','wfs':[{'id':7617145,'morph':{'Mood':'INFINITIVE','Pos':'V','Tense':'PRESENT','VerbType':'VERBA_ANOMALA','Voice':'ACTIVE'},'name':'esse'}]}],'name':'sum@V'}]">esse</w><c> </c><w lemma="[{'id':206035,'ls':[{'id':6416,'name':'non','wfs':[{'id':241322627,'morph':{'Pos':'ADV'},'name':'non'}]}],'name':'non@ADV'}]">non</w><c> </c><w lemma="[{'id':4637462,'ls':[{'id':2846,'name':'credo','wfs':[{'id':4637739,'morph':{'ConjugationType':'THIRD_CONJUGATION','Mood':'INDICATIVE','Numerus':'PLURAL','Person':'PERSON_3','Pos':'V','Tense':'PRESENT','VerbType':'TRANSITIVE','Voice':'ACTIVE'},'name':'credunt'}]}],'name':'credo@V'}]">credunt</w><c>.</c><c> </c></s><s><w lemma="[{'id':803620,'ls':[{'id':1268,'name':'avis','wfs':[{'id':803648,'morph':{'Casus':'NOMINATIVE','DeclensionType':'THIRD_DECLENSION','Genus':'FEMININE','Numerus':'PLURAL','Pos':'NN'},'name':'aves'}]}],'name':'avis@NN'}]">Aves</w><c> </c><w lemma="[{'id':242816153,'ls':[{'id':242816154,'name':'ipse','wfs':[{'id':244509974,'morph':{'Casus':'NOMINATIVE','Genus':'FEMININE','Numerus':'PLURAL','Pos':'PRO','PronounType':'DEMONSTRATIVE'},'name':'ipsae'}]}],'name':'ipse@PRO'}]">ipsae</w><c> </c><w lemma="[{'id':724269,'ls':[{'id':540386105,'name':'adventus','wfs':[{'id':540386120,'morph':{'Casus':'ABLATIVE','DeclensionType':'FOURTH_DECLENSION','Genus':'MASCULINE','Numerus':'SINGULAR','Pos':'NN'},'name':'adventu'}]}],'name':'adventus@NN'}]">adventu</w><c> </c><w lemma="[{'id':1066382,'ls':[{'id':1066397,'name':'hiems','wfs':[{'id':1066404,'morph':{'Casus':'GENITIVE','DeclensionType':'THIRD_DECLENSION','Genus':'FEMININE','Numerus':'SINGULAR','Pos':'NN'},'name':'hiemis'}]}],'name':'hiems@NN'}]">hiemis</w><c> </c><w lemma="[{'id':1229452,'ls':[{'id':6853,'name':'patria','wfs':[{'id':1229453,'morph':{'Casus':'ACCUSATIVE','DeclensionType':'FIRST_DECLENSION','Genus':'FEMININE','Numerus':'PLURAL','Pos':'NN'},'name':'patrias'}]}],'name':'patria@NN'}]">patrias</w><c> </c><lb n="9" xml:id="bsb00000824_00288_9"></lb><w lemma="[{'id':6296647,'ls':[{'id':6293,'name':'muto','wfs':[{'id':6296947,'morph':{'ConjugationType':'FIRST_CONJUGATION','Mood':'INDICATIVE','Numerus':'PLURAL','Person':'PERSON_3','Pos':'V','Tense':'PRESENT','VerbType':'TRANSITIVE','Voice':'ACTIVE'},'name':'mutant'}]}],'name':'muto@V'}]">mutant</w><c>.</c><c> </c></s><s><w lemma="[{'id':1030837,'ls':[{'id':1030838,'name':'fera','wfs':[{'id':1030845,'morph':{'Casus':'NOMINATIVE','DeclensionType':'FIRST_DECLENSION','Genus':'FEMININE','Numerus':'PLURAL','Pos':'NN'},'name':'ferae'}]}],'name':'fera@NN'}]">ferae</w><c> </c><w lemma="[{'id':109629,'ls':[{'id':109630,'name':'pro','wfs':[{'id':109631,'morph':{'Pos':'AP'},'name':'pro'}]}],'name':'pro@AP'}]">pro</w><c> </c><w lemma="[{'id':1302918,'ls':[{'id':7682,'name':'qualitas','wfs':[{'id':243440857,'morph':{'Casus':'ABLATIVE','DeclensionType':'THIRD_DECLENSION','Genus':'FEMININE','Numerus':'SINGULAR','Pos':'NN'},'name':'qualitate'}]}],'name':'qualitas@NN'}]">qualitate</w><c> </c><w lemma="[{'id':1412956,'ls':[{'id':8776,'name':'tempus','wfs':[{'id':1412970,'morph':{'Casus':'GENITIVE','DeclensionType':'THIRD_DECLENSION','Genus':'NEUTER','Numerus':'SINGULAR','Pos':'NN'},'name':'temporis'}]}],'name':'tempus@NN'}]">temporis</w><c> </c><w lemma="[{'id':925987,'ls':[{'id':2914,'name':'cubile','wfs':[{'id':925988,'morph':{'Casus':'ACCUSATIVE','DeclensionType':'THIRD_DECLENSION','Genus':'NEUTER','Numerus':'PLURAL','Pos':'NN'},'name':'cubilia'}]}],'name':'cubile@NN'}]">cubilia</w><c> </c><w lemma="[{'id':7026606,'ls':[{'id':244494165,'name':'quaero','wfs':[{'id':7026940,'morph':{'ConjugationType':'THIRD_CONJUGATION','Mood':'INDICATIVE','Numerus':'PLURAL','Person':'PERSON_3','Pos':'V','Tense':'PRESENT','VerbType':'TRANSITIVE','Voice':'ACTIVE'},'name':'quaerunt'}]}],'name':'quaero@V'}]">quaerunt</w><c>.</c><c> </c></s><s><w lemma="[{'id':1068431,'ls':[{'id':4856,'name':'homo','wfs':[{'id':243358896,'morph':{'Casus':'GENITIVE','DeclensionType':'THIRD_DECLENSION','Genus':'MASCULINE','Numerus':'PLURAL','Pos':'NN'},'name':'hominum'}]}],'name':'homo@NN'}]">hominum</w><c> </c><w lemma="[{'id':1366004,'ls':[{'id':8377,'name':'sollicitudo','wfs':[{'id':1366008,'morph':{'Casus':'NOMINATIVE','DeclensionType':'THIRD_DECLENSION','Genus':'FEMININE','Numerus':'SINGULAR','Pos':'NN'},'name':'sollicitudo'}]}],'name':'sollicitudo@NN'}]">sollicitudo</w><c> </c><w lemma="[{'id':206035,'ls':[{'id':6416,'name':'non','wfs':[{'id':241322627,'morph':{'Pos':'ADV'},'name':'non'}]}],'name':'non@ADV'}]">non</w><c> </c><w lemma="[{'id':4694501,'ls':[{'id':3027,'name':'debeo','wfs':[{'id':4694851,'morph':{'ConjugationType':'SECOND_CONJUGATION','Mood':'INDICATIVE','Numerus':'SINGULAR','Person':'PERSON_3','Pos':'V','Tense':'PRESENT','VerbType':'TRANSITIVE','Voice':'ACTIVE'},'name':'debet'}]}],'name':'debeo@V'}]">debet</w><c> </c><lb n="10" xml:id="bsb00000824_00288_10"></lb><w lemma="[{'id':6977642,'ls':[{'id':7578,'name':'provideo','wfs':[{'id':6978123,'morph':{'ConjugationType':'SECOND_CONJUGATION','Mood':'INFINITIVE','Pos':'V','Tense':'PRESENT','VerbType':'TRANSITIVE','Voice':'ACTIVE'},'name':'providere'}]}],'name':'provideo@V'}]">providere</w><c> </c><w lemma="[{'id':242816363,'ls':[{'id':242816364,'name':'qui','wfs':[{'id':245004334,'morph':{'Casus':'ACCUSATIVE','Genus':'NEUTER','Numerus':'SINGULAR','Pos':'PRO','PronounType':'RELATIVE'},'name':'quod'}]}],'name':'qui@PRO'}]">quod</w><c> </c><w lemma="[{'id':6741602,'ls':[{'id':7228,'name':'possum','wfs':[{'id':244516537,'morph':{'Mood':'INDICATIVE','Numerus':'SINGULAR','Person':'PERSON_3','Pos':'V','Tense':'PRESENT','VerbType':'VERBA_ANOMALA','Voice':'ACTIVE'},'name':'potest'}]}],'name':'possum@V'}]">potest</w><c> </c><w lemma="[{'id':109577,'ls':[{'id':109578,'name':'in','wfs':[{'id':109579,'morph':{'Pos':'AP'},'name':'in'}]}],'name':'in@AP'}]">in</w><c> </c><w lemma="[{'id':724943,'ls':[{'id':463,'name':'adversitas','wfs':[{'id':8761,'morph':{'Casus':'ABLATIVE','DeclensionType':'THIRD_DECLENSION','Genus':'FEMININE','Numerus':'SINGULAR','Pos':'NN'},'name':'adversitate'}]}],'name':'adversitas@NN'}]">adversitate</w><c> </c><w lemma="[{'id':7188354,'ls':[{'id':7907,'name':'requiro','wfs':[{'id':7188878,'morph':{'ConjugationType':'THIRD_CONJUGATION','Mood':'INFINITIVE','Pos':'V','Tense':'PRESENT','VerbType':'TRANSITIVE','Voice':'ACTIVE'},'name':'requirere'}]}],'name':'requiro@V'}]">requirere</w><c>?</c><c> </c></s><s><w lemma="[{'id':206035,'ls':[{'id':6416,'name':'non','wfs':[{'id':241322627,'morph':{'Pos':'ADV'},'name':'non'}]}],'name':'non@ADV'}]">non</w><c> </c><w lemma="[{'id':7617143,'ls':[{'id':7617144,'name':'sum','wfs':[{'id':242825881,'morph':{'Mood':'INDICATIVE','Numerus':'SINGULAR','Person':'PERSON_3','Pos':'V','Tense':'PRESENT','VerbType':'VERBA_ANOMALA','Voice':'ACTIVE'},'name':'est'}]}],'name':'sum@V'}]">est</w><c> </c><w lemma="[{'id':109577,'ls':[{'id':109578,'name':'in','wfs':[{'id':109579,'morph':{'Pos':'AP'},'name':'in'}]}],'name':'in@AP'}]">in</w><c> </c><w lemma="[{'id':1178111,'ls':[{'id':6265,'name':'mundus','wfs':[{'id':1178137,'morph':{'Casus':'ABLATIVE','DeclensionType':'SECOND_DECLENSION','Genus':'MASCULINE','Numerus':'SINGULAR','Pos':'NN'},'name':'mundo'}]}],'name':'mundus@NN'}]">mundo</w><c> </c><w lemma="[{'id':3241748,'ls':[{'id':3241749,'name':'unus','wfs':[{'id':3241860,'morph':{'Casus':'NOMINATIVE','ComparisonDegree':'POSITIVE','DeclensionType':'SECOND_DECLENSION','Genus':'NEUTER','Numerus':'SINGULAR','Pos':'ADJ'},'name':'unum'}]}],'name':'unus@ADJ'}]">unum</w><c>:</c><c> </c><w lemma="[{'id':2396607,'ls':[{'id':4890,'name':'humanus','wfs':[{'id':2396628,'morph':{'Casus':'NOMINATIVE','ComparisonDegree':'POSITIVE','DeclensionType':'FIRST_DECLENSION','Genus':'FEMININE','Numerus':'PLURAL','Pos':'ADJ'},'name':'humanae'}]}],'name':'humanus@ADJ'}]">humanae</w><c> </c><lb n="11" xml:id="bsb00000824_00288_11"></lb><w lemma="[{'id':1322669,'ls':[{'id':964024,'name':'res','wfs':[{'id':242825943,'morph':{'Casus':'NOMINATIVE','DeclensionType':'FIFTH_DECLENSION','Genus':'FEMININE','Numerus':'PLURAL','Pos':'NN'},'name':'res'}]}],'name':'res@NN'}]">res</w><c> </c><w lemma="[{'id':1181732,'ls':[{'id':6295,'name':'mutabilitas','wfs':[{'id':243399571,'morph':{'Casus':'ABLATIVE','DeclensionType':'THIRD_DECLENSION','Genus':'FEMININE','Numerus':'SINGULAR','Pos':'NN'},'name':'mutabilitate'}]}],'name':'mutabilitas@NN'}]">mutabilitate</w><c> </c><w lemma="[{'id':7031097,'ls':[{'id':7686,'name':'quatio','wfs':[{'id':7031366,'morph':{'ConjugationType':'THIRD_CONJUGATION','Mood':'INDICATIVE','Numerus':'PLURAL','Person':'PERSON_3','Pos':'V','Tense':'PRESENT','VerbType':'TRANSITIVE','Voice':'PASSIVE'},'name':'quatiuntur'}]}],'name':'quatio@V'}]">quatiuntur</w><c>.</c><c> </c></s><s><w lemma="[{'id':109828,'ls':[{'id':109829,'name':'et','wfs':[{'id':109830,'morph':{'Pos':'CON'},'name':'et'}]}],'name':'et@CON'}]">et</w><c> </c><w lemma="[{'id':183546,'ls':[{'id':183547,'name':'ideo','wfs':[{'id':183548,'morph':{'ComparisonDegree':'POSITIVE','Pos':'ADV'},'name':'ideo'}]}],'name':'ideo@ADV'}]">ideo</w><c> </c><w lemma="[{'id':1290958,'ls':[{'id':7579,'name':'providentia','wfs':[{'id':241470479,'morph':{'Casus':'NOMINATIVE','DeclensionType':'FIRST_DECLENSION','Genus':'FEMININE','Numerus':'SINGULAR','Pos':'NN'},'name':'providentia'}]}],'name':'providentia@NN'}]">providentia</w><c> </c><w lemma="[{'id':4961932,'ls':[{'id':244530688,'name':'dico','wfs':[{'id':4962610,'morph':{'ConjugationType':'THIRD_CONJUGATION','Mood':'INDICATIVE','Numerus':'SINGULAR','Person':'PERSON_3','Pos':'V','Tense':'PRESENT','VerbType':'TRANSITIVE','Voice':'PASSIVE'},'name':'dicitur'}]}],'name':'dico@V'}]">dicitur</w><c>,</c><c> </c><w lemma="[{'id':110061,'ls':[{'id':110062,'name':'ut','wfs':[{'id':110063,'morph':{'Pos':'CON'},'name':'ut'}]}],'name':'ut@CON'}]">ut</w><c> </c><w lemma="[{'id':242816363,'ls':[{'id':242816364,'name':'qui','wfs':[{'id':244511026,'morph':{'Casus':'NOMINATIVE','Genus':'NEUTER','Numerus':'PLURAL','Pos':'PRO','PronounType':'RELATIVE'},'name':'quae'}]}],'name':'qui@PRO'}]">quae</w><c> </c><w lemma="[{'id':7617143,'ls':[{'id':7617144,'name':'sum','wfs':[{'id':242825914,'morph':{'Mood':'INDICATIVE','Numerus':'PLURAL','Person':'PERSON_3','Pos':'V','Tense':'PRESENT','VerbType':'VERBA_ANOMALA','Voice':'ACTIVE'},'name':'sunt'}]}],'name':'sum@V'}]">sunt</w><c> </c><w lemma="[{'id':2358901,'ls':[{'id':2358902,'name':'futurus','wfs':[{'id':2358919,'morph':{'Casus':'NOMINATIVE','ComparisonDegree':'POSITIVE','DeclensionType':'SECOND_DECLENSION','Genus':'NEUTER','Numerus':'PLURAL','Pos':'ADJ'},'name':'futura'}]}],'name':'futurus@ADJ'}]">futura</w><c> </c><w lemma="[{'id':7813573,'ls':[{'id':8886,'name':'tracto','wfs':[{'id':7813877,'morph':{'ConjugationType':'FIRST_CONJUGATION','Mood':'SUBJUNCTIVE','Numerus':'PLURAL','Person':'PERSON_3','Pos':'V','Tense':'PRESENT','VerbType':'TRANSITIVE','Voice':'PASSIVE'},'name':'tractentur'}]}],'name':'tracto@V'}]">tractentur</w><c>.</c></s></p></div></body></text></TEI>