<?xml version="1.0" ?><TEI xmlns="http://www.tei-c.org/ns/1.0"><teiHeader><fileDesc><titleStmt><title>MGH Auct. ant. 12: Cassiodori Senatoris Variae</title><editor>Mommsen, Theodor</editor></titleStmt><publicationStmt><publisher>Monumenta Germaniae Historica (MGH)</publisher><publisher>Bavarian State Library (BSB), München</publisher><idno type="BSB">bsb00000824</idno><idno type="MGH"><idno type="Annotation_created_by">sysop</idno><idno type="Annotation_created_on">Wed Oct 18 18:57:39 CEST 2017</idno><idno type="Annotation_last_changed_by">geelhaar</idno><idno type="Annotation_last_changed_on">Thu Aug 20 10:43:40 CEST 2020</idno><idno type="Author_(German)">Cassiodor (Flavius Magnus Aurelius Cassiodorus Senator)</idno><idno type="Author_(Latin)">Cassiodorus Vivariensis</idno><idno type="BSB">bsb00000824</idno><idno type="Bibliographical_Link">http://stabikat.de/DB=1/XMLPRS=N/PPN?PPN=235118842</idno><idno type="C_Stat">06</idno><idno type="C1">06</idno><idno type="C2">05</idno><idno type="Column">063</idno><idno type="Commentary">dated according to the edition (TG)</idno><idno type="Concordance_View">true</idno><idno type="Digital_Edition_Statement">Text retrieved from the critical edition and prepared by the BMBF funded project "Humanist Computer Interaction under Scrutiny"(https://humanist.hs-mainz.de/en/). The Latin Text Archive (LTA) version has been created at Goethe University Frankfurt by the CompHistSem-Work Group (hudesktop.hucompute.org).</idno><idno type="Edition">MGH Auctores antiquissimi 12</idno><idno type="LTA_Export">true</idno><idno type="Licence_Info">CC BY 4.0</idno><idno type="Multiple_Lemmata_under_a_unique_Super_lemma">0.00%</idno><idno type="Multiple_Super_lemmata">0.00%</idno><idno type="Multiple_Wordforms_under_a_unique_Lemma">0.00%</idno><idno type="Multiple_Wordforms._Tagger_based_result._Multiple_Lemmata_possible">0.00%</idno><idno type="Multiple_Wordforms._Tagger_based_result._Multiple_Super_Lemmata_possible">0.00%</idno><idno type="Not_yet_linked_or_unknown_Wordform">0.00%</idno><idno type="Page">063</idno><idno type="Provided_by">Monumenta Germaniae Historica</idno><idno type="RepFontMA">not available</idno><idno type="Status">a</idno><idno type="Text_Type">Letter</idno><idno type="Text_Type_Class">Letters</idno><idno type="Time">507/511</idno><idno type="Title">Variae 02.30 - Fausto praefecto praetorio Theodericus rex</idno><idno type="Type_of_Corpus">Corpus of Letters</idno><idno type="URL">http://www.mgh.de/dmgh/resolving/MGH_Auct._ant._12_S._63</idno><idno type="Unique_Wordform">100,00%</idno><idno type="Unique_Wordform._Tagger_based_result._Multiple_Lemmata_possible">0.00%</idno><idno type="Unique_Wordform._Tagger_based_result._Multiple_Super_lemmata_possible">0.00%</idno><idno type="VIAF_(Expression)">182693798</idno><idno type="VIAF_(Expression)_Link">http://viaf.org/viaf/182693798</idno><idno type="VIAF_(Person)">95230707</idno><idno type="VIAF_(Person)_Link">http://viaf.org/viaf/95230707</idno><idno type="Volume">Auct. ant. 12</idno><idno type="Year_of_Publication_(interpreted)">0511</idno>MGH Auct. ant. 12</idno><availability><licence target="http://creativecommons.org/licenses/by/4.0/"><p>Distributed under the Creative Commons Attribution 4.0 International (CC BY 4.0) license.</p><p>This license covers the annotations added by the Monumenta Germaniae Historica and the
            Bavarian State Library, Munich, in the course of project "digital MGH"
            <ref target="http://www.dmgh.de">http://www.dmgh.de</ref>, funded by the
            German Research Foundation (DFG).</p><p>We do not claim any rights on the text itself which is believed to be in the public domain.</p><p>If you distribute a copy or a derivative version of this file, please indicate the source
            of the file by mentioning the Monumenta Germaniae Historica (MGH) and the
            Bavarian State Library, Munich (BSB).</p></licence></availability><date when="2016-11-28T16:32:43+01:00">2016-11-28, 16:32:43</date></publicationStmt><sourceDesc><biblFull><titleStmt><title>Cassiodori Senatoris Variae</title><editor>Mommsen, Theodor</editor></titleStmt><publicationStmt><publisher>Weidmann</publisher><pubPlace>Berlin</pubPlace><date>1894</date></publicationStmt><seriesStmt><title>Auctores antiquissimi</title><biblScope unit="volume">12</biblScope></seriesStmt></biblFull></sourceDesc></fileDesc></teiHeader><text><body><div><lb n="18" xml:id="bsb00000824_00247_18"></lb><head n="3"><s><w lemma="[{'id':241346594,'ls':[{'id':241346595,'name':'NUMERAL','wfs':[{'id':498534595,'morph':{'Pos':'NUM'},'name':'xxx'}]}],'name':'NUMERAL@NUM'}]">XXX</w><c>.</c><c> </c><lb n="19" xml:id="bsb00000824_00247_19"></lb><w lemma="[{'id':403371,'ls':[{'id':403372,'name':'Faustus','wfs':[{'id':627439,'morph':{'Casus':'DATIVE','DeclensionType':'SECOND_DECLENSION','Genus':'MASCULINE','Numerus':'SINGULAR','Pos':'NP'},'name':'Fausto'}]}],'name':'Faustus@NP'}]">FAUSTO</w><c> </c><w lemma="[{'id':1269621,'ls':[{'id':7302,'name':'praefectus','wfs':[{'id':779486769,'morph':{'Casus':'DATIVE','DeclensionType':'SECOND_DECLENSION','Genus':'MASCULINE','Numerus':'SINGULAR','Pos':'NN'},'name':'PPO'}]}],'name':'praefectus@NN'}]">PPO</w><c> </c><w lemma="[{'id':624521,'ls':[{'id':624522,'name':'Theodericus','wfs':[{'id':243244190,'morph':{'Casus':'NOMINATIVE','DeclensionType':'SECOND_DECLENSION','Genus':'MASCULINE','Numerus':'SINGULAR','Pos':'NP'},'name':'Theodericus'}]}],'name':'Theodericus@NP'}]">THEODERICUS</w><c> </c><w lemma="[{'id':1329481,'ls':[{'id':7965,'name':'rex','wfs':[{'id':1329499,'morph':{'Casus':'NOMINATIVE','DeclensionType':'THIRD_DECLENSION','Genus':'MASCULINE','Numerus':'SINGULAR','Pos':'NN'},'name':'rex'}]}],'name':'rex@NN'}]">REX</w><c>.</c></s></head><note><s><hi rend="ITALICS"><w lemma="[{'id':759853,'ls':[{'id':807,'name':'annus','wfs':[{'id':382849904,'morph':{'Casus':'ABLATIVE','DeclensionType':'SECOND_DECLENSION','Genus':'MASCULINE','Numerus':'SINGULAR','Pos':'NN'},'name':'a'}]}],'name':'annus@NN'}]">a</w><c>.</c><c> </c><w lemma="[{'id':241346594,'ls':[{'id':241346595,'name':'NUMERAL','wfs':[{'id':241346596,'morph':{'Pos':'NUM'},'name':'NUMERAL'}]}],'name':'NUMERAL@NUM'}]">507</w><c>/</c><w lemma="[{'id':241346594,'ls':[{'id':241346595,'name':'NUMERAL','wfs':[{'id':241346596,'morph':{'Pos':'NUM'},'name':'NUMERAL'}]}],'name':'NUMERAL@NUM'}]">511</w></hi></s></note><lb n="20" xml:id="bsb00000824_00247_20"></lb><p><s><w lemma="[{'id':206035,'ls':[{'id':6416,'name':'non','wfs':[{'id':241322627,'morph':{'Pos':'ADV'},'name':'non'}]}],'name':'non@ADV'}]">Non</w><c> </c><w lemma="[{'id':6796811,'ls':[{'id':6796812,'name':'praeiudico','wfs':[{'id':6797162,'morph':{'ConjugationType':'FIRST_CONJUGATION','Mood':'INDICATIVE','Numerus':'SINGULAR','Person':'PERSON_3','Pos':'V','Tense':'PRESENT','VerbType':'TRANSITIVE','Voice':'ACTIVE'},'name':'praeiudicat'}]}],'name':'praeiudico@V'}]">praeiudicat</w><c> </c><w lemma="[{'id':1122928,'ls':[{'id':1122941,'name':'ius','wfs':[{'id':1122953,'morph':{'Casus':'DATIVE','DeclensionType':'THIRD_DECLENSION','Genus':'NEUTER','Numerus':'SINGULAR','Pos':'NN'},'name':'iuri'}]}],'name':'ius@NN'}]">iuri</w><c> </c><w lemma="[{'id':2914003,'ls':[{'id':7599,'name':'publicus','wfs':[{'id':2914107,'morph':{'Casus':'DATIVE','ComparisonDegree':'POSITIVE','DeclensionType':'SECOND_DECLENSION','Genus':'NEUTER','Numerus':'SINGULAR','Pos':'ADJ'},'name':'publico'}]}],'name':'publicus@ADJ'}]">publico</w><c> </c><w lemma="[{'id':2818040,'ls':[{'id':2818041,'name':'personalis','wfs':[{'id':2818066,'morph':{'Casus':'NOMINATIVE','ComparisonDegree':'POSITIVE','DeclensionType':'THIRD_DECLENSION','Genus':'FEMININE','Numerus':'SINGULAR','Pos':'ADJ'},'name':'personalis'}]}],'name':'personalis@ADJ'}]">personalis</w><c> </c><w lemma="[{'id':1010420,'ls':[{'id':4032,'name':'exceptio','wfs':[{'id':241431648,'morph':{'Casus':'NOMINATIVE','DeclensionType':'THIRD_DECLENSION','Genus':'FEMININE','Numerus':'SINGULAR','Pos':'NN'},'name':'exceptio'}]}],'name':'exceptio@NN'}]">exceptio</w><c>,</c><c> </c><w lemma="[{'id':109966,'ls':[{'id':109967,'name':'quia','wfs':[{'id':109968,'morph':{'Pos':'CON'},'name':'quia'}]}],'name':'quia@CON'}]">quia</w><c> </c><w lemma="[{'id':241733040,'ls':[{'id':241733041,'name':'beneficialis','wfs':[{'id':586383318,'morph':{'Casus':'ACCUSATIVE','DeclensionType':'THIRD_DECLENSION','Genus':'FEMININE','Numerus':'SINGULAR','Pos':'ADJ'},'name':'beneficialem'}]}],'name':'beneficialis@ADJ'}]">beneficialem</w><c> </c><w lemma="[{'id':7617143,'ls':[{'id':7617144,'name':'sum','wfs':[{'id':7617145,'morph':{'Mood':'INFINITIVE','Pos':'V','Tense':'PRESENT','VerbType':'VERBA_ANOMALA','Voice':'ACTIVE'},'name':'esse'}]}],'name':'sum@V'}]">esse</w><c> </c><w lemma="[{'id':1278659,'ls':[{'id':1278660,'name':'princeps','wfs':[{'id':243431603,'morph':{'Casus':'ACCUSATIVE','DeclensionType':'THIRD_DECLENSION','Genus':'MASCULINE','Numerus':'SINGULAR','Pos':'NN'},'name':'principem'}]}],'name':'princeps@NN'}]">principem</w><c> </c><lb n="21" xml:id="bsb00000824_00247_21"></lb><w lemma="[{'id':6146420,'ls':[{'id':6146421,'name':'licet','wfs':[{'id':6146497,'morph':{'ConjugationType':'SECOND_CONJUGATION','Mood':'INDICATIVE','Numerus':'SINGULAR','Person':'PERSON_3','Pos':'V','Tense':'PRESENT','VerbType':'IMPERSONAL','Voice':'ACTIVE'},'name':'licet'}]}],'name':'licet@V'}]">licet</w><c> </c><w lemma="[{'id':109871,'ls':[{'id':109872,'name':'nec','wfs':[{'id':109873,'morph':{'Pos':'CON'},'name':'nec'}]}],'name':'nec@CON'}]">nec</w><c> </c><w lemma="[{'id':109590,'ls':[{'id':109591,'name':'intra','wfs':[{'id':109592,'morph':{'Pos':'AP'},'name':'intra'}]}],'name':'intra@AP'}]">intra</w><c> </c><w lemma="[{'id':1315409,'ls':[{'id':7831,'name':'regula','wfs':[{'id':1315410,'morph':{'Casus':'ACCUSATIVE','DeclensionType':'FIRST_DECLENSION','Genus':'FEMININE','Numerus':'PLURAL','Pos':'NN'},'name':'regulas'}]}],'name':'regula@NN'}]">regulas</w><c> </c><w lemma="[{'id':904226,'ls':[{'id':2588,'name':'constitutum','wfs':[{'id':904238,'morph':{'Casus':'GENITIVE','DeclensionType':'SECOND_DECLENSION','Genus':'NEUTER','Numerus':'SINGULAR','Pos':'NN'},'name':'constituti'}]}],'name':'constitutum@NN'}]">constituti</w><c> </c><w lemma="[{'id':6741602,'ls':[{'id':7228,'name':'possum','wfs':[{'id':244516537,'morph':{'Mood':'INDICATIVE','Numerus':'SINGULAR','Person':'PERSON_3','Pos':'V','Tense':'PRESENT','VerbType':'VERBA_ANOMALA','Voice':'ACTIVE'},'name':'potest'}]}],'name':'possum@V'}]">potest</w><c> </c><w lemma="[{'id':1178631,'ls':[{'id':6272,'name':'munificentia','wfs':[{'id':1178644,'morph':{'Casus':'NOMINATIVE','DeclensionType':'FIRST_DECLENSION','Genus':'FEMININE','Numerus':'SINGULAR','Pos':'NN'},'name':'munificentia'}]}],'name':'munificentia@NN'}]">munificentia</w><c> </c><w lemma="[{'id':2964277,'ls':[{'id':2964278,'name':'regalis','wfs':[{'id':2964347,'morph':{'Casus':'NOMINATIVE','ComparisonDegree':'POSITIVE','DeclensionType':'THIRD_DECLENSION','Genus':'FEMININE','Numerus':'SINGULAR','Pos':'ADJ'},'name':'regalis'}]}],'name':'regalis@ADJ'}]">regalis</w><c> </c><w lemma="[{'id':3723347,'ls':[{'id':4509259,'name':'arto','wfs':[{'id':3742649,'morph':{'ConjugationType':'FIRST_CONJUGATION','Mood':'INFINITIVE','Pos':'V','Tense':'PRESENT','VerbType':'TRANSITIVE','Voice':'PASSIVE'},'name':'artari'}]}],'name':'arcto@V'}]">artari</w><c>.</c><c> </c></s><s><w lemma="[{'id':1116117,'ls':[{'id':5514,'name':'ira','wfs':[{'id':1116132,'morph':{'Casus':'NOMINATIVE','DeclensionType':'FIRST_DECLENSION','Genus':'FEMININE','Numerus':'SINGULAR','Pos':'NN'},'name':'ira'}]}],'name':'ira@NN'}]">ira</w><c> </c><w lemma="[{'id':2608962,'ls':[{'id':5714,'name':'levis','wfs':[{'id':2609193,'morph':{'Casus':'NOMINATIVE','ComparisonDegree':'POSITIVE','DeclensionType':'THIRD_DECLENSION','Genus':'FEMININE','Numerus':'SINGULAR','Pos':'ADJ'},'name':'levis'}]}],'name':'levis@ADJ'}]">levis</w><c> </c><w lemma="[{'id':4183728,'ls':[{'id':2006,'name':'coerceo','wfs':[{'id':4184082,'morph':{'ConjugationType':'SECOND_CONJUGATION','Mood':'SUBJUNCTIVE','Numerus':'SINGULAR','Person':'PERSON_3','Pos':'V','Tense':'PRESENT','VerbType':'TRANSITIVE','Voice':'PASSIVE'},'name':'coerceatur'}]}],'name':'coerceo@V'}]">coerceatur</w><c> </c><lb n="22" xml:id="bsb00000824_00247_22"></lb><w lemma="[{'id':2374812,'ls':[{'id':242078095,'name':'gravus','wfs':[{'id':243977165,'morph':{'Casus':'ABLATIVE','ComparisonDegree':'SUPERLATIVE','DeclensionType':'SECOND_DECLENSION','Genus':'NEUTER','Numerus':'PLURAL','Pos':'ADJ'},'name':'gravissimis'}]}],'name':'gravis@ADJ'}]">gravissimis</w><c> </c><w lemma="[{'id':1103706,'ls':[{'id':5354,'name':'institutum','wfs':[{'id':1103708,'morph':{'Casus':'ABLATIVE','DeclensionType':'SECOND_DECLENSION','Genus':'NEUTER','Numerus':'PLURAL','Pos':'NN'},'name':'institutis'}]}],'name':'institutum@NN'}]">institutis</w><c>:</c><c> </c><w lemma="[{'id':2428866,'ls':[{'id':242113095,'name':'inpatiens','wfs':[{'id':242113175,'morph':{'Casus':'NOMINATIVE','ComparisonDegree':'POSITIVE','DeclensionType':'THIRD_DECLENSION','Genus':'FEMININE','Numerus':'SINGULAR','Pos':'ADJ'},'name':'inpatiens'}]}],'name':'impatiens@ADJ'}]">inpatiens</w><c> </c><w lemma="[{'id':749050,'ls':[{'id':689,'name':'ambitio','wfs':[{'id':749060,'morph':{'Casus':'NOMINATIVE','DeclensionType':'THIRD_DECLENSION','Genus':'FEMININE','Numerus':'SINGULAR','Pos':'NN'},'name':'ambitio'}]}],'name':'ambitio@NN'}]">ambitio</w><c> </c><w lemma="[{'id':1122928,'ls':[{'id':1122941,'name':'ius','wfs':[{'id':498538193,'morph':{'Casus':'ABLATIVE','DeclensionType':'THIRD_DECLENSION','Genus':'NEUTER','Numerus':'SINGULAR','Pos':'NN'},'name':'iure'}]}],'name':'ius@NN'}]">iure</w><c> </c><w lemma="[{'id':7109592,'ls':[{'id':7813,'name':'refreno','wfs':[{'id':7109946,'morph':{'ConjugationType':'FIRST_CONJUGATION','Mood':'SUBJUNCTIVE','Numerus':'SINGULAR','Person':'PERSON_3','Pos':'V','Tense':'PRESENT','VerbType':'TRANSITIVE','Voice':'PASSIVE'},'name':'refrenetur'}]}],'name':'refreno@V'}]">refrenetur</w><c>:</c><c> </c><w lemma="[{'id':863829,'ls':[{'id':1956,'name':'clementia','wfs':[{'id':863843,'morph':{'Casus':'NOMINATIVE','DeclensionType':'FIRST_DECLENSION','Genus':'FEMININE','Numerus':'SINGULAR','Pos':'NN'},'name':'clementia'}]}],'name':'clementia@NN'}]">clementia</w><c> </c><w lemma="[{'id':206035,'ls':[{'id':6416,'name':'non','wfs':[{'id':241322627,'morph':{'Pos':'ADV'},'name':'non'}]}],'name':'non@ADV'}]">non</w><c> </c><w lemma="[{'id':5618354,'ls':[{'id':4757,'name':'habeo','wfs':[{'id':5618704,'morph':{'ConjugationType':'SECOND_CONJUGATION','Mood':'INDICATIVE','Numerus':'SINGULAR','Person':'PERSON_3','Pos':'V','Tense':'PRESENT','VerbType':'TRANSITIVE','Voice':'ACTIVE'},'name':'habet'}]}],'name':'habeo@V'}]">habet</w><c> </c><w lemma="[{'id':1137961,'ls':[{'id':5724,'name':'lex','wfs':[{'id':243384647,'morph':{'Casus':'ACCUSATIVE','DeclensionType':'THIRD_DECLENSION','Genus':'FEMININE','Numerus':'SINGULAR','Pos':'NN'},'name':'legem'}]}],'name':'lex@NN'}]">legem</w><c> </c><lb n="23" xml:id="bsb00000824_00247_23"></lb><w lemma="[{'id':109871,'ls':[{'id':109872,'name':'nec','wfs':[{'id':109873,'morph':{'Pos':'CON'},'name':'nec'}]}],'name':'nec@CON'}]">nec</w><c> </c><w lemma="[{'id':4694501,'ls':[{'id':3027,'name':'debeo','wfs':[{'id':4694851,'morph':{'ConjugationType':'SECOND_CONJUGATION','Mood':'INDICATIVE','Numerus':'SINGULAR','Person':'PERSON_3','Pos':'V','Tense':'PRESENT','VerbType':'TRANSITIVE','Voice':'ACTIVE'},'name':'debet'}]}],'name':'debeo@V'}]">debet</w><c> </c><w lemma="[{'id':109661,'ls':[{'id':109662,'name':'sub','wfs':[{'id':109663,'morph':{'Pos':'AP'},'name':'sub'}]}],'name':'sub@AP'}]">sub</w><c> </c><w lemma="[{'id':1617924,'ls':[{'id':787,'name':'angustus','wfs':[{'id':1617956,'morph':{'Casus':'ABLATIVE','ComparisonDegree':'POSITIVE','DeclensionType':'SECOND_DECLENSION','Genus':'MASCULINE','Numerus':'PLURAL','Pos':'ADJ'},'name':'angustis'}]}],'name':'angustus@ADJ'}]">angustis</w><c> </c><w lemma="[{'id':1414689,'ls':[{'id':8796,'name':'terminus','wfs':[{'id':1414707,'morph':{'Casus':'ABLATIVE','DeclensionType':'SECOND_DECLENSION','Genus':'MASCULINE','Numerus':'PLURAL','Pos':'NN'},'name':'terminis'}]}],'name':'terminus@NN'}]">terminis</w><c> </c><w lemma="[{'id':1745918,'ls':[{'id':1745919,'name':'benignus','wfs':[{'id':1745969,'morph':{'Casus':'ACCUSATIVE','ComparisonDegree':'POSITIVE','DeclensionType':'SECOND_DECLENSION','Genus':'NEUTER','Numerus':'PLURAL','Pos':'ADJ'},'name':'benigna'}]}],'name':'benignus@ADJ'}]">benigna</w><c> </c><w lemma="[{'id':7362210,'ls':[{'id':8266,'name':'sequor','wfs':[{'id':7362617,'morph':{'ConjugationType':'THIRD_CONJUGATION','Mood':'INFINITIVE','Pos':'V','Tense':'PRESENT','VerbType':'DEPONENT','Voice':'PASSIVE'},'name':'sequi'}]}],'name':'sequor@V'}]">sequi</w><c>,</c><c> </c><w lemma="[{'id':242816363,'ls':[{'id':242816364,'name':'qui','wfs':[{'id':539256813,'morph':{'Casus':'ACCUSATIVE','Genus':'MASCULINE','Numerus':'SINGULAR','Pos':'PRO','PronounType':'RELATIVE'},'name':'quem'}]}],'name':'qui@PRO'}]">quem</w><c> </c><w lemma="[{'id':4708992,'ls':[{'id':4708993,'name':'decet','wfs':[{'id':4709145,'morph':{'ConjugationType':'SECOND_CONJUGATION','Mood':'INDICATIVE','Numerus':'SINGULAR','Person':'PERSON_3','Pos':'V','Tense':'PRESENT','VerbType':'IMPERSONAL','Voice':'ACTIVE'},'name':'decet'}]}],'name':'decet@V'}]">decet</w><c> </c><w lemma="[{'id':109658,'ls':[{'id':109659,'name':'sine','wfs':[{'id':109660,'morph':{'Pos':'AP'},'name':'sine'}]}],'name':'sine@AP'}]">sine</w><c> </c><w lemma="[{'id':1034432,'ls':[{'id':4378,'name':'finis','wfs':[{'id':243348049,'morph':{'Casus':'ABLATIVE','DeclensionType':'THIRD_DECLENSION','Genus':'MASCULINE','Numerus':'SINGULAR','Pos':'NN'},'name':'fine'}]}],'name':'finis@NN'}]">fine</w><c> </c><w lemma="[{'id':6130438,'ls':[{'id':5644,'name':'laudo','wfs':[{'id':6130520,'morph':{'ConjugationType':'FIRST_CONJUGATION','Mood':'INFINITIVE','Pos':'V','Tense':'PRESENT','VerbType':'TRANSITIVE','Voice':'PASSIVE'},'name':'laudari'}]}],'name':'laudo@V'}]">laudari</w><c>.</c><c> </c><lb n="24" xml:id="bsb00000824_00247_24"></lb></s><s><w lemma="[{'id':942038,'ls':[{'id':3109,'name':'defensor','wfs':[{'id':942046,'morph':{'Casus':'NOMINATIVE','DeclensionType':'THIRD_DECLENSION','Genus':'MASCULINE','Numerus':'PLURAL','Pos':'NN'},'name':'defensores'}]}],'name':'defensor@NN'}]">Defensores</w><c> </c><w lemma="[{'id':196539,'ls':[{'id':5546,'name':'itaque','wfs':[{'id':196541,'morph':{'Pos':'ADV'},'name':'itaque'}]}],'name':'itaque@ADV'}]">itaque</w><c> </c><w lemma="[{'id':3003991,'ls':[{'id':8040,'name':'sacrosanctus','wfs':[{'id':3004065,'morph':{'Casus':'GENITIVE','ComparisonDegree':'POSITIVE','DeclensionType':'FIRST_DECLENSION','Genus':'FEMININE','Numerus':'SINGULAR','Pos':'ADJ'},'name':'sacrosanctae'}]}],'name':'sacrosanctus@ADJ'}]">sacrosanctae</w><c> </c><w lemma="[{'id':241548677,'ls':[{'id':241548678,'name':'Mediolanensis','wfs':[{'id':241548685,'morph':{'Casus':'GENITIVE','ComparisonDegree':'POSITIVE','DeclensionType':'THIRD_DECLENSION','Genus':'FEMININE','Numerus':'SINGULAR','Pos':'ADJ'},'name':'Mediolanensis'}]}],'name':'Mediolanensis@ADJ'}]">Mediolanensis</w><c> </c><w lemma="[{'id':985146,'ls':[{'id':3766,'name':'ecclesia','wfs':[{'id':985186,'morph':{'Casus':'GENITIVE','DeclensionType':'FIRST_DECLENSION','Genus':'FEMININE','Numerus':'SINGULAR','Pos':'NN'},'name':'ecclesiae'}]}],'name':'ecclesia@NN'}]">ecclesiae</w><c> </c><w lemma="[{'id':109629,'ls':[{'id':109630,'name':'pro','wfs':[{'id':109631,'morph':{'Pos':'AP'},'name':'pro'}]}],'name':'pro@AP'}]">pro</w><c> </c><w lemma="[{'id':1016050,'ls':[{'id':4114,'name':'expensa','wfs':[{'id':1016052,'morph':{'Casus':'ABLATIVE','DeclensionType':'FIRST_DECLENSION','Genus':'FEMININE','Numerus':'PLURAL','Pos':'NN'},'name':'expensis'}]}],'name':'expensa@NN'}]">expensis</w><c> </c><w lemma="[{'id':2774313,'ls':[{'id':242379040,'name':'pauper','wfs':[{'id':290590,'morph':{'Casus':'GENITIVE','ComparisonDegree':'POSITIVE','DeclensionType':'THIRD_DECLENSION','Genus':'MASCULINE','Numerus':'PLURAL','Pos':'ADJ'},'name':'pauperum'}]}],'name':'pauper@ADJ'}]">pauperum</w><c>,</c><c> </c><w lemma="[{'id':242816600,'ls':[{'id':242816601,'name':'quis','wfs':[{'id':244511330,'morph':{'Casus':'NOMINATIVE','Genus':'FEMININE','Numerus':'PLURAL','Pos':'PRO','PronounType':'INDEFINITE'},'name':'quae'}]}],'name':'quis@PRO'}]">quae</w><c> </c><w lemma="[{'id':109661,'ls':[{'id':109662,'name':'sub','wfs':[{'id':109663,'morph':{'Pos':'AP'},'name':'sub'}]}],'name':'sub@AP'}]">sub</w><c> </c><lb n="25" xml:id="bsb00000824_00247_25"></lb><w lemma="[{'id':1146397,'ls':[{'id':5830,'name':'lucrum','wfs':[{'id':1146409,'morph':{'Casus':'GENITIVE','DeclensionType':'SECOND_DECLENSION','Genus':'NEUTER','Numerus':'SINGULAR','Pos':'NN'},'name':'lucri'}]}],'name':'lucrum@NN'}]">lucri</w><c> </c><w lemma="[{'id':1008771,'ls':[{'id':1008772,'name':'exaggeratio','wfs':[{'id':243338722,'morph':{'Casus':'ABLATIVE','DeclensionType':'THIRD_DECLENSION','Genus':'FEMININE','Numerus':'SINGULAR','Pos':'NN'},'name':'exaggeratione'}]}],'name':'exaggeratio@NN'}]">exaggeratione</w><c> </c><w lemma="[{'id':5575916,'ls':[{'id':244530711,'name':'fundo','wfs':[{'id':5576350,'morph':{'ConjugationType':'THIRD_CONJUGATION','Mood':'INDICATIVE','Numerus':'PLURAL','Person':'PERSON_3','Pos':'V','Tense':'PRESENT','VerbType':'TRANSITIVE','Voice':'PASSIVE'},'name':'funduntur'}]}],'name':'fundo@V'}]">funduntur</w><c>,</c><c> </c><w lemma="[{'id':256816,'ls':[{'id':256817,'name':'unus','wfs':[{'id':256855,'morph':{'Casus':'ACCUSATIVE','DeclensionType':'SECOND_DECLENSION','Genus':'NEUTER','Numerus':'SINGULAR','Pos':'NUM'},'name':'unum'}]}],'name':'unus@NUM'}]">unum</w><c> </c><w lemma="[{'id':242816792,'ls':[{'id':242816793,'name':'sui','wfs':[{'id':594750177,'morph':{'Casus':'DATIVE','Genus':'MASCULINE','Numerus':'PLURAL','Pos':'PRO','PronounType':'REFLEXIVE'},'name':'sibi'}]}],'name':'sui@PRO'}]">sibi</w><c> </c><w lemma="[{'id':109565,'ls':[{'id':109566,'name':'ex','wfs':[{'id':109567,'morph':{'Pos':'AP'},'name':'ex'}]}],'name':'ex@AP'}]">ex</w><c> </c><w lemma="[{'id':1188569,'ls':[{'id':1188570,'name':'negotiator','wfs':[{'id':1188572,'morph':{'Casus':'ABLATIVE','DeclensionType':'THIRD_DECLENSION','Genus':'MASCULINE','Numerus':'PLURAL','Pos':'NN'},'name':'negotiatoribus'}]}],'name':'negotiator@NN'}]">negotiatoribus</w><c> </c><w lemma="[{'id':1441746,'ls':[{'id':9065,'name':'urbs','wfs':[{'id':1441747,'morph':{'Casus':'GENITIVE','DeclensionType':'THIRD_DECLENSION','Genus':'FEMININE','Numerus':'SINGULAR','Pos':'NN'},'name':'urbis'}]}],'name':'urbs@NN'}]">urbis</w><c> </c><w lemma="[{'id':244511757,'ls':[{'id':244511758,'name':'suus','wfs':[{'id':245550214,'morph':{'Casus':'GENITIVE','Genus':'FEMININE','Numerus':'SINGULAR','Pos':'PRO','PronounType':'POSSESSIVE'},'name':'suae'}]}],'name':'suus@PRO'}]">suae</w><c> </c><w lemma="[{'id':4890131,'ls':[{'id':3363,'name':'desidero','wfs':[{'id':4890431,'morph':{'ConjugationType':'FIRST_CONJUGATION','Mood':'INDICATIVE','Numerus':'PLURAL','Person':'PERSON_3','Pos':'V','Tense':'PRESENT','VerbType':'TRANSITIVE','Voice':'ACTIVE'},'name':'desiderant'}]}],'name':'desidero@V'}]">desiderant</w><c> </c><lb n="26" xml:id="bsb00000824_00247_26"></lb><w lemma="[{'id':6487278,'ls':[{'id':6486617,'name':'oporteo','wfs':[{'id':6486739,'morph':{'ConjugationType':'SECOND_CONJUGATION','Mood':'INFINITIVE','Pos':'V','Tense':'PRESENT','VerbType':'INTRANSITIVE','Voice':'ACTIVE'},'name':'oportere'}]}],'name':'oportet@V'}]">oportere</w><c> </c><w lemma="[{'id':6846113,'ls':[{'id':7340,'name':'praesto','wfs':[{'id':6846236,'morph':{'ConjugationType':'FIRST_CONJUGATION','Mood':'INFINITIVE','Pos':'V','Tense':'PRESENT','VerbType':'TRANSITIVE','Voice':'PASSIVE'},'name':'praestari'}]}],'name':'praesto@V'}]">praestari</w><c>,</c><c> </c><w lemma="[{'id':242816363,'ls':[{'id':242816364,'name':'qui','wfs':[{'id':244511016,'morph':{'Casus':'NOMINATIVE','Genus':'MASCULINE','Numerus':'SINGULAR','Pos':'PRO','PronounType':'RELATIVE'},'name':'qui'}]}],'name':'qui@PRO'}]">qui</w><c> </c><w lemma="[{'id':795281260,'ls':[{'id':795281261,'name':'proemptor','wfs':[{'id':795281262,'morph':{'Casus':'GENITIVE','DeclensionType':'THIRD_DECLENSION','Genus':'MASCULINE','Numerus':'SINGULAR','Pos':'NN'},'name':'proemptoris'}]}],'name':'proemptor@NN'}]">proemptoris</w><c> </c><w lemma="[{'id':5578605,'ls':[{'id':4569,'name':'fungor','wfs':[{'id':795281259,'morph':{'Genus':'MASCULINE','Mood':'INDICATIVE','Numerus':'SINGULAR','Person':'PERSON_3','Pos':'V','Tense':'PERFECT','VerbType':'DEPONENT','Voice':'ACTIVE'},'name':'functus'}]}],'name':'fungor@V'}]">functus</w><c> </c><w lemma="[{'id':1209674,'ls':[{'id':6607,'name':'officium','wfs':[{'id':243409596,'morph':{'Casus':'ABLATIVE','DeclensionType':'SECOND_DECLENSION','Genus':'NEUTER','Numerus':'SINGULAR','Pos':'NN'},'name':'officio'}]}],'name':'officium@NN'}]">officio</w><c>,</c><c> </c><w lemma="[{'id':5333467,'ls':[{'id':4043,'name':'excipio','wfs':[{'id':5333539,'morph':{'Casus':'NOMINATIVE','ConjugationType':'THIRD_CONJUGATION','Genus':'MASCULINE','Mood':'PARTICIPLE','Numerus':'SINGULAR','Pos':'V','Tense':'PERFECT','VerbType':'TRANSITIVE','Voice':'PASSIVE'},'name':'exceptus'}]}],'name':'excipio@V'}]">exceptus</w><c> </c><w lemma="[{'id':1188564,'ls':[{'id':6370,'name':'negotiatio','wfs':[{'id':1188567,'morph':{'Casus':'GENITIVE','DeclensionType':'THIRD_DECLENSION','Genus':'FEMININE','Numerus':'SINGULAR','Pos':'NN'},'name':'negotiationis'}]}],'name':'negotiatio@NN'}]">negotiationis</w><c> </c><w lemma="[{'id':1212092,'ls':[{'id':484141637,'name':'onus','wfs':[{'id':484141639,'morph':{'Casus':'ABLATIVE','DeclensionType':'THIRD_DECLENSION','Genus':'NEUTER','Numerus':'PLURAL','Pos':'NN'},'name':'oneribus'}]}],'name':'onus@NN'}]">oneribus</w><c> </c><lb n="27" xml:id="bsb00000824_00247_27"></lb><w lemma="[{'id':4694501,'ls':[{'id':3027,'name':'debeo','wfs':[{'id':4694854,'morph':{'ConjugationType':'SECOND_CONJUGATION','Mood':'SUBJUNCTIVE','Numerus':'SINGULAR','Person':'PERSON_3','Pos':'V','Tense':'PRESENT','VerbType':'TRANSITIVE','Voice':'ACTIVE'},'name':'debeat'}]}],'name':'debeo@V'}]">debeat</w><c> </c><w lemma="[{'id':5732472,'ls':[{'id':4999,'name':'impleo','wfs':[{'id':5732553,'morph':{'ConjugationType':'SECOND_CONJUGATION','Mood':'INFINITIVE','Pos':'V','Tense':'PRESENT','VerbType':'TRANSITIVE','Voice':'ACTIVE'},'name':'implere'}]}],'name':'impleo@V'}]">implere</w><c> </c><w lemma="[{'id':242816363,'ls':[{'id':242816364,'name':'qui','wfs':[{'id':245004334,'morph':{'Casus':'ACCUSATIVE','Genus':'NEUTER','Numerus':'SINGULAR','Pos':'PRO','PronounType':'RELATIVE'},'name':'quod'}]}],'name':'qui@PRO'}]">quod</w><c> </c><w lemma="[{'id':7755891,'ls':[{'id':8690,'name':'suscipio','wfs':[{'id':7757062,'morph':{'ConjugationType':'THIRD_CONJUGATION','Mood':'INDICATIVE','Numerus':'SINGULAR','Person':'PERSON_3','Pos':'V','Tense':'PRESENT','VerbType':'TRANSITIVE','Voice':'ACTIVE'},'name':'suscipit'}]}],'name':'suscipio@V'}]">suscipit</w><c>.</c><c> </c></s><s><w lemma="[{'id':242815996,'ls':[{'id':242815997,'name':'hic','wfs':[{'id':36187642,'morph':{'Casus':'ACCUSATIVE','Genus':'NEUTER','Numerus':'SINGULAR','Pos':'PRO','PronounType':'DEMONSTRATIVE'},'name':'hoc'}]}],'name':'hic@PRO'}]">hoc</w><c> </c><w lemma="[{'id':109821,'ls':[{'id':109822,'name':'enim','wfs':[{'id':109823,'morph':{'Pos':'CON'},'name':'enim'}]}],'name':'enim@CON'}]">enim</w><c> </c><w lemma="[{'id':242816286,'ls':[{'id':242816287,'name':'nos','wfs':[{'id':386315174,'morph':{'Casus':'ACCUSATIVE','Genus':'MASCULINE','Numerus':'PLURAL','Pos':'PRO','PronounType':'PERSONAL'},'name':'nos'}]}],'name':'nos@PRO'}]">nos</w><c> </c><w lemma="[{'id':109828,'ls':[{'id':109829,'name':'et','wfs':[{'id':109830,'morph':{'Pos':'CON'},'name':'et'}]}],'name':'et@CON'}]">et</w><c> </c><w lemma="[{'id':241569774,'ls':[{'id':241569775,'name':'Ravennas','wfs':[{'id':241569787,'morph':{'Pos':'ADJ'},'name':'ravennati'}]}],'name':'Ravennas@ADJ'}]">Ravennati</w><c> </c><w lemma="[{'id':985146,'ls':[{'id':3766,'name':'ecclesia','wfs':[{'id':985185,'morph':{'Casus':'DATIVE','DeclensionType':'FIRST_DECLENSION','Genus':'FEMININE','Numerus':'SINGULAR','Pos':'NN'},'name':'ecclesiae'}]}],'name':'ecclesia@NN'}]">ecclesiae</w><c> </c><w lemma="[{'id':4268605,'ls':[{'id':2133,'name':'commemoro','wfs':[{'id':4268905,'morph':{'ConjugationType':'FIRST_CONJUGATION','Mood':'INDICATIVE','Numerus':'PLURAL','Person':'PERSON_3','Pos':'V','Tense':'PRESENT','VerbType':'TRANSITIVE','Voice':'ACTIVE'},'name':'commemorant'}]}],'name':'commemoro@V'}]">commemorant</w><c> </c><lb n="28" xml:id="bsb00000824_00247_28"></lb><w lemma="[{'id':6273105,'ls':[{'id':6273106,'name':'moueo','wfs':[{'id':6273152,'morph':{'Casus':'ACCUSATIVE','ConjugationType':'SECOND_CONJUGATION','Genus':'MASCULINE','Mood':'PARTICIPLE','Numerus':'PLURAL','Pos':'V','Tense':'PERFECT','VerbType':'TRANSITIVE','Voice':'PASSIVE'},'name':'motos'}]}],'name':'moveo@V'}]">motos</w><c> </c><w lemma="[{'id':2948566,'ls':[{'id':7739,'name':'rationabilis','wfs':[{'id':242517408,'morph':{'Pos':'ADJ'},'name':'rationabili'}]}],'name':'rationabilis@ADJ'}]">rationabili</w><c> </c><w lemma="[{'id':742648,'ls':[{'id':742662,'name':'allegatio','wfs':[{'id':243247711,'morph':{'Casus':'ABLATIVE','DeclensionType':'THIRD_DECLENSION','Genus':'FEMININE','Numerus':'SINGULAR','Pos':'NN'},'name':'allegatione'}]}],'name':'allegatio@NN'}]">allegatione</w><c> </c><w lemma="[{'id':7865249,'ls':[{'id':8933,'name':'tribuo','wfs':[{'id':7865332,'morph':{'ConjugationType':'THIRD_CONJUGATION','Mood':'INFINITIVE','Pos':'V','Tense':'PERFECT','VerbType':'TRANSITIVE','Voice':'ACTIVE'},'name':'tribuisse'}]}],'name':'tribuo@V'}]">tribuisse</w><c>,</c><c> </c><w lemma="[{'id':109986,'ls':[{'id':109987,'name':'quod','wfs':[{'id':109988,'morph':{'Pos':'CON'},'name':'quod'}]}],'name':'quod@CON'}]">quod</w><c> </c><w lemma="[{'id':1254025,'ls':[{'id':7092,'name':'pietas','wfs':[{'id':1254037,'morph':{'Casus':'GENITIVE','DeclensionType':'THIRD_DECLENSION','Genus':'FEMININE','Numerus':'SINGULAR','Pos':'NN'},'name':'pietatis'}]}],'name':'pietas@NN'}]">pietatis</w><c> </c><w lemma="[{'id':1013135,'ls':[{'id':4067,'name':'exemplum','wfs':[{'id':241433392,'morph':{'Casus':'ACCUSATIVE','DeclensionType':'SECOND_DECLENSION','Genus':'NEUTER','Numerus':'SINGULAR','Pos':'NN'},'name':'exemplum'}]}],'name':'exemplum@NN'}]">exemplum</w><c> </c><w lemma="[{'id':109453,'ls':[{'id':109454,'name':'ad','wfs':[{'id':109455,'morph':{'Pos':'AP'},'name':'ad'}]}],'name':'ad@AP'}]">ad</w><c> </c><w lemma="[{'id':244511757,'ls':[{'id':244511758,'name':'suus','wfs':[{'id':255613506,'morph':{'Casus':'ACCUSATIVE','Genus':'NEUTER','Numerus':'SINGULAR','Pos':'PRO','PronounType':'POSSESSIVE'},'name':'suum'}]}],'name':'suus@PRO'}]">suum</w><c> </c><w lemma="[{'id':226369,'ls':[{'id':7700,'name':'quoque','wfs':[{'id':226371,'morph':{'Pos':'ADV'},'name':'quoque'}]}],'name':'quoque@ADV'}]">quoque</w><c> </c><lb n="29" xml:id="bsb00000824_00247_29"></lb><w lemma="[{'id':880499,'ls':[{'id':2165,'name':'commodum','wfs':[{'id':880507,'morph':{'Casus':'ACCUSATIVE','DeclensionType':'SECOND_DECLENSION','Genus':'NEUTER','Numerus':'SINGULAR','Pos':'NN'},'name':'commodum'}]}],'name':'commodum@NN'}]">commodum</w><c> </c><w lemma="[{'id':7733518,'ls':[{'id':8673,'name':'supplico','wfs':[{'id':7734256,'morph':{'ConjugationType':'FIRST_CONJUGATION','Mood':'INDICATIVE','Numerus':'PLURAL','Person':'PERSON_3','Pos':'V','Tense':'PRESENT','VerbType':'TRANSITIVE','Voice':'ACTIVE'},'name':'supplicant'}]}],'name':'supplico@V'}]">supplicant</w><c> </c><w lemma="[{'id':3201381,'ls':[{'id':3201472,'name':'transferendus','wfs':[{'id':503117388,'morph':{'Casus':'ACCUSATIVE','ComparisonDegree':'POSITIVE','DeclensionType':'SECOND_DECLENSION','Genus':'NEUTER','Numerus':'SINGULAR','Pos':'ADJ'},'name':'transferendum'}]}],'name':'transferendus@ADJ'}]">transferendum</w><c>.</c><c> </c></s><s><w lemma="[{'id':109828,'ls':[{'id':109829,'name':'et','wfs':[{'id':109830,'morph':{'Pos':'CON'},'name':'et'}]}],'name':'et@CON'}]">Et</w><c> </c><w lemma="[{'id':183546,'ls':[{'id':183547,'name':'ideo','wfs':[{'id':183548,'morph':{'ComparisonDegree':'POSITIVE','Pos':'ADV'},'name':'ideo'}]}],'name':'ideo@ADV'}]">ideo</w><c> </c><w lemma="[{'id':2413908,'ls':[{'id':4928,'name':'illustris','wfs':[{'id':2414004,'morph':{'Casus':'NOMINATIVE','ComparisonDegree':'POSITIVE','DeclensionType':'THIRD_DECLENSION','Genus':'FEMININE','Numerus':'SINGULAR','Pos':'ADJ'},'name':'illustris'}]}],'name':'illustris@ADJ'}]">illustris</w><c> </c><w lemma="[{'id':109828,'ls':[{'id':109829,'name':'et','wfs':[{'id':109830,'morph':{'Pos':'CON'},'name':'et'}]}],'name':'et@CON'}]">et</w><c> </c><w lemma="[{'id':2856208,'ls':[{'id':2856209,'name':'praecelsus','wfs':[{'id':2856285,'morph':{'Casus':'NOMINATIVE','ComparisonDegree':'POSITIVE','DeclensionType':'FIRST_DECLENSION','Genus':'FEMININE','Numerus':'SINGULAR','Pos':'ADJ'},'name':'praecelsa'}]}],'name':'praecelsus@ADJ'}]">praecelsa</w><c> </c><w lemma="[{'id':1152448,'ls':[{'id':5918,'name':'magnificentia','wfs':[{'id':1152460,'morph':{'Casus':'NOMINATIVE','DeclensionType':'FIRST_DECLENSION','Genus':'FEMININE','Numerus':'SINGULAR','Pos':'NN'},'name':'magnificentia'}]}],'name':'magnificentia@NN'}]">magnificentia</w><c> </c><w lemma="[{'id':244512131,'ls':[{'id':244512132,'name':'tuus','wfs':[{'id':244512186,'morph':{'Casus':'NOMINATIVE','DeclensionType':'FIRST_DECLENSION','Genus':'FEMININE','Numerus':'SINGULAR','Pos':'PRO','PronounType':'POSSESSIVE'},'name':'tua'}]}],'name':'tuus@PRO'}]">tua</w><c>,</c><c> </c><lb n="30" xml:id="bsb00000824_00247_30"></lb><w lemma="[{'id':3009681,'ls':[{'id':8081,'name':'salvus','wfs':[{'id':3009865,'morph':{'Casus':'NOMINATIVE','ComparisonDegree':'POSITIVE','DeclensionType':'FIRST_DECLENSION','Genus':'FEMININE','Numerus':'SINGULAR','Pos':'ADJ'},'name':'salva'}]}],'name':'salvus@ADJ'}]">salva</w><c> </c><w lemma="[{'id':109577,'ls':[{'id':109578,'name':'in','wfs':[{'id':109579,'morph':{'Pos':'AP'},'name':'in'}]}],'name':'in@AP'}]">in</w><c> </c><w lemma="[{'id':242815932,'ls':[{'id':242815933,'name':'alius','wfs':[{'id':241479022,'morph':{'Casus':'ABLATIVE','DeclensionType':'SECOND_DECLENSION','Genus':'MASCULINE','Numerus':'PLURAL','Pos':'PRO','PronounType':'INDEFINITE'},'name':'aliis'}]}],'name':'alius@PRO'}]">aliis</w><c> </c><w lemma="[{'id':1188569,'ls':[{'id':1188570,'name':'negotiator','wfs':[{'id':1188572,'morph':{'Casus':'ABLATIVE','DeclensionType':'THIRD_DECLENSION','Genus':'MASCULINE','Numerus':'PLURAL','Pos':'NN'},'name':'negotiatoribus'}]}],'name':'negotiator@NN'}]">negotiatoribus</w><c> </c><w lemma="[{'id':880443,'ls':[{'id':2170,'name':'commoditas','wfs':[{'id':243291803,'morph':{'Casus':'ABLATIVE','DeclensionType':'THIRD_DECLENSION','Genus':'FEMININE','Numerus':'SINGULAR','Pos':'NN'},'name':'commoditate'}]}],'name':'commoditas@NN'}]">commoditate</w><c> </c><w lemma="[{'id':2914003,'ls':[{'id':7599,'name':'publicus','wfs':[{'id':2914066,'morph':{'Casus':'ABLATIVE','ComparisonDegree':'POSITIVE','DeclensionType':'FIRST_DECLENSION','Genus':'FEMININE','Numerus':'SINGULAR','Pos':'ADJ'},'name':'publica'}]}],'name':'publicus@ADJ'}]">publica</w><c>,</c><c> </c><w lemma="[{'id':242816363,'ls':[{'id':242816364,'name':'qui','wfs':[{'id':296826594,'morph':{'Casus':'NOMINATIVE','Genus':'FEMININE','Numerus':'SINGULAR','Pos':'PRO','PronounType':'RELATIVE'},'name':'quae'}]}],'name':'qui@PRO'}]">quae</w><c> </c><w lemma="[{'id':109436,'ls':[{'id':109437,'name':'ab','wfs':[{'id':109438,'morph':{'Pos':'AP'},'name':'ab'}]}],'name':'ab@AP'}]">ab</w><c> </c><w lemma="[{'id':3239550,'ls':[{'id':9058,'name':'universus','wfs':[{'id':3239762,'morph':{'Casus':'ABLATIVE','ComparisonDegree':'POSITIVE','DeclensionType':'SECOND_DECLENSION','Genus':'NEUTER','Numerus':'SINGULAR','Pos':'ADJ'},'name':'universo'}]}],'name':'universus@ADJ'}]">universo</w><c> </c><w lemma="[{'id':916873,'ls':[{'id':2783,'name':'corpus','wfs':[{'id':241421964,'morph':{'Casus':'ABLATIVE','DeclensionType':'THIRD_DECLENSION','Genus':'NEUTER','Numerus':'SINGULAR','Pos':'NN'},'name':'corpore'}]}],'name':'corpus@NN'}]">corpore</w><c> </c><w lemma="[{'id':4520334,'ls':[{'id':2601,'name':'consuesco','wfs':[{'id':4520697,'morph':{'ConjugationType':'THIRD_CONJUGATION','Mood':'INDICATIVE','Numerus':'SINGULAR','Person':'PERSON_3','Pos':'V','Tense':'PERFECT','VerbType':'TRANSITIVE','Voice':'ACTIVE'},'name':'consuevit'}]}],'name':'consuesco@V'}]">consuevit</w><c> </c><lb n="31" xml:id="bsb00000824_00247_31"></lb><w lemma="[{'id':5837509,'ls':[{'id':5198,'name':'infero','wfs':[{'id':453608,'morph':{'Mood':'INFINITIVE','Pos':'V','Tense':'PRESENT','VerbType':'VERBA_ANOMALA','Voice':'PASSIVE'},'name':'inferri'}]}],'name':'infero@V'}]">inferri</w><c>,</c><c> </c><w lemma="[{'id':1441544,'ls':[{'id':1441548,'name':'unus','wfs':[{'id':1441557,'morph':{'Casus':'ACCUSATIVE','DeclensionType':'SECOND_DECLENSION','Genus':'MASCULINE','Numerus':'SINGULAR','Pos':'NN'},'name':'unum'}]}],'name':'unus@NN'}]">unum</w><c> </c><w lemma="[{'id':242816207,'ls':[{'id':242816208,'name':'is','wfs':[{'id':242816220,'morph':{'Casus':'DATIVE','Genus':'MASCULINE','Numerus':'PLURAL','Pos':'PRO','PronounType':'PERSONAL'},'name':'eis'}]}],'name':'is@PRO'}]">eis</w><c>,</c><c> </c><w lemma="[{'id':242816363,'ls':[{'id':242816364,'name':'qui','wfs':[{'id':539256813,'morph':{'Casus':'ACCUSATIVE','Genus':'MASCULINE','Numerus':'SINGULAR','Pos':'PRO','PronounType':'RELATIVE'},'name':'quem'}]}],'name':'qui@PRO'}]">quem</w><c> </c><w lemma="[{'id':242816792,'ls':[{'id':242816793,'name':'sui','wfs':[{'id':594750177,'morph':{'Casus':'DATIVE','Genus':'MASCULINE','Numerus':'PLURAL','Pos':'PRO','PronounType':'REFLEXIVE'},'name':'sibi'}]}],'name':'sui@PRO'}]">sibi</w><c> </c><w lemma="[{'id':8023943,'ls':[{'id':9295,'name':'viso','wfs':[{'id':8025048,'morph':{'ConjugationType':'THIRD_CONJUGATION','Genus':'MASCULINE','Mood':'INDICATIVE','Numerus':'PLURAL','Person':'PERSON_3','Pos':'V','Tense':'FUTURE_PERFECT','VerbType':'TRANSITIVE','Voice':'PASSIVE'},'name':'visi'}]}],'name':'viso@V'}]">visi</w><c> </c><w lemma="[{'id':7617143,'ls':[{'id':7617144,'name':'sum','wfs':[{'id':242825883,'morph':{'Mood':'INDICATIVE','Numerus':'PLURAL','Person':'PERSON_3','Pos':'V','Tense':'FUTURE_PERFECT','VerbType':'VERBA_ANOMALA','Voice':'ACTIVE'},'name':'fuerint'}]}],'name':'sum@V'}]">fuerint</w><c> </c><w lemma="[{'id':5189377,'ls':[{'id':3832,'name':'eligo','wfs':[{'id':5189458,'morph':{'ConjugationType':'THIRD_CONJUGATION','Mood':'INFINITIVE','Pos':'V','Tense':'PRESENT','VerbType':'TRANSITIVE','Voice':'ACTIVE'},'name':'eligere'}]}],'name':'eligo@V'}]">eligere</w><c>,</c><c> </c><w lemma="[{'id':4870024,'ls':[{'id':3325,'name':'deputo','wfs':[{'id':4870349,'morph':{'ConjugationType':'FIRST_CONJUGATION','Mood':'INDICATIVE','Numerus':'SINGULAR','Person':'PERSON_3','Pos':'V','Tense':'FUTURE','VerbType':'TRANSITIVE','Voice':'ACTIVE'},'name':'deputabit'}]}],'name':'deputo@V'}]">deputabit</w><c>,</c><c> </c><w lemma="[{'id':242816363,'ls':[{'id':242816364,'name':'qui','wfs':[{'id':244511016,'morph':{'Casus':'NOMINATIVE','Genus':'MASCULINE','Numerus':'SINGULAR','Pos':'PRO','PronounType':'RELATIVE'},'name':'qui'}]}],'name':'qui@PRO'}]">qui</w><c> </c><w lemma="[{'id':196519,'ls':[{'id':5544,'name':'ita','wfs':[{'id':196520,'morph':{'Pos':'ADV'},'name':'ita'}]}],'name':'ita@ADV'}]">ita</w><c> </c><w lemma="[{'id':879187,'ls':[{'id':2145,'name':'commercium','wfs':[{'id':243291305,'morph':{'Casus':'ACCUSATIVE','DeclensionType':'SECOND_DECLENSION','Genus':'NEUTER','Numerus':'SINGULAR','Pos':'NN'},'name':'commercium'}]}],'name':'commercium@NN'}]">commercium</w><c> </c><lb n="32" xml:id="bsb00000824_00247_32"></lb><w lemma="[{'id':1188564,'ls':[{'id':6370,'name':'negotiatio','wfs':[{'id':1188567,'morph':{'Casus':'GENITIVE','DeclensionType':'THIRD_DECLENSION','Genus':'FEMININE','Numerus':'SINGULAR','Pos':'NN'},'name':'negotiationis'}]}],'name':'negotiatio@NN'}]">negotiationis</w><c> </c><w lemma="[{'id':5357196,'ls':[{'id':4071,'name':'exerceo','wfs':[{'id':5357549,'morph':{'ConjugationType':'SECOND_CONJUGATION','Mood':'SUBJUNCTIVE','Numerus':'SINGULAR','Person':'PERSON_3','Pos':'V','Tense':'PRESENT','VerbType':'TRANSITIVE','Voice':'ACTIVE'},'name':'exerceat'}]}],'name':'exerceo@V'}]">exerceat</w><c>,</c><c> </c><w lemma="[{'id':225825,'ls':[{'id':225826,'name':'quatenus','wfs':[{'id':225827,'morph':{'ComparisonDegree':'POSITIVE','Pos':'ADV'},'name':'quatenus'}]}],'name':'quatenus@ADV'}]">quatenus</w><c> </c><w lemma="[{'id':109871,'ls':[{'id':109872,'name':'nec','wfs':[{'id':109873,'morph':{'Pos':'CON'},'name':'nec'}]}],'name':'nec@CON'}]">nec</w><c> </c><w lemma="[{'id':1173946,'ls':[{'id':1173947,'name':'monopolium','wfs':[{'id':241455997,'morph':{'Casus':'GENITIVE','DeclensionType':'SECOND_DECLENSION','Genus':'NEUTER','Numerus':'SINGULAR','Pos':'NN'},'name':'monopolii'}]}],'name':'monopolium@NN'}]">monopolii</w><c> </c><w lemma="[{'id':109871,'ls':[{'id':109872,'name':'nec','wfs':[{'id':109873,'morph':{'Pos':'CON'},'name':'nec'}]}],'name':'nec@CON'}]">nec</w><c> </c><w lemma="[{'id':743447584,'ls':[{'id':743447585,'name':'siliquaticum','wfs':[{'id':785395738,'morph':{'Casus':'GENITIVE','DeclensionType':'SECOND_DECLENSION','Genus':'NEUTER','Numerus':'SINGULAR','Pos':'NN'},'name':'siliquatici'}]}],'name':'siliquaticum@NN'}]">siliquatici</w><c> </c><w lemma="[{'id':109871,'ls':[{'id':109872,'name':'nec','wfs':[{'id':109873,'morph':{'Pos':'CON'},'name':'nec'}]}],'name':'nec@CON'}]">nec</w><c> </c><w lemma="[{'id':1712554,'ls':[{'id':1712555,'name':'aurarius','wfs':[{'id':1712614,'morph':{'Casus':'GENITIVE','ComparisonDegree':'POSITIVE','DeclensionType':'FIRST_DECLENSION','Genus':'FEMININE','Numerus':'SINGULAR','Pos':'ADJ'},'name':'aurariae'}]}],'name':'aurarius@ADJ'}]">aurariae</w><c> </c><w lemma="[{'id':242815921,'ls':[{'id':242815922,'name':'aliquis','wfs':[{'id':245005377,'morph':{'Casus':'ACCUSATIVE','Genus':'NEUTER','Numerus':'SINGULAR','Pos':'PRO','PronounType':'INDEFINITE'},'name':'aliquid'}]}],'name':'aliquis@PRO'}]">aliquid</w><c> </c><w lemma="[{'id':1234601,'ls':[{'id':6915,'name':'pensio','wfs':[{'id':1234604,'morph':{'Casus':'GENITIVE','DeclensionType':'THIRD_DECLENSION','Genus':'FEMININE','Numerus':'SINGULAR','Pos':'NN'},'name':'pensionis'}]}],'name':'pensio@NN'}]">pensionis</w><c> </c><lb n="33" xml:id="bsb00000824_00247_33"></lb><w lemma="[{'id':5719667,'ls':[{'id':4975,'name':'impendo','wfs':[{'id':5719991,'morph':{'ConjugationType':'THIRD_CONJUGATION','Mood':'SUBJUNCTIVE','Numerus':'SINGULAR','Person':'PERSON_3','Pos':'V','Tense':'PRESENT','VerbType':'TRANSITIVE','Voice':'ACTIVE'},'name':'impendat'}]}],'name':'impendo@V'}]">impendat</w><c> </c><w lemma="[{'id':110077,'ls':[{'id':110078,'name':'vel','wfs':[{'id':110080,'morph':{'Pos':'CON'},'name':'vel'}]}],'name':'vel@CON'}]">vel</w><c> </c><w lemma="[{'id':242816570,'ls':[{'id':242816571,'name':'quilibet','wfs':[{'id':242816583,'morph':{'Casus':'ACCUSATIVE','Genus':'NEUTER','Numerus':'SINGULAR','Pos':'PRO','PronounType':'INDEFINITE'},'name':'quodlibet'}]}],'name':'quilibet@PRO'}]">quodlibet</w><c> </c><w lemma="[{'id':1057338,'ls':[{'id':4724,'name':'gravamen','wfs':[{'id':243355557,'morph':{'Casus':'ACCUSATIVE','DeclensionType':'THIRD_DECLENSION','Genus':'NEUTER','Numerus':'SINGULAR','Pos':'NN'},'name':'gravamen'}]}],'name':'gravamen@NN'}]">gravamen</w><c> </c><w lemma="[{'id':109565,'ls':[{'id':109566,'name':'ex','wfs':[{'id':109567,'morph':{'Pos':'AP'},'name':'ex'}]}],'name':'ex@AP'}]">ex</w><c> </c><w lemma="[{'id':6624882,'ls':[{'id':7936872,'name':'permito','wfs':[{'id':3870280,'morph':{'Casus':'ABLATIVE','ConjugationType':'THIRD_CONJUGATION','Genus':'FEMININE','Mood':'PARTICIPLE','Numerus':'SINGULAR','Pos':'V','Tense':'PERFECT','VerbType':'INTRANSITIVE','Voice':'PASSIVE'},'name':'permissa'}]}],'name':'permitto@V'}]">permissa</w><c> </c><w lemma="[{'id':1195798,'ls':[{'id':1195799,'name':'nundinatio','wfs':[{'id':243404128,'morph':{'Casus':'ABLATIVE','DeclensionType':'THIRD_DECLENSION','Genus':'FEMININE','Numerus':'SINGULAR','Pos':'NN'},'name':'nundinatione'}]}],'name':'nundinatio@NN'}]">nundinatione</w><c> </c><w lemma="[{'id':7765215,'ls':[{'id':8702,'name':'sustineo','wfs':[{'id':7765533,'morph':{'ConjugationType':'SECOND_CONJUGATION','Mood':'SUBJUNCTIVE','Numerus':'SINGULAR','Person':'PERSON_3','Pos':'V','Tense':'PRESENT','VerbType':'TRANSITIVE','Voice':'ACTIVE'},'name':'sustineat'}]}],'name':'sustineo@V'}]">sustineat</w><c>.</c><c> </c></s><s><w lemma="[{'id':157070,'ls':[{'id':2961,'name':'cur','wfs':[{'id':157071,'morph':{'ComparisonDegree':'POSITIVE','Pos':'ADV'},'name':'cur'}]}],'name':'cur@ADV'}]">cur</w><c> </c><w lemma="[{'id':109821,'ls':[{'id':109822,'name':'enim','wfs':[{'id':109823,'morph':{'Pos':'CON'},'name':'enim'}]}],'name':'enim@CON'}]">enim</w><c> </c><w lemma="[{'id':242816114,'ls':[{'id':242816115,'name':'ille','wfs':[{'id':242816141,'morph':{'Casus':'ACCUSATIVE','Genus':'NEUTER','Numerus':'SINGULAR','Pos':'PRO','PronounType':'DEMONSTRATIVE'},'name':'illud'}]}],'name':'ille@PRO'}]">illud</w><c> </c><lb n="34" xml:id="bsb00000824_00247_34"></lb><w lemma="[{'id':7777796,'ls':[{'id':8744,'name':'tardo','wfs':[{'id':7777913,'morph':{'ConjugationType':'FIRST_CONJUGATION','Mood':'SUBJUNCTIVE','Numerus':'PLURAL','Person':'PERSON_1','Pos':'V','Tense':'PRESENT','VerbType':'TRANSITIVE','Voice':'ACTIVE'},'name':'tardemus'}]}],'name':'tardo@V'}]">tardemus</w><c> </c><w lemma="[{'id':3648270,'ls':[{'id':3648853,'name':'annuo','wfs':[{'id':3648934,'morph':{'ConjugationType':'THIRD_CONJUGATION','Mood':'INFINITIVE','Pos':'V','Tense':'PRESENT','VerbType':'TRANSITIVE','Voice':'ACTIVE'},'name':'annuere'}]}],'name':'annuo@V'}]">annuere</w><c>,</c><c> </c><w lemma="[{'id':648411289,'ls':[{'id':648411290,'name':'unde','wfs':[{'id':648411291,'morph':{'Pos':'PRO','PronounType':'RELATIVE'},'name':'unde'}]}],'name':'unde@PRO'}]">unde</w><c> </c><w lemma="[{'id':242816293,'ls':[{'id':242816294,'name':'nullus','wfs':[{'id':241035948,'morph':{'Casus':'ACCUSATIVE','Genus':'NEUTER','Numerus':'PLURAL','Pos':'PRO','PronounType':'INDEFINITE'},'name':'nulla'}]}],'name':'nullus@PRO'}]">nulla</w><c> </c><w lemma="[{'id':6741602,'ls':[{'id':7228,'name':'possum','wfs':[{'id':244516519,'morph':{'Mood':'INDICATIVE','Numerus':'PLURAL','Person':'PERSON_1','Pos':'V','Tense':'PRESENT','VerbType':'VERBA_ANOMALA','Voice':'ACTIVE'},'name':'possumus'}]}],'name':'possum@V'}]">possumus</w><c> </c><w lemma="[{'id':935794,'ls':[{'id':3008,'name':'damnum','wfs':[{'id':935795,'morph':{'Casus':'ACCUSATIVE','DeclensionType':'SECOND_DECLENSION','Genus':'NEUTER','Numerus':'PLURAL','Pos':'NN'},'name':'damna'}]}],'name':'damnum@NN'}]">damna</w><c> </c><w lemma="[{'id':7355982,'ls':[{'id':244500552,'name':'sentio','wfs':[{'id':297496973,'morph':{'ConjugationType':'FOURTH_CONJUGATION','Mood':'INFINITIVE','Pos':'V','Tense':'PRESENT','VerbType':'INTRANSITIVE','Voice':'ACTIVE'},'name':'sentire'}]}],'name':'sentio@V'}]">sentire</w><c>?</c></s></p></div></body></text></TEI>