<?xml version="1.0" ?><TEI xmlns="http://www.tei-c.org/ns/1.0"><teiHeader><fileDesc><titleStmt><title>MGH Auct. ant. 12: Cassiodori Senatoris Variae</title><editor>Mommsen, Theodor</editor></titleStmt><publicationStmt><publisher>Monumenta Germaniae Historica (MGH)</publisher><publisher>Bavarian State Library (BSB), München</publisher><idno type="BSB">bsb00000824</idno><idno type="MGH"><idno type="Annotation_created_by">sysop</idno><idno type="Annotation_created_on">Wed Oct 18 18:56:58 CEST 2017</idno><idno type="Annotation_last_changed_by">geelhaar</idno><idno type="Annotation_last_changed_on">Thu Aug 20 10:43:40 CEST 2020</idno><idno type="Author_(German)">Cassiodor (Flavius Magnus Aurelius Cassiodorus Senator)</idno><idno type="Author_(Latin)">Cassiodorus Vivariensis</idno><idno type="BSB">bsb00000824</idno><idno type="Bibliographical_Link">http://stabikat.de/DB=1/XMLPRS=N/PPN?PPN=235118842</idno><idno type="C_Stat">06</idno><idno type="C1">06</idno><idno type="C2">05</idno><idno type="Column">073</idno><idno type="Commentary">dated according to Stefan Krautschick, Cassiodor und die Politik seiner Zeit. Bonn 1983, 74.  (TG)</idno><idno type="Concordance_View">true</idno><idno type="Digital_Edition_Statement">Text retrieved from the critical edition and prepared by the BMBF funded project "Humanist Computer Interaction under Scrutiny"(https://humanist.hs-mainz.de/en/). The Latin Text Archive (LTA) version has been created at Goethe University Frankfurt by the CompHistSem-Work Group (hudesktop.hucompute.org).</idno><idno type="Edition">MGH Auctores antiquissimi 12</idno><idno type="LTA_Export">true</idno><idno type="Licence_Info">CC BY 4.0</idno><idno type="Multiple_Lemmata_under_a_unique_Super_lemma">0.00%</idno><idno type="Multiple_Super_lemmata">0.00%</idno><idno type="Multiple_Wordforms_under_a_unique_Lemma">0.00%</idno><idno type="Multiple_Wordforms._Tagger_based_result._Multiple_Lemmata_possible">0.00%</idno><idno type="Multiple_Wordforms._Tagger_based_result._Multiple_Super_Lemmata_possible">0.00%</idno><idno type="Not_yet_linked_or_unknown_Wordform">0.00%</idno><idno type="Page">073</idno><idno type="Provided_by">Monumenta Germaniae Historica</idno><idno type="RepFontMA">not available</idno><idno type="Status">a</idno><idno type="Text_Type">Letter</idno><idno type="Text_Type_Class">Letters</idno><idno type="Time">506/507</idno><idno type="Title">Variae 02.41 - Luduin regi Francorum Theodericus rex</idno><idno type="Type_of_Corpus">Corpus of Letters</idno><idno type="URL">http://www.mgh.de/dmgh/resolving/MGH_Auct._ant._12_S._73</idno><idno type="Unique_Wordform">100,00%</idno><idno type="Unique_Wordform._Tagger_based_result._Multiple_Lemmata_possible">0.00%</idno><idno type="Unique_Wordform._Tagger_based_result._Multiple_Super_lemmata_possible">0.00%</idno><idno type="VIAF_(Expression)">182693798</idno><idno type="VIAF_(Expression)_Link">http://viaf.org/viaf/182693798</idno><idno type="VIAF_(Person)">95230707</idno><idno type="VIAF_(Person)_Link">http://viaf.org/viaf/95230707</idno><idno type="Volume">Auct. ant. 12</idno><idno type="Year_of_Publication_(interpreted)">0507</idno>MGH Auct. ant. 12</idno><availability><licence target="http://creativecommons.org/licenses/by/4.0/"><p>Distributed under the Creative Commons Attribution 4.0 International (CC BY 4.0) license.</p><p>This license covers the annotations added by the Monumenta Germaniae Historica and the
            Bavarian State Library, Munich, in the course of project "digital MGH"
            <ref target="http://www.dmgh.de">http://www.dmgh.de</ref>, funded by the
            German Research Foundation (DFG).</p><p>We do not claim any rights on the text itself which is believed to be in the public domain.</p><p>If you distribute a copy or a derivative version of this file, please indicate the source
            of the file by mentioning the Monumenta Germaniae Historica (MGH) and the
            Bavarian State Library, Munich (BSB).</p></licence></availability><date when="2016-11-28T16:32:43+01:00">2016-11-28, 16:32:43</date></publicationStmt><sourceDesc><biblFull><titleStmt><title>Cassiodori Senatoris Variae</title><editor>Mommsen, Theodor</editor></titleStmt><publicationStmt><publisher>Weidmann</publisher><pubPlace>Berlin</pubPlace><date>1894</date></publicationStmt><seriesStmt><title>Auctores antiquissimi</title><biblScope unit="volume">12</biblScope></seriesStmt></biblFull></sourceDesc></fileDesc></teiHeader><text><body><div><pb n="73" xml:id="bsb00000824_00257"></pb><lb n="1" xml:id="bsb00000824_00257_1"></lb><head n="3"><s><w lemma="[{'id':241346594,'ls':[{'id':241346595,'name':'NUMERAL','wfs':[{'id':498534633,'morph':{'Pos':'NUM'},'name':'xli'}]}],'name':'NUMERAL@NUM'}]">XLI</w><c>.</c><c> </c><lb n="2" xml:id="bsb00000824_00257_2"></lb><w lemma="[{'id':351786,'ls':[{'id':779515627,'name':'Luduin','wfs':[{'id':779515630,'morph':{'Casus':'DATIVE','DeclensionType':'INDECLINABLE','Genus':'MASCULINE','Numerus':'SINGULAR','Pos':'NP'},'name':'Luduin'}]}],'name':'Chlodovechus@NP'}]">LUDUIN</w><c> </c><w lemma="[{'id':1329481,'ls':[{'id':7965,'name':'rex','wfs':[{'id':236891161,'morph':{'Casus':'DATIVE','DeclensionType':'THIRD_DECLENSION','Genus':'MASCULINE','Numerus':'SINGULAR','Pos':'NN'},'name':'regi'}]}],'name':'rex@NN'}]">REGI</w><c> </c><w lemma="[{'id':779477157,'ls':[{'id':241529430,'name':'Francus','wfs':[{'id':243559279,'morph':{'Casus':'GENITIVE','ComparisonDegree':'POSITIVE','DeclensionType':'SECOND_DECLENSION','Genus':'MASCULINE','Numerus':'PLURAL','Pos':'ADJ'},'name':'francorum'}]}],'name':'francus@ADJ'}]">FRANCORUM</w><c> </c><w lemma="[{'id':624521,'ls':[{'id':624522,'name':'Theodericus','wfs':[{'id':243244190,'morph':{'Casus':'NOMINATIVE','DeclensionType':'SECOND_DECLENSION','Genus':'MASCULINE','Numerus':'SINGULAR','Pos':'NP'},'name':'Theodericus'}]}],'name':'Theodericus@NP'}]">THEODERICUS</w><c> </c><w lemma="[{'id':1329481,'ls':[{'id':7965,'name':'rex','wfs':[{'id':1329499,'morph':{'Casus':'NOMINATIVE','DeclensionType':'THIRD_DECLENSION','Genus':'MASCULINE','Numerus':'SINGULAR','Pos':'NN'},'name':'rex'}]}],'name':'rex@NN'}]">REX</w><c>.</c></s></head><note><s><hi rend="ITALICS"><w lemma="[{'id':759853,'ls':[{'id':807,'name':'annus','wfs':[{'id':382849904,'morph':{'Casus':'ABLATIVE','DeclensionType':'SECOND_DECLENSION','Genus':'MASCULINE','Numerus':'SINGULAR','Pos':'NN'},'name':'a'}]}],'name':'annus@NN'}]">a</w><c>.</c><c> </c><w lemma="[{'id':241346594,'ls':[{'id':241346595,'name':'NUMERAL','wfs':[{'id':241346596,'morph':{'Pos':'NUM'},'name':'NUMERAL'}]}],'name':'NUMERAL@NUM'}]">507</w></hi><c>&gt;</c></s></note><lb n="3" xml:id="bsb00000824_00257_3"></lb><p><s><w lemma="[{'id':2369058,'ls':[{'id':4681,'name':'gloriosus','wfs':[{'id':2369136,'morph':{'Casus':'ABLATIVE','ComparisonDegree':'POSITIVE','DeclensionType':'FIRST_DECLENSION','Genus':'FEMININE','Numerus':'SINGULAR','Pos':'ADJ'},'name':'gloriosa'}]}],'name':'gloriosus@ADJ'}]">Gloriosa</w><c> </c><w lemma="[{'id':225986,'ls':[{'id':7693,'name':'quidem','wfs':[{'id':241331904,'morph':{'Pos':'ADV'},'name':'quidem'}]}],'name':'quidem@ADV'}]">quidem</w><c> </c><w lemma="[{'id':244512458,'ls':[{'id':244512459,'name':'vester','wfs':[{'id':245551329,'morph':{'Casus':'GENITIVE','DeclensionType':'FIRST_DECLENSION','Genus':'FEMININE','Numerus':'SINGULAR','Pos':'PRO','PronounType':'POSSESSIVE'},'name':'vestrae'}]}],'name':'vester@PRO'}]">vestrae</w><c> </c><w lemma="[{'id':1467592,'ls':[{'id':9290,'name':'virtus','wfs':[{'id':1467621,'morph':{'Casus':'GENITIVE','DeclensionType':'THIRD_DECLENSION','Genus':'FEMININE','Numerus':'SINGULAR','Pos':'NN'},'name':'virtutis'}]}],'name':'virtus@NN'}]">virtutis</w><c> </c><w lemma="[{'id':733405,'ls':[{'id':733430,'name':'affinitas','wfs':[{'id':243245162,'morph':{'Casus':'ABLATIVE','DeclensionType':'THIRD_DECLENSION','Genus':'FEMININE','Numerus':'SINGULAR','Pos':'NN'},'name':'affinitate'}]}],'name':'affinitas@NN'}]">affinitate</w><c> </c><w lemma="[{'id':5607144,'ls':[{'id':4720,'name':'gratulor','wfs':[{'id':5607191,'morph':{'ConjugationType':'FIRST_CONJUGATION','Mood':'INDICATIVE','Numerus':'PLURAL','Person':'PERSON_1','Pos':'V','Tense':'PRESENT','VerbType':'DEPONENT','Voice':'PASSIVE'},'name':'gratulamur'}]}],'name':'gratulor@V'}]">gratulamur</w><c>,</c><c> </c><w lemma="[{'id':109986,'ls':[{'id':109987,'name':'quod','wfs':[{'id':109988,'morph':{'Pos':'CON'},'name':'quod'}]}],'name':'quod@CON'}]">quod</w><c> </c><w lemma="[{'id':1052032,'ls':[{'id':4633,'name':'gens','wfs':[{'id':243353638,'morph':{'Casus':'ACCUSATIVE','DeclensionType':'THIRD_DECLENSION','Genus':'FEMININE','Numerus':'SINGULAR','Pos':'NN'},'name':'gentem'}]}],'name':'gens@NN'}]">gentem</w><c> </c><w lemma="[{'id':409106,'ls':[{'id':409107,'name':'Franci','wfs':[{'id':243199239,'morph':{'Casus':'GENITIVE','DeclensionType':'SECOND_DECLENSION','Genus':'MASCULINE','Numerus':'PLURAL','Pos':'NE'},'name':'Francorum'}]}],'name':'Franci@NE'}]">Francorum</w><c> </c><lb n="4" xml:id="bsb00000824_00257_4"></lb><w lemma="[{'id':2888005,'ls':[{'id':7401,'name':'priscus','wfs':[{'id':2888068,'morph':{'Casus':'ABLATIVE','ComparisonDegree':'POSITIVE','DeclensionType':'FIRST_DECLENSION','Genus':'FEMININE','Numerus':'SINGULAR','Pos':'ADJ'},'name':'prisca'}]}],'name':'priscus@ADJ'}]">prisca</w><c> </c><w lemma="[{'id':731884,'ls':[{'id':538,'name':'aetas','wfs':[{'id':243244786,'morph':{'Casus':'ABLATIVE','DeclensionType':'THIRD_DECLENSION','Genus':'FEMININE','Numerus':'SINGULAR','Pos':'NN'},'name':'aetate'}]}],'name':'aetas@NN'}]">aetate</w><c> </c><w lemma="[{'id':2978945,'ls':[{'id':242551603,'name':'reses','wfs':[{'id':242551670,'morph':{'Casus':'ACCUSATIVE','ComparisonDegree':'POSITIVE','DeclensionType':'THIRD_DECLENSION','Genus':'FEMININE','Numerus':'SINGULAR','Pos':'ADJ'},'name':'residem'}]}],'name':'reses@ADJ'}]">residem</w><c> </c><w lemma="[{'id':177061,'ls':[{'id':177062,'name':'feliciter','wfs':[{'id':177065,'morph':{'ComparisonDegree':'POSITIVE','Pos':'ADV'},'name':'feliciter'}]}],'name':'feliciter@ADV'}]">feliciter</w><c> </c><w lemma="[{'id':109577,'ls':[{'id':109578,'name':'in','wfs':[{'id':109579,'morph':{'Pos':'AP'},'name':'in'}]}],'name':'in@AP'}]">in</w><c> </c><w lemma="[{'id':2706704,'ls':[{'id':6428,'name':'novus','wfs':[{'id':2706876,'morph':{'Casus':'ACCUSATIVE','ComparisonDegree':'POSITIVE','DeclensionType':'SECOND_DECLENSION','Genus':'NEUTER','Numerus':'PLURAL','Pos':'ADJ'},'name':'nova'}]}],'name':'novus@ADJ'}]">nova</w><c> </c><w lemma="[{'id':1282038,'ls':[{'id':7440,'name':'proelium','wfs':[{'id':243432796,'morph':{'Casus':'ACCUSATIVE','DeclensionType':'SECOND_DECLENSION','Genus':'NEUTER','Numerus':'PLURAL','Pos':'NN'},'name':'proelia'}]}],'name':'proelium@NN'}]">proelia</w><c> </c><w lemma="[{'id':4380749,'ls':[{'id':2318,'name':'concito','wfs':[{'id':796870752,'morph':{'ConjugationType':'FIRST_CONJUGATION','Mood':'INDICATIVE','Numerus':'PLURAL','Person':'PERSON_2','Pos':'V','Tense':'PERFECT','Voice':'ACTIVE'},'name':'concitastis'}]}],'name':'concito@V'}]">concitastis</w><c> </c><w lemma="[{'id':109828,'ls':[{'id':109829,'name':'et','wfs':[{'id':109830,'morph':{'Pos':'CON'},'name':'et'}]}],'name':'et@CON'}]">et</w><c> </c><w lemma="[{'id':241500927,'ls':[{'id':796870755,'name':'Alamannicus','wfs':[{'id':796870756,'morph':{'Casus':'ACCUSATIVE','Genus':'MASCULINE','Numerus':'PLURAL','Pos':'ADJ'},'name':'alamannicos'}]}],'name':'Alemannicus@ADJ'}]">Alamannicos</w><c> </c><w lemma="[{'id':1263271,'ls':[{'id':7205,'name':'populus','wfs':[{'id':243425431,'morph':{'Casus':'ACCUSATIVE','DeclensionType':'SECOND_DECLENSION','Genus':'MASCULINE','Numerus':'PLURAL','Pos':'NN'},'name':'populos'}]}],'name':'populus@NN'}]">populos</w><c> </c><w lemma="[{'id':3932257,'ls':[{'id':1461,'name':'caedo','wfs':[{'id':3932304,'morph':{'Casus':'ABLATIVE','ConjugationType':'THIRD_CONJUGATION','Genus':'MASCULINE','Mood':'PARTICIPLE','Numerus':'PLURAL','Pos':'V','Tense':'PERFECT','VerbType':'TRANSITIVE','Voice':'PASSIVE'},'name':'caesis'}]}],'name':'caedo@V'}]">caesis</w><c> </c><lb n="5" xml:id="bsb00000824_00257_5"></lb><w lemma="[{'id':2339760,'ls':[{'id':4469,'name':'fortis','wfs':[{'id':2339794,'morph':{'Casus':'ABLATIVE','ComparisonDegree':'COMPARATIVE','DeclensionType':'THIRD_DECLENSION','Genus':'MASCULINE','Numerus':'PLURAL','Pos':'ADJ'},'name':'fortioribus'}]}],'name':'fortis@ADJ'}]">fortioribus</w><c> </c><w lemma="[{'id':5790683,'ls':[{'id':5074,'name':'inclino','wfs':[{'id':5790729,'morph':{'Casus':'ACCUSATIVE','ConjugationType':'FIRST_CONJUGATION','Genus':'MASCULINE','Mood':'PARTICIPLE','Numerus':'PLURAL','Pos':'V','Tense':'PERFECT','VerbType':'TRANSITIVE','Voice':'PASSIVE'},'name':'inclinatos'}]}],'name':'inclino@V'}]">inclinatos</w><c> </c><w lemma="[{'id':1462467,'ls':[{'id':1462480,'name':'victrix','wfs':[{'id':243498298,'morph':{'Casus':'DATIVE','DeclensionType':'THIRD_DECLENSION','Genus':'FEMININE','Numerus':'SINGULAR','Pos':'NN'},'name':'victrici'}]}],'name':'victrix@NN'}]">victrici</w><c> </c><w lemma="[{'id':2173428,'ls':[{'id':241911102,'name':'dexterus','wfs':[{'id':241911165,'morph':{'Casus':'ABLATIVE','ComparisonDegree':'POSITIVE','DeclensionType':'FIRST_DECLENSION','Genus':'FEMININE','Numerus':'SINGULAR','Pos':'ADJ'},'name':'dextera'}]}],'name':'dexter@ADJ'}]">dextera</w><c> </c><w lemma="[{'id':7457493,'ls':[{'id':7457494,'name':'subdo','wfs':[{'id':7457690,'morph':{'ConjugationType':'THIRD_CONJUGATION','Mood':'INDICATIVE','Numerus':'PLURAL','Person':'PERSON_2','Pos':'V','Tense':'PERFECT','VerbType':'TRANSITIVE','Voice':'ACTIVE'},'name':'subdidistis'}]}],'name':'subdo@V'}]">subdidistis</w><c>.</c><c> </c></s><s><w lemma="[{'id':110010,'ls':[{'id':110011,'name':'sed','wfs':[{'id':110012,'morph':{'Pos':'CON'},'name':'sed'}]}],'name':'sed@CON'}]">sed</w><c> </c><w lemma="[{'id':110002,'ls':[{'id':110003,'name':'quoniam','wfs':[{'id':110004,'morph':{'Pos':'CON'},'name':'quoniam'}]}],'name':'quoniam@CON'}]">quoniam</w><c> </c><w lemma="[{'id':234266,'ls':[{'id':8236,'name':'semper','wfs':[{'id':241336670,'morph':{'Pos':'ADV'},'name':'semper'}]}],'name':'semper@ADV'}]">semper</w><c> </c><w lemma="[{'id':109577,'ls':[{'id':109578,'name':'in','wfs':[{'id':109579,'morph':{'Pos':'AP'},'name':'in'}]}],'name':'in@AP'}]">in</w><c> </c><w lemma="[{'id':796579,'ls':[{'id':1181,'name':'auctor','wfs':[{'id':796587,'morph':{'Casus':'ABLATIVE','DeclensionType':'THIRD_DECLENSION','Genus':'MASCULINE','Numerus':'PLURAL','Pos':'NN'},'name':'auctoribus'}]}],'name':'auctor@NN'}]">auctoribus</w><c> </c><lb n="6" xml:id="bsb00000824_00257_6"></lb><w lemma="[{'id':1238779,'ls':[{'id':1238780,'name':'perfidia','wfs':[{'id':1238792,'morph':{'Casus':'GENITIVE','DeclensionType':'FIRST_DECLENSION','Genus':'FEMININE','Numerus':'SINGULAR','Pos':'NN'},'name':'perfidiae'}]}],'name':'perfidia@NN'}]">perfidiae</w><c> </c><w lemma="[{'id':242551250,'ls':[{'id':242551251,'name':'resecabilis','wfs':[{'id':242551346,'morph':{'Casus':'NOMINATIVE','ComparisonDegree':'POSITIVE','DeclensionType':'THIRD_DECLENSION','Genus':'MASCULINE','Numerus':'SINGULAR','Pos':'ADJ'},'name':'resecabilis'}]}],'name':'resecabilis@ADJ'}]">resecabilis</w><c> </c><w lemma="[{'id':242815904,'ls':[{'id':244520791,'name':'videor','wfs':[{'id':232322737,'morph':{'ConjugationType':'SECOND_CONJUGATION','Mood':'INDICATIVE','Numerus':'SINGULAR','Person':'PERSON_3','Pos':'V','Tense':'PRESENT','VerbType':'DEPONENT','Voice':'PASSIVE'},'name':'videtur'}]}],'name':'videor@V'}]">videtur</w><c> </c><w lemma="[{'id':1010698,'ls':[{'id':4037,'name':'excessus','wfs':[{'id':241431664,'morph':{'Casus':'NOMINATIVE','DeclensionType':'FOURTH_DECLENSION','Genus':'MASCULINE','Numerus':'SINGULAR','Pos':'NN'},'name':'excessus'}]}],'name':'excessus@NN'}]">excessus</w><c> </c><w lemma="[{'id':109871,'ls':[{'id':109872,'name':'nec','wfs':[{'id':109873,'morph':{'Pos':'CON'},'name':'nec'}]}],'name':'nec@CON'}]">nec</w><c> </c><w lemma="[{'id':2886118,'ls':[{'id':2886119,'name':'primarius','wfs':[{'id':2886148,'morph':{'Casus':'GENITIVE','ComparisonDegree':'POSITIVE','DeclensionType':'SECOND_DECLENSION','Genus':'MASCULINE','Numerus':'PLURAL','Pos':'ADJ'},'name':'primariorum'}]}],'name':'primarius@ADJ'}]">primariorum</w><c> </c><w lemma="[{'id':242431154,'ls':[{'id':242431155,'name':'plectibilis','wfs':[{'id':242431235,'morph':{'Casus':'NOMINATIVE','ComparisonDegree':'POSITIVE','DeclensionType':'THIRD_DECLENSION','Genus':'FEMININE','Numerus':'SINGULAR','Pos':'ADJ'},'name':'plectibilis'}]}],'name':'plectibilis@ADJ'}]">plectibilis</w><c> </c><w lemma="[{'id':927738,'ls':[{'id':2930,'name':'culpa','wfs':[{'id':927766,'morph':{'Casus':'NOMINATIVE','DeclensionType':'FIRST_DECLENSION','Genus':'FEMININE','Numerus':'SINGULAR','Pos':'NN'},'name':'culpa'}]}],'name':'culpa@NN'}]">culpa</w><c> </c><w lemma="[{'id':2744416,'ls':[{'id':6625,'name':'omnis','wfs':[{'id':2744430,'morph':{'Casus':'GENITIVE','ComparisonDegree':'POSITIVE','DeclensionType':'THIRD_DECLENSION','Genus':'MASCULINE','Numerus':'PLURAL','Pos':'ADJ'},'name':'omnium'}]}],'name':'omnis@ADJ'}]">omnium</w><c> </c><w lemma="[{'id':4694501,'ls':[{'id':3027,'name':'debeo','wfs':[{'id':4694851,'morph':{'ConjugationType':'SECOND_CONJUGATION','Mood':'INDICATIVE','Numerus':'SINGULAR','Person':'PERSON_3','Pos':'V','Tense':'PRESENT','VerbType':'TRANSITIVE','Voice':'ACTIVE'},'name':'debet'}]}],'name':'debeo@V'}]">debet</w><c> </c><lb n="7" xml:id="bsb00000824_00257_7"></lb><w lemma="[{'id':7617143,'ls':[{'id':7617144,'name':'sum','wfs':[{'id':7617145,'morph':{'Mood':'INFINITIVE','Pos':'V','Tense':'PRESENT','VerbType':'VERBA_ANOMALA','Voice':'ACTIVE'},'name':'esse'}]}],'name':'sum@V'}]">esse</w><c> </c><w lemma="[{'id':242794518,'ls':[{'id':242794853,'name':'vindictus','wfs':[{'id':242794925,'morph':{'Casus':'NOMINATIVE','ComparisonDegree':'POSITIVE','DeclensionType':'FIRST_DECLENSION','Genus':'FEMININE','Numerus':'SINGULAR','Pos':'ADJ'},'name':'vindicta'}]}],'name':'vindicatus@ADJ'}]">vindicta</w><c>,</c><c> </c><w lemma="[{'id':1175694,'ls':[{'id':6231,'name':'motus','wfs':[{'id':241456164,'morph':{'Casus':'ACCUSATIVE','DeclensionType':'FOURTH_DECLENSION','Genus':'MASCULINE','Numerus':'PLURAL','Pos':'NN'},'name':'motus'}]}],'name':'motus@NN'}]">motus</w><c> </c><w lemma="[{'id':244512458,'ls':[{'id':244512459,'name':'vester','wfs':[{'id':245551336,'morph':{'Casus':'ACCUSATIVE','DeclensionType':'SECOND_DECLENSION','Genus':'MASCULINE','Numerus':'PLURAL','Pos':'PRO','PronounType':'POSSESSIVE'},'name':'vestros'}]}],'name':'vester@PRO'}]">vestros</w><c> </c><w lemma="[{'id':109577,'ls':[{'id':109578,'name':'in','wfs':[{'id':109579,'morph':{'Pos':'AP'},'name':'in'}]}],'name':'in@AP'}]">in</w><c> </c><w lemma="[{'id':2319984,'ls':[{'id':4338,'name':'fessus','wfs':[{'id':2319987,'morph':{'Casus':'ACCUSATIVE','ComparisonDegree':'POSITIVE','DeclensionType':'FIRST_DECLENSION','Genus':'FEMININE','Numerus':'PLURAL','Pos':'ADJ'},'name':'fessas'}]}],'name':'fessus@ADJ'}]">fessas</w><c> </c><w lemma="[{'id':1316787,'ls':[{'id':1316788,'name':'reliquia','wfs':[{'id':1316789,'morph':{'Casus':'ACCUSATIVE','DeclensionType':'FIRST_DECLENSION','Genus':'FEMININE','Numerus':'PLURAL','Pos':'NN'},'name':'reliquias'}]}],'name':'reliquia@NN'}]">reliquias</w><c> </c><w lemma="[{'id':7780766,'ls':[{'id':8762,'name':'tempero','wfs':[{'id':7780972,'morph':{'ConjugationType':'FIRST_CONJUGATION','Mood':'IMPERATIVE','Numerus':'PLURAL','Person':'PERSON_2','Pos':'V','Tense':'PRESENT','VerbType':'TRANSITIVE','Voice':'ACTIVE'},'name':'temperate'}]}],'name':'tempero@V'}]">temperate</w><c>,</c><c> </c><w lemma="[{'id':109966,'ls':[{'id':109967,'name':'quia','wfs':[{'id':109968,'morph':{'Pos':'CON'},'name':'quia'}]}],'name':'quia@CON'}]">quia</w><c> </c><w lemma="[{'id':197050,'ls':[{'id':197051,'name':'iure','wfs':[{'id':197053,'morph':{'ComparisonDegree':'POSITIVE','Pos':'ADV'},'name':'iure'}]}],'name':'iure@ADV'}]">iure</w><c> </c><w lemma="[{'id':1056993,'ls':[{'id':4717,'name':'gratia','wfs':[{'id':1057005,'morph':{'Casus':'GENITIVE','DeclensionType':'FIRST_DECLENSION','Genus':'FEMININE','Numerus':'SINGULAR','Pos':'NN'},'name':'gratiae'}]}],'name':'gratia@NN'}]">gratiae</w><c> </c><w lemma="[{'id':6234165,'ls':[{'id':6234166,'name':'mereor','wfs':[{'id':244478081,'morph':{'ConjugationType':'SECOND_CONJUGATION','Mood':'INDICATIVE','Numerus':'PLURAL','Person':'PERSON_3','Pos':'V','Tense':'PRESENT','VerbType':'DEPONENT','Voice':'PASSIVE'},'name':'merentur'}]}],'name':'mereor@V'}]">merentur</w><c> </c><lb n="8" xml:id="bsb00000824_00257_8"></lb><w lemma="[{'id':5265981,'ls':[{'id':3974,'name':'evado','wfs':[{'id':5266467,'morph':{'ConjugationType':'THIRD_CONJUGATION','Mood':'INFINITIVE','Pos':'V','Tense':'PRESENT','VerbType':'TRANSITIVE','Voice':'ACTIVE'},'name':'evadere'}]}],'name':'evado@V'}]">evadere</w><c>,</c><c> </c><w lemma="[{'id':242816363,'ls':[{'id':242816364,'name':'qui','wfs':[{'id':242816417,'morph':{'Casus':'ACCUSATIVE','Genus':'MASCULINE','Numerus':'PLURAL','Pos':'PRO','PronounType':'RELATIVE'},'name':'quos'}]}],'name':'qui@PRO'}]">quos</w><c> </c><w lemma="[{'id':109453,'ls':[{'id':109454,'name':'ad','wfs':[{'id':109455,'morph':{'Pos':'AP'},'name':'ad'}]}],'name':'ad@AP'}]">ad</w><c> </c><w lemma="[{'id':1226219,'ls':[{'id':6802,'name':'parens','wfs':[{'id':1226231,'morph':{'Casus':'GENITIVE','DeclensionType':'THIRD_DECLENSION','Genus':'MASCULINE','Numerus':'PLURAL','Pos':'NN'},'name':'parentum'}]}],'name':'parens@NN'}]">parentum</w><c> </c><w lemma="[{'id':244512458,'ls':[{'id':244512459,'name':'vester','wfs':[{'id':779633663,'morph':{'Casus':'GENITIVE','Genus':'MASCULINE','Numerus':'PLURAL','Pos':'PRO','PronounType':'POSSESSIVE'},'name':'vestrorum'}]}],'name':'vester@PRO'}]">vestrorum</w><c> </c><w lemma="[{'id':942023,'ls':[{'id':3108,'name':'defensio','wfs':[{'id':243314483,'morph':{'Casus':'ACCUSATIVE','DeclensionType':'THIRD_DECLENSION','Genus':'FEMININE','Numerus':'SINGULAR','Pos':'NN'},'name':'defensionem'}]}],'name':'defensio@NN'}]">defensionem</w><c> </c><w lemma="[{'id':7203647,'ls':[{'id':7926,'name':'respicio','wfs':[{'id':7203841,'morph':{'ConjugationType':'THIRD_CONJUGATION','Mood':'INDICATIVE','Numerus':'PLURAL','Person':'PERSON_2','Pos':'V','Tense':'PRESENT','VerbType':'TRANSITIVE','Voice':'ACTIVE'},'name':'respicitis'}]}],'name':'respicio@V'}]">respicitis</w><c> </c><w lemma="[{'id':4440038,'ls':[{'id':4440039,'name':'confugio','wfs':[{'id':339642,'morph':{'ConjugationType':'THIRD_CONJUGATION','Mood':'INFINITIVE','Pos':'V','Tense':'PERFECT','VerbType':'INTRANSITIVE','Voice':'ACTIVE'},'name':'confugisse'}]}],'name':'confugio@V'}]">confugisse</w><c>.</c><c> </c></s><s><w lemma="[{'id':7617143,'ls':[{'id':7617144,'name':'sum','wfs':[{'id':244519821,'morph':{'Mood':'IMPERATIVE','Numerus':'PLURAL','Person':'PERSON_2','Pos':'V','Tense':'FUTURE','VerbType':'VERBA_ANOMALA','Voice':'ACTIVE'},'name':'estote'}]}],'name':'sum@V'}]">estote</w><c> </c><w lemma="[{'id':1066741,'ls':[{'id':1066774,'name':'illa','wfs':[{'id':1066777,'morph':{'Casus':'DATIVE','DeclensionType':'FIRST_DECLENSION','Genus':'FEMININE','Numerus':'PLURAL','Pos':'NN'},'name':'illis'}]}],'name':'hilla@NN'}]">illis</w><c> </c><lb n="9" xml:id="bsb00000824_00257_9"></lb><w lemma="[{'id':2970117,'ls':[{'id':7855,'name':'remissus','wfs':[{'id':2970156,'morph':{'Casus':'NOMINATIVE','ComparisonDegree':'POSITIVE','DeclensionType':'SECOND_DECLENSION','Genus':'MASCULINE','Numerus':'PLURAL','Pos':'ADJ'},'name':'remissi'}]}],'name':'remissus@ADJ'}]">remissi</w><c>,</c><c> </c><w lemma="[{'id':242816363,'ls':[{'id':242816364,'name':'qui','wfs':[{'id':296826592,'morph':{'Casus':'NOMINATIVE','Genus':'MASCULINE','Numerus':'PLURAL','Pos':'PRO','PronounType':'RELATIVE'},'name':'qui'}]}],'name':'qui@PRO'}]">qui</w><c> </c><w lemma="[{'id':244510439,'ls':[{'id':244510440,'name':'noster','wfs':[{'id':244510451,'morph':{'Casus':'ABLATIVE','DeclensionType':'SECOND_DECLENSION','Genus':'MASCULINE','Numerus':'PLURAL','Pos':'PRO','PronounType':'POSSESSIVE'},'name':'nostris'}]}],'name':'noster@PRO'}]">nostris</w><c> </c><w lemma="[{'id':1034432,'ls':[{'id':4378,'name':'finis','wfs':[{'id':1034440,'morph':{'Casus':'ABLATIVE','DeclensionType':'THIRD_DECLENSION','Genus':'MASCULINE','Numerus':'PLURAL','Pos':'NN'},'name':'finibus'}]}],'name':'finis@NN'}]">finibus</w><c> </c><w lemma="[{'id':3987064,'ls':[{'id':1728,'name':'celo','wfs':[{'id':3987365,'morph':{'ConjugationType':'FIRST_CONJUGATION','Mood':'INDICATIVE','Numerus':'PLURAL','Person':'PERSON_3','Pos':'V','Tense':'PRESENT','VerbType':'TRANSITIVE','Voice':'PASSIVE'},'name':'celantur'}]}],'name':'celo@V'}]">celantur</w><c> </c><w lemma="[{'id':5450564,'ls':[{'id':4202,'name':'exterreo','wfs':[{'id':5450615,'morph':{'Casus':'NOMINATIVE','ConjugationType':'SECOND_CONJUGATION','Genus':'MASCULINE','Mood':'PARTICIPLE','Numerus':'PLURAL','Pos':'V','Tense':'PERFECT','VerbType':'TRANSITIVE','Voice':'PASSIVE'},'name':'exterriti'}]}],'name':'exterreo@V'}]">exterriti</w><c>.</c><c> </c></s><s><w lemma="[{'id':2654015,'ls':[{'id':2654016,'name':'memorabilis','wfs':[{'id':2654111,'morph':{'Casus':'NOMINATIVE','ComparisonDegree':'POSITIVE','DeclensionType':'THIRD_DECLENSION','Genus':'MASCULINE','Numerus':'SINGULAR','Pos':'ADJ'},'name':'memorabilis'}]}],'name':'memorabilis@ADJ'}]">Memorabilis</w><c> </c><w lemma="[{'id':1431226,'ls':[{'id':8951,'name':'triumphus','wfs':[{'id':1431256,'morph':{'Casus':'NOMINATIVE','DeclensionType':'SECOND_DECLENSION','Genus':'MASCULINE','Numerus':'SINGULAR','Pos':'NN'},'name':'triumphus'}]}],'name':'triumphus@NN'}]">triumphus</w><c> </c><w lemma="[{'id':7617143,'ls':[{'id':7617144,'name':'sum','wfs':[{'id':242825881,'morph':{'Mood':'INDICATIVE','Numerus':'SINGULAR','Person':'PERSON_3','Pos':'V','Tense':'PRESENT','VerbType':'VERBA_ANOMALA','Voice':'ACTIVE'},'name':'est'}]}],'name':'sum@V'}]">est</w><c> </c><w lemma="[{'id':241350525,'ls':[{'id':241350530,'name':'Alamanni','wfs':[{'id':796945322,'morph':{'Casus':'ACCUSATIVE','DeclensionType':'SECOND_DECLENSION','Genus':'MASCULINE','Numerus':'SINGULAR','Pos':'NN'},'name':'Alamannum'}]}],'name':'Alamanni@NN'}]">Alamannum</w><c> </c><lb n="10" xml:id="bsb00000824_00257_10"></lb><w lemma="[{'id':1521364,'ls':[{'id':146,'name':'acer','wfs':[{'id':551221173,'morph':{'Casus':'ACCUSATIVE','ComparisonDegree':'SUPERLATIVE','DeclensionType':'SECOND_DECLENSION','Genus':'MASCULINE','Numerus':'SINGULAR','Pos':'ADJ'},'name':'acerrimum'}]}],'name':'acer@ADJ'}]">acerrimum</w><c> </c><w lemma="[{'id':235482,'ls':[{'id':8302,'name':'sic','wfs':[{'id':241337168,'morph':{'Pos':'ADV'},'name':'sic'}]}],'name':'sic@ADV'}]">sic</w><c> </c><w lemma="[{'id':5380383,'ls':[{'id':5380562,'name':'expavesco','wfs':[{'id':5380604,'morph':{'ConjugationType':'THIRD_CONJUGATION','Mood':'INFINITIVE','Pos':'V','Tense':'PERFECT','VerbType':'TRANSITIVE','Voice':'ACTIVE'},'name':'expavisse'}]}],'name':'expavesco@V'}]">expavisse</w><c>,</c><c> </c><w lemma="[{'id':110061,'ls':[{'id':110062,'name':'ut','wfs':[{'id':110063,'morph':{'Pos':'CON'},'name':'ut'}]}],'name':'ut@CON'}]">ut</w><c> </c><w lemma="[{'id':242816823,'ls':[{'id':242816824,'name':'tu','wfs':[{'id':242816828,'morph':{'Casus':'DATIVE','Genus':'MASCULINE','Numerus':'SINGULAR','Pos':'PRO','PronounType':'PERSONAL'},'name':'tibi'}]}],'name':'tu@PRO'}]">tibi</w><c> </c><w lemma="[{'id':242816207,'ls':[{'id':242816208,'name':'is','wfs':[{'id':242816231,'morph':{'Casus':'ACCUSATIVE','Genus':'MASCULINE','Numerus':'SINGULAR','Pos':'PRO','PronounType':'PERSONAL'},'name':'eum'}]}],'name':'is@PRO'}]">eum</w><c> </c><w lemma="[{'id':4187754,'ls':[{'id':2007,'name':'cogo','wfs':[{'id':4187989,'morph':{'ConjugationType':'THIRD_CONJUGATION','Mood':'SUBJUNCTIVE','Numerus':'SINGULAR','Person':'PERSON_2','Pos':'V','Tense':'PRESENT','VerbType':'TRANSITIVE','Voice':'ACTIVE'},'name':'cogas'}]}],'name':'cogo@V'}]">cogas</w><c> </c><w lemma="[{'id':109545,'ls':[{'id':109546,'name':'de','wfs':[{'id':109547,'morph':{'Pos':'AP'},'name':'de'}]}],'name':'de@AP'}]">de</w><c> </c><w lemma="[{'id':1468658,'ls':[{'id':9303,'name':'vita','wfs':[{'id':1468688,'morph':{'Casus':'GENITIVE','DeclensionType':'FIRST_DECLENSION','Genus':'FEMININE','Numerus':'SINGULAR','Pos':'NN'},'name':'vitae'}]}],'name':'vita@NN'}]">vitae</w><c> </c><w lemma="[{'id':1179055,'ls':[{'id':6276,'name':'munus','wfs':[{'id':243398878,'morph':{'Casus':'ABLATIVE','DeclensionType':'THIRD_DECLENSION','Genus':'NEUTER','Numerus':'SINGULAR','Pos':'NN'},'name':'munere'}]}],'name':'munus@NN'}]">munere</w><c> </c><w lemma="[{'id':7733518,'ls':[{'id':8673,'name':'supplico','wfs':[{'id':7734037,'morph':{'ConjugationType':'FIRST_CONJUGATION','Mood':'INFINITIVE','Pos':'V','Tense':'PRESENT','VerbType':'TRANSITIVE','Voice':'ACTIVE'},'name':'supplicare'}]}],'name':'supplico@V'}]">supplicare</w><c>.</c><c> </c></s><s><w lemma="[{'id':7595468,'ls':[{'id':8626,'name':'sufficio','wfs':[{'id':7595801,'morph':{'ConjugationType':'THIRD_CONJUGATION','Mood':'SUBJUNCTIVE','Numerus':'SINGULAR','Person':'PERSON_3','Pos':'V','Tense':'PRESENT','VerbType':'TRANSITIVE','Voice':'ACTIVE'},'name':'sufficiat'}]}],'name':'sufficio@V'}]">sufficiat</w><c> </c><w lemma="[{'id':242816114,'ls':[{'id':242816115,'name':'ille','wfs':[{'id':242816143,'morph':{'Casus':'ACCUSATIVE','Genus':'MASCULINE','Numerus':'SINGULAR','Pos':'PRO','PronounType':'DEMONSTRATIVE'},'name':'illum'}]}],'name':'ille@PRO'}]">illum</w><c> </c><lb n="11" xml:id="bsb00000824_00257_11"></lb><w lemma="[{'id':1329481,'ls':[{'id':7965,'name':'rex','wfs':[{'id':236891162,'morph':{'Casus':'ACCUSATIVE','DeclensionType':'THIRD_DECLENSION','Genus':'MASCULINE','Numerus':'SINGULAR','Pos':'NN'},'name':'regem'}]}],'name':'rex@NN'}]">regem</w><c> </c><w lemma="[{'id':241279615,'ls':[{'id':241279619,'name':'cum','wfs':[{'id':241279620,'morph':{'Pos':'CON'},'name':'cum'}]}],'name':'cum@CON'}]">cum</w><c> </c><w lemma="[{'id':1052032,'ls':[{'id':4633,'name':'gens','wfs':[{'id':1052044,'morph':{'Casus':'GENITIVE','DeclensionType':'THIRD_DECLENSION','Genus':'FEMININE','Numerus':'SINGULAR','Pos':'NN'},'name':'gentis'}]}],'name':'gens@NN'}]">gentis</w><c> </c><w lemma="[{'id':3929388,'ls':[{'id':1453,'name':'cado','wfs':[{'id':3929471,'morph':{'ConjugationType':'THIRD_CONJUGATION','Mood':'INFINITIVE','Pos':'V','Tense':'PERFECT','VerbType':'INTRANSITIVE','Voice':'ACTIVE'},'name':'cecidisse'}]}],'name':'cado@V'}]">cecidisse</w><c> </c><w lemma="[{'id':1397680,'ls':[{'id':8660,'name':'superbia','wfs':[{'id':1397693,'morph':{'Casus':'NOMINATIVE','DeclensionType':'FIRST_DECLENSION','Genus':'FEMININE','Numerus':'SINGULAR','Pos':'NN'},'name':'superbia'}]}],'name':'superbia@NN'}]">superbia</w><c>:</c><c> </c><w lemma="[{'id':7595468,'ls':[{'id':8626,'name':'sufficio','wfs':[{'id':7595801,'morph':{'ConjugationType':'THIRD_CONJUGATION','Mood':'SUBJUNCTIVE','Numerus':'SINGULAR','Person':'PERSON_3','Pos':'V','Tense':'PRESENT','VerbType':'TRANSITIVE','Voice':'ACTIVE'},'name':'sufficiat'}]}],'name':'sufficio@V'}]">sufficiat</w><c> </c><w lemma="[{'id':2511877,'ls':[{'id':2511878,'name':'innumerabilis','wfs':[{'id':2511945,'morph':{'Casus':'ACCUSATIVE','ComparisonDegree':'POSITIVE','DeclensionType':'THIRD_DECLENSION','Genus':'FEMININE','Numerus':'SINGULAR','Pos':'ADJ'},'name':'innumerabilem'}]}],'name':'innumerabilis@ADJ'}]">innumerabilem</w><c> </c><w lemma="[{'id':1185136,'ls':[{'id':6327,'name':'natio','wfs':[{'id':243400783,'morph':{'Casus':'ACCUSATIVE','DeclensionType':'THIRD_DECLENSION','Genus':'FEMININE','Numerus':'SINGULAR','Pos':'NN'},'name':'nationem'}]}],'name':'natio@NN'}]">nationem</w><c> </c><w lemma="[{'id':211462,'ls':[{'id':6822,'name':'partim','wfs':[{'id':211463,'morph':{'ComparisonDegree':'POSITIVE','Pos':'ADV'},'name':'partim'}]}],'name':'partim@ADV'}]">partim</w><c> </c><w lemma="[{'id':1031538,'ls':[{'id':4327,'name':'ferrum','wfs':[{'id':1031548,'morph':{'Casus':'ABLATIVE','DeclensionType':'SECOND_DECLENSION','Genus':'NEUTER','Numerus':'SINGULAR','Pos':'NN'},'name':'ferro'}]}],'name':'ferrum@NN'}]">ferro</w><c>,</c><c> </c><lb n="12" xml:id="bsb00000824_00257_12"></lb><w lemma="[{'id':211462,'ls':[{'id':6822,'name':'partim','wfs':[{'id':211463,'morph':{'ComparisonDegree':'POSITIVE','Pos':'ADV'},'name':'partim'}]}],'name':'partim@ADV'}]">partim</w><c> </c><w lemma="[{'id':1358322,'ls':[{'id':8290,'name':'servitium','wfs':[{'id':243460365,'morph':{'Casus':'ABLATIVE','DeclensionType':'SECOND_DECLENSION','Genus':'NEUTER','Numerus':'SINGULAR','Pos':'NN'},'name':'servitio'}]}],'name':'servitium@NN'}]">servitio</w><c> </c><w lemma="[{'id':7481924,'ls':[{'id':7481925,'name':'subiugo','wfs':[{'id':7481983,'morph':{'Casus':'ACCUSATIVE','ConjugationType':'FIRST_CONJUGATION','Genus':'FEMININE','Mood':'PARTICIPLE','Numerus':'SINGULAR','Pos':'V','Tense':'PERFECT','VerbType':'TRANSITIVE','Voice':'PASSIVE'},'name':'subiugatam'}]}],'name':'subiugo@V'}]">subiugatam</w><c>.</c><c> </c></s><s><w lemma="[{'id':109861,'ls':[{'id':109862,'name':'nam','wfs':[{'id':109863,'morph':{'Pos':'CON'},'name':'nam'}]}],'name':'nam@CON'}]">nam</w><c> </c><w lemma="[{'id':110020,'ls':[{'id':110021,'name':'si','wfs':[{'id':110022,'morph':{'Pos':'CON'},'name':'si'}]}],'name':'si@CON'}]">si</w><c> </c><w lemma="[{'id':109541,'ls':[{'id':109542,'name':'cum','wfs':[{'id':109543,'morph':{'Pos':'AP'},'name':'cum'}]}],'name':'cum@AP'}]">cum</w><c> </c><w lemma="[{'id':1316787,'ls':[{'id':1316788,'name':'reliquia','wfs':[{'id':1316790,'morph':{'Casus':'ABLATIVE','DeclensionType':'FIRST_DECLENSION','Genus':'FEMININE','Numerus':'PLURAL','Pos':'NN'},'name':'reliquis'}]}],'name':'reliquia@NN'}]">reliquis</w><c> </c><w lemma="[{'id':4430736,'ls':[{'id':2437,'name':'confligo','wfs':[{'id':4430967,'morph':{'ConjugationType':'THIRD_CONJUGATION','Mood':'INDICATIVE','Numerus':'SINGULAR','Person':'PERSON_2','Pos':'V','Tense':'PRESENT','VerbType':'TRANSITIVE','Voice':'ACTIVE'},'name':'confligis'}]}],'name':'confligo@V'}]">confligis</w><c>,</c><c> </c><w lemma="[{'id':115276,'ls':[{'id':264,'name':'adhuc','wfs':[{'id':115279,'morph':{'ComparisonDegree':'POSITIVE','Pos':'ADV'},'name':'adhuc'}]}],'name':'adhuc@ADV'}]">adhuc</w><c> </c><w lemma="[{'id':2081351,'ls':[{'id':2081352,'name':'cunctus','wfs':[{'id':2081359,'morph':{'Casus':'ACCUSATIVE','ComparisonDegree':'POSITIVE','DeclensionType':'SECOND_DECLENSION','Genus':'MASCULINE','Numerus':'PLURAL','Pos':'ADJ'},'name':'cunctos'}]}],'name':'cunctus@ADJ'}]">cunctos</w><c> </c><w lemma="[{'id':7690792,'ls':[{'id':8658,'name':'supero','wfs':[{'id':244519992,'morph':{'Pos':'V'},'name':'superasse'}]}],'name':'supero@V'}]">superasse</w><c> </c><lb n="13" xml:id="bsb00000824_00257_13"></lb><w lemma="[{'id':206035,'ls':[{'id':6416,'name':'non','wfs':[{'id':241322627,'morph':{'Pos':'ADV'},'name':'non'}]}],'name':'non@ADV'}]">non</w><c> </c><w lemma="[{'id':4637462,'ls':[{'id':2846,'name':'credo','wfs':[{'id':4637694,'morph':{'ConjugationType':'THIRD_CONJUGATION','Mood':'INDICATIVE','Numerus':'SINGULAR','Person':'PERSON_2','Pos':'V','Tense':'PRESENT','VerbType':'TRANSITIVE','Voice':'PASSIVE'},'name':'crederis'}]}],'name':'credo@V'}]">crederis</w><c>.</c><c> </c></s><s><w lemma="[{'id':3384337,'ls':[{'id':3384338,'name':'accipio','wfs':[{'id':3384577,'morph':{'ConjugationType':'THIRD_CONJUGATION','Mood':'IMPERATIVE','Numerus':'SINGULAR','Person':'PERSON_2','Pos':'V','Tense':'PRESENT','VerbType':'TRANSITIVE','Voice':'ACTIVE'},'name':'accipe'}]}],'name':'accipio@V'}]">accipe</w><c> </c><w lemma="[{'id':109577,'ls':[{'id':109578,'name':'in','wfs':[{'id':109579,'morph':{'Pos':'AP'},'name':'in'}]}],'name':'in@AP'}]">in</w><c> </c><w lemma="[{'id':244511865,'ls':[{'id':244511866,'name':'talis','wfs':[{'id':785529575,'morph':{'Casus':'ABLATIVE','DeclensionType':'THIRD_DECLENSION','Genus':'NEUTER','Numerus':'PLURAL','Pos':'PRO','PronounType':'CORRELATIVE'},'name':'talibus'}]}],'name':'talis@PRO'}]">talibus</w><c> </c><w lemma="[{'id':839994,'ls':[{'id':1705,'name':'causa','wfs':[{'id':839996,'morph':{'Casus':'ABLATIVE','DeclensionType':'FIRST_DECLENSION','Genus':'FEMININE','Numerus':'PLURAL','Pos':'NN'},'name':'causis'}]}],'name':'causa@NN'}]">causis</w><c> </c><w lemma="[{'id':179180,'ls':[{'id':4506,'name':'frequenter','wfs':[{'id':179182,'morph':{'ComparisonDegree':'POSITIVE','Pos':'ADV'},'name':'frequenter'}]}],'name':'frequenter@ADV'}]">frequenter</w><c> </c><w lemma="[{'id':2287995,'ls':[{'id':2287996,'name':'expertus','wfs':[{'id':2288079,'morph':{'Casus':'ACCUSATIVE','ComparisonDegree':'POSITIVE','DeclensionType':'SECOND_DECLENSION','Genus':'MASCULINE','Numerus':'SINGULAR','Pos':'ADJ'},'name':'expertum'}]}],'name':'expertus@ADJ'}]">expertum</w><c>:</c><c> </c><w lemma="[{'id':242816114,'ls':[{'id':242816115,'name':'ille','wfs':[{'id':244509849,'morph':{'Casus':'NOMINATIVE','Genus':'NEUTER','Numerus':'PLURAL','Pos':'PRO','PronounType':'DEMONSTRATIVE'},'name':'illa'}]}],'name':'ille@PRO'}]">illa</w><c> </c><w lemma="[{'id':242815965,'ls':[{'id':242815966,'name':'ego','wfs':[{'id':598017449,'morph':{'Casus':'DATIVE','Genus':'MASCULINE','Numerus':'SINGULAR','Pos':'PRO','PronounType':'PERSONAL'},'name':'mihi'}]}],'name':'ego@PRO'}]">mihi</w><c> </c><w lemma="[{'id':177061,'ls':[{'id':177062,'name':'feliciter','wfs':[{'id':177065,'morph':{'ComparisonDegree':'POSITIVE','Pos':'ADV'},'name':'feliciter'}]}],'name':'feliciter@ADV'}]">feliciter</w><c> </c><w lemma="[{'id':809671,'ls':[{'id':1324,'name':'bellum','wfs':[{'id':809677,'morph':{'Casus':'NOMINATIVE','DeclensionType':'SECOND_DECLENSION','Genus':'NEUTER','Numerus':'PLURAL','Pos':'NN'},'name':'bella'}]}],'name':'bellum@NN'}]">bella</w><c> </c><lb n="14" xml:id="bsb00000824_00257_14"></lb><w lemma="[{'id':6976838,'ls':[{'id':6977241,'name':'provenio','wfs':[{'id':6977522,'morph':{'ConjugationType':'FOURTH_CONJUGATION','Mood':'INDICATIVE','Numerus':'PLURAL','Person':'PERSON_3','Pos':'V','Tense':'PERFECT','VerbType':'TRANSITIVE','Voice':'ACTIVE'},'name':'provenerunt'}]}],'name':'provenio@V'}]">provenerunt</w><c>,</c><c> </c><w lemma="[{'id':242816363,'ls':[{'id':242816364,'name':'qui','wfs':[{'id':244511026,'morph':{'Casus':'NOMINATIVE','Genus':'NEUTER','Numerus':'PLURAL','Pos':'PRO','PronounType':'RELATIVE'},'name':'quae'}]}],'name':'qui@PRO'}]">quae</w><c> </c><w lemma="[{'id':6257639,'ls':[{'id':6158,'name':'modero','wfs':[{'id':6257704,'morph':{'Casus':'ABLATIVE','ConjugationType':'FIRST_CONJUGATION','Genus':'MASCULINE','Mood':'PARTICIPLE','Numerus':'SINGULAR','Pos':'V','Tense':'PERFECT','VerbType':'TRANSITIVE','Voice':'PASSIVE'},'name':'moderato'}]}],'name':'moderor@V'}]">moderato</w><c> </c><w lemma="[{'id':1034432,'ls':[{'id':4378,'name':'finis','wfs':[{'id':243348049,'morph':{'Casus':'ABLATIVE','DeclensionType':'THIRD_DECLENSION','Genus':'MASCULINE','Numerus':'SINGULAR','Pos':'NN'},'name':'fine'}]}],'name':'finis@NN'}]">fine</w><c> </c><w lemma="[{'id':6561661,'ls':[{'id':6921,'name':'perago','wfs':[{'id':6562392,'morph':{'ConjugationType':'THIRD_CONJUGATION','Genus':'NEUTER','Mood':'INDICATIVE','Numerus':'PLURAL','Person':'PERSON_3','Pos':'V','Tense':'PERFECT','VerbType':'TRANSITIVE','Voice':'PASSIVE'},'name':'peracta'}]}],'name':'perago@V'}]">peracta</w><c> </c><w lemma="[{'id':7617143,'ls':[{'id':7617144,'name':'sum','wfs':[{'id':242825914,'morph':{'Mood':'INDICATIVE','Numerus':'PLURAL','Person':'PERSON_3','Pos':'V','Tense':'PRESENT','VerbType':'VERBA_ANOMALA','Voice':'ACTIVE'},'name':'sunt'}]}],'name':'sum@V'}]">sunt</w><c>.</c><c> </c></s><s><w lemma="[{'id':242816207,'ls':[{'id':242816208,'name':'is','wfs':[{'id':244510104,'morph':{'Casus':'NOMINATIVE','Genus':'MASCULINE','Numerus':'SINGULAR','Pos':'PRO','PronounType':'PERSONAL'},'name':'is'}]}],'name':'is@PRO'}]">is</w><c> </c><w lemma="[{'id':109821,'ls':[{'id':109822,'name':'enim','wfs':[{'id':109823,'morph':{'Pos':'CON'},'name':'enim'}]}],'name':'enim@CON'}]">enim</w><c> </c><w lemma="[{'id':8014163,'ls':[{'id':9264,'name':'vinco','wfs':[{'id':8014889,'morph':{'ConjugationType':'THIRD_CONJUGATION','Mood':'INDICATIVE','Numerus':'SINGULAR','Person':'PERSON_3','Pos':'V','Tense':'PRESENT','VerbType':'TRANSITIVE','Voice':'ACTIVE'},'name':'vincit'}]}],'name':'vinco@V'}]">vincit</w><c> </c><w lemma="[{'id':126826,'ls':[{'id':126837,'name':'assidue','wfs':[{'id':126839,'morph':{'ComparisonDegree':'POSITIVE','Pos':'ADV'},'name':'assidue'}]}],'name':'assidue@ADV'}]">assidue</w><c> </c><w lemma="[{'id':242816363,'ls':[{'id':242816364,'name':'qui','wfs':[{'id':244511016,'morph':{'Casus':'NOMINATIVE','Genus':'MASCULINE','Numerus':'SINGULAR','Pos':'PRO','PronounType':'RELATIVE'},'name':'qui'}]}],'name':'qui@PRO'}]">qui</w><c> </c><w lemma="[{'id':6327887,'ls':[{'id':6419,'name':'nosco','wfs':[{'id':6328693,'morph':{'ConjugationType':'THIRD_CONJUGATION','Mood':'INDICATIVE','Numerus':'SINGULAR','Person':'PERSON_3','Pos':'V','Tense':'PERFECT','VerbType':'TRANSITIVE','Voice':'ACTIVE'},'name':'novit'}]}],'name':'nosco@V'}]">novit</w><c> </c><w lemma="[{'id':2744416,'ls':[{'id':6625,'name':'omnis','wfs':[{'id':2744433,'morph':{'Casus':'ACCUSATIVE','ComparisonDegree':'POSITIVE','DeclensionType':'THIRD_DECLENSION','Genus':'NEUTER','Numerus':'PLURAL','Pos':'ADJ'},'name':'omnia'}]}],'name':'omnis@ADJ'}]">omnia</w><c> </c><lb n="15" xml:id="bsb00000824_00257_15"></lb><w lemma="[{'id':7780766,'ls':[{'id':8762,'name':'tempero','wfs':[{'id':7780847,'morph':{'ConjugationType':'FIRST_CONJUGATION','Mood':'INFINITIVE','Pos':'V','Tense':'PRESENT','VerbType':'TRANSITIVE','Voice':'ACTIVE'},'name':'temperare'}]}],'name':'tempero@V'}]">temperare</w><c>,</c><c> </c><w lemma="[{'id':109813,'ls':[{'id':109814,'name':'dum','wfs':[{'id':109815,'morph':{'Pos':'CON'},'name':'dum'}]}],'name':'dum@CON'}]">dum</w><c> </c><w lemma="[{'id':2576659,'ls':[{'id':2576660,'name':'iucundus','wfs':[{'id':503012199,'morph':{'Casus':'NOMINATIVE','ComparisonDegree':'POSITIVE','DeclensionType':'FIRST_DECLENSION','Genus':'FEMININE','Numerus':'SINGULAR','Pos':'ADJ'},'name':'iucunda'}]}],'name':'iucundus@ADJ'}]">iucunda</w><c> </c><w lemma="[{'id':1289019,'ls':[{'id':7549,'name':'prosperitas','wfs':[{'id':1289032,'morph':{'Casus':'NOMINATIVE','DeclensionType':'THIRD_DECLENSION','Genus':'FEMININE','Numerus':'SINGULAR','Pos':'NN'},'name':'prosperitas'}]}],'name':'prosperitas@NN'}]">prosperitas</w><c> </c><w lemma="[{'id':242816114,'ls':[{'id':242816115,'name':'ille','wfs':[{'id':497062766,'morph':{'Casus':'DATIVE','Genus':'MASCULINE','Numerus':'PLURAL','Pos':'PRO','PronounType':'DEMONSTRATIVE'},'name':'illis'}]}],'name':'ille@PRO'}]">illis</w><c> </c><w lemma="[{'id':218458,'ls':[{'id':218459,'name':'pote','wfs':[{'id':218460,'morph':{'ComparisonDegree':'COMPARATIVE','Pos':'ADV'},'name':'potius'}]}],'name':'pote@ADV'}]">potius</w><c> </c><w lemma="[{'id':3906788,'ls':[{'id':1373,'name':'blandior','wfs':[{'id':3907323,'morph':{'ConjugationType':'FOURTH_CONJUGATION','Mood':'INDICATIVE','Numerus':'SINGULAR','Person':'PERSON_3','Pos':'V','Tense':'PRESENT','VerbType':'DEPONENT','Voice':'PASSIVE'},'name':'blanditur'}]}],'name':'blandior@V'}]">blanditur</w><c>,</c><c> </c><w lemma="[{'id':242816363,'ls':[{'id':242816364,'name':'qui','wfs':[{'id':296826592,'morph':{'Casus':'NOMINATIVE','Genus':'MASCULINE','Numerus':'PLURAL','Pos':'PRO','PronounType':'RELATIVE'},'name':'qui'}]}],'name':'qui@PRO'}]">qui</w><c> </c><w lemma="[{'id':800782,'ls':[{'id':1237,'name':'austeritas','wfs':[{'id':243265607,'morph':{'Casus':'ABLATIVE','DeclensionType':'THIRD_DECLENSION','Genus':'FEMININE','Numerus':'SINGULAR','Pos':'NN'},'name':'austeritate'}]}],'name':'austeritas@NN'}]">austeritate</w><c> </c><w lemma="[{'id':2700392,'ls':[{'id':2700393,'name':'nimius','wfs':[{'id':2700448,'morph':{'Casus':'ABLATIVE','ComparisonDegree':'POSITIVE','DeclensionType':'FIRST_DECLENSION','Genus':'FEMININE','Numerus':'SINGULAR','Pos':'ADJ'},'name':'nimia'}]}],'name':'nimius@ADJ'}]">nimia</w><c> </c><w lemma="[{'id':206035,'ls':[{'id':6416,'name':'non','wfs':[{'id':241322627,'morph':{'Pos':'ADV'},'name':'non'}]}],'name':'non@ADV'}]">non</w><c> </c><lb n="16" xml:id="bsb00000824_00257_16"></lb><w lemma="[{'id':7253952,'ls':[{'id':7253953,'name':'rigesco','wfs':[{'id':7254124,'morph':{'ConjugationType':'THIRD_CONJUGATION','Mood':'INDICATIVE','Numerus':'PLURAL','Person':'PERSON_3','Pos':'V','Tense':'PRESENT','VerbType':'TRANSITIVE','Voice':'ACTIVE'},'name':'rigescunt'}]}],'name':'rigesco@V'}]">rigescunt</w><c>.</c><c> </c></s><s><w lemma="[{'id':3985641,'ls':[{'id':1726,'name':'cedo','wfs':[{'id':3985874,'morph':{'ConjugationType':'THIRD_CONJUGATION','Mood':'IMPERATIVE','Numerus':'SINGULAR','Person':'PERSON_2','Pos':'V','Tense':'PRESENT','VerbType':'TRANSITIVE','Voice':'ACTIVE'},'name':'cede'}]}],'name':'cedo@V'}]">cede</w><c> </c><w lemma="[{'id':196539,'ls':[{'id':5546,'name':'itaque','wfs':[{'id':196541,'morph':{'Pos':'ADV'},'name':'itaque'}]}],'name':'itaque@ADV'}]">itaque</w><c> </c><w lemma="[{'id':238048,'ls':[{'id':8554,'name':'suaviter','wfs':[{'id':238054,'morph':{'ComparisonDegree':'POSITIVE','Pos':'ADV'},'name':'suaviter'}]}],'name':'suaviter@ADV'}]">suaviter</w><c> </c><w lemma="[{'id':1052011,'ls':[{'id':4629,'name':'genius','wfs':[{'id':243353616,'morph':{'Casus':'DATIVE','DeclensionType':'SECOND_DECLENSION','Genus':'NEUTER','Numerus':'SINGULAR','Pos':'NN'},'name':'genio'}]}],'name':'genius@NN'}]">genio</w><c> </c><w lemma="[{'id':244510439,'ls':[{'id':244510440,'name':'noster','wfs':[{'id':244510454,'morph':{'Casus':'DATIVE','DeclensionType':'SECOND_DECLENSION','Genus':'MASCULINE','Numerus':'SINGULAR','Pos':'PRO','PronounType':'POSSESSIVE'},'name':'nostro'}]}],'name':'noster@PRO'}]">nostro</w><c>,</c><c> </c><w lemma="[{'id':109986,'ls':[{'id':109987,'name':'quod','wfs':[{'id':109988,'morph':{'Pos':'CON'},'name':'quod'}]}],'name':'quod@CON'}]">quod</w><c> </c><w lemma="[{'id':242816792,'ls':[{'id':242816793,'name':'sui','wfs':[{'id':594445459,'morph':{'Casus':'DATIVE','Genus':'FEMININE','Numerus':'SINGULAR','Pos':'PRO','PronounType':'REFLEXIVE'},'name':'sibi'}]}],'name':'sui@PRO'}]">sibi</w><c> </c><w lemma="[{'id':1052112,'ls':[{'id':4635,'name':'gentilitas','wfs':[{'id':1052124,'morph':{'Casus':'NOMINATIVE','DeclensionType':'THIRD_DECLENSION','Genus':'FEMININE','Numerus':'SINGULAR','Pos':'NN'},'name':'gentilitas'}]}],'name':'gentilitas@NN'}]">gentilitas</w><c> </c><w lemma="[{'id':1940098,'ls':[{'id':2182,'name':'communis','wfs':[{'id':1940188,'morph':{'Casus':'ABLATIVE','ComparisonDegree':'POSITIVE','DeclensionType':'THIRD_DECLENSION','Genus':'NEUTER','Numerus':'SINGULAR','Pos':'ADJ'},'name':'communi'}]}],'name':'communis@ADJ'}]">communi</w><c> </c><w lemma="[{'id':7143216,'ls':[{'id':7856,'name':'remitto','wfs':[{'id':7143297,'morph':{'ConjugationType':'THIRD_CONJUGATION','Mood':'INFINITIVE','Pos':'V','Tense':'PRESENT','VerbType':'TRANSITIVE','Voice':'ACTIVE'},'name':'remittere'}]}],'name':'remitto@V'}]">remittere</w><c> </c><lb n="17" xml:id="bsb00000824_00257_17"></lb><w lemma="[{'id':4520334,'ls':[{'id':2601,'name':'consuesco','wfs':[{'id':4520697,'morph':{'ConjugationType':'THIRD_CONJUGATION','Mood':'INDICATIVE','Numerus':'SINGULAR','Person':'PERSON_3','Pos':'V','Tense':'PERFECT','VerbType':'TRANSITIVE','Voice':'ACTIVE'},'name':'consuevit'}]}],'name':'consuesco@V'}]">consuevit</w><c> </c><w lemma="[{'id':1013135,'ls':[{'id':4067,'name':'exemplum','wfs':[{'id':1013145,'morph':{'Casus':'ABLATIVE','DeclensionType':'SECOND_DECLENSION','Genus':'NEUTER','Numerus':'SINGULAR','Pos':'NN'},'name':'exemplo'}]}],'name':'exemplum@NN'}]">exemplo</w><c>.</c><c> </c></s><s><w lemma="[{'id':235482,'ls':[{'id':8302,'name':'sic','wfs':[{'id':241337168,'morph':{'Pos':'ADV'},'name':'sic'}]}],'name':'sic@ADV'}]">sic</w><c> </c><w lemma="[{'id':109821,'ls':[{'id':109822,'name':'enim','wfs':[{'id':109823,'morph':{'Pos':'CON'},'name':'enim'}]}],'name':'enim@CON'}]">enim</w><c> </c><w lemma="[{'id':5511842,'ls':[{'id':4349,'name':'fio','wfs':[{'id':443111,'morph':{'Mood':'INDICATIVE','Numerus':'SINGULAR','Person':'PERSON_3','Pos':'V','Tense':'PRESENT','VerbType':'VERBA_ANOMALA','Voice':'ACTIVE'},'name':'fit'}]}],'name':'fio@V'}]">fit</w><c>,</c><c> </c><w lemma="[{'id':110061,'ls':[{'id':110062,'name':'ut','wfs':[{'id':110063,'morph':{'Pos':'CON'},'name':'ut'}]}],'name':'ut@CON'}]">ut</w><c> </c><w lemma="[{'id':109828,'ls':[{'id':109829,'name':'et','wfs':[{'id':109830,'morph':{'Pos':'CON'},'name':'et'}]}],'name':'et@CON'}]">et</w><c> </c><w lemma="[{'id':244510189,'ls':[{'id':244510190,'name':'meus','wfs':[{'id':796870757,'morph':{'Casus':'DATIVE','Genus':'FEMININE','Numerus':'PLURAL','Pos':'PRO','PronounType':'POSSESSIVE'},'name':'meis'}]}],'name':'meus@PRO'}]">meis</w><c> </c><w lemma="[{'id':1250075,'ls':[{'id':7057,'name':'petitio','wfs':[{'id':243421596,'morph':{'Casus':'DATIVE','DeclensionType':'THIRD_DECLENSION','Genus':'FEMININE','Numerus':'PLURAL','Pos':'NN'},'name':'petitionibus'}]}],'name':'petitio@NN'}]">petitionibus</w><c> </c><w lemma="[{'id':7307119,'ls':[{'id':7307120,'name':'satisfacio','wfs':[{'id':7307203,'morph':{'ConjugationType':'THIRD_CONJUGATION','Mood':'INFINITIVE','Pos':'V','Tense':'PERFECT','VerbType':'TRANSITIVE','Voice':'ACTIVE'},'name':'satisfecisse'}]}],'name':'satisfacio@V'}]">satisfecisse</w><c> </c><w lemma="[{'id':242815904,'ls':[{'id':244520791,'name':'videor','wfs':[{'id':232322826,'morph':{'ConjugationType':'SECOND_CONJUGATION','Mood':'SUBJUNCTIVE','Numerus':'PLURAL','Person':'PERSON_2','Pos':'V','Tense':'PRESENT','VerbType':'DEPONENT','Voice':'PASSIVE'},'name':'videamini'}]}],'name':'videor@V'}]">videamini</w><c> </c><w lemma="[{'id':109871,'ls':[{'id':109872,'name':'nec','wfs':[{'id':109873,'morph':{'Pos':'CON'},'name':'nec'}]}],'name':'nec@CON'}]">nec</w><c> </c><lb n="18" xml:id="bsb00000824_00257_18"></lb><w lemma="[{'id':7617143,'ls':[{'id':7617144,'name':'sum','wfs':[{'id':243212209,'morph':{'Mood':'SUBJUNCTIVE','Numerus':'PLURAL','Person':'PERSON_2','Pos':'V','Tense':'PRESENT','VerbType':'VERBA_ANOMALA','Voice':'ACTIVE'},'name':'sitis'}]}],'name':'sum@V'}]">sitis</w><c> </c><w lemma="[{'id':3063897,'ls':[{'id':8375,'name':'sollicitus','wfs':[{'id':3063938,'morph':{'Casus':'NOMINATIVE','ComparisonDegree':'POSITIVE','DeclensionType':'SECOND_DECLENSION','Genus':'MASCULINE','Numerus':'PLURAL','Pos':'ADJ'},'name':'solliciti'}]}],'name':'sollicitus@ADJ'}]">solliciti</w><c> </c><w lemma="[{'id':109565,'ls':[{'id':109566,'name':'ex','wfs':[{'id':109567,'morph':{'Pos':'AP'},'name':'ex'}]}],'name':'ex@AP'}]">ex</w><c> </c><w lemma="[{'id':242816114,'ls':[{'id':242816115,'name':'ille','wfs':[{'id':242816118,'morph':{'Casus':'ABLATIVE','Genus':'FEMININE','Numerus':'SINGULAR','Pos':'PRO','PronounType':'DEMONSTRATIVE'},'name':'illa'}]}],'name':'ille@PRO'}]">illa</w><c> </c><w lemma="[{'id':1227224,'ls':[{'id':6813,'name':'pars','wfs':[{'id':243414708,'morph':{'Casus':'ABLATIVE','DeclensionType':'THIRD_DECLENSION','Genus':'FEMININE','Numerus':'SINGULAR','Pos':'NN'},'name':'parte'}]}],'name':'pars@NN'}]">parte</w><c>,</c><c> </c><w lemma="[{'id':242816363,'ls':[{'id':242816364,'name':'qui','wfs':[{'id':244510910,'morph':{'Casus':'ACCUSATIVE','Genus':'FEMININE','Numerus':'SINGULAR','Pos':'PRO','PronounType':'RELATIVE'},'name':'quam'}]}],'name':'qui@PRO'}]">quam</w><c> </c><w lemma="[{'id':109453,'ls':[{'id':109454,'name':'ad','wfs':[{'id':109455,'morph':{'Pos':'AP'},'name':'ad'}]}],'name':'ad@AP'}]">ad</w><c> </c><w lemma="[{'id':242816286,'ls':[{'id':242816287,'name':'nos','wfs':[{'id':386315174,'morph':{'Casus':'ACCUSATIVE','Genus':'MASCULINE','Numerus':'PLURAL','Pos':'PRO','PronounType':'PERSONAL'},'name':'nos'}]}],'name':'nos@PRO'}]">nos</w><c> </c><w lemma="[{'id':4186426,'ls':[{'id':2021,'name':'cognosco','wfs':[{'id':4186634,'morph':{'ConjugationType':'THIRD_CONJUGATION','Mood':'INDICATIVE','Numerus':'PLURAL','Person':'PERSON_2','Pos':'V','Tense':'PRESENT','VerbType':'TRANSITIVE','Voice':'ACTIVE'},'name':'cognoscitis'}]}],'name':'cognosco@V'}]">cognoscitis</w><c> </c><w lemma="[{'id':6672007,'ls':[{'id':7026,'name':'pertineo','wfs':[{'id':6672303,'morph':{'ConjugationType':'SECOND_CONJUGATION','Mood':'INFINITIVE','Pos':'V','Tense':'PRESENT','VerbType':'TRANSITIVE','Voice':'ACTIVE'},'name':'pertinere'}]}],'name':'pertineo@V'}]">pertinere</w><c>.</c><c> </c></s><s><w lemma="[{'id':109982,'ls':[{'id':109983,'name':'quocirca','wfs':[{'id':109984,'morph':{'Pos':'CON'},'name':'quocirca'}]}],'name':'quocirca@CON'}]">Quocirca</w><c> </c><w lemma="[{'id':7296099,'ls':[{'id':8077,'name':'saluto','wfs':[{'id':7296115,'morph':{'Casus':'NOMINATIVE','ConjugationType':'FIRST_CONJUGATION','Genus':'MASCULINE','Mood':'PARTICIPLE','Numerus':'PLURAL','Pos':'V','Tense':'PRESENT','VerbType':'TRANSITIVE','Voice':'ACTIVE'},'name':'salutantes'}]}],'name':'saluto@V'}]">salutantes</w><c> </c><lb n="19" xml:id="bsb00000824_00257_19"></lb><w lemma="[{'id':614673272,'ls':[{'id':4860,'name':'honor','wfs':[{'id':243359050,'morph':{'Casus':'ABLATIVE','DeclensionType':'THIRD_DECLENSION','Genus':'MASCULINE','Numerus':'SINGULAR','Pos':'NN'},'name':'honore'}]}],'name':'honor@NN'}]">honore</w><c> </c><w lemma="[{'id':109828,'ls':[{'id':109829,'name':'et','wfs':[{'id':109830,'morph':{'Pos':'CON'},'name':'et'}]}],'name':'et@CON'}]">et</w><c> </c><w lemma="[{'id':732812,'ls':[{'id':732826,'name':'affectio','wfs':[{'id':243245022,'morph':{'Casus':'ABLATIVE','DeclensionType':'THIRD_DECLENSION','Genus':'FEMININE','Numerus':'SINGULAR','Pos':'NN'},'name':'affectione'}]}],'name':'affectio@NN'}]">affectione</w><c>,</c><c> </c><w lemma="[{'id':242816363,'ls':[{'id':242816364,'name':'qui','wfs':[{'id':498533151,'morph':{'Casus':'ABLATIVE','Genus':'FEMININE','Numerus':'SINGULAR','Pos':'PRO','PronounType':'RELATIVE'},'name':'qua'}]}],'name':'qui@PRO'}]">qua</w><c> </c><w lemma="[{'id':2184160,'ls':[{'id':3522,'name':'dignus','wfs':[{'id':2184293,'morph':{'Casus':'NOMINATIVE','ComparisonDegree':'POSITIVE','DeclensionType':'SECOND_DECLENSION','Genus':'NEUTER','Numerus':'SINGULAR','Pos':'ADJ'},'name':'dignum'}]}],'name':'dignus@ADJ'}]">dignum</w><c> </c><w lemma="[{'id':7617143,'ls':[{'id':7617144,'name':'sum','wfs':[{'id':242825881,'morph':{'Mood':'INDICATIVE','Numerus':'SINGULAR','Person':'PERSON_3','Pos':'V','Tense':'PRESENT','VerbType':'VERBA_ANOMALA','Voice':'ACTIVE'},'name':'est'}]}],'name':'sum@V'}]">est</w><c>,</c><c> </c><w lemma="[{'id':242816114,'ls':[{'id':242816115,'name':'ille','wfs':[{'id':242816143,'morph':{'Casus':'ACCUSATIVE','Genus':'MASCULINE','Numerus':'SINGULAR','Pos':'PRO','PronounType':'DEMONSTRATIVE'},'name':'illum'}]}],'name':'ille@PRO'}]">illum</w><c> </c><w lemma="[{'id':109828,'ls':[{'id':109829,'name':'et','wfs':[{'id':109830,'morph':{'Pos':'CON'},'name':'et'}]}],'name':'et@CON'}]">et</w><c> </c><w lemma="[{'id':242816114,'ls':[{'id':242816115,'name':'ille','wfs':[{'id':242816143,'morph':{'Casus':'ACCUSATIVE','Genus':'MASCULINE','Numerus':'SINGULAR','Pos':'PRO','PronounType':'DEMONSTRATIVE'},'name':'illum'}]}],'name':'ille@PRO'}]">illum</w><c> </c><w lemma="[{'id':1134741,'ls':[{'id':5674,'name':'legatus','wfs':[{'id':1134749,'morph':{'Casus':'ACCUSATIVE','DeclensionType':'SECOND_DECLENSION','Genus':'MASCULINE','Numerus':'PLURAL','Pos':'NN'},'name':'legatos'}]}],'name':'legatus@NN'}]">legatos</w><c> </c><w lemma="[{'id':244510439,'ls':[{'id':244510440,'name':'noster','wfs':[{'id':244510459,'morph':{'Casus':'ACCUSATIVE','DeclensionType':'SECOND_DECLENSION','Genus':'MASCULINE','Numerus':'PLURAL','Pos':'PRO','PronounType':'POSSESSIVE'},'name':'nostros'}]}],'name':'noster@PRO'}]">nostros</w><c> </c><w lemma="[{'id':109453,'ls':[{'id':109454,'name':'ad','wfs':[{'id':109455,'morph':{'Pos':'AP'},'name':'ad'}]}],'name':'ad@AP'}]">ad</w><c> </c><w lemma="[{'id':1010204,'ls':[{'id':4029,'name':'excellentia','wfs':[{'id':1010213,'morph':{'Casus':'ACCUSATIVE','DeclensionType':'FIRST_DECLENSION','Genus':'FEMININE','Numerus':'SINGULAR','Pos':'NN'},'name':'excellentiam'}]}],'name':'excellentia@NN'}]">excellentiam</w><c> </c><lb n="20" xml:id="bsb00000824_00257_20"></lb><w lemma="[{'id':244512458,'ls':[{'id':244512459,'name':'vester','wfs':[{'id':244512482,'morph':{'Casus':'ACCUSATIVE','DeclensionType':'FIRST_DECLENSION','Genus':'FEMININE','Numerus':'SINGULAR','Pos':'PRO','PronounType':'POSSESSIVE'},'name':'vestram'}]}],'name':'vester@PRO'}]">vestram</w><c> </c><w lemma="[{'id':2017590,'ls':[{'id':2602,'name':'consuetus','wfs':[{'id':2017657,'morph':{'Casus':'ABLATIVE','ComparisonDegree':'POSITIVE','DeclensionType':'FIRST_DECLENSION','Genus':'FEMININE','Numerus':'SINGULAR','Pos':'ADJ'},'name':'consueta'}]}],'name':'consuetus@ADJ'}]">consueta</w><c> </c><w lemma="[{'id':834500,'ls':[{'id':1623,'name':'caritas','wfs':[{'id':243276210,'morph':{'Casus':'ABLATIVE','DeclensionType':'THIRD_DECLENSION','Genus':'FEMININE','Numerus':'SINGULAR','Pos':'NN'},'name':'caritate'}]}],'name':'caritas@NN'}]">caritate</w><c> </c><w lemma="[{'id':5013658,'ls':[{'id':3561,'name':'dirigo','wfs':[{'id':5014183,'morph':{'ConjugationType':'THIRD_CONJUGATION','Mood':'INDICATIVE','Numerus':'PLURAL','Person':'PERSON_1','Pos':'V','Tense':'PERFECT','VerbType':'TRANSITIVE','Voice':'ACTIVE'},'name':'direximus'}]}],'name':'dirigo@V'}]">direximus</w><c>,</c><c> </c><w lemma="[{'id':109610,'ls':[{'id':109611,'name':'per','wfs':[{'id':109612,'morph':{'Pos':'AP'},'name':'per'}]}],'name':'per@AP'}]">per</w><c> </c><w lemma="[{'id':242816363,'ls':[{'id':242816364,'name':'qui','wfs':[{'id':242816417,'morph':{'Casus':'ACCUSATIVE','Genus':'MASCULINE','Numerus':'PLURAL','Pos':'PRO','PronounType':'RELATIVE'},'name':'quos'}]}],'name':'qui@PRO'}]">quos</w><c> </c><w lemma="[{'id':109828,'ls':[{'id':109829,'name':'et','wfs':[{'id':109830,'morph':{'Pos':'CON'},'name':'et'}]}],'name':'et@CON'}]">et</w><c> </c><w lemma="[{'id':1367753,'ls':[{'id':1367754,'name':'sospitas','wfs':[{'id':1367766,'morph':{'Casus':'GENITIVE','DeclensionType':'THIRD_DECLENSION','Genus':'FEMININE','Numerus':'SINGULAR','Pos':'NN'},'name':'sospitatis'}]}],'name':'sospitas@NN'}]">sospitatis</w><c> </c><w lemma="[{'id':244512458,'ls':[{'id':244512459,'name':'vester','wfs':[{'id':245551329,'morph':{'Casus':'GENITIVE','DeclensionType':'FIRST_DECLENSION','Genus':'FEMININE','Numerus':'SINGULAR','Pos':'PRO','PronounType':'POSSESSIVE'},'name':'vestrae'}]}],'name':'vester@PRO'}]">vestrae</w><c> </c><w lemma="[{'id':1091998,'ls':[{'id':5139,'name':'indicium','wfs':[{'id':243367189,'morph':{'Casus':'ACCUSATIVE','DeclensionType':'SECOND_DECLENSION','Genus':'NEUTER','Numerus':'SINGULAR','Pos':'NN'},'name':'indicium'}]}],'name':'indicium@NN'}]">indicium</w><c> </c><w lemma="[{'id':109828,'ls':[{'id':109829,'name':'et','wfs':[{'id':109830,'morph':{'Pos':'CON'},'name':'et'}]}],'name':'et@CON'}]">et</w><c> </c><w lemma="[{'id':7403749,'ls':[{'id':7403750,'name':'spero','wfs':[{'id':7403811,'morph':{'Casus':'GENITIVE','ConjugationType':'FIRST_CONJUGATION','Genus':'FEMININE','Mood':'PARTICIPLE','Numerus':'SINGULAR','Pos':'V','Tense':'PERFECT','VerbType':'TRANSITIVE','Voice':'PASSIVE'},'name':'speratae'}]}],'name':'spero@V'}]">speratae</w><c> </c><lb n="21" xml:id="bsb00000824_00257_21"></lb><w lemma="[{'id':1250075,'ls':[{'id':7057,'name':'petitio','wfs':[{'id':1250078,'morph':{'Casus':'GENITIVE','DeclensionType':'THIRD_DECLENSION','Genus':'FEMININE','Numerus':'SINGULAR','Pos':'NN'},'name':'petitionis'}]}],'name':'petitio@NN'}]">petitionis</w><c> </c><w lemma="[{'id':4490569,'ls':[{'id':2524,'name':'consequor','wfs':[{'id':4490618,'morph':{'ConjugationType':'THIRD_CONJUGATION','Mood':'SUBJUNCTIVE','Numerus':'PLURAL','Person':'PERSON_1','Pos':'V','Tense':'PRESENT','VerbType':'DEPONENT','Voice':'PASSIVE'},'name':'consequamur'}]}],'name':'consequor@V'}]">consequamur</w><c> </c><w lemma="[{'id':987009,'ls':[{'id':3791,'name':'effectus','wfs':[{'id':245551332,'morph':{'Casus':'ACCUSATIVE','DeclensionType':'FOURTH_DECLENSION','Genus':'MASCULINE','Numerus':'SINGULAR','Pos':'NN'},'name':'effectum'}]}],'name':'effectus@NN'}]">effectum</w><c>.</c><c> </c></s><s><w lemma="[{'id':242816519,'ls':[{'id':242816520,'name':'quidam','wfs':[{'id':484145733,'morph':{'Casus':'ACCUSATIVE','Genus':'NEUTER','Numerus':'PLURAL','Pos':'PRO','PronounType':'INDEFINITE'},'name':'quaedam'}]}],'name':'quidam@PRO'}]">quaedam</w><c> </c><w lemma="[{'id':252583,'ls':[{'id':9197,'name':'vero','wfs':[{'id':550000524,'morph':{'Pos':'ADV'},'name':'vero'}]}],'name':'vero@ADV'}]">vero</w><c>,</c><c> </c><w lemma="[{'id':242816363,'ls':[{'id':242816364,'name':'qui','wfs':[{'id':244511026,'morph':{'Casus':'NOMINATIVE','Genus':'NEUTER','Numerus':'PLURAL','Pos':'PRO','PronounType':'RELATIVE'},'name':'quae'}]}],'name':'qui@PRO'}]">quae</w><c> </c><w lemma="[{'id':109453,'ls':[{'id':109454,'name':'ad','wfs':[{'id':109455,'morph':{'Pos':'AP'},'name':'ad'}]}],'name':'ad@AP'}]">ad</w><c> </c><w lemma="[{'id':242816286,'ls':[{'id':242816287,'name':'nos','wfs':[{'id':386315174,'morph':{'Casus':'ACCUSATIVE','Genus':'MASCULINE','Numerus':'PLURAL','Pos':'PRO','PronounType':'PERSONAL'},'name':'nos'}]}],'name':'nos@PRO'}]">nos</w><c> </c><w lemma="[{'id':109629,'ls':[{'id':109630,'name':'pro','wfs':[{'id':109631,'morph':{'Pos':'AP'},'name':'pro'}]}],'name':'pro@AP'}]">pro</w><c> </c><w lemma="[{'id':244512458,'ls':[{'id':244512459,'name':'vester','wfs':[{'id':779637679,'morph':{'Casus':'ABLATIVE','DeclensionType':'FIRST_DECLENSION','Genus':'FEMININE','Numerus':'PLURAL','Pos':'PRO','PronounType':'POSSESSIVE'},'name':'vestris'}]}],'name':'vester@PRO'}]">vestris</w><c> </c><w lemma="[{'id':1443775,'ls':[{'id':9082,'name':'utilitas','wfs':[{'id':1443777,'morph':{'Casus':'ABLATIVE','DeclensionType':'THIRD_DECLENSION','Genus':'FEMININE','Numerus':'PLURAL','Pos':'NN'},'name':'utilitatibus'}]}],'name':'utilitas@NN'}]">utilitatibus</w><c> </c><lb n="22" xml:id="bsb00000824_00257_22"></lb><w lemma="[{'id':6683384,'ls':[{'id':7038,'name':'pervenio','wfs':[{'id':382871748,'morph':{'ConjugationType':'FOURTH_CONJUGATION','Mood':'INDICATIVE','Numerus':'PLURAL','Person':'PERSON_3','Pos':'V','Tense':'PERFECT','VerbType':'INTRANSITIVE','Voice':'ACTIVE'},'name':'pervenerunt'}]}],'name':'pervenio@V'}]">pervenerunt</w><c>,</c><c> </c><w lemma="[{'id':109610,'ls':[{'id':109611,'name':'per','wfs':[{'id':109612,'morph':{'Pos':'AP'},'name':'per'}]}],'name':'per@AP'}]">per</w><c> </c><w lemma="[{'id':242815996,'ls':[{'id':242815997,'name':'hic','wfs':[{'id':244509644,'morph':{'Casus':'GENITIVE','Genus':'FEMININE','Numerus':'PLURAL','Pos':'PRO','PronounType':'DEMONSTRATIVE'},'name':'harum'}]}],'name':'hic@PRO'}]">harum</w><c> </c><w lemma="[{'id':1264381,'ls':[{'id':1264382,'name':'portitor','wfs':[{'id':1264383,'morph':{'Casus':'ACCUSATIVE','DeclensionType':'THIRD_DECLENSION','Genus':'MASCULINE','Numerus':'PLURAL','Pos':'NN'},'name':'portitores'}]}],'name':'portitor@NN'}]">portitores</w><c> </c><w lemma="[{'id':1454736,'ls':[{'id':9183,'name':'verbum','wfs':[{'id':1454763,'morph':{'Casus':'ABLATIVE','DeclensionType':'SECOND_DECLENSION','Genus':'NEUTER','Numerus':'SINGULAR','Pos':'NN'},'name':'verbo'}]}],'name':'verbum@NN'}]">verbo</w><c> </c><w lemma="[{'id':242816974,'ls':[{'id':242816975,'name':'vos','wfs':[{'id':242816977,'morph':{'Casus':'DATIVE','Numerus':'PLURAL','Pos':'PRO','PronounType':'PERSONAL'},'name':'vobis'}]}],'name':'vos@PRO'}]">vobis</w><c> </c><w lemma="[{'id':5908968,'ls':[{'id':5326,'name':'insinuo','wfs':[{'id':497574454,'morph':{'Casus':'ACCUSATIVE','ComparisonDegree':'POSITIVE','DeclensionType':'SECOND_DECLENSION','Genus':'NEUTER','Mood':'GERUNDIVE','Numerus':'PLURAL','Pos':'V'},'name':'insinuanda'}]}],'name':'insinuo@V'}]">insinuanda</w><c> </c><w lemma="[{'id':4285261,'ls':[{'id':2162,'name':'committo','wfs':[{'id':4285381,'morph':{'ConjugationType':'THIRD_CONJUGATION','Mood':'INDICATIVE','Numerus':'PLURAL','Person':'PERSON_1','Pos':'V','Tense':'PERFECT','VerbType':'TRANSITIVE','Voice':'ACTIVE'},'name':'commisimus'}]}],'name':'committo@V'}]">commisimus</w><c>,</c><c> </c><w lemma="[{'id':110061,'ls':[{'id':110062,'name':'ut','wfs':[{'id':110063,'morph':{'Pos':'CON'},'name':'ut'}]}],'name':'ut@CON'}]">ut</w><c> </c><w lemma="[{'id':1825572,'ls':[{'id':1710,'name':'cautus','wfs':[{'id':1825613,'morph':{'Casus':'NOMINATIVE','ComparisonDegree':'COMPARATIVE','DeclensionType':'THIRD_DECLENSION','Genus':'MASCULINE','Numerus':'PLURAL','Pos':'ADJ'},'name':'cautiores'}]}],'name':'cautus@ADJ'}]">cautiores</w><c> </c><lb n="23" xml:id="bsb00000824_00257_23"></lb><w lemma="[{'id':5147146,'ls':[{'id':3801,'name':'efficio','wfs':[{'id':5147201,'morph':{'Casus':'NOMINATIVE','ConjugationType':'THIRD_CONJUGATION','Genus':'MASCULINE','Mood':'PARTICIPLE','Numerus':'PLURAL','Pos':'V','Tense':'PERFECT','VerbType':'TRANSITIVE','Voice':'PASSIVE'},'name':'effecti'}]}],'name':'efficio@V'}]">effecti</w><c> </c><w lemma="[{'id':6498460,'ls':[{'id':6664,'name':'opto','wfs':[{'id':6498519,'morph':{'Casus':'ABLATIVE','ConjugationType':'FIRST_CONJUGATION','Genus':'FEMININE','Mood':'PARTICIPLE','Numerus':'SINGULAR','Pos':'V','Tense':'PERFECT','VerbType':'TRANSITIVE','Voice':'PASSIVE'},'name':'optata'}]}],'name':'opto@V'}]">optata</w><c> </c><w lemma="[{'id':6741602,'ls':[{'id':7228,'name':'possum','wfs':[{'id':244516517,'morph':{'Mood':'SUBJUNCTIVE','Numerus':'PLURAL','Person':'PERSON_2','Pos':'V','Tense':'PRESENT','VerbType':'VERBA_ANOMALA','Voice':'ACTIVE'},'name':'possitis'}]}],'name':'possum@V'}]">possitis</w><c> </c><w lemma="[{'id':1462316,'ls':[{'id':9252,'name':'victoria','wfs':[{'id':1462344,'morph':{'Casus':'ABLATIVE','DeclensionType':'FIRST_DECLENSION','Genus':'FEMININE','Numerus':'SINGULAR','Pos':'NN'},'name':'victoria'}]}],'name':'victoria@NN'}]">victoria</w><c> </c><w lemma="[{'id':151640,'ls':[{'id':2582,'name':'constanter','wfs':[{'id':151643,'morph':{'ComparisonDegree':'POSITIVE','Pos':'ADV'},'name':'constanter'}]}],'name':'constanter@ADV'}]">constanter</w><c> </c><w lemma="[{'id':5388112,'ls':[{'id':4128,'name':'expleo','wfs':[{'id':5388194,'morph':{'ConjugationType':'SECOND_CONJUGATION','Mood':'INFINITIVE','Pos':'V','Tense':'PRESENT','VerbType':'TRANSITIVE','Voice':'PASSIVE'},'name':'expleri'}]}],'name':'expleo@V'}]">expleri</w><c>.</c><c> </c></s><s><w lemma="[{'id':244512458,'ls':[{'id':244512459,'name':'vester','wfs':[{'id':244512539,'morph':{'Casus':'NOMINATIVE','DeclensionType':'FIRST_DECLENSION','Genus':'FEMININE','Numerus':'SINGULAR','Pos':'PRO','PronounType':'POSSESSIVE'},'name':'vestra'}]}],'name':'vester@PRO'}]">vestra</w><c> </c><w lemma="[{'id':110034,'ls':[{'id':110035,'name':'siquidem','wfs':[{'id':110036,'morph':{'Pos':'CON'},'name':'siquidem'}]}],'name':'siquidem@CON'}]">siquidem</w><c> </c><w lemma="[{'id':1339480,'ls':[{'id':8076,'name':'salus','wfs':[{'id':241477324,'morph':{'Casus':'NOMINATIVE','DeclensionType':'THIRD_DECLENSION','Genus':'FEMININE','Numerus':'SINGULAR','Pos':'NN'},'name':'salus'}]}],'name':'salus@NN'}]">salus</w><c> </c><w lemma="[{'id':244510439,'ls':[{'id':244510440,'name':'noster','wfs':[{'id':244510472,'morph':{'Casus':'NOMINATIVE','DeclensionType':'FIRST_DECLENSION','Genus':'FEMININE','Numerus':'SINGULAR','Pos':'PRO','PronounType':'POSSESSIVE'},'name':'nostra'}]}],'name':'noster@PRO'}]">nostra</w><c> </c><w lemma="[{'id':1054836,'ls':[{'id':4677,'name':'gloria','wfs':[{'id':1054852,'morph':{'Casus':'NOMINATIVE','DeclensionType':'FIRST_DECLENSION','Genus':'FEMININE','Numerus':'SINGULAR','Pos':'NN'},'name':'gloria'}]}],'name':'gloria@NN'}]">gloria</w><c> </c><lb n="24" xml:id="bsb00000824_00257_24"></lb><w lemma="[{'id':7617143,'ls':[{'id':7617144,'name':'sum','wfs':[{'id':242825881,'morph':{'Mood':'INDICATIVE','Numerus':'SINGULAR','Person':'PERSON_3','Pos':'V','Tense':'PRESENT','VerbType':'VERBA_ANOMALA','Voice':'ACTIVE'},'name':'est'}]}],'name':'sum@V'}]">est</w><c> </c><w lemma="[{'id':109828,'ls':[{'id':109829,'name':'et','wfs':[{'id':109830,'morph':{'Pos':'CON'},'name':'et'}]}],'name':'et@CON'}]">et</w><c> </c><w lemma="[{'id':241341954,'ls':[{'id':241341958,'name':'totiens','wfs':[{'id':241341960,'morph':{'ComparisonDegree':'POSITIVE','Pos':'ADV'},'name':'totiens'}]}],'name':'totiens@ADV'}]">totiens</w><c> </c><w lemma="[{'id':1315305,'ls':[{'id':7826,'name':'regnum','wfs':[{'id':1315312,'morph':{'Casus':'ACCUSATIVE','DeclensionType':'SECOND_DECLENSION','Genus':'NEUTER','Numerus':'SINGULAR','Pos':'NN'},'name':'regnum'}]}],'name':'regnum@NN'}]">regnum</w><c> </c><w lemma="[{'id':485847,'ls':[{'id':5545,'name':'Italia','wfs':[{'id':485860,'morph':{'Casus':'GENITIVE','DeclensionType':'FIRST_DECLENSION','Genus':'FEMININE','Numerus':'SINGULAR','Pos':'NE'},'name':'Italiae'}]}],'name':'Italia@NE'}]">Italiae</w><c> </c><w lemma="[{'id':6914688,'ls':[{'id':6914689,'name':'proficio','wfs':[{'id':6914775,'morph':{'ConjugationType':'THIRD_CONJUGATION','Mood':'INFINITIVE','Pos':'V','Tense':'PRESENT','VerbType':'TRANSITIVE','Voice':'ACTIVE'},'name':'proficere'}]}],'name':'proficio@V'}]">proficere</w><c> </c><w lemma="[{'id':6076190,'ls':[{'id':6076191,'name':'iudico','wfs':[{'id':6076304,'morph':{'ConjugationType':'FIRST_CONJUGATION','Mood':'INDICATIVE','Numerus':'PLURAL','Person':'PERSON_1','Pos':'V','Tense':'PRESENT','VerbType':'TRANSITIVE','Voice':'ACTIVE'},'name':'iudicamus'}]}],'name':'iudico@V'}]">iudicamus</w><c>,</c><c> </c><w lemma="[{'id':226455,'ls':[{'id':226456,'name':'quotiens','wfs':[{'id':226457,'morph':{'ComparisonDegree':'POSITIVE','Pos':'ADV'},'name':'quotiens'}]}],'name':'quotiens@ADV'}]">quotiens</w><c> </c><w lemma="[{'id':109545,'ls':[{'id':109546,'name':'de','wfs':[{'id':109547,'morph':{'Pos':'AP'},'name':'de'}]}],'name':'de@AP'}]">de</w><c> </c><w lemma="[{'id':242816974,'ls':[{'id':242816975,'name':'vos','wfs':[{'id':315043,'morph':{'Casus':'ABLATIVE','Numerus':'PLURAL','Pos':'PRO','PronounType':'PERSONAL'},'name':'vobis'}]}],'name':'vos@PRO'}]">vobis</w><c> </c><w lemma="[{'id':2594032,'ls':[{'id':5583,'name':'laetus','wfs':[{'id':2594072,'morph':{'Casus':'ACCUSATIVE','ComparisonDegree':'POSITIVE','DeclensionType':'SECOND_DECLENSION','Genus':'NEUTER','Numerus':'PLURAL','Pos':'ADJ'},'name':'laeta'}]}],'name':'laetus@ADJ'}]">laeta</w><c> </c><w lemma="[{'id':4186426,'ls':[{'id':2021,'name':'cognosco','wfs':[{'id':4186543,'morph':{'ConjugationType':'THIRD_CONJUGATION','Mood':'INDICATIVE','Numerus':'PLURAL','Person':'PERSON_1','Pos':'V','Tense':'PRESENT','VerbType':'TRANSITIVE','Voice':'ACTIVE'},'name':'cognoscimus'}]}],'name':'cognosco@V'}]">cognoscimus</w><c>.</c><c> </c><lb n="25" xml:id="bsb00000824_00257_25"></lb></s><s><w lemma="[{'id':861474,'ls':[{'id':861475,'name':'citharoedus','wfs':[{'id':861484,'morph':{'Casus':'ACCUSATIVE','DeclensionType':'SECOND_DECLENSION','Genus':'MASCULINE','Numerus':'SINGULAR','Pos':'NN'},'name':'citharoedum'}]}],'name':'citharoedus@NN'}]">Citharoedum</w><c> </c><w lemma="[{'id':109834,'ls':[{'id':109835,'name':'etiam','wfs':[{'id':109836,'morph':{'Pos':'CON'},'name':'etiam'}]}],'name':'etiam@CON'}]">etiam</w><c> </c><w lemma="[{'id':783494,'ls':[{'id':1043,'name':'ars','wfs':[{'id':243259291,'morph':{'Casus':'ABLATIVE','DeclensionType':'THIRD_DECLENSION','Genus':'FEMININE','Numerus':'SINGULAR','Pos':'NN'},'name':'arte'}]}],'name':'ars@NN'}]">arte</w><c> </c><w lemma="[{'id':244511757,'ls':[{'id':244511758,'name':'suus','wfs':[{'id':252932518,'morph':{'Casus':'ABLATIVE','Genus':'FEMININE','Numerus':'SINGULAR','Pos':'PRO','PronounType':'POSSESSIVE'},'name':'sua'}]}],'name':'suus@PRO'}]">sua</w><c> </c><w lemma="[{'id':2215533,'ls':[{'id':3678,'name':'doctus','wfs':[{'id':2215627,'morph':{'Casus':'ACCUSATIVE','ComparisonDegree':'POSITIVE','DeclensionType':'SECOND_DECLENSION','Genus':'MASCULINE','Numerus':'SINGULAR','Pos':'ADJ'},'name':'doctum'}]}],'name':'doctus@ADJ'}]">doctum</w><c> </c><w lemma="[{'id':211367,'ls':[{'id':6809,'name':'pariter','wfs':[{'id':211370,'morph':{'ComparisonDegree':'POSITIVE','Pos':'ADV'},'name':'pariter'}]}],'name':'pariter@ADV'}]">pariter</w><c> </c><w lemma="[{'id':4904178,'ls':[{'id':3400,'name':'destino','wfs':[{'id':4904332,'morph':{'ConjugationType':'FIRST_CONJUGATION','Mood':'INDICATIVE','Numerus':'PLURAL','Person':'PERSON_1','Pos':'V','Tense':'PERFECT','VerbType':'TRANSITIVE','Voice':'ACTIVE'},'name':'destinavimus'}]}],'name':'destino@V'}]">destinavimus</w><c> </c><w lemma="[{'id':242006978,'ls':[{'id':242006979,'name':'expetitus','wfs':[{'id':242007057,'morph':{'Casus':'ACCUSATIVE','ComparisonDegree':'POSITIVE','DeclensionType':'SECOND_DECLENSION','Genus':'MASCULINE','Numerus':'SINGULAR','Pos':'ADJ'},'name':'expetitum'}]}],'name':'expetitus@ADJ'}]">expetitum</w><c>,</c><c> </c><w lemma="[{'id':242816363,'ls':[{'id':242816364,'name':'qui','wfs':[{'id':244511016,'morph':{'Casus':'NOMINATIVE','Genus':'MASCULINE','Numerus':'SINGULAR','Pos':'PRO','PronounType':'RELATIVE'},'name':'qui'}]}],'name':'qui@PRO'}]">qui</w><c> </c><w lemma="[{'id':5787029,'ls':[{'id':5787030,'name':'os','wfs':[{'id':5787008,'morph':{'Casus':'ABLATIVE','DeclensionType':'THIRD_DECLENSION','Genus':'NEUTER','Numerus':'SINGULAR','Pos':'NN'},'name':'ore'}]}],'name':'os@NN'}]">ore</w><c> </c><lb n="26" xml:id="bsb00000824_00257_26"></lb><w lemma="[{'id':1157267,'ls':[{'id':5949,'name':'manus','wfs':[{'id':273666733,'morph':{'Casus':'ABLATIVE','DeclensionType':'FOURTH_DECLENSION','Genus':'FEMININE','Numerus':'PLURAL','Pos':'NN'},'name':'manibusque'}]}],'name':'manus@NN'}]">manibusque</w><c> </c><w lemma="[{'id':2010445,'ls':[{'id':2559,'name':'consonus','wfs':[{'id':2010508,'morph':{'Casus':'ABLATIVE','ComparisonDegree':'POSITIVE','DeclensionType':'FIRST_DECLENSION','Genus':'FEMININE','Numerus':'SINGULAR','Pos':'ADJ'},'name':'consona'}]}],'name':'consonus@ADJ'}]">consona</w><c> </c><w lemma="[{'id':1473890,'ls':[{'id':9346,'name':'vox','wfs':[{'id':243502646,'morph':{'Casus':'ABLATIVE','DeclensionType':'THIRD_DECLENSION','Genus':'FEMININE','Numerus':'SINGULAR','Pos':'NN'},'name':'voce'}]}],'name':'vox@NN'}]">voce</w><c> </c><w lemma="[{'id':3956477,'ls':[{'id':1563,'name':'canto','wfs':[{'id':611395,'morph':{'Casus':'ABLATIVE','DeclensionType':'SECOND_DECLENSION','Genus':'NEUTER','Mood':'GERUND','Numerus':'SINGULAR','Pos':'V'},'name':'cantando'}]}],'name':'canto@V'}]">cantando</w><c> </c><w lemma="[{'id':1054836,'ls':[{'id':4677,'name':'gloria','wfs':[{'id':1054846,'morph':{'Casus':'ACCUSATIVE','DeclensionType':'FIRST_DECLENSION','Genus':'FEMININE','Numerus':'SINGULAR','Pos':'NN'},'name':'gloriam'}]}],'name':'gloria@NN'}]">gloriam</w><c> </c><w lemma="[{'id':244512458,'ls':[{'id':244512459,'name':'vester','wfs':[{'id':245551329,'morph':{'Casus':'GENITIVE','DeclensionType':'FIRST_DECLENSION','Genus':'FEMININE','Numerus':'SINGULAR','Pos':'PRO','PronounType':'POSSESSIVE'},'name':'vestrae'}]}],'name':'vester@PRO'}]">vestrae</w><c> </c><w lemma="[{'id':1266206,'ls':[{'id':7254,'name':'potestas','wfs':[{'id':1266230,'morph':{'Casus':'GENITIVE','DeclensionType':'THIRD_DECLENSION','Genus':'FEMININE','Numerus':'SINGULAR','Pos':'NN'},'name':'potestatis'}]}],'name':'potestas@NN'}]">potestatis</w><c> </c><w lemma="[{'id':6370200,'ls':[{'id':6487,'name':'oblecto','wfs':[{'id':6370553,'morph':{'ConjugationType':'FIRST_CONJUGATION','Mood':'SUBJUNCTIVE','Numerus':'SINGULAR','Person':'PERSON_3','Pos':'V','Tense':'PRESENT','VerbType':'TRANSITIVE','Voice':'ACTIVE'},'name':'oblectet'}]}],'name':'oblecto@V'}]">oblectet</w><c>:</c><c> </c><w lemma="[{'id':242816363,'ls':[{'id':242816364,'name':'qui','wfs':[{'id':539256813,'morph':{'Casus':'ACCUSATIVE','Genus':'MASCULINE','Numerus':'SINGULAR','Pos':'PRO','PronounType':'RELATIVE'},'name':'quem'}]}],'name':'qui@PRO'}]">quem</w><c> </c><w lemma="[{'id':183546,'ls':[{'id':183547,'name':'ideo','wfs':[{'id':183548,'morph':{'ComparisonDegree':'POSITIVE','Pos':'ADV'},'name':'ideo'}]}],'name':'ideo@ADV'}]">ideo</w><c> </c><w lemma="[{'id':7617143,'ls':[{'id':7617144,'name':'sum','wfs':[{'id':484463015,'morph':{'Mood':'INFINITIVE','Pos':'V','Tense':'FUTURE','VerbType':'VERBA_ANOMALA','Voice':'ACTIVE'},'name':'fore'}]}],'name':'sum@V'}]">fore</w><c> </c><w lemma="[{'id':4637462,'ls':[{'id':2846,'name':'credo','wfs':[{'id':4637574,'morph':{'ConjugationType':'THIRD_CONJUGATION','Mood':'INDICATIVE','Numerus':'PLURAL','Person':'PERSON_1','Pos':'V','Tense':'PRESENT','VerbType':'TRANSITIVE','Voice':'ACTIVE'},'name':'credimus'}]}],'name':'credo@V'}]">credimus</w><c> </c><lb n="27" xml:id="bsb00000824_00257_27"></lb><w lemma="[{'id':2373661,'ls':[{'id':4714,'name':'gratus','wfs':[{'id':2373736,'morph':{'Casus':'ACCUSATIVE','ComparisonDegree':'POSITIVE','DeclensionType':'SECOND_DECLENSION','Genus':'MASCULINE','Numerus':'SINGULAR','Pos':'ADJ'},'name':'gratum'}]}],'name':'gratus@ADJ'}]">gratum</w><c>,</c><c> </c><w lemma="[{'id':109966,'ls':[{'id':109967,'name':'quia','wfs':[{'id':109968,'morph':{'Pos':'CON'},'name':'quia'}]}],'name':'quia@CON'}]">quia</w><c> </c><w lemma="[{'id':242816974,'ls':[{'id':242816975,'name':'vos','wfs':[{'id':645374324,'morph':{'Casus':'NOMINATIVE','Genus':'MASCULINE','Numerus':'PLURAL','Pos':'PRO','PronounType':'PERSONAL'},'name':'vos'}]}],'name':'vos@PRO'}]">vos</w><c> </c><w lemma="[{'id':242816207,'ls':[{'id':242816208,'name':'is','wfs':[{'id':242816231,'morph':{'Casus':'ACCUSATIVE','Genus':'MASCULINE','Numerus':'SINGULAR','Pos':'PRO','PronounType':'PERSONAL'},'name':'eum'}]}],'name':'is@PRO'}]">eum</w><c> </c><w lemma="[{'id':6076190,'ls':[{'id':6076191,'name':'iudico','wfs':[{'id':244515599,'morph':{'Pos':'V'},'name':'iudicastis'}]}],'name':'iudico@V'}]">iudicastis</w><c> </c><w lemma="[{'id':201070,'ls':[{'id':5921,'name':'magnopere','wfs':[{'id':201073,'morph':{'ComparisonDegree':'POSITIVE','Pos':'ADV'},'name':'magnopere'}]}],'name':'magnopere@ADV'}]">magnopere</w><c> </c><w lemma="[{'id':5013658,'ls':[{'id':3561,'name':'dirigo','wfs':[{'id':496910152,'morph':{'Casus':'ACCUSATIVE','ComparisonDegree':'POSITIVE','DeclensionType':'SECOND_DECLENSION','Genus':'MASCULINE','Mood':'GERUNDIVE','Numerus':'SINGULAR','Pos':'V'},'name':'dirigendum'}]}],'name':'dirigo@V'}]">dirigendum</w><c>.</c></s></p></div></body></text></TEI>