<?xml version="1.0" ?><TEI xmlns="http://www.tei-c.org/ns/1.0"><teiHeader><fileDesc><titleStmt><title>MGH Auct. ant. 12: Cassiodori Senatoris Variae</title><editor>Mommsen, Theodor</editor></titleStmt><publicationStmt><publisher>Monumenta Germaniae Historica (MGH)</publisher><publisher>Bavarian State Library (BSB), München</publisher><idno type="BSB">bsb00000824</idno><idno type="MGH"><idno type="Annotation_created_by">sysop</idno><idno type="Annotation_created_on">Wed Oct 18 18:59:11 CEST 2017</idno><idno type="Annotation_last_changed_by">geelhaar</idno><idno type="Annotation_last_changed_on">Thu Aug 20 10:43:41 CEST 2020</idno><idno type="Author_(German)">Cassiodor (Flavius Magnus Aurelius Cassiodorus Senator)</idno><idno type="Author_(Latin)">Cassiodorus Vivariensis</idno><idno type="BSB">bsb00000824</idno><idno type="Bibliographical_Link">http://stabikat.de/DB=1/XMLPRS=N/PPN?PPN=235118842</idno><idno type="C_Stat">06</idno><idno type="C1">06</idno><idno type="C2">05</idno><idno type="Column">036</idno><idno type="Commentary">dated according to the edition (TG)</idno><idno type="Concordance_View">true</idno><idno type="Digital_Edition_Statement">Text retrieved from the critical edition and prepared by the BMBF funded project "Humanist Computer Interaction under Scrutiny"(https://humanist.hs-mainz.de/en/). The Latin Text Archive (LTA) version has been created at Goethe University Frankfurt by the CompHistSem-Work Group (hudesktop.hucompute.org).</idno><idno type="Edition">MGH Auctores antiquissimi 12</idno><idno type="LTA_Export">true</idno><idno type="Licence_Info">CC BY 4.0</idno><idno type="Multiple_Lemmata_under_a_unique_Super_lemma">0.00%</idno><idno type="Multiple_Super_lemmata">0.00%</idno><idno type="Multiple_Wordforms_under_a_unique_Lemma">0.00%</idno><idno type="Multiple_Wordforms._Tagger_based_result._Multiple_Lemmata_possible">0.00%</idno><idno type="Multiple_Wordforms._Tagger_based_result._Multiple_Super_Lemmata_possible">0.00%</idno><idno type="Not_yet_linked_or_unknown_Wordform">0.00%</idno><idno type="Page">036-037</idno><idno type="Provided_by">Monumenta Germaniae Historica</idno><idno type="RepFontMA">not available</idno><idno type="Status">c</idno><idno type="Text_Type">Letter</idno><idno type="Text_Type_Class">Letters</idno><idno type="Time">507/511</idno><idno type="Title">Variae 01.40 - Osuin viro illustri comiti Theodericus rex</idno><idno type="Type_of_Corpus">Corpus of Letters</idno><idno type="URL">http://www.mgh.de/dmgh/resolving/MGH_Auct._ant._12_S._36</idno><idno type="Unique_Wordform">100,00%</idno><idno type="Unique_Wordform._Tagger_based_result._Multiple_Lemmata_possible">0.00%</idno><idno type="Unique_Wordform._Tagger_based_result._Multiple_Super_lemmata_possible">0.00%</idno><idno type="VIAF_(Expression)">182693798</idno><idno type="VIAF_(Expression)_Link">http://viaf.org/viaf/182693798</idno><idno type="VIAF_(Person)">95230707</idno><idno type="VIAF_(Person)_Link">http://viaf.org/viaf/95230707</idno><idno type="Volume">Auct. ant. 12</idno><idno type="Year_of_Publication_(interpreted)">0511</idno>MGH Auct. ant. 12</idno><availability><licence target="http://creativecommons.org/licenses/by/4.0/"><p>Distributed under the Creative Commons Attribution 4.0 International (CC BY 4.0) license.</p><p>This license covers the annotations added by the Monumenta Germaniae Historica and the
            Bavarian State Library, Munich, in the course of project "digital MGH"
            <ref target="http://www.dmgh.de">http://www.dmgh.de</ref>, funded by the
            German Research Foundation (DFG).</p><p>We do not claim any rights on the text itself which is believed to be in the public domain.</p><p>If you distribute a copy or a derivative version of this file, please indicate the source
            of the file by mentioning the Monumenta Germaniae Historica (MGH) and the
            Bavarian State Library, Munich (BSB).</p></licence></availability><date when="2016-11-28T16:32:43+01:00">2016-11-28, 16:32:43</date></publicationStmt><sourceDesc><biblFull><titleStmt><title>Cassiodori Senatoris Variae</title><editor>Mommsen, Theodor</editor></titleStmt><publicationStmt><publisher>Weidmann</publisher><pubPlace>Berlin</pubPlace><date>1894</date></publicationStmt><seriesStmt><title>Auctores antiquissimi</title><biblScope unit="volume">12</biblScope></seriesStmt></biblFull></sourceDesc></fileDesc><revisionDesc><change when="28-02-2018 18:00" who="mbecker"></change></revisionDesc></teiHeader><text><body><div><lb n="27" xml:id="bsb00000824_00220_27"></lb><head n="3"><s><w lemma="[{'id':241346594,'ls':[{'id':241346595,'name':'NUMERAL','wfs':[{'id':498534604,'morph':{'Pos':'NUM'},'name':'xl'}]}],'name':'NUMERAL@NUM'}]">XL</w><c>.</c><c> </c><lb n="28" xml:id="bsb00000824_00220_28"></lb><w lemma="[{'id':785529585,'ls':[{'id':785529587,'name':'Osuin','wfs':[{'id':785529590,'morph':{'Casus':'DATIVE','DeclensionType':'INDECLINABLE','Genus':'MASCULINE','Numerus':'SINGULAR','Pos':'NP'},'name':'Osuin'}]}],'name':'Osuin@NP'}]">OSUIN</w><c> </c><w lemma="[{'id':1466541,'ls':[{'id':9281,'name':'vir','wfs':[{'id':779458787,'morph':{'Casus':'DATIVE','DeclensionType':'SECOND_DECLENSION','Genus':'MASCULINE','Numerus':'SINGULAR','Pos':'NN'},'name':'v'}]}],'name':'vir@NN'}]">V</w><c>.</c><c> </c><w lemma="[{'id':2413908,'ls':[{'id':4928,'name':'illustris','wfs':[{'id':779459471,'morph':{'Casus':'DATIVE','ComparisonDegree':'POSITIVE','DeclensionType':'THIRD_DECLENSION','Genus':'MASCULINE','Numerus':'SINGULAR','Pos':'ADJ'},'name':'I'}]}],'name':'illustris@ADJ'}]">I</w><c>.</c><c> </c><w lemma="[{'id':877368,'ls':[{'id':2109,'name':'comes','wfs':[{'id':877378,'morph':{'Casus':'DATIVE','DeclensionType':'THIRD_DECLENSION','Genus':'MASCULINE','Numerus':'SINGULAR','Pos':'NN'},'name':'comiti'}]}],'name':'comes@NN'}]">COMITI</w><c> </c><w lemma="[{'id':624521,'ls':[{'id':624522,'name':'Theodericus','wfs':[{'id':243244190,'morph':{'Casus':'NOMINATIVE','DeclensionType':'SECOND_DECLENSION','Genus':'MASCULINE','Numerus':'SINGULAR','Pos':'NP'},'name':'Theodericus'}]}],'name':'Theodericus@NP'}]">THEODERICUS</w><c> </c><w lemma="[{'id':1329481,'ls':[{'id':7965,'name':'rex','wfs':[{'id':1329499,'morph':{'Casus':'NOMINATIVE','DeclensionType':'THIRD_DECLENSION','Genus':'MASCULINE','Numerus':'SINGULAR','Pos':'NN'},'name':'rex'}]}],'name':'rex@NN'}]">REX</w><c>.</c></s></head><note><s><hi rend="ITALICS"><w lemma="[{'id':759853,'ls':[{'id':807,'name':'annus','wfs':[{'id':382849904,'morph':{'Casus':'ABLATIVE','DeclensionType':'SECOND_DECLENSION','Genus':'MASCULINE','Numerus':'SINGULAR','Pos':'NN'},'name':'a'}]}],'name':'annus@NN'}]">a</w><c>.</c><c> </c><w lemma="[{'id':241346594,'ls':[{'id':241346595,'name':'NUMERAL','wfs':[{'id':241346596,'morph':{'Pos':'NUM'},'name':'NUMERAL'}]}],'name':'NUMERAL@NUM'}]">507</w><c>|</c><w lemma="[{'id':241346594,'ls':[{'id':241346595,'name':'NUMERAL','wfs':[{'id':241346596,'morph':{'Pos':'NUM'},'name':'NUMERAL'}]}],'name':'NUMERAL@NUM'}]">511</w></hi></s></note><lb n="29" xml:id="bsb00000824_00220_29"></lb><p><s><w lemma="[{'id':1216157,'ls':[{'id':1216158,'name':'ordinatio','wfs':[{'id':1216162,'morph':{'Casus':'NOMINATIVE','DeclensionType':'THIRD_DECLENSION','Genus':'FEMININE','Numerus':'SINGULAR','Pos':'NN'},'name':'ordinatio'}]}],'name':'ordinatio@NN'}]">Ordinatio</w><c> </c><w lemma="[{'id':244510439,'ls':[{'id':244510440,'name':'noster','wfs':[{'id':244510472,'morph':{'Casus':'NOMINATIVE','DeclensionType':'FIRST_DECLENSION','Genus':'FEMININE','Numerus':'SINGULAR','Pos':'PRO','PronounType':'POSSESSIVE'},'name':'nostra'}]}],'name':'noster@PRO'}]">nostra</w><c> </c><w lemma="[{'id':109610,'ls':[{'id':109611,'name':'per','wfs':[{'id':109612,'morph':{'Pos':'AP'},'name':'per'}]}],'name':'per@AP'}]">per</w><c> </c><w lemma="[{'id':1174413,'ls':[{'id':6210,'name':'mora','wfs':[{'id':1174423,'morph':{'Casus':'ACCUSATIVE','DeclensionType':'FIRST_DECLENSION','Genus':'FEMININE','Numerus':'SINGULAR','Pos':'NN'},'name':'moram'}]}],'name':'mora@NN'}]">moram</w><c> </c><w lemma="[{'id':206035,'ls':[{'id':6416,'name':'non','wfs':[{'id':241322627,'morph':{'Pos':'ADV'},'name':'non'}]}],'name':'non@ADV'}]">non</w><c> </c><w lemma="[{'id':4694501,'ls':[{'id':3027,'name':'debeo','wfs':[{'id':4694851,'morph':{'ConjugationType':'SECOND_CONJUGATION','Mood':'INDICATIVE','Numerus':'SINGULAR','Person':'PERSON_3','Pos':'V','Tense':'PRESENT','VerbType':'TRANSITIVE','Voice':'ACTIVE'},'name':'debet'}]}],'name':'debeo@V'}]">debet</w><c> </c><w lemma="[{'id':5714940,'ls':[{'id':4971,'name':'impedio','wfs':[{'id':5715022,'morph':{'ConjugationType':'FOURTH_CONJUGATION','Mood':'INFINITIVE','Pos':'V','Tense':'PRESENT','VerbType':'TRANSITIVE','Voice':'PASSIVE'},'name':'impediri'}]}],'name':'impedio@V'}]">impediri</w><c>,</c><c> </c><w lemma="[{'id':109868,'ls':[{'id':109869,'name':'ne','wfs':[{'id':109870,'morph':{'Pos':'CON'},'name':'ne'}]}],'name':'ne@CON'}]">ne</w><c>,</c><c> </c><w lemma="[{'id':242816363,'ls':[{'id':242816364,'name':'qui','wfs':[{'id':296826590,'morph':{'Casus':'NOMINATIVE','Genus':'NEUTER','Numerus':'SINGULAR','Pos':'PRO','PronounType':'RELATIVE'},'name':'quod'}]}],'name':'qui@PRO'}]">quod</w><c> </c><w lemma="[{'id':232240,'ls':[{'id':232241,'name':'salubriter','wfs':[{'id':232243,'morph':{'ComparisonDegree':'POSITIVE','Pos':'ADV'},'name':'salubriter'}]}],'name':'salubriter@ADV'}]">salubriter</w><c> </c><w lemma="[{'id':4511478,'ls':[{'id':2579,'name':'consto','wfs':[{'id':353214,'morph':{'ConjugationType':'FIRST_CONJUGATION','Mood':'INDICATIVE','Numerus':'SINGULAR','Person':'PERSON_3','Pos':'V','Tense':'PRESENT','VerbType':'INTRANSITIVE','Voice':'ACTIVE'},'name':'constat'}]}],'name':'consto@V'}]">constat</w><c> </c><w lemma="[{'id':7617143,'ls':[{'id':7617144,'name':'sum','wfs':[{'id':7617145,'morph':{'Mood':'INFINITIVE','Pos':'V','Tense':'PRESENT','VerbType':'VERBA_ANOMALA','Voice':'ACTIVE'},'name':'esse'}]}],'name':'sum@V'}]">esse</w><c> </c><lb n="30" xml:id="bsb00000824_00220_30"></lb><w lemma="[{'id':5057763,'ls':[{'id':3611,'name':'dispono','wfs':[{'id':5057872,'morph':{'Casus':'ACCUSATIVE','ConjugationType':'THIRD_CONJUGATION','Genus':'NEUTER','Mood':'PARTICIPLE','Numerus':'SINGULAR','Pos':'V','Tense':'PERFECT','VerbType':'TRANSITIVE','Voice':'PASSIVE'},'name':'dispositum'}]}],'name':'dispono@V'}]">dispositum</w><c>,</c><c> </c><w lemma="[{'id':109610,'ls':[{'id':109611,'name':'per','wfs':[{'id':109612,'morph':{'Pos':'AP'},'name':'per'}]}],'name':'per@AP'}]">per</w><c> </c><w lemma="[{'id':1410354,'ls':[{'id':1410355,'name':'tarditas','wfs':[{'id':1410366,'morph':{'Casus':'GENITIVE','DeclensionType':'THIRD_DECLENSION','Genus':'FEMININE','Numerus':'SINGULAR','Pos':'NN'},'name':'tarditatis'}]}],'name':'tarditas@NN'}]">tarditatis</w><c> </c><w lemma="[{'id':1469706,'ls':[{'id':9307,'name':'vitium','wfs':[{'id':241496179,'morph':{'Casus':'ACCUSATIVE','DeclensionType':'SECOND_DECLENSION','Genus':'NEUTER','Numerus':'SINGULAR','Pos':'NN'},'name':'vitium'}]}],'name':'vitium@NN'}]">vitium</w><c> </c><w lemma="[{'id':5810297,'ls':[{'id':5120,'name':'incurro','wfs':[{'id':5810656,'morph':{'ConjugationType':'THIRD_CONJUGATION','Mood':'SUBJUNCTIVE','Numerus':'SINGULAR','Person':'PERSON_3','Pos':'V','Tense':'PRESENT','VerbType':'TRANSITIVE','Voice':'ACTIVE'},'name':'incurrat'}]}],'name':'incurro@V'}]">incurrat</w><c> </c><w lemma="[{'id':1203058,'ls':[{'id':6537,'name':'obstaculum','wfs':[{'id':1203066,'morph':{'Casus':'ACCUSATIVE','DeclensionType':'SECOND_DECLENSION','Genus':'NEUTER','Numerus':'SINGULAR','Pos':'NN'},'name':'obstaculum'}]}],'name':'obstaculum@NN'}]">obstaculum</w><c>.</c><c> </c></s><s><w lemma="[{'id':109828,'ls':[{'id':109829,'name':'et','wfs':[{'id':109830,'morph':{'Pos':'CON'},'name':'et'}]}],'name':'et@CON'}]">et</w><c> </c><w lemma="[{'id':183546,'ls':[{'id':183547,'name':'ideo','wfs':[{'id':183548,'morph':{'ComparisonDegree':'POSITIVE','Pos':'ADV'},'name':'ideo'}]}],'name':'ideo@ADV'}]">ideo</w><c> </c><w lemma="[{'id':122768,'ls':[{'id':817,'name':'ante','wfs':[{'id':122771,'morph':{'Pos':'ADV'},'name':'ante'}]}],'name':'ante@ADV'}]">ante</w><c> </c><w lemma="[{'id':5085698,'ls':[{'id':3647,'name':'distribuo','wfs':[{'id':497403820,'morph':{'Casus':'NOMINATIVE','ComparisonDegree':'POSITIVE','DeclensionType':'SECOND_DECLENSION','Genus':'NEUTER','Mood':'GERUNDIVE','Numerus':'PLURAL','Pos':'V'},'name':'distribuenda'}]}],'name':'distribuo@V'}]">distribuenda</w><c> </c><w lemma="[{'id':7617143,'ls':[{'id':7617144,'name':'sum','wfs':[{'id':242825914,'morph':{'Mood':'INDICATIVE','Numerus':'PLURAL','Person':'PERSON_3','Pos':'V','Tense':'PRESENT','VerbType':'VERBA_ANOMALA','Voice':'ACTIVE'},'name':'sunt'}]}],'name':'sum@V'}]">sunt</w><c> </c><lb n="31" xml:id="bsb00000824_00220_31"></lb><w lemma="[{'id':780999,'ls':[{'id':781000,'name':'arma','wfs':[{'id':781003,'morph':{'Casus':'NOMINATIVE','DeclensionType':'SECOND_DECLENSION','Genus':'NEUTER','Numerus':'PLURAL','Pos':'NN'},'name':'arma'}]}],'name':'arma@NN'}]">arma</w><c> </c><w lemma="[{'id':225505,'ls':[{'id':7683,'name':'quam','wfs':[{'id':225506,'morph':{'Pos':'ADV'},'name':'quam'}]}],'name':'quam@ADV'}]">quam</w><c> </c><w lemma="[{'id':6741602,'ls':[{'id':7228,'name':'possum','wfs':[{'id':244516516,'morph':{'Mood':'SUBJUNCTIVE','Numerus':'SINGULAR','Person':'PERSON_3','Pos':'V','Tense':'PRESENT','VerbType':'VERBA_ANOMALA','Voice':'ACTIVE'},'name':'possit'}]}],'name':'possum@V'}]">possit</w><c> </c><w lemma="[{'id':5515945,'ls':[{'id':4393,'name':'flagito','wfs':[{'id':5516026,'morph':{'ConjugationType':'FIRST_CONJUGATION','Mood':'INFINITIVE','Pos':'V','Tense':'PRESENT','VerbType':'TRANSITIVE','Voice':'ACTIVE'},'name':'flagitare'}]}],'name':'flagito@V'}]">flagitare</w><c> </c><w lemma="[{'id':1187795,'ls':[{'id':6355,'name':'necessitas','wfs':[{'id':1187810,'morph':{'Casus':'NOMINATIVE','DeclensionType':'THIRD_DECLENSION','Genus':'FEMININE','Numerus':'SINGULAR','Pos':'NN'},'name':'necessitas'}]}],'name':'necessitas@NN'}]">necessitas</w><c>,</c><c> </c><w lemma="[{'id':110061,'ls':[{'id':110062,'name':'ut','wfs':[{'id':110063,'morph':{'Pos':'CON'},'name':'ut'}]}],'name':'ut@CON'}]">ut</w><c>,</c><c> </c><w lemma="[{'id':241279615,'ls':[{'id':241279619,'name':'cum','wfs':[{'id':241279620,'morph':{'Pos':'CON'},'name':'cum'}]}],'name':'cum@CON'}]">cum</w><c> </c><w lemma="[{'id':1412956,'ls':[{'id':8776,'name':'tempus','wfs':[{'id':1412971,'morph':{'Casus':'NOMINATIVE','DeclensionType':'THIRD_DECLENSION','Genus':'NEUTER','Numerus':'SINGULAR','Pos':'NN'},'name':'tempus'}]}],'name':'tempus@NN'}]">tempus</w><c> </c><w lemma="[{'id':5367339,'ls':[{'id':4086,'name':'exigo','wfs':[{'id':5367678,'morph':{'ConjugationType':'THIRD_CONJUGATION','Mood':'INDICATIVE','Numerus':'SINGULAR','Person':'PERSON_3','Pos':'V','Tense':'FUTURE_PERFECT','VerbType':'TRANSITIVE','Voice':'ACTIVE'},'name':'exegerit'}]}],'name':'exigo@V'}]">exegerit</w><c>,</c><c> </c><w lemma="[{'id':2764875,'ls':[{'id':6798,'name':'paratus','wfs':[{'id':2764915,'morph':{'Casus':'NOMINATIVE','ComparisonDegree':'COMPARATIVE','DeclensionType':'THIRD_DECLENSION','Genus':'MASCULINE','Numerus':'PLURAL','Pos':'ADJ'},'name':'paratiores'}]}],'name':'paratus@ADJ'}]">paratiores</w><c> </c><w lemma="[{'id':109453,'ls':[{'id':109454,'name':'ad','wfs':[{'id':109455,'morph':{'Pos':'AP'},'name':'ad'}]}],'name':'ad@AP'}]">ad</w><c> </c><w lemma="[{'id':1082536,'ls':[{'id':4982,'name':'imperatum','wfs':[{'id':1082537,'morph':{'Casus':'ACCUSATIVE','DeclensionType':'SECOND_DECLENSION','Genus':'NEUTER','Numerus':'PLURAL','Pos':'NN'},'name':'imperata'}]}],'name':'imperatum@NN'}]">imperata</w><c> </c><lb n="32" xml:id="bsb00000824_00220_32"></lb><w lemma="[{'id':7595468,'ls':[{'id':8626,'name':'sufficio','wfs':[{'id':7595757,'morph':{'ConjugationType':'THIRD_CONJUGATION','Mood':'SUBJUNCTIVE','Numerus':'PLURAL','Person':'PERSON_3','Pos':'V','Tense':'PRESENT','VerbType':'TRANSITIVE','Voice':'ACTIVE'},'name':'sufficiant'}]}],'name':'sufficio@V'}]">sufficiant</w><c>.</c><c> </c></s><s><w lemma="[{'id':783494,'ls':[{'id':1043,'name':'ars','wfs':[{'id':783513,'morph':{'Casus':'NOMINATIVE','DeclensionType':'THIRD_DECLENSION','Genus':'FEMININE','Numerus':'SINGULAR','Pos':'NN'},'name':'ars'}]}],'name':'ars@NN'}]">ars</w><c> </c><w lemma="[{'id':109821,'ls':[{'id':109822,'name':'enim','wfs':[{'id':109823,'morph':{'Pos':'CON'},'name':'enim'}]}],'name':'enim@CON'}]">enim</w><c> </c><w lemma="[{'id':3900185,'ls':[{'id':1325,'name':'bello','wfs':[{'id':498658521,'morph':{'Casus':'GENITIVE','DeclensionType':'SECOND_DECLENSION','Genus':'NEUTER','Mood':'GERUND','Numerus':'SINGULAR','Pos':'V'},'name':'bellandi'}]}],'name':'bello@V'}]">bellandi</w><c>,</c><c> </c><w lemma="[{'id':110020,'ls':[{'id':110021,'name':'si','wfs':[{'id':110022,'morph':{'Pos':'CON'},'name':'si'}]}],'name':'si@CON'}]">si</w><c> </c><w lemma="[{'id':206035,'ls':[{'id':6416,'name':'non','wfs':[{'id':241322627,'morph':{'Pos':'ADV'},'name':'non'}]}],'name':'non@ADV'}]">non</w><c> </c><w lemma="[{'id':6806059,'ls':[{'id':6806060,'name':'praeludo','wfs':[{'id':6806381,'morph':{'ConjugationType':'THIRD_CONJUGATION','Mood':'INDICATIVE','Numerus':'SINGULAR','Person':'PERSON_3','Pos':'V','Tense':'PRESENT','VerbType':'TRANSITIVE','Voice':'PASSIVE'},'name':'praeluditur'}]}],'name':'praeludo@V'}]">praeluditur</w><c>,</c><c> </c><w lemma="[{'id':241279615,'ls':[{'id':241279619,'name':'cum','wfs':[{'id':241279620,'morph':{'Pos':'CON'},'name':'cum'}]}],'name':'cum@CON'}]">cum</w><c> </c><w lemma="[{'id':7617143,'ls':[{'id':7617144,'name':'sum','wfs':[{'id':242825885,'morph':{'Mood':'INDICATIVE','Numerus':'SINGULAR','Person':'PERSON_3','Pos':'V','Tense':'FUTURE_PERFECT','VerbType':'VERBA_ANOMALA','Voice':'ACTIVE'},'name':'fuerit'}]}],'name':'sum@V'}]">fuerit</w><c> </c><w lemma="[{'id':2696084,'ls':[{'id':6352,'name':'necessarius','wfs':[{'id':2696162,'morph':{'Casus':'NOMINATIVE','ComparisonDegree':'POSITIVE','DeclensionType':'FIRST_DECLENSION','Genus':'FEMININE','Numerus':'SINGULAR','Pos':'ADJ'},'name':'necessaria'}]}],'name':'necessarius@ADJ'}]">necessaria</w><c>,</c><c> </c><w lemma="[{'id':206035,'ls':[{'id':6416,'name':'non','wfs':[{'id':241322627,'morph':{'Pos':'ADV'},'name':'non'}]}],'name':'non@ADV'}]">non</w><c> </c><w lemma="[{'id':5618354,'ls':[{'id':4757,'name':'habeo','wfs':[{'id':5618705,'morph':{'ConjugationType':'SECOND_CONJUGATION','Mood':'INDICATIVE','Numerus':'SINGULAR','Person':'PERSON_3','Pos':'V','Tense':'PRESENT','VerbType':'TRANSITIVE','Voice':'PASSIVE'},'name':'habetur'}]}],'name':'habeo@V'}]">habetur</w><c>.</c><c> </c><pb n="37" xml:id="bsb00000824_00221"></pb><lb n="1" xml:id="bsb00000824_00221_1"></lb></s><s><w lemma="[{'id':222625,'ls':[{'id':222628,'name':'proinde','wfs':[{'id':222631,'morph':{'ComparisonDegree':'POSITIVE','Pos':'ADV'},'name':'proinde'}]}],'name':'proinde@ADV'}]">proinde</w><c> </c><w lemma="[{'id':2413908,'ls':[{'id':4928,'name':'illustris','wfs':[{'id':2414004,'morph':{'Casus':'NOMINATIVE','ComparisonDegree':'POSITIVE','DeclensionType':'THIRD_DECLENSION','Genus':'FEMININE','Numerus':'SINGULAR','Pos':'ADJ'},'name':'illustris'}]}],'name':'illustris@ADJ'}]">illustris</w><c> </c><w lemma="[{'id':1384599,'ls':[{'id':8566,'name':'sublimitas','wfs':[{'id':1384613,'morph':{'Casus':'NOMINATIVE','DeclensionType':'THIRD_DECLENSION','Genus':'FEMININE','Numerus':'SINGULAR','Pos':'NN'},'name':'sublimitas'}]}],'name':'sublimitas@NN'}]">sublimitas</w><c> </c><w lemma="[{'id':244512131,'ls':[{'id':244512132,'name':'tuus','wfs':[{'id':244512186,'morph':{'Casus':'NOMINATIVE','DeclensionType':'FIRST_DECLENSION','Genus':'FEMININE','Numerus':'SINGULAR','Pos':'PRO','PronounType':'POSSESSIVE'},'name':'tua'}]}],'name':'tuus@PRO'}]">tua</w><c> </c><w lemma="[{'id':241572199,'ls':[{'id':241572200,'name':'Salonitanus','wfs':[{'id':779581915,'morph':{'Casus':'ABLATIVE','ComparisonDegree':'POSITIVE','DeclensionType':'SECOND_DECLENSION','Genus':'MASCULINE','Numerus':'PLURAL','Pos':'ADJ'},'name':'Salonitanis'}]}],'name':'Salonitanus@ADJ'}]">Salonitanis</w><c> </c><w lemma="[{'id':1167745,'ls':[{'id':6107,'name':'miles','wfs':[{'id':243394611,'morph':{'Casus':'DATIVE','DeclensionType':'THIRD_DECLENSION','Genus':'MASCULINE','Numerus':'PLURAL','Pos':'NN'},'name':'militibus'}]}],'name':'miles@NN'}]">militibus</w><c>,</c><c> </c><w lemma="[{'id':241343702,'ls':[{'id':241343703,'name':'ut','wfs':[{'id':241343704,'morph':{'Pos':'ADV'},'name':'ut'}]}],'name':'ut@ADV'}]">ut</w><c> </c><w lemma="[{'id':242816363,'ls':[{'id':242816364,'name':'qui','wfs':[{'id':743447593,'morph':{'Casus':'DATIVE','Genus':'MASCULINE','Numerus':'SINGULAR','Pos':'PRO','PronounType':'RELATIVE'},'name':'cuique'}]}],'name':'qui@PRO'}]">cuique</w><c> </c><w lemma="[{'id':242816792,'ls':[{'id':242816793,'name':'sui','wfs':[{'id':594734074,'morph':{'Casus':'ACCUSATIVE','Genus':'MASCULINE','Numerus':'SINGULAR','Pos':'PRO','PronounType':'REFLEXIVE'},'name':'se'}]}],'name':'sui@PRO'}]">se</w><c> </c><w lemma="[{'id':5381179,'ls':[{'id':4110,'name':'expedio','wfs':[{'id':497468385,'morph':{'Casus':'GENITIVE','DeclensionType':'SECOND_DECLENSION','Genus':'NEUTER','Mood':'GERUND','Numerus':'SINGULAR','Pos':'V'},'name':'expediendi'}]}],'name':'expedio@V'}]">expediendi</w><c> </c><w lemma="[{'id':1026055,'ls':[{'id':4242,'name':'facultas','wfs':[{'id':1026070,'morph':{'Casus':'NOMINATIVE','DeclensionType':'THIRD_DECLENSION','Genus':'FEMININE','Numerus':'SINGULAR','Pos':'NN'},'name':'facultas'}]}],'name':'facultas@NN'}]">facultas</w><c> </c><lb n="2" xml:id="bsb00000824_00221_2"></lb><w lemma="[{'id':6465479,'ls':[{'id':6604,'name':'offero','wfs':[{'id':6465910,'morph':{'ConjugationType':'THIRD_CONJUGATION','Mood':'INDICATIVE','Numerus':'SINGULAR','Person':'PERSON_3','Pos':'V','Tense':'FUTURE_PERFECT','VerbType':'TRANSITIVE','Voice':'ACTIVE'},'name':'obtulerit'}]}],'name':'offero@V'}]">obtulerit</w><c>,</c><c> </c><w lemma="[{'id':109629,'ls':[{'id':109630,'name':'pro','wfs':[{'id':109631,'morph':{'Pos':'AP'},'name':'pro'}]}],'name':'pro@AP'}]">pro</w><c> </c><w lemma="[{'id':244510439,'ls':[{'id':244510440,'name':'noster','wfs':[{'id':6614821,'morph':{'Casus':'ABLATIVE','DeclensionType':'FIRST_DECLENSION','Genus':'FEMININE','Numerus':'SINGULAR','Pos':'PRO','PronounType':'POSSESSIVE'},'name':'nostra'}]}],'name':'noster@PRO'}]">nostra</w><c> </c><w lemma="[{'id':1123200,'ls':[{'id':1123201,'name':'iussio','wfs':[{'id':243379762,'morph':{'Casus':'ABLATIVE','DeclensionType':'THIRD_DECLENSION','Genus':'FEMININE','Numerus':'SINGULAR','Pos':'NN'},'name':'iussione'}]}],'name':'iussio@NN'}]">iussione</w><c> </c><w lemma="[{'id':780999,'ls':[{'id':781000,'name':'arma','wfs':[{'id':243258649,'morph':{'Casus':'ACCUSATIVE','DeclensionType':'SECOND_DECLENSION','Genus':'NEUTER','Numerus':'PLURAL','Pos':'NN'},'name':'arma'}]}],'name':'arma@NN'}]">arma</w><c> </c><w lemma="[{'id':1187786,'ls':[{'id':1187787,'name':'necessarium','wfs':[{'id':241437867,'morph':{'Casus':'ACCUSATIVE','DeclensionType':'SECOND_DECLENSION','Genus':'NEUTER','Numerus':'PLURAL','Pos':'NN'},'name':'necessaria'}]}],'name':'necessarium@NN'}]">necessaria</w><c> </c><w lemma="[{'id':6901697,'ls':[{'id':7428,'name':'procuro','wfs':[{'id':6902022,'morph':{'ConjugationType':'FIRST_CONJUGATION','Mood':'INDICATIVE','Numerus':'SINGULAR','Person':'PERSON_3','Pos':'V','Tense':'FUTURE','VerbType':'TRANSITIVE','Voice':'ACTIVE'},'name':'procurabit'}]}],'name':'procuro@V'}]">procurabit</w><c>,</c><c> </c><w lemma="[{'id':109966,'ls':[{'id':109967,'name':'quia','wfs':[{'id':109968,'morph':{'Pos':'CON'},'name':'quia'}]}],'name':'quia@CON'}]">quia</w><c> </c><w lemma="[{'id':2323250,'ls':[{'id':4358,'name':'fidus','wfs':[{'id':2323337,'morph':{'Casus':'NOMINATIVE','ComparisonDegree':'POSITIVE','DeclensionType':'FIRST_DECLENSION','Genus':'FEMININE','Numerus':'SINGULAR','Pos':'ADJ'},'name':'fida'}]}],'name':'fidus@ADJ'}]">fida</w><c> </c><w lemma="[{'id':1322669,'ls':[{'id':964024,'name':'res','wfs':[{'id':964027,'morph':{'Casus':'GENITIVE','DeclensionType':'FIFTH_DECLENSION','Genus':'FEMININE','Numerus':'SINGULAR','Pos':'NN'},'name':'rei'}]}],'name':'res@NN'}]">rei</w><c> </c><w lemma="[{'id':2914003,'ls':[{'id':7599,'name':'publicus','wfs':[{'id':2914072,'morph':{'Casus':'GENITIVE','ComparisonDegree':'POSITIVE','DeclensionType':'FIRST_DECLENSION','Genus':'FEMININE','Numerus':'SINGULAR','Pos':'ADJ'},'name':'publicae'}]}],'name':'publicus@ADJ'}]">publicae</w><c> </c><w lemma="[{'id':1339480,'ls':[{'id':8076,'name':'salus','wfs':[{'id':241477324,'morph':{'Casus':'NOMINATIVE','DeclensionType':'THIRD_DECLENSION','Genus':'FEMININE','Numerus':'SINGULAR','Pos':'NN'},'name':'salus'}]}],'name':'salus@NN'}]">salus</w><c> </c><lb n="3" xml:id="bsb00000824_00221_3"></lb><w lemma="[{'id':7617143,'ls':[{'id':7617144,'name':'sum','wfs':[{'id':242825881,'morph':{'Mood':'INDICATIVE','Numerus':'SINGULAR','Person':'PERSON_3','Pos':'V','Tense':'PRESENT','VerbType':'VERBA_ANOMALA','Voice':'ACTIVE'},'name':'est'}]}],'name':'sum@V'}]">est</w><c> </c><w lemma="[{'id':942038,'ls':[{'id':3109,'name':'defensor','wfs':[{'id':942051,'morph':{'Casus':'NOMINATIVE','DeclensionType':'THIRD_DECLENSION','Genus':'MASCULINE','Numerus':'SINGULAR','Pos':'NN'},'name':'defensor'}]}],'name':'defensor@NN'}]">defensor</w><c> </c><w lemma="[{'id':1667582,'ls':[{'id':1667583,'name':'armatus','wfs':[{'id':1667671,'morph':{'Casus':'NOMINATIVE','ComparisonDegree':'POSITIVE','DeclensionType':'SECOND_DECLENSION','Genus':'MASCULINE','Numerus':'SINGULAR','Pos':'ADJ'},'name':'armatus'}]}],'name':'armatus@ADJ'}]">armatus</w><c>.</c><c> </c></s><s><w lemma="[{'id':5027065,'ls':[{'id':3565,'name':'disco','wfs':[{'id':5027389,'morph':{'ConjugationType':'THIRD_CONJUGATION','Mood':'SUBJUNCTIVE','Numerus':'SINGULAR','Person':'PERSON_3','Pos':'V','Tense':'PRESENT','VerbType':'TRANSITIVE','Voice':'ACTIVE'},'name':'discat'}]}],'name':'disco@V'}]">discat</w><c> </c><w lemma="[{'id':1167745,'ls':[{'id':6107,'name':'miles','wfs':[{'id':1167752,'morph':{'Casus':'NOMINATIVE','DeclensionType':'THIRD_DECLENSION','Genus':'MASCULINE','Numerus':'SINGULAR','Pos':'NN'},'name':'miles'}]}],'name':'miles@NN'}]">miles</w><c> </c><w lemma="[{'id':109577,'ls':[{'id':109578,'name':'in','wfs':[{'id':109579,'morph':{'Pos':'AP'},'name':'in'}]}],'name':'in@AP'}]">in</w><c> </c><w lemma="[{'id':1218912,'ls':[{'id':6721,'name':'otium','wfs':[{'id':243412176,'morph':{'Casus':'ABLATIVE','DeclensionType':'SECOND_DECLENSION','Genus':'NEUTER','Numerus':'SINGULAR','Pos':'NN'},'name':'otio'}]}],'name':'otium@NN'}]">otio</w><c>,</c><c> </c><w lemma="[{'id':242816363,'ls':[{'id':242816364,'name':'qui','wfs':[{'id':296826590,'morph':{'Casus':'NOMINATIVE','Genus':'NEUTER','Numerus':'SINGULAR','Pos':'PRO','PronounType':'RELATIVE'},'name':'quod'}]}],'name':'qui@PRO'}]">quod</w><c> </c><w lemma="[{'id':6595696,'ls':[{'id':6946,'name':'perficio','wfs':[{'id':6595777,'morph':{'ConjugationType':'THIRD_CONJUGATION','Mood':'INFINITIVE','Pos':'V','Tense':'PRESENT','VerbType':'TRANSITIVE','Voice':'ACTIVE'},'name':'perficere'}]}],'name':'perficio@V'}]">perficere</w><c> </c><w lemma="[{'id':6741602,'ls':[{'id':7228,'name':'possum','wfs':[{'id':244516516,'morph':{'Mood':'SUBJUNCTIVE','Numerus':'SINGULAR','Person':'PERSON_3','Pos':'V','Tense':'PRESENT','VerbType':'VERBA_ANOMALA','Voice':'ACTIVE'},'name':'possit'}]}],'name':'possum@V'}]">possit</w><c> </c><w lemma="[{'id':109577,'ls':[{'id':109578,'name':'in','wfs':[{'id':109579,'morph':{'Pos':'AP'},'name':'in'}]}],'name':'in@AP'}]">in</w><c> </c><w lemma="[{'id':809671,'ls':[{'id':1324,'name':'bellum','wfs':[{'id':809681,'morph':{'Casus':'ABLATIVE','DeclensionType':'SECOND_DECLENSION','Genus':'NEUTER','Numerus':'SINGULAR','Pos':'NN'},'name':'bello'}]}],'name':'bellum@NN'}]">bello</w><c>.</c><c> </c></s><s><w lemma="[{'id':758332,'ls':[{'id':792,'name':'animus','wfs':[{'id':243251942,'morph':{'Casus':'ACCUSATIVE','DeclensionType':'SECOND_DECLENSION','Genus':'MASCULINE','Numerus':'PLURAL','Pos':'NN'},'name':'animos'}]}],'name':'animus@NN'}]">animos</w><c> </c><lb n="4" xml:id="bsb00000824_00221_4"></lb><w lemma="[{'id':239072,'ls':[{'id':239073,'name':'subito','wfs':[{'id':239074,'morph':{'Pos':'ADV'},'name':'subito'}]}],'name':'subito@ADV'}]">subito</w><c> </c><w lemma="[{'id':109453,'ls':[{'id':109454,'name':'ad','wfs':[{'id':109455,'morph':{'Pos':'AP'},'name':'ad'}]}],'name':'ad@AP'}]">ad</w><c> </c><w lemma="[{'id':780999,'ls':[{'id':781000,'name':'arma','wfs':[{'id':243258649,'morph':{'Casus':'ACCUSATIVE','DeclensionType':'SECOND_DECLENSION','Genus':'NEUTER','Numerus':'PLURAL','Pos':'NN'},'name':'arma'}]}],'name':'arma@NN'}]">arma</w><c> </c><w lemma="[{'id':206035,'ls':[{'id':6416,'name':'non','wfs':[{'id':241322627,'morph':{'Pos':'ADV'},'name':'non'}]}],'name':'non@ADV'}]">non</w><c> </c><w lemma="[{'id':5245621,'ls':[{'id':3939,'name':'erigo','wfs':[{'id':5245898,'morph':{'ConjugationType':'THIRD_CONJUGATION','Mood':'INDICATIVE','Numerus':'PLURAL','Person':'PERSON_3','Pos':'V','Tense':'PRESENT','VerbType':'TRANSITIVE','Voice':'ACTIVE'},'name':'erigunt'}]}],'name':'erigo@V'}]">erigunt</w><c> </c><w lemma="[{'id':109907,'ls':[{'id':109908,'name':'nisi','wfs':[{'id':109909,'morph':{'Pos':'CON'},'name':'nisi'}]}],'name':'nisi@CON'}]">nisi</w><c> </c><w lemma="[{'id':242816363,'ls':[{'id':242816364,'name':'qui','wfs':[{'id':296826592,'morph':{'Casus':'NOMINATIVE','Genus':'MASCULINE','Numerus':'PLURAL','Pos':'PRO','PronounType':'RELATIVE'},'name':'qui'}]}],'name':'qui@PRO'}]">qui</w><c> </c><w lemma="[{'id':242816792,'ls':[{'id':242816793,'name':'sui','wfs':[{'id':594734072,'morph':{'Casus':'ACCUSATIVE','Genus':'MASCULINE','Numerus':'PLURAL','Pos':'PRO','PronounType':'REFLEXIVE'},'name':'se'}]}],'name':'sui@PRO'}]">se</w><c> </c><w lemma="[{'id':109453,'ls':[{'id':109454,'name':'ad','wfs':[{'id':109455,'morph':{'Pos':'AP'},'name':'ad'}]}],'name':'ad@AP'}]">ad</w><c> </c><w lemma="[{'id':242816153,'ls':[{'id':242816154,'name':'ipse','wfs':[{'id':244510007,'morph':{'Casus':'ABLATIVE','Genus':'FEMININE','Numerus':'SINGULAR','Pos':'PRO','PronounType':'DEMONSTRATIVE'},'name':'ipsa'}]}],'name':'ipse@PRO'}]">ipsa</w><c> </c><w lemma="[{'id':2403147,'ls':[{'id':2403148,'name':'idoneus','wfs':[{'id':2403175,'morph':{'Casus':'ACCUSATIVE','ComparisonDegree':'POSITIVE','DeclensionType':'SECOND_DECLENSION','Genus':'MASCULINE','Numerus':'PLURAL','Pos':'ADJ'},'name':'idoneos'}]}],'name':'idoneus@ADJ'}]">idoneos</w><c> </c><w lemma="[{'id':6811032,'ls':[{'id':6811033,'name':'praemitto','wfs':[{'id':6811092,'morph':{'Casus':'ABLATIVE','ConjugationType':'THIRD_CONJUGATION','Genus':'FEMININE','Mood':'PARTICIPLE','Numerus':'SINGULAR','Pos':'V','Tense':'PERFECT','VerbType':'TRANSITIVE','Voice':'PASSIVE'},'name':'praemissa'}]}],'name':'praemitto@V'}]">praemissa</w><c> </c><w lemma="[{'id':1013348,'ls':[{'id':4075,'name':'exercitatio','wfs':[{'id':243340389,'morph':{'Casus':'ABLATIVE','DeclensionType':'THIRD_DECLENSION','Genus':'FEMININE','Numerus':'SINGULAR','Pos':'NN'},'name':'exercitatione'}]}],'name':'exercitatio@NN'}]">exercitatione</w><c> </c><lb n="5" xml:id="bsb00000824_00221_5"></lb><w lemma="[{'id':4425041,'ls':[{'id':244530666,'name':'confido','wfs':[{'id':244445395,'morph':{'ConjugationType':'THIRD_CONJUGATION','Mood':'INDICATIVE','Numerus':'PLURAL','Person':'PERSON_3','Pos':'V','Tense':'PRESENT','VerbType':'SEMIDEPONENT','Voice':'ACTIVE'},'name':'confidunt'}]}],'name':'confido@V'}]">confidunt</w><c>.</c><c> </c></s><s><w lemma="[{'id':5592998,'ls':[{'id':4654,'name':'gestio','wfs':[{'id':5593299,'morph':{'ConjugationType':'FOURTH_CONJUGATION','Mood':'INDICATIVE','Numerus':'PLURAL','Person':'PERSON_3','Pos':'V','Tense':'PRESENT','VerbType':'TRANSITIVE','Voice':'ACTIVE'},'name':'gestiunt'}]}],'name':'gestio@V'}]">gestiunt</w><c> </c><w lemma="[{'id':1470248,'ls':[{'id':9312,'name':'vitulus','wfs':[{'id':1470269,'morph':{'Casus':'NOMINATIVE','DeclensionType':'SECOND_DECLENSION','Genus':'MASCULINE','Numerus':'PLURAL','Pos':'NN'},'name':'vituli'}]}],'name':'vitulus@NN'}]">vituli</w><c> </c><w lemma="[{'id':846666,'ls':[{'id':1774,'name':'certamen','wfs':[{'id':243280138,'morph':{'Casus':'ACCUSATIVE','DeclensionType':'THIRD_DECLENSION','Genus':'NEUTER','Numerus':'PLURAL','Pos':'NN'},'name':'certamina'}]}],'name':'certamen@NN'}]">certamina</w><c>,</c><c> </c><w lemma="[{'id':242816363,'ls':[{'id':242816364,'name':'qui','wfs':[{'id':242816385,'morph':{'Casus':'ACCUSATIVE','Genus':'NEUTER','Numerus':'PLURAL','Pos':'PRO','PronounType':'RELATIVE'},'name':'quae'}]}],'name':'qui@PRO'}]">quae</w><c> </c><w lemma="[{'id':5732472,'ls':[{'id':4999,'name':'impleo','wfs':[{'id':5732775,'morph':{'ConjugationType':'SECOND_CONJUGATION','Mood':'SUBJUNCTIVE','Numerus':'PLURAL','Person':'PERSON_3','Pos':'V','Tense':'PRESENT','VerbType':'TRANSITIVE','Voice':'ACTIVE'},'name':'impleant'}]}],'name':'impleo@V'}]">impleant</w><c> </c><w lemma="[{'id':731884,'ls':[{'id':538,'name':'aetas','wfs':[{'id':243244786,'morph':{'Casus':'ABLATIVE','DeclensionType':'THIRD_DECLENSION','Genus':'FEMININE','Numerus':'SINGULAR','Pos':'NN'},'name':'aetate'}]}],'name':'aetas@NN'}]">aetate</w><c> </c><w lemma="[{'id':2992706,'ls':[{'id':7990,'name':'robustus','wfs':[{'id':2992784,'morph':{'Casus':'ABLATIVE','ComparisonDegree':'POSITIVE','DeclensionType':'FIRST_DECLENSION','Genus':'FEMININE','Numerus':'SINGULAR','Pos':'ADJ'},'name':'robusta'}]}],'name':'robustus@ADJ'}]">robusta</w><c>:</c><c> </c><w lemma="[{'id':839111,'ls':[{'id':1700,'name':'catulus','wfs':[{'id':839117,'morph':{'Casus':'NOMINATIVE','DeclensionType':'SECOND_DECLENSION','Genus':'MASCULINE','Numerus':'PLURAL','Pos':'NN'},'name':'catuli'}]}],'name':'catulus@NN'}]">catuli</w><c> </c><w lemma="[{'id':109577,'ls':[{'id':109578,'name':'in','wfs':[{'id':109579,'morph':{'Pos':'AP'},'name':'in'}]}],'name':'in@AP'}]">in</w><c> </c><w lemma="[{'id':2705629,'ls':[{'id':2705742,'name':'novellus','wfs':[{'id':2705749,'morph':{'Casus':'ABLATIVE','ComparisonDegree':'POSITIVE','DeclensionType':'FIRST_DECLENSION','Genus':'FEMININE','Numerus':'PLURAL','Pos':'ADJ'},'name':'novellis'}]}],'name':'novellus@ADJ'}]">novellis</w><c> </c><lb n="6" xml:id="bsb00000824_00221_6"></lb><w lemma="[{'id':1451490,'ls':[{'id':9155,'name':'venatio','wfs':[{'id':243494696,'morph':{'Casus':'ABLATIVE','DeclensionType':'THIRD_DECLENSION','Genus':'FEMININE','Numerus':'PLURAL','Pos':'NN'},'name':'venationibus'}]}],'name':'venatio@NN'}]">venationibus</w><c> </c><w lemma="[{'id':6177818,'ls':[{'id':5838,'name':'ludo','wfs':[{'id':6178095,'morph':{'ConjugationType':'THIRD_CONJUGATION','Mood':'INDICATIVE','Numerus':'PLURAL','Person':'PERSON_3','Pos':'V','Tense':'PRESENT','VerbType':'TRANSITIVE','Voice':'ACTIVE'},'name':'ludunt'}]}],'name':'ludo@V'}]">ludunt</w><c>.</c><c> </c></s><s><w lemma="[{'id':1037789,'ls':[{'id':4426,'name':'focus','wfs':[{'id':243349201,'morph':{'Casus':'ACCUSATIVE','DeclensionType':'SECOND_DECLENSION','Genus':'MASCULINE','Numerus':'PLURAL','Pos':'NN'},'name':'focos'}]}],'name':'focus@NN'}]">focos</w><c> </c><w lemma="[{'id':242816153,'ls':[{'id':242816154,'name':'ipse','wfs':[{'id':244509969,'morph':{'Casus':'ACCUSATIVE','Genus':'MASCULINE','Numerus':'PLURAL','Pos':'PRO','PronounType':'DEMONSTRATIVE'},'name':'ipsos'}]}],'name':'ipse@PRO'}]">ipsos</w><c> </c><w lemma="[{'id':4347637,'ls':[{'id':2246,'name':'comprehendo','wfs':[{'id':4347718,'morph':{'ConjugationType':'THIRD_CONJUGATION','Mood':'INFINITIVE','Pos':'V','Tense':'PRESENT','VerbType':'TRANSITIVE','Voice':'ACTIVE'},'name':'comprehendere'}]}],'name':'comprehendo@V'}]">comprehendere</w><c> </c><w lemma="[{'id':1467171,'ls':[{'id':1467189,'name':'virgultum','wfs':[{'id':1467191,'morph':{'Casus':'ABLATIVE','DeclensionType':'SECOND_DECLENSION','Genus':'NEUTER','Numerus':'PLURAL','Pos':'NN'},'name':'virgultis'}]}],'name':'virgultum@NN'}]">virgultis</w><c> </c><w lemma="[{'id':3182639,'ls':[{'id':8784,'name':'tener','wfs':[{'id':3182693,'morph':{'Casus':'ABLATIVE','ComparisonDegree':'POSITIVE','DeclensionType':'SECOND_DECLENSION','Genus':'NEUTER','Numerus':'PLURAL','Pos':'ADJ'},'name':'teneris'}]}],'name':'tener@ADJ'}]">teneris</w><c> </c><w lemma="[{'id':5793389,'ls':[{'id':5793390,'name':'inchoo','wfs':[{'id':5793503,'morph':{'ConjugationType':'FIRST_CONJUGATION','Mood':'INDICATIVE','Numerus':'PLURAL','Person':'PERSON_1','Pos':'V','Tense':'PRESENT','VerbType':'TRANSITIVE','Voice':'ACTIVE'},'name':'inchoamus'}]}],'name':'incoho@V'}]">inchoamus</w><c>:</c><c> </c><w lemma="[{'id':137663,'ls':[{'id':1792,'name':'ceterum','wfs':[{'id':137664,'morph':{'ComparisonDegree':'POSITIVE','Pos':'ADV'},'name':'ceterum'}]}],'name':'ceterum@ADV'}]">ceterum</w><c> </c><lb n="7" xml:id="bsb00000824_00221_7"></lb><w lemma="[{'id':110020,'ls':[{'id':110021,'name':'si','wfs':[{'id':110022,'morph':{'Pos':'CON'},'name':'si'}]}],'name':'si@CON'}]">si</w><c> </c><w lemma="[{'id':1331648,'ls':[{'id':7989,'name':'robur','wfs':[{'id':1331670,'morph':{'Casus':'ACCUSATIVE','DeclensionType':'THIRD_DECLENSION','Genus':'NEUTER','Numerus':'PLURAL','Pos':'NN'},'name':'robora'}]}],'name':'robur@NN'}]">robora</w><c> </c><w lemma="[{'id':257961,'ls':[{'id':257962,'name':'primus','wfs':[{'id':257965,'morph':{'Casus':'DATIVE','Genus':'FEMININE','Numerus':'PLURAL','Pos':'ORD'},'name':'primis'}]}],'name':'primus@ORD'}]">primis</w><c> </c><w lemma="[{'id':1346433,'ls':[{'id':8165,'name':'scintilla','wfs':[{'id':1346436,'morph':{'Casus':'DATIVE','DeclensionType':'FIRST_DECLENSION','Genus':'FEMININE','Numerus':'PLURAL','Pos':'NN'},'name':'scintillis'}]}],'name':'scintilla@NN'}]">scintillis</w><c> </c><w lemma="[{'id':3443417,'ls':[{'id':260,'name':'adhibeo','wfs':[{'id':3443671,'morph':{'ConjugationType':'SECOND_CONJUGATION','Mood':'SUBJUNCTIVE','Numerus':'SINGULAR','Person':'PERSON_2','Pos':'V','Tense':'PRESENT','VerbType':'TRANSITIVE','Voice':'ACTIVE'},'name':'adhibeas'}]}],'name':'adhibeo@V'}]">adhibeas</w><c>,</c><c> </c><w lemma="[{'id':1076223,'ls':[{'id':1076224,'name':'igniculum','wfs':[{'id':1076232,'morph':{'Casus':'ACCUSATIVE','DeclensionType':'SECOND_DECLENSION','Genus':'NEUTER','Numerus':'SINGULAR','Pos':'NN'},'name':'igniculum'}]}],'name':'igniculus@NN'}]">igniculum</w><c> </c><w lemma="[{'id':6494700,'ls':[{'id':6658,'name':'opprimo','wfs':[{'id':6495336,'morph':{'ConjugationType':'THIRD_CONJUGATION','Mood':'INDICATIVE','Numerus':'SINGULAR','Person':'PERSON_2','Pos':'V','Tense':'PRESENT','VerbType':'TRANSITIVE','Voice':'ACTIVE'},'name':'opprimis'}]}],'name':'opprimo@V'}]">opprimis</w><c>,</c><c> </c><w lemma="[{'id':242816363,'ls':[{'id':242816364,'name':'qui','wfs':[{'id':539256813,'morph':{'Casus':'ACCUSATIVE','Genus':'MASCULINE','Numerus':'SINGULAR','Pos':'PRO','PronounType':'RELATIVE'},'name':'quem'}]}],'name':'qui@PRO'}]">quem</w><c> </c><w lemma="[{'id':5543497,'ls':[{'id':4481,'name':'foveo','wfs':[{'id':5544382,'morph':{'ConjugationType':'SECOND_CONJUGATION','Mood':'INFINITIVE','Pos':'V','Tense':'PRESENT','VerbType':'TRANSITIVE','Voice':'ACTIVE'},'name':'fovere'}]}],'name':'foveo@V'}]">fovere</w><c> </c><w lemma="[{'id':4533371,'ls':[{'id':2636,'name':'contendo','wfs':[{'id':4533602,'morph':{'ConjugationType':'THIRD_CONJUGATION','Mood':'INDICATIVE','Numerus':'SINGULAR','Person':'PERSON_2','Pos':'V','Tense':'PRESENT','VerbType':'TRANSITIVE','Voice':'ACTIVE'},'name':'contendis'}]}],'name':'contendo@V'}]">contendis</w><c>.</c><c> </c></s><s><w lemma="[{'id':235482,'ls':[{'id':8302,'name':'sic','wfs':[{'id':241337168,'morph':{'Pos':'ADV'},'name':'sic'}]}],'name':'sic@ADV'}]">sic</w><c> </c><lb n="8" xml:id="bsb00000824_00221_8"></lb><w lemma="[{'id':758332,'ls':[{'id':792,'name':'animus','wfs':[{'id':758338,'morph':{'Casus':'NOMINATIVE','DeclensionType':'SECOND_DECLENSION','Genus':'MASCULINE','Numerus':'PLURAL','Pos':'NN'},'name':'animi'}]}],'name':'animus@NN'}]">animi</w><c> </c><w lemma="[{'id':1068431,'ls':[{'id':4856,'name':'homo','wfs':[{'id':243358896,'morph':{'Casus':'GENITIVE','DeclensionType':'THIRD_DECLENSION','Genus':'MASCULINE','Numerus':'PLURAL','Pos':'NN'},'name':'hominum'}]}],'name':'homo@NN'}]">hominum</w><c>,</c><c> </c><w lemma="[{'id':109907,'ls':[{'id':109908,'name':'nisi','wfs':[{'id':109909,'morph':{'Pos':'CON'},'name':'nisi'}]}],'name':'nisi@CON'}]">nisi</w><c> </c><w lemma="[{'id':221691,'ls':[{'id':7402,'name':'prius','wfs':[{'id':221692,'morph':{'ComparisonDegree':'POSITIVE','Pos':'ADV'},'name':'prius'}]}],'name':'prius@ADV'}]">prius</w><c> </c><w lemma="[{'id':198792,'ls':[{'id':5689,'name':'leniter','wfs':[{'id':198795,'morph':{'ComparisonDegree':'POSITIVE','Pos':'ADV'},'name':'leniter'}]}],'name':'leniter@ADV'}]">leniter</w><c> </c><w lemma="[{'id':7617143,'ls':[{'id':7617144,'name':'sum','wfs':[{'id':242825883,'morph':{'Mood':'INDICATIVE','Numerus':'PLURAL','Person':'PERSON_3','Pos':'V','Tense':'FUTURE_PERFECT','VerbType':'VERBA_ANOMALA','Voice':'ACTIVE'},'name':'fuerint'}]}],'name':'sum@V'}]">fuerint</w><c> </c><w lemma="[{'id':5688100,'ls':[{'id':4937,'name':'imbuo','wfs':[{'id':5688151,'morph':{'Casus':'NOMINATIVE','ConjugationType':'THIRD_CONJUGATION','Genus':'MASCULINE','Mood':'PARTICIPLE','Numerus':'PLURAL','Pos':'V','Tense':'PERFECT','VerbType':'TRANSITIVE','Voice':'PASSIVE'},'name':'imbuti'}]}],'name':'imbuo@V'}]">imbuti</w><c>,</c><c> </c><w lemma="[{'id':109453,'ls':[{'id':109454,'name':'ad','wfs':[{'id':109455,'morph':{'Pos':'AP'},'name':'ad'}]}],'name':'ad@AP'}]">ad</w><c> </c><w lemma="[{'id':242815996,'ls':[{'id':242815997,'name':'hic','wfs':[{'id':36187642,'morph':{'Casus':'ACCUSATIVE','Genus':'NEUTER','Numerus':'SINGULAR','Pos':'PRO','PronounType':'DEMONSTRATIVE'},'name':'hoc'}]}],'name':'hic@PRO'}]">hoc</w><c>,</c><c> </c><w lemma="[{'id':242816363,'ls':[{'id':242816364,'name':'qui','wfs':[{'id':245004334,'morph':{'Casus':'ACCUSATIVE','Genus':'NEUTER','Numerus':'SINGULAR','Pos':'PRO','PronounType':'RELATIVE'},'name':'quod'}]}],'name':'qui@PRO'}]">quod</w><c> </c><w lemma="[{'id':7781642,'ls':[{'id':8781,'name':'tendo','wfs':[{'id':7781985,'morph':{'ConjugationType':'THIRD_CONJUGATION','Mood':'INDICATIVE','Numerus':'SINGULAR','Person':'PERSON_2','Pos':'V','Tense':'PRESENT','VerbType':'TRANSITIVE','Voice':'ACTIVE'},'name':'tendis'}]}],'name':'tendo@V'}]">tendis</w><c>,</c><c> </c><w lemma="[{'id':2403147,'ls':[{'id':2403148,'name':'idoneus','wfs':[{'id':2403187,'morph':{'Casus':'NOMINATIVE','ComparisonDegree':'POSITIVE','DeclensionType':'SECOND_DECLENSION','Genus':'MASCULINE','Numerus':'PLURAL','Pos':'ADJ'},'name':'idonei'}]}],'name':'idoneus@ADJ'}]">idonei</w><c> </c><w lemma="[{'id':6316598,'ls':[{'id':6316599,'name':'nequeo','wfs':[{'id':241369801,'morph':{'Mood':'INDICATIVE','Numerus':'PLURAL','Person':'PERSON_3','Pos':'V','Tense':'PRESENT','VerbType':'VERBA_ANOMALA','Voice':'ACTIVE'},'name':'nequeunt'}]}],'name':'nequeo@V'}]">nequeunt</w><c> </c><lb n="9" xml:id="bsb00000824_00221_9"></lb><w lemma="[{'id':7166317,'ls':[{'id':7878,'name':'reperio','wfs':[{'id':7166399,'morph':{'ConjugationType':'FOURTH_CONJUGATION','Mood':'INFINITIVE','Pos':'V','Tense':'PRESENT','VerbType':'TRANSITIVE','Voice':'PASSIVE'},'name':'reperiri'}]}],'name':'reperio@V'}]">reperiri</w><c>.</c><c> </c></s><s><w lemma="[{'id':1278588,'ls':[{'id':7393,'name':'primordium','wfs':[{'id':243431587,'morph':{'Casus':'NOMINATIVE','DeclensionType':'SECOND_DECLENSION','Genus':'NEUTER','Numerus':'PLURAL','Pos':'NN'},'name':'primordia'}]}],'name':'primordium@NN'}]">primordia</w><c> </c><w lemma="[{'id':2081351,'ls':[{'id':2081352,'name':'cunctus','wfs':[{'id':2081369,'morph':{'Casus':'NOMINATIVE','ComparisonDegree':'POSITIVE','DeclensionType':'SECOND_DECLENSION','Genus':'NEUTER','Numerus':'PLURAL','Pos':'ADJ'},'name':'cuncta'}]}],'name':'cunctus@ADJ'}]">cuncta</w><c> </c><w lemma="[{'id':2776254,'ls':[{'id':2776367,'name':'pavidus','wfs':[{'id':2776422,'morph':{'Casus':'NOMINATIVE','ComparisonDegree':'POSITIVE','DeclensionType':'SECOND_DECLENSION','Genus':'NEUTER','Numerus':'PLURAL','Pos':'ADJ'},'name':'pavida'}]}],'name':'pavidus@ADJ'}]">pavida</w><c> </c><w lemma="[{'id':7617143,'ls':[{'id':7617144,'name':'sum','wfs':[{'id':242825914,'morph':{'Mood':'INDICATIVE','Numerus':'PLURAL','Person':'PERSON_3','Pos':'V','Tense':'PRESENT','VerbType':'VERBA_ANOMALA','Voice':'ACTIVE'},'name':'sunt'}]}],'name':'sum@V'}]">sunt</w><c> </c><w lemma="[{'id':109828,'ls':[{'id':109829,'name':'et','wfs':[{'id':109830,'morph':{'Pos':'CON'},'name':'et'}]}],'name':'et@CON'}]">et</w><c> </c><w lemma="[{'id':119709,'ls':[{'id':633,'name':'aliter','wfs':[{'id':119712,'morph':{'Pos':'ADV'},'name':'aliter'}]}],'name':'aliter@ADV'}]">aliter</w><c> </c><w lemma="[{'id':1419340,'ls':[{'id':1419341,'name':'timiditas','wfs':[{'id':1419353,'morph':{'Casus':'NOMINATIVE','DeclensionType':'THIRD_DECLENSION','Genus':'FEMININE','Numerus':'SINGULAR','Pos':'NN'},'name':'timiditas'}]}],'name':'timiditas@NN'}]">timiditas</w><c> </c><w lemma="[{'id':206035,'ls':[{'id':6416,'name':'non','wfs':[{'id':241322627,'morph':{'Pos':'ADV'},'name':'non'}]}],'name':'non@ADV'}]">non</w><c> </c><w lemma="[{'id':7803408,'ls':[{'id':8859,'name':'tollo','wfs':[{'id':7804104,'morph':{'ConjugationType':'THIRD_CONJUGATION','Mood':'INDICATIVE','Numerus':'SINGULAR','Person':'PERSON_3','Pos':'V','Tense':'PRESENT','VerbType':'TRANSITIVE','Voice':'PASSIVE'},'name':'tollitur'}]}],'name':'tollo@V'}]">tollitur</w><c>,</c><c> </c><w lemma="[{'id':109907,'ls':[{'id':109908,'name':'nisi','wfs':[{'id':109909,'morph':{'Pos':'CON'},'name':'nisi'}]}],'name':'nisi@CON'}]">nisi</w><c> </c><w lemma="[{'id':241279615,'ls':[{'id':241279619,'name':'cum','wfs':[{'id':241279620,'morph':{'Pos':'CON'},'name':'cum'}]}],'name':'cum@CON'}]">cum</w><c> </c><w lemma="[{'id':1322669,'ls':[{'id':964024,'name':'res','wfs':[{'id':242825947,'morph':{'Casus':'ABLATIVE','DeclensionType':'FIFTH_DECLENSION','Genus':'FEMININE','Numerus':'PLURAL','Pos':'NN'},'name':'rebus'}]}],'name':'res@NN'}]">rebus</w><c> </c><lb n="10" xml:id="bsb00000824_00221_10"></lb><w lemma="[{'id':2696084,'ls':[{'id':6352,'name':'necessarius','wfs':[{'id':2696091,'morph':{'Casus':'ABLATIVE','ComparisonDegree':'POSITIVE','DeclensionType':'FIRST_DECLENSION','Genus':'FEMININE','Numerus':'PLURAL','Pos':'ADJ'},'name':'necessariis'}]}],'name':'necessarius@ADJ'}]">necessariis</w><c> </c><w lemma="[{'id':1193642,'ls':[{'id':6435,'name':'novitas','wfs':[{'id':241458550,'morph':{'Casus':'NOMINATIVE','DeclensionType':'THIRD_DECLENSION','Genus':'FEMININE','Numerus':'SINGULAR','Pos':'NN'},'name':'novitas'}]}],'name':'novitas@NN'}]">novitas</w><c> </c><w lemma="[{'id':3352216,'ls':[{'id':53,'name':'abrogo','wfs':[{'id':3352567,'morph':{'ConjugationType':'FIRST_CONJUGATION','Mood':'INDICATIVE','Numerus':'SINGULAR','Person':'PERSON_3','Pos':'V','Tense':'PRESENT','VerbType':'TRANSITIVE','Voice':'PASSIVE'},'name':'abrogatur'}]}],'name':'abrogo@V'}]">abrogatur</w><c>.</c></s></p></div></body></text></TEI>