<?xml version="1.0" ?><TEI xmlns="http://www.tei-c.org/ns/1.0"><teiHeader><fileDesc><titleStmt><title>MGH Auct. ant. 12: Cassiodori Senatoris Variae</title><editor>Mommsen, Theodor</editor></titleStmt><publicationStmt><publisher>Monumenta Germaniae Historica (MGH)</publisher><publisher>Bavarian State Library (BSB), München</publisher><idno type="BSB">bsb00000824</idno><idno type="MGH"><idno type="Annotation_created_by">sysop</idno><idno type="Annotation_created_on">Wed Oct 18 18:58:04 CEST 2017</idno><idno type="Annotation_last_changed_by">geelhaar</idno><idno type="Annotation_last_changed_on">Thu Aug 20 10:43:40 CEST 2020</idno><idno type="Author_(German)">Cassiodor (Flavius Magnus Aurelius Cassiodorus Senator)</idno><idno type="Author_(Latin)">Cassiodorus Vivariensis</idno><idno type="BSB">bsb00000824</idno><idno type="Bibliographical_Link">http://stabikat.de/DB=1/XMLPRS=N/PPN?PPN=235118842</idno><idno type="C_Stat">06</idno><idno type="C1">06</idno><idno type="C2">05</idno><idno type="Column">058</idno><idno type="Commentary">dated according to the edition (TG)</idno><idno type="Concordance_View">true</idno><idno type="Digital_Edition_Statement">Text retrieved from the critical edition and prepared by the BMBF funded project "Humanist Computer Interaction under Scrutiny"(https://humanist.hs-mainz.de/en/). The Latin Text Archive (LTA) version has been created at Goethe University Frankfurt by the CompHistSem-Work Group (hudesktop.hucompute.org).</idno><idno type="Edition">MGH Auctores antiquissimi 12</idno><idno type="LTA_Export">true</idno><idno type="Licence_Info">CC BY 4.0</idno><idno type="Multiple_Lemmata_under_a_unique_Super_lemma">0.00%</idno><idno type="Multiple_Super_lemmata">0.00%</idno><idno type="Multiple_Wordforms_under_a_unique_Lemma">0.00%</idno><idno type="Multiple_Wordforms._Tagger_based_result._Multiple_Lemmata_possible">0.00%</idno><idno type="Multiple_Wordforms._Tagger_based_result._Multiple_Super_Lemmata_possible">0.00%</idno><idno type="Not_yet_linked_or_unknown_Wordform">0.00%</idno><idno type="Page">058</idno><idno type="Provided_by">Monumenta Germaniae Historica</idno><idno type="RepFontMA">not available</idno><idno type="Status">a</idno><idno type="Text_Type">Letter</idno><idno type="Text_Type_Class">Letters</idno><idno type="Time">507/511</idno><idno type="Title">Variae 02.21 - Iohanni apparatori Theodericus rex</idno><idno type="Type_of_Corpus">Corpus of Letters</idno><idno type="URL">http://www.mgh.de/dmgh/resolving/MGH_Auct._ant._12_S._58</idno><idno type="Unique_Wordform">100,00%</idno><idno type="Unique_Wordform._Tagger_based_result._Multiple_Lemmata_possible">0.00%</idno><idno type="Unique_Wordform._Tagger_based_result._Multiple_Super_lemmata_possible">0.00%</idno><idno type="VIAF_(Expression)">182693798</idno><idno type="VIAF_(Expression)_Link">http://viaf.org/viaf/182693798</idno><idno type="VIAF_(Person)">95230707</idno><idno type="VIAF_(Person)_Link">http://viaf.org/viaf/95230707</idno><idno type="Volume">Auct. ant. 12</idno><idno type="Year_of_Publication_(interpreted)">0511</idno>MGH Auct. ant. 12</idno><availability><licence target="http://creativecommons.org/licenses/by/4.0/"><p>Distributed under the Creative Commons Attribution 4.0 International (CC BY 4.0) license.</p><p>This license covers the annotations added by the Monumenta Germaniae Historica and the
            Bavarian State Library, Munich, in the course of project "digital MGH"
            <ref target="http://www.dmgh.de">http://www.dmgh.de</ref>, funded by the
            German Research Foundation (DFG).</p><p>We do not claim any rights on the text itself which is believed to be in the public domain.</p><p>If you distribute a copy or a derivative version of this file, please indicate the source
            of the file by mentioning the Monumenta Germaniae Historica (MGH) and the
            Bavarian State Library, Munich (BSB).</p></licence></availability><date when="2016-11-28T16:32:43+01:00">2016-11-28, 16:32:43</date></publicationStmt><sourceDesc><biblFull><titleStmt><title>Cassiodori Senatoris Variae</title><editor>Mommsen, Theodor</editor></titleStmt><publicationStmt><publisher>Weidmann</publisher><pubPlace>Berlin</pubPlace><date>1894</date></publicationStmt><seriesStmt><title>Auctores antiquissimi</title><biblScope unit="volume">12</biblScope></seriesStmt></biblFull></sourceDesc></fileDesc></teiHeader><text><body><div><pb n="58" xml:id="bsb00000824_00242"></pb><lb n="1" xml:id="bsb00000824_00242_1"></lb><head n="3"><s><w lemma="[{'id':241346594,'ls':[{'id':241346595,'name':'NUMERAL','wfs':[{'id':498534599,'morph':{'Pos':'NUM'},'name':'xxi'}]}],'name':'NUMERAL@NUM'}]">XXI</w><c>.</c><c> </c><lb n="2" xml:id="bsb00000824_00242_2"></lb><w lemma="[{'id':482230,'ls':[{'id':482455,'name':'Iohannes','wfs':[{'id':488454183,'morph':{'Casus':'DATIVE','DeclensionType':'THIRD_DECLENSION','Genus':'MASCULINE','Numerus':'SINGULAR','Pos':'NP'},'name':'Iohanni'}]}],'name':'Ioannes@NP'}]">IOHANNI</w><c> </c><w lemma="[{'id':768524,'ls':[{'id':768549,'name':'apparitor','wfs':[{'id':243254931,'morph':{'Casus':'DATIVE','DeclensionType':'THIRD_DECLENSION','Genus':'MASCULINE','Numerus':'SINGULAR','Pos':'NN'},'name':'apparitori'}]}],'name':'apparitor@NN'}]">APPARITORI</w><c> </c><w lemma="[{'id':624521,'ls':[{'id':624522,'name':'Theodericus','wfs':[{'id':243244190,'morph':{'Casus':'NOMINATIVE','DeclensionType':'SECOND_DECLENSION','Genus':'MASCULINE','Numerus':'SINGULAR','Pos':'NP'},'name':'Theodericus'}]}],'name':'Theodericus@NP'}]">THEODERICUS</w><c> </c><w lemma="[{'id':1329481,'ls':[{'id':7965,'name':'rex','wfs':[{'id':1329499,'morph':{'Casus':'NOMINATIVE','DeclensionType':'THIRD_DECLENSION','Genus':'MASCULINE','Numerus':'SINGULAR','Pos':'NN'},'name':'rex'}]}],'name':'rex@NN'}]">REX</w><c>.</c></s></head><note><s><hi rend="ITALICS"><w lemma="[{'id':759853,'ls':[{'id':807,'name':'annus','wfs':[{'id':382849904,'morph':{'Casus':'ABLATIVE','DeclensionType':'SECOND_DECLENSION','Genus':'MASCULINE','Numerus':'SINGULAR','Pos':'NN'},'name':'a'}]}],'name':'annus@NN'}]">a</w><c>.</c><c> </c><w lemma="[{'id':241346594,'ls':[{'id':241346595,'name':'NUMERAL','wfs':[{'id':241346596,'morph':{'Pos':'NUM'},'name':'NUMERAL'}]}],'name':'NUMERAL@NUM'}]">507</w><c>/</c><w lemma="[{'id':241346594,'ls':[{'id':241346595,'name':'NUMERAL','wfs':[{'id':241346596,'morph':{'Pos':'NUM'},'name':'NUMERAL'}]}],'name':'NUMERAL@NUM'}]">511</w></hi></s></note><lb n="3" xml:id="bsb00000824_00242_3"></lb><p><s><w lemma="[{'id':2374812,'ls':[{'id':4723,'name':'gravis','wfs':[{'id':2375095,'morph':{'Casus':'NOMINATIVE','ComparisonDegree':'POSITIVE','DeclensionType':'THIRD_DECLENSION','Genus':'NEUTER','Numerus':'SINGULAR','Pos':'ADJ'},'name':'grave'}]}],'name':'gravis@ADJ'}]">Grave</w><c> </c><w lemma="[{'id':205772,'ls':[{'id':6392,'name':'nimis','wfs':[{'id':205773,'morph':{'ComparisonDegree':'POSITIVE','Pos':'ADV'},'name':'nimis'}]}],'name':'nimis@ADV'}]">nimis</w><c> </c><w lemma="[{'id':7617143,'ls':[{'id':7617144,'name':'sum','wfs':[{'id':242825881,'morph':{'Mood':'INDICATIVE','Numerus':'SINGULAR','Person':'PERSON_3','Pos':'V','Tense':'PRESENT','VerbType':'VERBA_ANOMALA','Voice':'ACTIVE'},'name':'est'}]}],'name':'sum@V'}]">est</w><c>,</c><c> </c><w lemma="[{'id':110061,'ls':[{'id':110062,'name':'ut','wfs':[{'id':110063,'morph':{'Pos':'CON'},'name':'ut'}]}],'name':'ut@CON'}]">ut</w><c> </c><w lemma="[{'id':1042397,'ls':[{'id':4525,'name':'fructus','wfs':[{'id':244750567,'morph':{'Casus':'ABLATIVE','DeclensionType':'FOURTH_DECLENSION','Genus':'MASCULINE','Numerus':'SINGULAR','Pos':'NN'},'name':'fructu'}]}],'name':'fructus@NN'}]">fructu</w><c> </c><w lemma="[{'id':1126285,'ls':[{'id':5563,'name':'labor','wfs':[{'id':1126299,'morph':{'Casus':'GENITIVE','DeclensionType':'THIRD_DECLENSION','Genus':'MASCULINE','Numerus':'SINGULAR','Pos':'NN'},'name':'laboris'}]}],'name':'labor@NN'}]">laboris</w><c> </c><w lemma="[{'id':244511757,'ls':[{'id':244511758,'name':'suus','wfs':[{'id':253418516,'morph':{'Casus':'GENITIVE','Genus':'MASCULINE','Numerus':'SINGULAR','Pos':'PRO','PronounType':'POSSESSIVE'},'name':'sui'}]}],'name':'suus@PRO'}]">sui</w><c> </c><w lemma="[{'id':5548016,'ls':[{'id':4495,'name':'fraudo','wfs':[{'id':5548370,'morph':{'ConjugationType':'FIRST_CONJUGATION','Mood':'SUBJUNCTIVE','Numerus':'SINGULAR','Person':'PERSON_3','Pos':'V','Tense':'PRESENT','VerbType':'TRANSITIVE','Voice':'PASSIVE'},'name':'fraudetur'}]}],'name':'fraudo@V'}]">fraudetur</w><c> </c><w lemma="[{'id':2484935,'ls':[{'id':5168,'name':'industrius','wfs':[{'id':2485023,'morph':{'Casus':'NOMINATIVE','ComparisonDegree':'POSITIVE','DeclensionType':'SECOND_DECLENSION','Genus':'MASCULINE','Numerus':'SINGULAR','Pos':'ADJ'},'name':'industrius'}]}],'name':'industrius@ADJ'}]">industrius</w><c> </c><w lemma="[{'id':109828,'ls':[{'id':109829,'name':'et','wfs':[{'id':109830,'morph':{'Pos':'CON'},'name':'et'}]}],'name':'et@CON'}]">et</w><c> </c><w lemma="[{'id':242816363,'ls':[{'id':242816364,'name':'qui','wfs':[{'id':244990008,'morph':{'Casus':'DATIVE','Genus':'MASCULINE','Numerus':'SINGULAR','Pos':'PRO','PronounType':'RELATIVE'},'name':'cui'}]}],'name':'qui@PRO'}]">cui</w><c> </c><w lemma="[{'id':4694501,'ls':[{'id':3027,'name':'debeo','wfs':[{'id':4694851,'morph':{'ConjugationType':'SECOND_CONJUGATION','Mood':'INDICATIVE','Numerus':'SINGULAR','Person':'PERSON_3','Pos':'V','Tense':'PRESENT','VerbType':'TRANSITIVE','Voice':'ACTIVE'},'name':'debet'}]}],'name':'debeo@V'}]">debet</w><c> </c><w lemma="[{'id':109629,'ls':[{'id':109630,'name':'pro','wfs':[{'id':109631,'morph':{'Pos':'AP'},'name':'pro'}]}],'name':'pro@AP'}]">pro</w><c> </c><lb n="4" xml:id="bsb00000824_00242_4"></lb><w lemma="[{'id':1352524,'ls':[{'id':1352525,'name':'sedulitas','wfs':[{'id':243458422,'morph':{'Casus':'ABLATIVE','DeclensionType':'THIRD_DECLENSION','Genus':'FEMININE','Numerus':'SINGULAR','Pos':'NN'},'name':'sedulitate'}]}],'name':'sedulitas@NN'}]">sedulitate</w><c> </c><w lemma="[{'id':4420474,'ls':[{'id':2405,'name':'confero','wfs':[{'id':333898,'morph':{'Mood':'INFINITIVE','Pos':'V','Tense':'PRESENT','VerbType':'VERBA_ANOMALA','Voice':'PASSIVE'},'name':'conferri'}]}],'name':'confero@V'}]">conferri</w><c> </c><w lemma="[{'id':1271648,'ls':[{'id':7311,'name':'praemium','wfs':[{'id':241467926,'morph':{'Casus':'NOMINATIVE','DeclensionType':'SECOND_DECLENSION','Genus':'NEUTER','Numerus':'SINGULAR','Pos':'NN'},'name':'praemium'}]}],'name':'praemium@NN'}]">praemium</w><c>,</c><c> </c><w lemma="[{'id':972649,'ls':[{'id':3600,'name':'dispendium','wfs':[{'id':243325239,'morph':{'Casus':'ACCUSATIVE','DeclensionType':'SECOND_DECLENSION','Genus':'NEUTER','Numerus':'SINGULAR','Pos':'NN'},'name':'dispendium'}]}],'name':'dispendium@NN'}]">dispendium</w><c> </c><w lemma="[{'id':6534354,'ls':[{'id':6845,'name':'patior','wfs':[{'id':6534863,'morph':{'ConjugationType':'THIRD_CONJUGATION','Mood':'SUBJUNCTIVE','Numerus':'SINGULAR','Person':'PERSON_3','Pos':'V','Tense':'PRESENT','VerbType':'DEPONENT','Voice':'PASSIVE'},'name':'patiatur'}]}],'name':'patior@V'}]">patiatur</w><c> </c><w lemma="[{'id':2509151,'ls':[{'id':2509152,'name':'iniustus','wfs':[{'id':2509255,'morph':{'Casus':'ACCUSATIVE','ComparisonDegree':'POSITIVE','DeclensionType':'SECOND_DECLENSION','Genus':'NEUTER','Numerus':'SINGULAR','Pos':'ADJ'},'name':'iniustum'}]}],'name':'iniustus@ADJ'}]">iniustum</w><c>,</c><c> </c><w lemma="[{'id':109577,'ls':[{'id':109578,'name':'in','wfs':[{'id':109579,'morph':{'Pos':'AP'},'name':'in'}]}],'name':'in@AP'}]">in</w><c> </c><w lemma="[{'id':242816207,'ls':[{'id':242816208,'name':'is','wfs':[{'id':422727873,'morph':{'Casus':'ABLATIVE','Genus':'FEMININE','Numerus':'SINGULAR','Pos':'PRO','PronounType':'DEMONSTRATIVE'},'name':'ea'}]}],'name':'is@PRO'}]">ea</w><c> </c><w lemma="[{'id':220523,'ls':[{'id':7335,'name':'praesertim','wfs':[{'id':220524,'morph':{'ComparisonDegree':'POSITIVE','Pos':'ADV'},'name':'praesertim'}]}],'name':'praesertim@ADV'}]">praesertim</w><c> </c><w lemma="[{'id':1322669,'ls':[{'id':964024,'name':'res','wfs':[{'id':964029,'morph':{'Casus':'ABLATIVE','DeclensionType':'FIFTH_DECLENSION','Genus':'FEMININE','Numerus':'SINGULAR','Pos':'NN'},'name':'re'}]}],'name':'res@NN'}]">re</w><c>,</c><c> </c><w lemma="[{'id':242816363,'ls':[{'id':242816364,'name':'qui','wfs':[{'id':296826594,'morph':{'Casus':'NOMINATIVE','Genus':'FEMININE','Numerus':'SINGULAR','Pos':'PRO','PronounType':'RELATIVE'},'name':'quae'}]}],'name':'qui@PRO'}]">quae</w><c> </c><w lemma="[{'id':109453,'ls':[{'id':109454,'name':'ad','wfs':[{'id':109455,'morph':{'Pos':'AP'},'name':'ad'}]}],'name':'ad@AP'}]">ad</w><c> </c><lb n="5" xml:id="bsb00000824_00242_5"></lb><w lemma="[{'id':244510439,'ls':[{'id':244510440,'name':'noster','wfs':[{'id':244510441,'morph':{'Casus':'ACCUSATIVE','DeclensionType':'FIRST_DECLENSION','Genus':'FEMININE','Numerus':'SINGULAR','Pos':'PRO','PronounType':'POSSESSIVE'},'name':'nostram'}]}],'name':'noster@PRO'}]">nostram</w><c> </c><w lemma="[{'id':7203647,'ls':[{'id':7926,'name':'respicio','wfs':[{'id':7203973,'morph':{'ConjugationType':'THIRD_CONJUGATION','Mood':'INDICATIVE','Numerus':'SINGULAR','Person':'PERSON_3','Pos':'V','Tense':'PRESENT','VerbType':'TRANSITIVE','Voice':'ACTIVE'},'name':'respicit'}]}],'name':'respicio@V'}]">respicit</w><c> </c><w lemma="[{'id':1130961,'ls':[{'id':5620,'name':'largitas','wfs':[{'id':243382338,'morph':{'Casus':'ACCUSATIVE','DeclensionType':'THIRD_DECLENSION','Genus':'FEMININE','Numerus':'SINGULAR','Pos':'NN'},'name':'largitatem'}]}],'name':'largitas@NN'}]">largitatem</w><c>:</c><c> </c><w lemma="[{'id':249332,'ls':[{'id':249333,'name':'ubi','wfs':[{'id':249334,'morph':{'Pos':'ADV'},'name':'ubi'}]}],'name':'ubi@ADV'}]">ubi</w><c> </c><w lemma="[{'id':242816277,'ls':[{'id':242816278,'name':'nemo','wfs':[{'id':496762529,'morph':{'Casus':'NOMINATIVE','Genus':'NEUTER','Numerus':'SINGULAR','Pos':'PRO','PronounType':'INDEFINITE'},'name':'nihil'}]}],'name':'nemo@PRO'}]">nihil</w><c> </c><w lemma="[{'id':4694501,'ls':[{'id':3027,'name':'debeo','wfs':[{'id':4694851,'morph':{'ConjugationType':'SECOND_CONJUGATION','Mood':'INDICATIVE','Numerus':'SINGULAR','Person':'PERSON_3','Pos':'V','Tense':'PRESENT','VerbType':'TRANSITIVE','Voice':'ACTIVE'},'name':'debet'}]}],'name':'debeo@V'}]">debet</w><c> </c><w lemma="[{'id':6146105,'ls':[{'id':6146106,'name':'liceo','wfs':[{'id':6146146,'morph':{'ConjugationType':'SECOND_CONJUGATION','Mood':'INFINITIVE','Pos':'V','Tense':'PRESENT','VerbType':'INTRANSITIVE','Voice':'ACTIVE'},'name':'licere'}]}],'name':'liceo@V'}]">licere</w><c> </c><w lemma="[{'id':1188438,'ls':[{'id':6368,'name':'neglegentia','wfs':[{'id':1188461,'morph':{'Casus':'DATIVE','DeclensionType':'FIRST_DECLENSION','Genus':'FEMININE','Numerus':'SINGULAR','Pos':'NN'},'name':'neglegentiae'}]}],'name':'neglegentia@NN'}]">neglegentiae</w><c>,</c><c> </c><w lemma="[{'id':109868,'ls':[{'id':109869,'name':'ne','wfs':[{'id':109870,'morph':{'Pos':'CON'},'name':'ne'}]}],'name':'ne@CON'}]">ne</w><c> </c><w lemma="[{'id':242815904,'ls':[{'id':244520791,'name':'videor','wfs':[{'id':232322879,'morph':{'ConjugationType':'SECOND_CONJUGATION','Mood':'SUBJUNCTIVE','Numerus':'PLURAL','Person':'PERSON_1','Pos':'V','Tense':'PRESENT','VerbType':'DEPONENT','Voice':'PASSIVE'},'name':'videamur'}]}],'name':'videor@V'}]">videamur</w><c> </c><w lemma="[{'id':211486,'ls':[{'id':211487,'name':'parum','wfs':[{'id':211488,'morph':{'ComparisonDegree':'COMPARATIVE','Pos':'ADV'},'name':'minus'}]}],'name':'parum@ADV'}]">minus</w><c> </c><lb n="6" xml:id="bsb00000824_00242_6"></lb><w lemma="[{'id':6964535,'ls':[{'id':6964536,'name':'prosum','wfs':[{'id':499019729,'morph':{'Casus':'ACCUSATIVE','Genus':'NEUTER','Mood':'PARTICIPLE','Numerus':'PLURAL','Pos':'V','Tense':'FUTURE','VerbType':'VERBA_ANOMALA','Voice':'ACTIVE'},'name':'profutura'}]}],'name':'prosum@V'}]">profutura</w><c> </c><w lemma="[{'id':7299231,'ls':[{'id':8091,'name':'sancio','wfs':[{'id':7299314,'morph':{'ConjugationType':'FOURTH_CONJUGATION','Mood':'INFINITIVE','Pos':'V','Tense':'PERFECT','VerbType':'TRANSITIVE','Voice':'ACTIVE'},'name':'sanxisse'}]}],'name':'sancio@V'}]">sanxisse</w><c>.</c><c> </c></s><s><w lemma="[{'id':168570,'ls':[{'id':168571,'name':'dudum','wfs':[{'id':168572,'morph':{'ComparisonDegree':'POSITIVE','Pos':'ADV'},'name':'dudum'}]}],'name':'dudum@ADV'}]">Dudum</w><c> </c><w lemma="[{'id':241337430,'ls':[{'id':241337431,'name':'siquidem','wfs':[{'id':241337434,'morph':{'ComparisonDegree':'POSITIVE','Pos':'ADV'},'name':'siquidem'}]}],'name':'siquidem@ADV'}]">siquidem</w><c> </c><w lemma="[{'id':794919510,'ls':[{'id':794919511,'name':'Spes','wfs':[{'id':794919512,'morph':{'Casus':'DATIVE','DeclensionType':'FIFTH_DECLENSION','Genus':'MASCULINE','Numerus':'SINGULAR','Pos':'NP'},'name':'Spei'}]}],'name':'Spes@NP'}]">Spei</w><c> </c><w lemma="[{'id':109828,'ls':[{'id':109829,'name':'et','wfs':[{'id':109830,'morph':{'Pos':'CON'},'name':'et'}]}],'name':'et@CON'}]">et</w><c> </c><w lemma="[{'id':375123,'ls':[{'id':375124,'name':'Domitius','wfs':[{'id':243195145,'morph':{'Casus':'DATIVE','DeclensionType':'SECOND_DECLENSION','Genus':'MASCULINE','Numerus':'SINGULAR','Pos':'NP'},'name':'Domitio'}]}],'name':'Domitius@NP'}]">Domitio</w><c> </c><w lemma="[{'id':3069095,'ls':[{'id':3069096,'name':'spectabilis','wfs':[{'id':3069134,'morph':{'Casus':'DATIVE','ComparisonDegree':'POSITIVE','DeclensionType':'THIRD_DECLENSION','Genus':'MASCULINE','Numerus':'PLURAL','Pos':'ADJ'},'name':'spectabilibus'}]}],'name':'spectabilis@ADJ'}]">spectabilibus</w><c> </c><w lemma="[{'id':1466541,'ls':[{'id':9281,'name':'vir','wfs':[{'id':1466559,'morph':{'Casus':'DATIVE','DeclensionType':'SECOND_DECLENSION','Genus':'MASCULINE','Numerus':'PLURAL','Pos':'NN'},'name':'viris'}]}],'name':'vir@NN'}]">viris</w><c> </c><w lemma="[{'id':1143697,'ls':[{'id':1143602,'name':'locum','wfs':[{'id':1143603,'morph':{'Casus':'ACCUSATIVE','DeclensionType':'SECOND_DECLENSION','Genus':'NEUTER','Numerus':'PLURAL','Pos':'NN'},'name':'loca'}]}],'name':'locus@NN'}]">loca</w><c> </c><w lemma="[{'id':109577,'ls':[{'id':109578,'name':'in','wfs':[{'id':109579,'morph':{'Pos':'AP'},'name':'in'}]}],'name':'in@AP'}]">in</w><c> </c><lb n="7" xml:id="bsb00000824_00242_7"></lb><w lemma="[{'id':607698,'ls':[{'id':607699,'name':'Spoletinus','wfs':[{'id':607710,'morph':{'Casus':'ABLATIVE','DeclensionType':'SECOND_DECLENSION','Genus':'MASCULINE','Numerus':'SINGULAR','Pos':'NE'},'name':'Spoletino'}]}],'name':'Spoletinus@NE'}]">Spoletino</w><c> </c><w lemma="[{'id':1415167,'ls':[{'id':1415168,'name':'territorium','wfs':[{'id':243481749,'morph':{'Casus':'ABLATIVE','DeclensionType':'SECOND_DECLENSION','Genus':'NEUTER','Numerus':'SINGULAR','Pos':'NN'},'name':'territorio'}]}],'name':'territorium@NN'}]">territorio</w><c> </c><w lemma="[{'id':1784646,'ls':[{'id':1784647,'name':'caenosus','wfs':[{'id':1784693,'morph':{'Casus':'ABLATIVE','ComparisonDegree':'POSITIVE','DeclensionType':'SECOND_DECLENSION','Genus':'NEUTER','Numerus':'PLURAL','Pos':'ADJ'},'name':'caenosis'}]}],'name':'caenosus@ADJ'}]">caenosis</w><c> </c><w lemma="[{'id':5527367,'ls':[{'id':4418,'name':'fluo','wfs':[{'id':5527385,'morph':{'Casus':'ABLATIVE','ConjugationType':'THIRD_CONJUGATION','Genus':'NEUTER','Mood':'PARTICIPLE','Numerus':'PLURAL','Pos':'V','Tense':'PRESENT','VerbType':'TRANSITIVE','Voice':'ACTIVE'},'name':'fluentibus'}]}],'name':'fluo@V'}]">fluentibus</w><c> </c><w lemma="[{'id':194899,'ls':[{'id':5483,'name':'inutiliter','wfs':[{'id':194901,'morph':{'ComparisonDegree':'POSITIVE','Pos':'ADV'},'name':'inutiliter'}]}],'name':'inutiliter@ADV'}]">inutiliter</w><c> </c><w lemma="[{'id':6456322,'ls':[{'id':6577,'name':'occupo','wfs':[{'id':6456374,'morph':{'Casus':'ACCUSATIVE','ConjugationType':'FIRST_CONJUGATION','Genus':'NEUTER','Mood':'PARTICIPLE','Numerus':'PLURAL','Pos':'V','Tense':'PERFECT','VerbType':'TRANSITIVE','Voice':'PASSIVE'},'name':'occupata'}]}],'name':'occupo@V'}]">occupata</w><c> </c><w lemma="[{'id':1130961,'ls':[{'id':5620,'name':'largitas','wfs':[{'id':1130976,'morph':{'Casus':'NOMINATIVE','DeclensionType':'THIRD_DECLENSION','Genus':'FEMININE','Numerus':'SINGULAR','Pos':'NN'},'name':'largitas'}]}],'name':'largitas@NN'}]">largitas</w><c> </c><w lemma="[{'id':244510439,'ls':[{'id':244510440,'name':'noster','wfs':[{'id':244510472,'morph':{'Casus':'NOMINATIVE','DeclensionType':'FIRST_DECLENSION','Genus':'FEMININE','Numerus':'SINGULAR','Pos':'PRO','PronounType':'POSSESSIVE'},'name':'nostra'}]}],'name':'noster@PRO'}]">nostra</w><c> </c><w lemma="[{'id':4371976,'ls':[{'id':244530661,'name':'concedo','wfs':[{'id':4372178,'morph':{'ConjugationType':'THIRD_CONJUGATION','Mood':'INDICATIVE','Numerus':'SINGULAR','Person':'PERSON_3','Pos':'V','Tense':'PLUPERFECT','VerbType':'TRANSITIVE','Voice':'ACTIVE'},'name':'concesserat'}]}],'name':'concedo@V'}]">concesserat</w><c>,</c><c> </c><lb n="8" xml:id="bsb00000824_00242_8"></lb><w lemma="[{'id':249332,'ls':[{'id':249333,'name':'ubi','wfs':[{'id':249334,'morph':{'Pos':'ADV'},'name':'ubi'}]}],'name':'ubi@ADV'}]">ubi</w><c> </c><w lemma="[{'id':773247,'ls':[{'id':944,'name':'aqua','wfs':[{'id':773251,'morph':{'Casus':'GENITIVE','DeclensionType':'FIRST_DECLENSION','Genus':'FEMININE','Numerus':'PLURAL','Pos':'NN'},'name':'aquarum'}]}],'name':'aqua@NN'}]">aquarum</w><c> </c><w lemma="[{'id':3257983,'ls':[{'id':3258096,'name':'vastus','wfs':[{'id':3258184,'morph':{'Casus':'NOMINATIVE','ComparisonDegree':'POSITIVE','DeclensionType':'FIRST_DECLENSION','Genus':'FEMININE','Numerus':'SINGULAR','Pos':'ADJ'},'name':'vasta'}]}],'name':'vastus@ADJ'}]">vasta</w><c> </c><w lemma="[{'id':1282949,'ls':[{'id':7459,'name':'profunditas','wfs':[{'id':1282962,'morph':{'Casus':'NOMINATIVE','DeclensionType':'THIRD_DECLENSION','Genus':'FEMININE','Numerus':'SINGULAR','Pos':'NN'},'name':'profunditas'}]}],'name':'profunditas@NN'}]">profunditas</w><c> </c><w lemma="[{'id':3185124,'ls':[{'id':8802,'name':'terrenus','wfs':[{'id':3185183,'morph':{'Casus':'ACCUSATIVE','ComparisonDegree':'POSITIVE','DeclensionType':'FIRST_DECLENSION','Genus':'FEMININE','Numerus':'SINGULAR','Pos':'ADJ'},'name':'terrenam'}]}],'name':'terrenus@ADJ'}]">terrenam</w><c> </c><w lemma="[{'id':1056993,'ls':[{'id':4717,'name':'gratia','wfs':[{'id':1057002,'morph':{'Casus':'ACCUSATIVE','DeclensionType':'FIRST_DECLENSION','Genus':'FEMININE','Numerus':'SINGULAR','Pos':'NN'},'name':'gratiam'}]}],'name':'gratia@NN'}]">gratiam</w><c> </c><w lemma="[{'id':109577,'ls':[{'id':109578,'name':'in','wfs':[{'id':109579,'morph':{'Pos':'AP'},'name':'in'}]}],'name':'in@AP'}]">in</w><c> </c><w lemma="[{'id':2709764,'ls':[{'id':2709765,'name':'nullus','wfs':[{'id':2709792,'morph':{'Casus':'ACCUSATIVE','ComparisonDegree':'POSITIVE','DeclensionType':'SECOND_DECLENSION','Genus':'MASCULINE','Numerus':'PLURAL','Pos':'ADJ'},'name':'nullos'}]}],'name':'nullus@ADJ'}]">nullos</w><c> </c><w lemma="[{'id':1443466,'ls':[{'id':9069,'name':'usus','wfs':[{'id':241492805,'morph':{'Casus':'ACCUSATIVE','DeclensionType':'FOURTH_DECLENSION','Genus':'MASCULINE','Numerus':'PLURAL','Pos':'NN'},'name':'usus'}]}],'name':'usus@NN'}]">usus</w><c> </c><w lemma="[{'id':6964535,'ls':[{'id':6964536,'name':'prosum','wfs':[{'id':794919509,'morph':{'Casus':'ACCUSATIVE','Genus':'MASCULINE','Mood':'PARTICIPLE','Numerus':'PLURAL','Pos':'V','Tense':'FUTURE','VerbType':'VERBA_ANOMALA','Voice':'ACTIVE'},'name':'profuturos'}]}],'name':'prosum@V'}]">profuturos</w><c> </c><w lemma="[{'id':3364079,'ls':[{'id':77,'name':'absorbeo','wfs':[{'id':3364448,'morph':{'ConjugationType':'SECOND_CONJUGATION','Mood':'INDICATIVE','Numerus':'SINGULAR','Person':'PERSON_3','Pos':'V','Tense':'PLUPERFECT','VerbType':'TRANSITIVE','Voice':'ACTIVE'},'name':'absorbuerat'}]}],'name':'absorbeo@V'}]">absorbuerat</w><c>.</c><c> </c><lb n="9" xml:id="bsb00000824_00242_9"></lb></s><s><w lemma="[{'id':5648203,'ls':[{'id':5648204,'name':'iaceo','wfs':[{'id':445487,'morph':{'ConjugationType':'SECOND_CONJUGATION','Mood':'INDICATIVE','Numerus':'SINGULAR','Person':'PERSON_3','Pos':'V','Tense':'IMPERFECT','VerbType':'INTRANSITIVE','Voice':'ACTIVE'},'name':'iacebat'}]}],'name':'iaceo@V'}]">iacebat</w><c> </c><w lemma="[{'id':1412107,'ls':[{'id':8755,'name':'tellus','wfs':[{'id':1412121,'morph':{'Casus':'NOMINATIVE','DeclensionType':'THIRD_DECLENSION','Genus':'FEMININE','Numerus':'SINGULAR','Pos':'NN'},'name':'tellus'}]}],'name':'tellus@NN'}]">tellus</w><c> </c><w lemma="[{'id':2693161,'ls':[{'id':2693162,'name':'naufragus','wfs':[{'id':2693234,'morph':{'Casus':'NOMINATIVE','ComparisonDegree':'POSITIVE','DeclensionType':'FIRST_DECLENSION','Genus':'FEMININE','Numerus':'SINGULAR','Pos':'ADJ'},'name':'naufraga'}]}],'name':'naufragus@ADJ'}]">naufraga</w><c> </c><w lemma="[{'id':2761737,'ls':[{'id':2761738,'name':'paluster','wfs':[{'id':2761827,'morph':{'Casus':'ABLATIVE','ComparisonDegree':'POSITIVE','DeclensionType':'THIRD_DECLENSION','Genus':'MASCULINE','Numerus':'SINGULAR','Pos':'ADJ'},'name':'palustri'}]}],'name':'paluster@ADJ'}]">palustri</w><c> </c><w lemma="[{'id':1422410,'ls':[{'id':8874,'name':'torpor','wfs':[{'id':243483827,'morph':{'Casus':'ABLATIVE','DeclensionType':'THIRD_DECLENSION','Genus':'MASCULINE','Numerus':'SINGULAR','Pos':'NN'},'name':'torpore'}]}],'name':'torpor@NN'}]">torpore</w><c> </c><w lemma="[{'id':4441342,'ls':[{'id':2453,'name':'confundo','wfs':[{'id':4441404,'morph':{'Casus':'NOMINATIVE','ConjugationType':'THIRD_CONJUGATION','Genus':'FEMININE','Mood':'PARTICIPLE','Numerus':'SINGULAR','Pos':'V','Tense':'PERFECT','VerbType':'TRANSITIVE','Voice':'PASSIVE'},'name':'confusa'}]}],'name':'confundo@V'}]">confusa</w><c> </c><w lemma="[{'id':109828,'ls':[{'id':109829,'name':'et','wfs':[{'id':109830,'morph':{'Pos':'CON'},'name':'et'}]}],'name':'et@CON'}]">et</w><c> </c><w lemma="[{'id':109661,'ls':[{'id':109662,'name':'sub','wfs':[{'id':109663,'morph':{'Pos':'AP'},'name':'sub'}]}],'name':'sub@AP'}]">sub</w><c> </c><w lemma="[{'id':242816930,'ls':[{'id':242816931,'name':'uterque','wfs':[{'id':607815788,'morph':{'Casus':'ABLATIVE','Genus':'NEUTER','Numerus':'SINGULAR','Pos':'PRO','PronounType':'INDEFINITE'},'name':'utroque'}]}],'name':'uterque@PRO'}]">utroque</w><c> </c><w lemma="[{'id':5650420,'ls':[{'id':5650421,'name':'iacto','wfs':[{'id':5650483,'morph':{'Casus':'NOMINATIVE','ConjugationType':'FIRST_CONJUGATION','Genus':'FEMININE','Mood':'PARTICIPLE','Numerus':'SINGULAR','Pos':'V','Tense':'PERFECT','VerbType':'TRANSITIVE','Voice':'PASSIVE'},'name':'iactata'}]}],'name':'iacto@V'}]">iactata</w><c> </c><w lemma="[{'id':972649,'ls':[{'id':3600,'name':'dispendium','wfs':[{'id':243325241,'morph':{'Casus':'ABLATIVE','DeclensionType':'SECOND_DECLENSION','Genus':'NEUTER','Numerus':'SINGULAR','Pos':'NN'},'name':'dispendio'}]}],'name':'dispendium@NN'}]">dispendio</w><c> </c><w lemma="[{'id':109871,'ls':[{'id':109872,'name':'nec','wfs':[{'id':109873,'morph':{'Pos':'CON'},'name':'nec'}]}],'name':'nec@CON'}]">nec</w><c> </c><lb n="10" xml:id="bsb00000824_00242_10"></lb><w lemma="[{'id':773247,'ls':[{'id':944,'name':'aqua','wfs':[{'id':773251,'morph':{'Casus':'GENITIVE','DeclensionType':'FIRST_DECLENSION','Genus':'FEMININE','Numerus':'PLURAL','Pos':'NN'},'name':'aquarum'}]}],'name':'aqua@NN'}]">aquarum</w><c> </c><w lemma="[{'id':2923795,'ls':[{'id':7642,'name':'purus','wfs':[{'id':2923823,'morph':{'Casus':'ACCUSATIVE','ComparisonDegree':'POSITIVE','DeclensionType':'SECOND_DECLENSION','Genus':'MASCULINE','Numerus':'PLURAL','Pos':'ADJ'},'name':'puros'}]}],'name':'purus@ADJ'}]">puros</w><c> </c><w lemma="[{'id':1142110,'ls':[{'id':5786,'name':'liquor','wfs':[{'id':1142111,'morph':{'Casus':'ACCUSATIVE','DeclensionType':'THIRD_DECLENSION','Genus':'MASCULINE','Numerus':'PLURAL','Pos':'NN'},'name':'liquores'}]}],'name':'liquor@NN'}]">liquores</w><c> </c><w lemma="[{'id':6233284,'ls':[{'id':6072,'name':'mereo','wfs':[{'id':6233620,'morph':{'ConjugationType':'SECOND_CONJUGATION','Mood':'INDICATIVE','Numerus':'SINGULAR','Person':'PERSON_3','Pos':'V','Tense':'PLUPERFECT','VerbType':'TRANSITIVE','Voice':'ACTIVE'},'name':'meruerat'}]}],'name':'mereo@V'}]">meruerat</w><c> </c><w lemma="[{'id':109828,'ls':[{'id':109829,'name':'et','wfs':[{'id':109830,'morph':{'Pos':'CON'},'name':'et'}]}],'name':'et@CON'}]">et</w><c> </c><w lemma="[{'id':940642,'ls':[{'id':3078,'name':'decus','wfs':[{'id':243313894,'morph':{'Casus':'ACCUSATIVE','DeclensionType':'THIRD_DECLENSION','Genus':'NEUTER','Numerus':'SINGULAR','Pos':'NN'},'name':'decus'}]}],'name':'decus@NN'}]">decus</w><c> </c><w lemma="[{'id':3185124,'ls':[{'id':8802,'name':'terrenus','wfs':[{'id':3185193,'morph':{'Casus':'GENITIVE','ComparisonDegree':'POSITIVE','DeclensionType':'FIRST_DECLENSION','Genus':'FEMININE','Numerus':'SINGULAR','Pos':'ADJ'},'name':'terrenae'}]}],'name':'terrenus@ADJ'}]">terrenae</w><c> </c><w lemma="[{'id':1365560,'ls':[{'id':1365561,'name':'soliditas','wfs':[{'id':1365573,'morph':{'Casus':'GENITIVE','DeclensionType':'THIRD_DECLENSION','Genus':'FEMININE','Numerus':'SINGULAR','Pos':'NN'},'name':'soliditatis'}]}],'name':'soliditas@NN'}]">soliditatis</w><c> </c><w lemma="[{'id':3603050,'ls':[{'id':713,'name':'amitto','wfs':[{'id':3603359,'morph':{'ConjugationType':'THIRD_CONJUGATION','Mood':'INDICATIVE','Numerus':'SINGULAR','Person':'PERSON_3','Pos':'V','Tense':'PLUPERFECT','VerbType':'TRANSITIVE','Voice':'ACTIVE'},'name':'amiserat'}]}],'name':'amitto@V'}]">amiserat</w><c>.</c><c> </c></s><s><w lemma="[{'id':242815996,'ls':[{'id':242815997,'name':'hic','wfs':[{'id':36187642,'morph':{'Casus':'ACCUSATIVE','Genus':'NEUTER','Numerus':'SINGULAR','Pos':'PRO','PronounType':'DEMONSTRATIVE'},'name':'hoc'}]}],'name':'hic@PRO'}]">Hoc</w><c> </c><w lemma="[{'id':242816286,'ls':[{'id':242816287,'name':'nos','wfs':[{'id':645374322,'morph':{'Casus':'NOMINATIVE','Genus':'MASCULINE','Numerus':'PLURAL','Pos':'PRO','PronounType':'PERSONAL'},'name':'nos'}]}],'name':'nos@PRO'}]">nos</w><c>,</c><c> </c><lb n="11" xml:id="bsb00000824_00242_11"></lb><w lemma="[{'id':242816363,'ls':[{'id':242816364,'name':'qui','wfs':[{'id':457578084,'morph':{'Casus':'DATIVE','Genus':'MASCULINE','Numerus':'PLURAL','Pos':'PRO','PronounType':'RELATIVE'},'name':'quibus'}]}],'name':'qui@PRO'}]">quibus</w><c> </c><w lemma="[{'id':915080,'ls':[{'id':2757,'name':'cor','wfs':[{'id':243305494,'morph':{'Casus':'DATIVE','DeclensionType':'THIRD_DECLENSION','Genus':'NEUTER','Numerus':'SINGULAR','Pos':'NN'},'name':'cordi'}]}],'name':'cor@NN'}]">cordi</w><c> </c><w lemma="[{'id':7617143,'ls':[{'id':7617144,'name':'sum','wfs':[{'id':242825881,'morph':{'Mood':'INDICATIVE','Numerus':'SINGULAR','Person':'PERSON_3','Pos':'V','Tense':'PRESENT','VerbType':'VERBA_ANOMALA','Voice':'ACTIVE'},'name':'est'}]}],'name':'sum@V'}]">est</w><c> </c><w lemma="[{'id':109577,'ls':[{'id':109578,'name':'in','wfs':[{'id':109579,'morph':{'Pos':'AP'},'name':'in'}]}],'name':'in@AP'}]">in</w><c> </c><w lemma="[{'id':1764149,'ls':[{'id':1394,'name':'bonus','wfs':[{'id':1764249,'morph':{'Casus':'ACCUSATIVE','ComparisonDegree':'COMPARATIVE','DeclensionType':'THIRD_DECLENSION','Genus':'NEUTER','Numerus':'SINGULAR','Pos':'ADJ'},'name':'melius'}]}],'name':'bonus@ADJ'}]">melius</w><c> </c><w lemma="[{'id':2081351,'ls':[{'id':2081352,'name':'cunctus','wfs':[{'id':2081365,'morph':{'Casus':'ACCUSATIVE','ComparisonDegree':'POSITIVE','DeclensionType':'SECOND_DECLENSION','Genus':'NEUTER','Numerus':'PLURAL','Pos':'ADJ'},'name':'cuncta'}]}],'name':'cunctus@ADJ'}]">cuncta</w><c> </c><w lemma="[{'id':6296647,'ls':[{'id':6293,'name':'muto','wfs':[{'id':6296728,'morph':{'ConjugationType':'FIRST_CONJUGATION','Mood':'INFINITIVE','Pos':'V','Tense':'PRESENT','VerbType':'TRANSITIVE','Voice':'ACTIVE'},'name':'mutare'}]}],'name':'muto@V'}]">mutare</w><c>,</c><c> </c><w lemma="[{'id':244436,'ls':[{'id':8682,'name':'supra','wfs':[{'id':244437,'morph':{'ComparisonDegree':'POSITIVE','Pos':'ADV'},'name':'supra'}]}],'name':'supra@ADV'}]">supra</w><c> </c><w lemma="[{'id':6228984,'ls':[{'id':6052,'name':'memoro','wfs':[{'id':6229032,'morph':{'Casus':'DATIVE','ConjugationType':'FIRST_CONJUGATION','Genus':'MASCULINE','Mood':'PARTICIPLE','Numerus':'PLURAL','Pos':'V','Tense':'PERFECT','VerbType':'TRANSITIVE','Voice':'PASSIVE'},'name':'memoratis'}]}],'name':'memoro@V'}]">memoratis</w><c> </c><w lemma="[{'id':244511865,'ls':[{'id':244511866,'name':'talis','wfs':[{'id':244511870,'morph':{'Casus':'ABLATIVE','DeclensionType':'THIRD_DECLENSION','Genus':'FEMININE','Numerus':'SINGULAR','Pos':'PRO','PronounType':'CORRELATIVE'},'name':'tali'}]}],'name':'talis@PRO'}]">tali</w><c> </c><w lemma="[{'id':741321149,'ls':[{'id':484148292,'name':'condicio','wfs':[{'id':243296577,'morph':{'Casus':'ABLATIVE','DeclensionType':'THIRD_DECLENSION','Genus':'FEMININE','Numerus':'SINGULAR','Pos':'NN'},'name':'condicione'}]}],'name':'condicio@NN'}]">condicione</w><c> </c><w lemma="[{'id':4371976,'ls':[{'id':244530661,'name':'concedo','wfs':[{'id':4372049,'morph':{'ConjugationType':'THIRD_CONJUGATION','Mood':'INDICATIVE','Numerus':'PLURAL','Person':'PERSON_1','Pos':'V','Tense':'PERFECT','VerbType':'TRANSITIVE','Voice':'ACTIVE'},'name':'concessimus'}]}],'name':'concedo@V'}]">concessimus</w><c>,</c><c> </c><lb n="12" xml:id="bsb00000824_00242_12"></lb><w lemma="[{'id':110061,'ls':[{'id':110062,'name':'ut','wfs':[{'id':110063,'morph':{'Pos':'CON'},'name':'ut'}]}],'name':'ut@CON'}]">ut</w><c>,</c><c> </c><w lemma="[{'id':110020,'ls':[{'id':110021,'name':'si','wfs':[{'id':110022,'morph':{'Pos':'CON'},'name':'si'}]}],'name':'si@CON'}]">si</w><c> </c><w lemma="[{'id':242816207,'ls':[{'id':242816208,'name':'is','wfs':[{'id':244510043,'morph':{'Casus':'GENITIVE','Genus':'MASCULINE','Numerus':'PLURAL','Pos':'PRO','PronounType':'PERSONAL'},'name':'eorum'}]}],'name':'is@PRO'}]">eorum</w><c> </c><w lemma="[{'id':1212333,'ls':[{'id':6632,'name':'opera','wfs':[{'id':1212343,'morph':{'Casus':'ABLATIVE','DeclensionType':'FIRST_DECLENSION','Genus':'FEMININE','Numerus':'SINGULAR','Pos':'NN'},'name':'opera'}]}],'name':'opera@NN'}]">opera</w><c> </c><w lemma="[{'id':110077,'ls':[{'id':110078,'name':'vel','wfs':[{'id':110080,'morph':{'Pos':'CON'},'name':'vel'}]}],'name':'vel@CON'}]">vel</w><c> </c><w lemma="[{'id':1126285,'ls':[{'id':5563,'name':'labor','wfs':[{'id':243380813,'morph':{'Casus':'ABLATIVE','DeclensionType':'THIRD_DECLENSION','Genus':'MASCULINE','Numerus':'SINGULAR','Pos':'NN'},'name':'labore'}]}],'name':'labor@NN'}]">labore</w><c> </c><w lemma="[{'id':3226433,'ls':[{'id':8996,'name':'turpis','wfs':[{'id':3226529,'morph':{'Casus':'NOMINATIVE','ComparisonDegree':'POSITIVE','DeclensionType':'THIRD_DECLENSION','Genus':'FEMININE','Numerus':'SINGULAR','Pos':'ADJ'},'name':'turpis'}]}],'name':'turpis@ADJ'}]">turpis</w><c> </c><w lemma="[{'id':4889634,'ls':[{'id':4889635,'name':'desicco','wfs':[{'id':4889969,'morph':{'ConjugationType':'FIRST_CONJUGATION','Mood':'SUBJUNCTIVE','Numerus':'SINGULAR','Person':'PERSON_3','Pos':'V','Tense':'IMPERFECT','VerbType':'TRANSITIVE','Voice':'PASSIVE'},'name':'desiccaretur'}]}],'name':'desicco@V'}]">desiccaretur</w><c> </c><w lemma="[{'id':1078759,'ls':[{'id':4929,'name':'illuvies','wfs':[{'id':243362215,'morph':{'Casus':'NOMINATIVE','DeclensionType':'FIFTH_DECLENSION','Genus':'FEMININE','Numerus':'SINGULAR','Pos':'NN'},'name':'illuvies'}]}],'name':'illuvies@NN'}]">illuvies</w><c>,</c><c> </c><w lemma="[{'id':242816153,'ls':[{'id':242816154,'name':'ipse','wfs':[{'id':244509954,'morph':{'Casus':'DATIVE','Genus':'MASCULINE','Numerus':'PLURAL','Pos':'PRO','PronounType':'DEMONSTRATIVE'},'name':'ipsis'}]}],'name':'ipse@PRO'}]">ipsis</w><c> </c><w lemma="[{'id':6143524,'ls':[{'id':5734,'name':'libero','wfs':[{'id':6143581,'morph':{'Casus':'NOMINATIVE','ConjugationType':'FIRST_CONJUGATION','Genus':'NEUTER','Mood':'PARTICIPLE','Numerus':'PLURAL','Pos':'V','Tense':'PERFECT','VerbType':'TRANSITIVE','Voice':'PASSIVE'},'name':'liberata'}]}],'name':'libero@V'}]">liberata</w><c> </c><w lemma="[{'id':1335048,'ls':[{'id':8019,'name':'rus','wfs':[{'id':1335056,'morph':{'Casus':'NOMINATIVE','DeclensionType':'THIRD_DECLENSION','Genus':'NEUTER','Numerus':'PLURAL','Pos':'NN'},'name':'rura'}]}],'name':'rus@NN'}]">rura</w><c> </c><w lemma="[{'id':6914688,'ls':[{'id':6914689,'name':'proficio','wfs':[{'id':6914962,'morph':{'ConjugationType':'THIRD_CONJUGATION','Mood':'SUBJUNCTIVE','Numerus':'PLURAL','Person':'PERSON_3','Pos':'V','Tense':'IMPERFECT','VerbType':'TRANSITIVE','Voice':'ACTIVE'},'name':'proficerent'}]}],'name':'proficio@V'}]">proficerent</w><c>.</c><c> </c><lb n="13" xml:id="bsb00000824_00242_13"></lb></s><s><w lemma="[{'id':110010,'ls':[{'id':110011,'name':'sed','wfs':[{'id':110012,'morph':{'Pos':'CON'},'name':'sed'}]}],'name':'sed@CON'}]">sed</w><c> </c><w lemma="[{'id':225674,'ls':[{'id':225675,'name':'quantum','wfs':[{'id':225676,'morph':{'ComparisonDegree':'POSITIVE','Pos':'ADV'},'name':'quantum'}]}],'name':'quantum@ADV'}]">quantum</w><c> </c><w lemma="[{'id':709640,'ls':[{'id':177,'name':'actor','wfs':[{'id':709646,'morph':{'Casus':'GENITIVE','DeclensionType':'THIRD_DECLENSION','Genus':'MASCULINE','Numerus':'PLURAL','Pos':'NN'},'name':'actorum'}]}],'name':'actor@NN'}]">actorum</w><c> </c><w lemma="[{'id':794919510,'ls':[{'id':794919511,'name':'Spes','wfs':[{'id':794919513,'morph':{'Casus':'GENITIVE','DeclensionType':'FIFTH_DECLENSION','Genus':'MASCULINE','Numerus':'SINGULAR','Pos':'NP'},'name':'Spei'}]}],'name':'Spes@NP'}]">Spei</w><c> </c><w lemma="[{'id':6165520,'ls':[{'id':5815,'name':'loquor','wfs':[{'id':6165614,'morph':{'ConjugationType':'THIRD_CONJUGATION','Mood':'INDICATIVE','Numerus':'SINGULAR','Person':'PERSON_3','Pos':'V','Tense':'PRESENT','VerbType':'DEPONENT','Voice':'PASSIVE'},'name':'loquitur'}]}],'name':'loquor@V'}]">loquitur</w><c> </c><w lemma="[{'id':5856921,'ls':[{'id':5856922,'name':'ingero','wfs':[{'id':5856984,'morph':{'Casus':'NOMINATIVE','ConjugationType':'THIRD_CONJUGATION','Genus':'FEMININE','Mood':'PARTICIPLE','Numerus':'SINGULAR','Pos':'V','Tense':'PERFECT','VerbType':'TRANSITIVE','Voice':'PASSIVE'},'name':'ingesta'}]}],'name':'ingero@V'}]">ingesta</w><c> </c><w lemma="[{'id':1250075,'ls':[{'id':7057,'name':'petitio','wfs':[{'id':1250079,'morph':{'Casus':'NOMINATIVE','DeclensionType':'THIRD_DECLENSION','Genus':'FEMININE','Numerus':'SINGULAR','Pos':'NN'},'name':'petitio'}]}],'name':'petitio@NN'}]">petitio</w><c>,</c><c> </c><w lemma="[{'id':375123,'ls':[{'id':375124,'name':'Domitius','wfs':[{'id':243195147,'morph':{'Casus':'GENITIVE','DeclensionType':'SECOND_DECLENSION','Genus':'MASCULINE','Numerus':'SINGULAR','Pos':'NP'},'name':'Domitii'}]}],'name':'Domitius@NP'}]">Domitii</w><c> </c><w lemma="[{'id':1466541,'ls':[{'id':9281,'name':'vir','wfs':[{'id':1466568,'morph':{'Casus':'GENITIVE','DeclensionType':'SECOND_DECLENSION','Genus':'MASCULINE','Numerus':'SINGULAR','Pos':'NN'},'name':'viri'}]}],'name':'vir@NN'}]">viri</w><c> </c><w lemma="[{'id':3069095,'ls':[{'id':3069096,'name':'spectabilis','wfs':[{'id':3069189,'morph':{'Casus':'GENITIVE','ComparisonDegree':'POSITIVE','DeclensionType':'THIRD_DECLENSION','Genus':'MASCULINE','Numerus':'SINGULAR','Pos':'ADJ'},'name':'spectabilis'}]}],'name':'spectabilis@ADJ'}]">spectabilis</w><c> </c><w lemma="[{'id':1469706,'ls':[{'id':9307,'name':'vitium','wfs':[{'id':243500852,'morph':{'Casus':'DATIVE','DeclensionType':'SECOND_DECLENSION','Genus':'NEUTER','Numerus':'SINGULAR','Pos':'NN'},'name':'vitio'}]}],'name':'vitium@NN'}]">vitio</w><c>,</c><c> </c><w lemma="[{'id':109813,'ls':[{'id':109814,'name':'dum','wfs':[{'id':109815,'morph':{'Pos':'CON'},'name':'dum'}]}],'name':'dum@CON'}]">dum</w><c> </c><lb n="14" xml:id="bsb00000824_00242_14"></lb><w lemma="[{'id':2420298,'ls':[{'id':242108574,'name':'inmemor','wfs':[{'id':242108669,'morph':{'Casus':'NOMINATIVE','ComparisonDegree':'POSITIVE','DeclensionType':'THIRD_DECLENSION','Genus':'MASCULINE','Numerus':'SINGULAR','Pos':'ADJ'},'name':'inmemor'}]}],'name':'immemor@ADJ'}]">inmemor</w><c> </c><w lemma="[{'id':1123200,'ls':[{'id':1123201,'name':'iussio','wfs':[{'id':1123204,'morph':{'Casus':'GENITIVE','DeclensionType':'THIRD_DECLENSION','Genus':'FEMININE','Numerus':'SINGULAR','Pos':'NN'},'name':'iussionis'}]}],'name':'iussio@NN'}]">iussionis</w><c> </c><w lemma="[{'id':245698,'ls':[{'id':245699,'name':'tenaciter','wfs':[{'id':245702,'morph':{'ComparisonDegree':'POSITIVE','Pos':'ADV'},'name':'tenaciter'}]}],'name':'tenaciter@ADV'}]">tenaciter</w><c> </c><w lemma="[{'id':6524539,'ls':[{'id':6799,'name':'parco','wfs':[{'id':6524957,'morph':{'ConjugationType':'THIRD_CONJUGATION','Mood':'INDICATIVE','Numerus':'SINGULAR','Person':'PERSON_3','Pos':'V','Tense':'PRESENT','VerbType':'TRANSITIVE','Voice':'ACTIVE'},'name':'parcit'}]}],'name':'parco@V'}]">parcit</w><c> </c><w lemma="[{'id':241432448,'ls':[{'id':241432449,'name':'expensum','wfs':[{'id':241432452,'morph':{'Casus':'DATIVE','DeclensionType':'SECOND_DECLENSION','Genus':'NEUTER','Numerus':'PLURAL','Pos':'NN'},'name':'expensis'}]}],'name':'expensum@NN'}]">expensis</w><c>,</c><c> </c><w lemma="[{'id':114720,'ls':[{'id':114721,'name':'ad','wfs':[{'id':416013046,'morph':{'Pos':'ADV'},'name':'ad'}]}],'name':'ad@ADV'}]">ad</w><c> </c><w lemma="[{'id':1098504,'ls':[{'id':5263,'name':'initium','wfs':[{'id':243369845,'morph':{'Casus':'ACCUSATIVE','DeclensionType':'SECOND_DECLENSION','Genus':'NEUTER','Numerus':'SINGULAR','Pos':'NN'},'name':'initium'}]}],'name':'initium@NN'}]">initium</w><c> </c><w lemma="[{'id':7247615,'ls':[{'id':7964,'name':'revoco','wfs':[{'id':7248338,'morph':{'ConjugationType':'FIRST_CONJUGATION','Genus':'MASCULINE','Mood':'INDICATIVE','Numerus':'SINGULAR','Person':'PERSON_3','Pos':'V','Tense':'PERFECT','VerbType':'TRANSITIVE','Voice':'PASSIVE'},'name':'revocatus'}]}],'name':'revoco@V'}]">revocatus</w><c> </c><w lemma="[{'id':7617143,'ls':[{'id':7617144,'name':'sum','wfs':[{'id':242825881,'morph':{'Mood':'INDICATIVE','Numerus':'SINGULAR','Person':'PERSON_3','Pos':'V','Tense':'PRESENT','VerbType':'VERBA_ANOMALA','Voice':'ACTIVE'},'name':'est'}]}],'name':'sum@V'}]">est</w><c> </c><w lemma="[{'id':1126285,'ls':[{'id':5563,'name':'labor','wfs':[{'id':1126300,'morph':{'Casus':'NOMINATIVE','DeclensionType':'THIRD_DECLENSION','Genus':'MASCULINE','Numerus':'SINGULAR','Pos':'NN'},'name':'labor'}]}],'name':'labor@NN'}]">labor</w><c> </c><w lemma="[{'id':6483639,'ls':[{'id':6633,'name':'operor','wfs':[{'id':6484090,'morph':{'Casus':'GENITIVE','ConjugationType':'FIRST_CONJUGATION','Genus':'MASCULINE','Mood':'PARTICIPLE','Numerus':'PLURAL','Pos':'V','Tense':'PRESENT','VerbType':'DEPONENT','Voice':'ACTIVE'},'name':'operantium'}]}],'name':'operor@V'}]">operantium</w><c>,</c><c> </c><lb n="15" xml:id="bsb00000824_00242_15"></lb><w lemma="[{'id':241279615,'ls':[{'id':241279619,'name':'cum','wfs':[{'id':241279620,'morph':{'Pos':'CON'},'name':'cum'}]}],'name':'cum@CON'}]">cum</w><c> </c><w lemma="[{'id':183425,'ls':[{'id':183426,'name':'iam','wfs':[{'id':183427,'morph':{'ComparisonDegree':'POSITIVE','Pos':'ADV'},'name':'iam'}]}],'name':'iam@ADV'}]">iam</w><c> </c><w lemma="[{'id':109577,'ls':[{'id':109578,'name':'in','wfs':[{'id':109579,'morph':{'Pos':'AP'},'name':'in'}]}],'name':'in@AP'}]">in</w><c> </c><w lemma="[{'id':1366178,'ls':[{'id':8359,'name':'solum','wfs':[{'id':1366197,'morph':{'Casus':'GENITIVE','DeclensionType':'SECOND_DECLENSION','Genus':'NEUTER','Numerus':'SINGULAR','Pos':'NN'},'name':'soli'}]}],'name':'solum@NN'}]">soli</w><c> </c><w lemma="[{'id':1025735,'ls':[{'id':4231,'name':'facies','wfs':[{'id':241433578,'morph':{'Casus':'ACCUSATIVE','DeclensionType':'FIFTH_DECLENSION','Genus':'FEMININE','Numerus':'SINGULAR','Pos':'NN'},'name':'faciem'}]}],'name':'facies@NN'}]">faciem</w><c> </c><w lemma="[{'id':211844,'ls':[{'id':6858,'name':'paulatim','wfs':[{'id':211845,'morph':{'ComparisonDegree':'POSITIVE','Pos':'ADV'},'name':'paulatim'}]}],'name':'paulatim@ADV'}]">paulatim</w><c> </c><w lemma="[{'id':1172720,'ls':[{'id':1172721,'name':'mollities','wfs':[{'id':243396447,'morph':{'Casus':'NOMINATIVE','DeclensionType':'FIFTH_DECLENSION','Genus':'FEMININE','Numerus':'SINGULAR','Pos':'NN'},'name':'mollities'}]}],'name':'mollities@NN'}]">mollities</w><c> </c><w lemma="[{'id':7375269,'ls':[{'id':8305,'name':'sicco','wfs':[{'id':7375331,'morph':{'Casus':'NOMINATIVE','ConjugationType':'FIRST_CONJUGATION','Genus':'FEMININE','Mood':'PARTICIPLE','Numerus':'SINGULAR','Pos':'V','Tense':'PERFECT','VerbType':'TRANSITIVE','Voice':'PASSIVE'},'name':'siccata'}]}],'name':'sicco@V'}]">siccata</w><c> </c><w lemma="[{'id':5127320,'ls':[{'id':5127321,'name':'duresco','wfs':[{'id':5127484,'morph':{'ConjugationType':'THIRD_CONJUGATION','Mood':'SUBJUNCTIVE','Numerus':'SINGULAR','Person':'PERSON_3','Pos':'V','Tense':'IMPERFECT','VerbType':'TRANSITIVE','Voice':'ACTIVE'},'name':'duresceret'}]}],'name':'duresco@V'}]">duresceret</w><c> </c><w lemma="[{'id':3987064,'ls':[{'id':1728,'name':'celo','wfs':[{'id':503480613,'morph':{'Casus':'ACCUSATIVE','ConjugationType':'FIRST_CONJUGATION','Genus':'FEMININE','Mood':'PARTICIPLE','Numerus':'SINGULAR','Pos':'V','Tense':'PERFECT','VerbType':'TRANSITIVE','Voice':'PASSIVE'},'name':'celatamque'}]}],'name':'celo@V'}]">celatamque</w><c> </c><w lemma="[{'id':2620660,'ls':[{'id':5808,'name':'longus','wfs':[{'id':2620736,'morph':{'Casus':'ABLATIVE','ComparisonDegree':'POSITIVE','DeclensionType':'FIRST_DECLENSION','Genus':'FEMININE','Numerus':'SINGULAR','Pos':'ADJ'},'name':'longa'}]}],'name':'longus@ADJ'}]">longa</w><c> </c><lb n="16" xml:id="bsb00000824_00242_16"></lb><w lemma="[{'id':1473524,'ls':[{'id':9343,'name':'voracitas','wfs':[{'id':243502494,'morph':{'Casus':'ABLATIVE','DeclensionType':'THIRD_DECLENSION','Genus':'FEMININE','Numerus':'SINGULAR','Pos':'NN'},'name':'voracitate'}]}],'name':'voracitas@NN'}]">voracitate</w><c> </c><w lemma="[{'id':1412107,'ls':[{'id':8755,'name':'tellus','wfs':[{'id':243480727,'morph':{'Casus':'ACCUSATIVE','DeclensionType':'THIRD_DECLENSION','Genus':'FEMININE','Numerus':'SINGULAR','Pos':'NN'},'name':'tellurem'}]}],'name':'tellus@NN'}]">tellurem</w><c> </c><w lemma="[{'id':1365097,'ls':[{'id':8360,'name':'sol','wfs':[{'id':1365114,'morph':{'Casus':'NOMINATIVE','DeclensionType':'THIRD_DECLENSION','Genus':'MASCULINE','Numerus':'SINGULAR','Pos':'NN'},'name':'sol'}]}],'name':'sol@NN'}]">sol</w><c> </c><w lemma="[{'id':2527678,'ls':[{'id':5361,'name':'insuetus','wfs':[{'id':2527766,'morph':{'Casus':'NOMINATIVE','ComparisonDegree':'POSITIVE','DeclensionType':'SECOND_DECLENSION','Genus':'MASCULINE','Numerus':'SINGULAR','Pos':'ADJ'},'name':'insuetus'}]}],'name':'insuetus@ADJ'}]">insuetus</w><c> </c><w lemma="[{'id':3531479,'ls':[{'id':3531917,'name':'afflo','wfs':[{'id':3532250,'morph':{'ConjugationType':'FIRST_CONJUGATION','Mood':'SUBJUNCTIVE','Numerus':'SINGULAR','Person':'PERSON_3','Pos':'V','Tense':'IMPERFECT','VerbType':'TRANSITIVE','Voice':'ACTIVE'},'name':'afflaret'}]}],'name':'afflo@V'}]">afflaret</w><c>.</c><c> </c></s><s><w lemma="[{'id':242816363,'ls':[{'id':242816364,'name':'qui','wfs':[{'id':245004334,'morph':{'Casus':'ACCUSATIVE','Genus':'NEUTER','Numerus':'SINGULAR','Pos':'PRO','PronounType':'RELATIVE'},'name':'quod'}]}],'name':'qui@PRO'}]">Quod</w><c> </c><w lemma="[{'id':242816286,'ls':[{'id':242816287,'name':'nos','wfs':[{'id':645374322,'morph':{'Casus':'NOMINATIVE','Genus':'MASCULINE','Numerus':'PLURAL','Pos':'PRO','PronounType':'PERSONAL'},'name':'nos'}]}],'name':'nos@PRO'}]">nos</w><c> </c><w lemma="[{'id':205547,'ls':[{'id':205548,'name':'nequaquam','wfs':[{'id':205549,'morph':{'ComparisonDegree':'POSITIVE','Pos':'ADV'},'name':'nequaquam'}]}],'name':'nequaquam@ADV'}]">nequaquam</w><c> </c><w lemma="[{'id':6313896,'ls':[{'id':6366,'name':'neglego','wfs':[{'id':6314383,'morph':{'ConjugationType':'THIRD_CONJUGATION','Mood':'INFINITIVE','Pos':'V','Tense':'PRESENT','VerbType':'TRANSITIVE','Voice':'PASSIVE'},'name':'neglegi'}]}],'name':'neglego@V'}]">neglegi</w><c> </c><w lemma="[{'id':6741602,'ls':[{'id':7228,'name':'possum','wfs':[{'id':6741603,'morph':{'Mood':'INFINITIVE','Pos':'V','Tense':'PRESENT','VerbType':'VERBA_ANOMALA','Voice':'ACTIVE'},'name':'posse'}]}],'name':'possum@V'}]">posse</w><c> </c><w lemma="[{'id':6534354,'ls':[{'id':6845,'name':'patior','wfs':[{'id':6534800,'morph':{'ConjugationType':'THIRD_CONJUGATION','Mood':'INDICATIVE','Numerus':'PLURAL','Person':'PERSON_1','Pos':'V','Tense':'FUTURE','VerbType':'DEPONENT','Voice':'PASSIVE'},'name':'patiemur'}]}],'name':'patior@V'}]">patiemur</w><c>,</c><c> </c><lb n="17" xml:id="bsb00000824_00242_17"></lb><w lemma="[{'id':110061,'ls':[{'id':110062,'name':'ut','wfs':[{'id':110063,'morph':{'Pos':'CON'},'name':'ut'}]}],'name':'ut@CON'}]">ut</w><c> </c><w lemma="[{'id':131082,'ls':[{'id':1339,'name':'bene','wfs':[{'id':131085,'morph':{'ComparisonDegree':'POSITIVE','Pos':'ADV'},'name':'bene'}]}],'name':'bene@ADV'}]">bene</w><c> </c><w lemma="[{'id':242815540,'ls':[{'id':244513646,'name':'coepio','wfs':[{'id':497499218,'morph':{'Casus':'NOMINATIVE','ConjugationType':'THIRD_CONJUGATION','Genus':'NEUTER','Mood':'PARTICIPLE','Numerus':'PLURAL','Pos':'V','Tense':'PERFECT','VerbType':'INTRANSITIVE','Voice':'PASSIVE'},'name':'coepta'}]}],'name':'coepio@V'}]">coepta</w><c> </c><w lemma="[{'id':2554688,'ls':[{'id':5498,'name':'invidus','wfs':[{'id':2554865,'morph':{'Casus':'ABLATIVE','ComparisonDegree':'POSITIVE','DeclensionType':'FIRST_DECLENSION','Genus':'FEMININE','Numerus':'SINGULAR','Pos':'ADJ'},'name':'invida'}]}],'name':'invidus@ADJ'}]">invida</w><c> </c><w lemma="[{'id':4906985,'ls':[{'id':3408,'name':'destruo','wfs':[{'id':4907267,'morph':{'ConjugationType':'THIRD_CONJUGATION','Mood':'SUBJUNCTIVE','Numerus':'PLURAL','Person':'PERSON_3','Pos':'V','Tense':'PRESENT','VerbType':'TRANSITIVE','Voice':'PASSIVE'},'name':'destruantur'}]}],'name':'destruo@V'}]">destruantur</w><c> </c><w lemma="[{'id':1076144,'ls':[{'id':1076163,'name':'ignavia','wfs':[{'id':1076173,'morph':{'Casus':'ABLATIVE','DeclensionType':'FIRST_DECLENSION','Genus':'FEMININE','Numerus':'SINGULAR','Pos':'NN'},'name':'ignavia'}]}],'name':'ignavia@NN'}]">ignavia</w><c>.</c><c> </c></s><s><w lemma="[{'id':222625,'ls':[{'id':222628,'name':'proinde','wfs':[{'id':222631,'morph':{'ComparisonDegree':'POSITIVE','Pos':'ADV'},'name':'proinde'}]}],'name':'proinde@ADV'}]">proinde</w><c> </c><w lemma="[{'id':960407,'ls':[{'id':3470,'name':'devotio','wfs':[{'id':960414,'morph':{'Casus':'NOMINATIVE','DeclensionType':'THIRD_DECLENSION','Genus':'FEMININE','Numerus':'SINGULAR','Pos':'NN'},'name':'devotio'}]}],'name':'devotio@NN'}]">devotio</w><c> </c><w lemma="[{'id':244512131,'ls':[{'id':244512132,'name':'tuus','wfs':[{'id':244512186,'morph':{'Casus':'NOMINATIVE','DeclensionType':'FIRST_DECLENSION','Genus':'FEMININE','Numerus':'SINGULAR','Pos':'PRO','PronounType':'POSSESSIVE'},'name':'tua'}]}],'name':'tuus@PRO'}]">tua</w><c> </c><w lemma="[{'id':242449007,'ls':[{'id':242449008,'name':'praefatus','wfs':[{'id':242449086,'morph':{'Casus':'ACCUSATIVE','ComparisonDegree':'POSITIVE','DeclensionType':'SECOND_DECLENSION','Genus':'MASCULINE','Numerus':'SINGULAR','Pos':'ADJ'},'name':'praefatum'}]}],'name':'praefatus@ADJ'}]">praefatum</w><c> </c><w lemma="[{'id':375123,'ls':[{'id':375124,'name':'Domitius','wfs':[{'id':243195142,'morph':{'Casus':'ACCUSATIVE','DeclensionType':'SECOND_DECLENSION','Genus':'MASCULINE','Numerus':'SINGULAR','Pos':'NP'},'name':'Domitium'}]}],'name':'Domitius@NP'}]">Domitium</w><c> </c><lb n="18" xml:id="bsb00000824_00242_18"></lb><w lemma="[{'id':2666128,'ls':[{'id':6161,'name':'moderatus','wfs':[{'id':2666197,'morph':{'Casus':'ABLATIVE','ComparisonDegree':'POSITIVE','DeclensionType':'FIRST_DECLENSION','Genus':'FEMININE','Numerus':'SINGULAR','Pos':'ADJ'},'name':'moderata'}]}],'name':'moderatus@ADJ'}]">moderata</w><c> </c><w lemma="[{'id':1019467,'ls':[{'id':1019474,'name':'executio','wfs':[{'id':243342737,'morph':{'Casus':'ABLATIVE','DeclensionType':'THIRD_DECLENSION','Genus':'FEMININE','Numerus':'SINGULAR','Pos':'NN'},'name':'executione'}]}],'name':'exsecutio@NN'}]">executione</w><c> </c><w lemma="[{'id':4573156,'ls':[{'id':2706,'name':'convenio','wfs':[{'id':4573878,'morph':{'ConjugationType':'FOURTH_CONJUGATION','Mood':'SUBJUNCTIVE','Numerus':'SINGULAR','Person':'PERSON_3','Pos':'V','Tense':'PRESENT','VerbType':'TRANSITIVE','Voice':'ACTIVE'},'name':'conveniat'}]}],'name':'convenio@V'}]">conveniat</w><c>,</c><c> </c><w lemma="[{'id':110061,'ls':[{'id':110062,'name':'ut','wfs':[{'id':110063,'morph':{'Pos':'CON'},'name':'ut'}]}],'name':'ut@CON'}]">ut</w><c> </c><w lemma="[{'id':109788,'ls':[{'id':109789,'name':'aut','wfs':[{'id':109790,'morph':{'Pos':'CON'},'name':'aut'}]}],'name':'aut@CON'}]">aut</w><c> </c><w lemma="[{'id':242815540,'ls':[{'id':244513646,'name':'coepio','wfs':[{'id':497499217,'morph':{'Casus':'DATIVE','ConjugationType':'THIRD_CONJUGATION','Genus':'FEMININE','Mood':'PARTICIPLE','Numerus':'SINGULAR','Pos':'V','Tense':'PERFECT','VerbType':'INTRANSITIVE','Voice':'PASSIVE'},'name':'coeptae'}]}],'name':'coepio@V'}]">coeptae</w><c> </c><w lemma="[{'id':1322669,'ls':[{'id':964024,'name':'res','wfs':[{'id':964028,'morph':{'Casus':'DATIVE','DeclensionType':'FIFTH_DECLENSION','Genus':'FEMININE','Numerus':'SINGULAR','Pos':'NN'},'name':'rei'}]}],'name':'res@NN'}]">rei</w><c> </c><w lemma="[{'id':3027832,'ls':[{'id':8224,'name':'sedulus','wfs':[{'id':3027924,'morph':{'Casus':'NOMINATIVE','ComparisonDegree':'POSITIVE','DeclensionType':'SECOND_DECLENSION','Genus':'MASCULINE','Numerus':'SINGULAR','Pos':'ADJ'},'name':'sedulus'}]}],'name':'sedulus@ADJ'}]">sedulus</w><c> </c><w lemma="[{'id':1212418,'ls':[{'id':1212419,'name':'operator','wfs':[{'id':1212432,'morph':{'Casus':'NOMINATIVE','DeclensionType':'THIRD_DECLENSION','Genus':'MASCULINE','Numerus':'SINGULAR','Pos':'NN'},'name':'operator'}]}],'name':'operator@NN'}]">operator</w><c> </c><w lemma="[{'id':5696937,'ls':[{'id':4949,'name':'immineo','wfs':[{'id':5697072,'morph':{'ConjugationType':'SECOND_CONJUGATION','Mood':'SUBJUNCTIVE','Numerus':'SINGULAR','Person':'PERSON_3','Pos':'V','Tense':'PRESENT','VerbType':'TRANSITIVE','Voice':'ACTIVE'},'name':'immineat'}]}],'name':'immineo@V'}]">immineat</w><c> </c><w lemma="[{'id':109788,'ls':[{'id':109789,'name':'aut','wfs':[{'id':109790,'morph':{'Pos':'CON'},'name':'aut'}]}],'name':'aut@CON'}]">aut</w><c>,</c><c> </c><w lemma="[{'id':110020,'ls':[{'id':110021,'name':'si','wfs':[{'id':110022,'morph':{'Pos':'CON'},'name':'si'}]}],'name':'si@CON'}]">si</w><c> </c><lb n="19" xml:id="bsb00000824_00242_19"></lb><w lemma="[{'id':242815996,'ls':[{'id':242815997,'name':'hic','wfs':[{'id':36187642,'morph':{'Casus':'ACCUSATIVE','Genus':'NEUTER','Numerus':'SINGULAR','Pos':'PRO','PronounType':'DEMONSTRATIVE'},'name':'hoc'}]}],'name':'hic@PRO'}]">hoc</w><c> </c><w lemma="[{'id':242816792,'ls':[{'id':242816793,'name':'sui','wfs':[{'id':554766465,'morph':{'Casus':'DATIVE','Genus':'MASCULINE','Numerus':'SINGULAR','Pos':'PRO','PronounType':'REFLEXIVE'},'name':'sibi'}]}],'name':'sui@PRO'}]">sibi</w><c> </c><w lemma="[{'id':3142388,'ls':[{'id':8656,'name':'sumptuosus','wfs':[{'id':3142493,'morph':{'Casus':'ACCUSATIVE','ComparisonDegree':'POSITIVE','DeclensionType':'SECOND_DECLENSION','Genus':'NEUTER','Numerus':'SINGULAR','Pos':'ADJ'},'name':'sumptuosum'}]}],'name':'sumptuosus@ADJ'}]">sumptuosum</w><c> </c><w lemma="[{'id':7617143,'ls':[{'id':7617144,'name':'sum','wfs':[{'id':7617145,'morph':{'Mood':'INFINITIVE','Pos':'V','Tense':'PRESENT','VerbType':'VERBA_ANOMALA','Voice':'ACTIVE'},'name':'esse'}]}],'name':'sum@V'}]">esse</w><c> </c><w lemma="[{'id':4637462,'ls':[{'id':2846,'name':'credo','wfs':[{'id':4637795,'morph':{'ConjugationType':'THIRD_CONJUGATION','Mood':'SUBJUNCTIVE','Numerus':'SINGULAR','Person':'PERSON_3','Pos':'V','Tense':'PERFECT','VerbType':'TRANSITIVE','Voice':'ACTIVE'},'name':'crediderit'}]}],'name':'credo@V'}]">crediderit</w><c>,</c><c> </c><w lemma="[{'id':2905058,'ls':[{'id':7523,'name':'proprius','wfs':[{'id':297496495,'morph':{'Casus':'ACCUSATIVE','ComparisonDegree':'POSITIVE','DeclensionType':'FIRST_DECLENSION','Genus':'FEMININE','Numerus':'SINGULAR','Pos':'ADJ'},'name':'propriam'}]}],'name':'proprius@ADJ'}]">propriam</w><c> </c><w lemma="[{'id':3985641,'ls':[{'id':1726,'name':'cedo','wfs':[{'id':3985965,'morph':{'ConjugationType':'THIRD_CONJUGATION','Mood':'SUBJUNCTIVE','Numerus':'SINGULAR','Person':'PERSON_3','Pos':'V','Tense':'PRESENT','VerbType':'TRANSITIVE','Voice':'ACTIVE'},'name':'cedat'}]}],'name':'cedo@V'}]">cedat</w><c> </c><w lemma="[{'id':7733518,'ls':[{'id':8673,'name':'supplico','wfs':[{'id':7733968,'morph':{'Casus':'DATIVE','ConjugationType':'FIRST_CONJUGATION','Genus':'MASCULINE','Mood':'PARTICIPLE','Numerus':'PLURAL','Pos':'V','Tense':'PRESENT','VerbType':'TRANSITIVE','Voice':'ACTIVE'},'name':'supplicantibus'}]}],'name':'supplico@V'}]">supplicantibus</w><c> </c><w lemma="[{'id':1264336,'ls':[{'id':7223,'name':'portio','wfs':[{'id':243425776,'morph':{'Casus':'ACCUSATIVE','DeclensionType':'THIRD_DECLENSION','Genus':'FEMININE','Numerus':'SINGULAR','Pos':'NN'},'name':'portionem'}]}],'name':'portio@NN'}]">portionem</w><c>.</c><c> </c></s><s><w lemma="[{'id':6487278,'ls':[{'id':6487493,'name':'oportet','wfs':[{'id':6487550,'morph':{'ConjugationType':'SECOND_CONJUGATION','Mood':'INDICATIVE','Numerus':'SINGULAR','Person':'PERSON_3','Pos':'V','Tense':'PRESENT','VerbType':'IMPERSONAL','Voice':'ACTIVE'},'name':'oportet'}]}],'name':'oportet@V'}]">oportet</w><c> </c><lb n="20" xml:id="bsb00000824_00242_20"></lb><w lemma="[{'id':109821,'ls':[{'id':109822,'name':'enim','wfs':[{'id':109823,'morph':{'Pos':'CON'},'name':'enim'}]}],'name':'enim@CON'}]">enim</w><c>,</c><c> </c><w lemma="[{'id':110061,'ls':[{'id':110062,'name':'ut','wfs':[{'id':110063,'morph':{'Pos':'CON'},'name':'ut'}]}],'name':'ut@CON'}]">ut</w><c>,</c><c> </c><w lemma="[{'id':110020,'ls':[{'id':110021,'name':'si','wfs':[{'id':110022,'morph':{'Pos':'CON'},'name':'si'}]}],'name':'si@CON'}]">si</w><c> </c><w lemma="[{'id':242816153,'ls':[{'id':242816154,'name':'ipse','wfs':[{'id':244509994,'morph':{'Casus':'NOMINATIVE','Genus':'MASCULINE','Numerus':'SINGULAR','Pos':'PRO','PronounType':'DEMONSTRATIVE'},'name':'ipse'}]}],'name':'ipse@PRO'}]">ipse</w><c> </c><w lemma="[{'id':6744661,'ls':[{'id':7244,'name':'postulo','wfs':[{'id':6744713,'morph':{'Casus':'ACCUSATIVE','ConjugationType':'FIRST_CONJUGATION','Genus':'NEUTER','Mood':'PARTICIPLE','Numerus':'PLURAL','Pos':'V','Tense':'PERFECT','VerbType':'TRANSITIVE','Voice':'PASSIVE'},'name':'postulata'}]}],'name':'postulo@V'}]">postulata</w><c> </c><w lemma="[{'id':6316598,'ls':[{'id':6316599,'name':'nequeo','wfs':[{'id':241369802,'morph':{'Mood':'INDICATIVE','Numerus':'SINGULAR','Person':'PERSON_3','Pos':'V','Tense':'PRESENT','VerbType':'VERBA_ANOMALA','Voice':'ACTIVE'},'name':'nequit'}]}],'name':'nequeo@V'}]">nequit</w><c> </c><w lemma="[{'id':5147146,'ls':[{'id':3801,'name':'efficio','wfs':[{'id':5147231,'morph':{'ConjugationType':'THIRD_CONJUGATION','Mood':'INFINITIVE','Pos':'V','Tense':'PRESENT','VerbType':'TRANSITIVE','Voice':'ACTIVE'},'name':'efficere'}]}],'name':'efficio@V'}]">efficere</w><c>,</c><c> </c><w lemma="[{'id':2010603,'ls':[{'id':241838933,'name':'consors','wfs':[{'id':241839000,'morph':{'Casus':'ACCUSATIVE','ComparisonDegree':'POSITIVE','DeclensionType':'THIRD_DECLENSION','Genus':'FEMININE','Numerus':'SINGULAR','Pos':'ADJ'},'name':'consortem'}]}],'name':'consors@ADJ'}]">consortem</w><c> </c><w lemma="[{'id':810229,'ls':[{'id':1346,'name':'beneficium','wfs':[{'id':241409196,'morph':{'Casus':'GENITIVE','DeclensionType':'SECOND_DECLENSION','Genus':'NEUTER','Numerus':'SINGULAR','Pos':'NN'},'name':'beneficii'}]}],'name':'beneficium@NN'}]">beneficii</w><c> </c><w lemma="[{'id':1054836,'ls':[{'id':4677,'name':'gloria','wfs':[{'id':1054846,'morph':{'Casus':'ACCUSATIVE','DeclensionType':'FIRST_DECLENSION','Genus':'FEMININE','Numerus':'SINGULAR','Pos':'NN'},'name':'gloriam'}]}],'name':'gloria@NN'}]">gloriam</w><c> </c><w lemma="[{'id':244510439,'ls':[{'id':244510440,'name':'noster','wfs':[{'id':297496353,'morph':{'Casus':'GENITIVE','DeclensionType':'SECOND_DECLENSION','Genus':'NEUTER','Numerus':'SINGULAR','Pos':'PRO','PronounType':'POSSESSIVE'},'name':'nostri'}]}],'name':'noster@PRO'}]">nostri</w><c> </c><w lemma="[{'id':1412956,'ls':[{'id':8776,'name':'tempus','wfs':[{'id':1412970,'morph':{'Casus':'GENITIVE','DeclensionType':'THIRD_DECLENSION','Genus':'NEUTER','Numerus':'SINGULAR','Pos':'NN'},'name':'temporis'}]}],'name':'tempus@NN'}]">temporis</w><c> </c><lb n="21" xml:id="bsb00000824_00242_21"></lb><w lemma="[{'id':6624882,'ls':[{'id':6986,'name':'permitto','wfs':[{'id':6625206,'morph':{'ConjugationType':'THIRD_CONJUGATION','Mood':'SUBJUNCTIVE','Numerus':'SINGULAR','Person':'PERSON_3','Pos':'V','Tense':'PRESENT','VerbType':'TRANSITIVE','Voice':'ACTIVE'},'name':'permittat'}]}],'name':'permitto@V'}]">permittat</w><c> </c><w lemma="[{'id':5732472,'ls':[{'id':4999,'name':'impleo','wfs':[{'id':5732553,'morph':{'ConjugationType':'SECOND_CONJUGATION','Mood':'INFINITIVE','Pos':'V','Tense':'PRESENT','VerbType':'TRANSITIVE','Voice':'ACTIVE'},'name':'implere'}]}],'name':'impleo@V'}]">implere</w><c>.</c></s></p></div></body></text></TEI>