<?xml version="1.0" ?><TEI xmlns="http://www.tei-c.org/ns/1.0"><teiHeader><fileDesc><titleStmt><title>MGH Auct. ant. 12: Cassiodori Senatoris Variae</title><editor>Mommsen, Theodor</editor></titleStmt><publicationStmt><publisher>Monumenta Germaniae Historica (MGH)</publisher><publisher>Bavarian State Library (BSB), München</publisher><idno type="BSB">bsb00000824</idno><idno type="MGH"><idno type="Annotation_created_by">sysop</idno><idno type="Annotation_created_on">Wed Oct 18 18:53:45 CEST 2017</idno><idno type="Annotation_last_changed_by">geelhaar</idno><idno type="Annotation_last_changed_on">Thu Aug 20 10:43:40 CEST 2020</idno><idno type="Author_(German)">Cassiodor (Flavius Magnus Aurelius Cassiodorus Senator)</idno><idno type="Author_(Latin)">Cassiodorus Vivariensis</idno><idno type="BSB">bsb00000824</idno><idno type="Bibliographical_Link">http://stabikat.de/DB=1/XMLPRS=N/PPN?PPN=235118842</idno><idno type="C_Stat">06</idno><idno type="C1">06</idno><idno type="C2">05</idno><idno type="Column">127</idno><idno type="Commentary">dated according to the edition (TG)</idno><idno type="Concordance_View">true</idno><idno type="Digital_Edition_Statement">Text retrieved from the critical edition and prepared by the BMBF funded project "Humanist Computer Interaction under Scrutiny"(https://humanist.hs-mainz.de/en/). The Latin Text Archive (LTA) version has been created at Goethe University Frankfurt by the CompHistSem-Work Group (hudesktop.hucompute.org).</idno><idno type="Edition">MGH Auctores antiquissimi 12</idno><idno type="LTA_Export">true</idno><idno type="Licence_Info">CC BY 4.0</idno><idno type="Multiple_Lemmata_under_a_unique_Super_lemma">0.00%</idno><idno type="Multiple_Super_lemmata">0.00%</idno><idno type="Multiple_Wordforms_under_a_unique_Lemma">0.00%</idno><idno type="Multiple_Wordforms._Tagger_based_result._Multiple_Lemmata_possible">0.00%</idno><idno type="Multiple_Wordforms._Tagger_based_result._Multiple_Super_Lemmata_possible">0.00%</idno><idno type="Not_yet_linked_or_unknown_Wordform">0.00%</idno><idno type="Page">127</idno><idno type="Provided_by">Monumenta Germaniae Historica</idno><idno type="RepFontMA">not available</idno><idno type="Status">a</idno><idno type="Text_Type">Letter</idno><idno type="Text_Type_Class">Letters</idno><idno type="Time">507/511</idno><idno type="Title">Variae 04.30 - Albino viro illustri patricio Theodericus rex</idno><idno type="Type_of_Corpus">Corpus of Letters</idno><idno type="URL">http://www.mgh.de/dmgh/resolving/MGH_Auct._ant._12_S._127</idno><idno type="Unique_Wordform">100,00%</idno><idno type="Unique_Wordform._Tagger_based_result._Multiple_Lemmata_possible">0.00%</idno><idno type="Unique_Wordform._Tagger_based_result._Multiple_Super_lemmata_possible">0.00%</idno><idno type="VIAF_(Expression)">182693798</idno><idno type="VIAF_(Expression)_Link">http://viaf.org/viaf/182693798</idno><idno type="VIAF_(Person)">95230707</idno><idno type="VIAF_(Person)_Link">http://viaf.org/viaf/95230707</idno><idno type="Volume">Auct. ant. 12</idno><idno type="Year_of_Publication_(interpreted)">0511</idno>MGH Auct. ant. 12</idno><availability><licence target="http://creativecommons.org/licenses/by/4.0/"><p>Distributed under the Creative Commons Attribution 4.0 International (CC BY 4.0) license.</p><p>This license covers the annotations added by the Monumenta Germaniae Historica and the
            Bavarian State Library, Munich, in the course of project "digital MGH"
            <ref target="http://www.dmgh.de">http://www.dmgh.de</ref>, funded by the
            German Research Foundation (DFG).</p><p>We do not claim any rights on the text itself which is believed to be in the public domain.</p><p>If you distribute a copy or a derivative version of this file, please indicate the source
            of the file by mentioning the Monumenta Germaniae Historica (MGH) and the
            Bavarian State Library, Munich (BSB).</p></licence></availability><date when="2016-11-28T16:32:43+01:00">2016-11-28, 16:32:43</date></publicationStmt><sourceDesc><biblFull><titleStmt><title>Cassiodori Senatoris Variae</title><editor>Mommsen, Theodor</editor></titleStmt><publicationStmt><publisher>Weidmann</publisher><pubPlace>Berlin</pubPlace><date>1894</date></publicationStmt><seriesStmt><title>Auctores antiquissimi</title><biblScope unit="volume">12</biblScope></seriesStmt></biblFull></sourceDesc></fileDesc></teiHeader><text><body><div><lb n="15" xml:id="bsb00000824_00311_15"></lb><head n="3"><s><w lemma="[{'id':241346594,'ls':[{'id':241346595,'name':'NUMERAL','wfs':[{'id':498534595,'morph':{'Pos':'NUM'},'name':'xxx'}]}],'name':'NUMERAL@NUM'}]">XXX</w><c>.</c><c> </c><lb n="16" xml:id="bsb00000824_00311_16"></lb><w lemma="[{'id':282287,'ls':[{'id':282288,'name':'Albinus','wfs':[{'id':574466,'morph':{'Casus':'DATIVE','DeclensionType':'SECOND_DECLENSION','Genus':'MASCULINE','Numerus':'SINGULAR','Pos':'NP'},'name':'Albino'}]}],'name':'Albinus@NP'}]">ALBINO</w><c> </c><w lemma="[{'id':1466541,'ls':[{'id':9281,'name':'vir','wfs':[{'id':779458787,'morph':{'Casus':'DATIVE','DeclensionType':'SECOND_DECLENSION','Genus':'MASCULINE','Numerus':'SINGULAR','Pos':'NN'},'name':'v'}]}],'name':'vir@NN'}]">V</w><c>.</c><w lemma="[{'id':2413908,'ls':[{'id':4928,'name':'illustris','wfs':[{'id':779459471,'morph':{'Casus':'DATIVE','ComparisonDegree':'POSITIVE','DeclensionType':'THIRD_DECLENSION','Genus':'MASCULINE','Numerus':'SINGULAR','Pos':'ADJ'},'name':'I'}]}],'name':'illustris@ADJ'}]">I</w><c>.</c><c> </c><w lemma="[{'id':555045,'ls':[{'id':555046,'name':'Patricius','wfs':[{'id':687978,'morph':{'Casus':'DATIVE','DeclensionType':'SECOND_DECLENSION','Genus':'MASCULINE','Numerus':'SINGULAR','Pos':'NP'},'name':'Patricio'}]}],'name':'Patricius@NP'}]">PATRICIO</w><c> </c><w lemma="[{'id':624521,'ls':[{'id':624522,'name':'Theodericus','wfs':[{'id':243244190,'morph':{'Casus':'NOMINATIVE','DeclensionType':'SECOND_DECLENSION','Genus':'MASCULINE','Numerus':'SINGULAR','Pos':'NP'},'name':'Theodericus'}]}],'name':'Theodericus@NP'}]">THEODERICUS</w><c> </c><w lemma="[{'id':1329481,'ls':[{'id':7965,'name':'rex','wfs':[{'id':1329499,'morph':{'Casus':'NOMINATIVE','DeclensionType':'THIRD_DECLENSION','Genus':'MASCULINE','Numerus':'SINGULAR','Pos':'NN'},'name':'rex'}]}],'name':'rex@NN'}]">REX</w><c>.</c></s></head><note><s><hi rend="ITALICS"><w lemma="[{'id':759853,'ls':[{'id':807,'name':'annus','wfs':[{'id':382849904,'morph':{'Casus':'ABLATIVE','DeclensionType':'SECOND_DECLENSION','Genus':'MASCULINE','Numerus':'SINGULAR','Pos':'NN'},'name':'a'}]}],'name':'annus@NN'}]">a</w><c>.</c><c> </c><w lemma="[{'id':241346594,'ls':[{'id':241346595,'name':'NUMERAL','wfs':[{'id':241346596,'morph':{'Pos':'NUM'},'name':'NUMERAL'}]}],'name':'NUMERAL@NUM'}]">507</w><c>/</c><w lemma="[{'id':241346594,'ls':[{'id':241346595,'name':'NUMERAL','wfs':[{'id':241346596,'morph':{'Pos':'NUM'},'name':'NUMERAL'}]}],'name':'NUMERAL@NUM'}]">511</w></hi></s></note><lb n="17" xml:id="bsb00000824_00311_17"></lb><p><s><w lemma="[{'id':4708992,'ls':[{'id':4708993,'name':'decet','wfs':[{'id':4709145,'morph':{'ConjugationType':'SECOND_CONJUGATION','Mood':'INDICATIVE','Numerus':'SINGULAR','Person':'PERSON_3','Pos':'V','Tense':'PRESENT','VerbType':'IMPERSONAL','Voice':'ACTIVE'},'name':'decet'}]}],'name':'decet@V'}]">Decet</w><c> </c><w lemma="[{'id':225986,'ls':[{'id':7693,'name':'quidem','wfs':[{'id':241331904,'morph':{'Pos':'ADV'},'name':'quidem'}]}],'name':'quidem@ADV'}]">quidem</w><c> </c><w lemma="[{'id':2081351,'ls':[{'id':2081352,'name':'cunctus','wfs':[{'id':2081359,'morph':{'Casus':'ACCUSATIVE','ComparisonDegree':'POSITIVE','DeclensionType':'SECOND_DECLENSION','Genus':'MASCULINE','Numerus':'PLURAL','Pos':'ADJ'},'name':'cunctos'}]}],'name':'cunctus@ADJ'}]">cunctos</w><c> </c><w lemma="[{'id':1229452,'ls':[{'id':6853,'name':'patria','wfs':[{'id':1229464,'morph':{'Casus':'GENITIVE','DeclensionType':'FIRST_DECLENSION','Genus':'FEMININE','Numerus':'SINGULAR','Pos':'NN'},'name':'patriae'}]}],'name':'patria@NN'}]">patriae</w><c> </c><w lemma="[{'id':244511757,'ls':[{'id':244511758,'name':'suus','wfs':[{'id':245550214,'morph':{'Casus':'GENITIVE','Genus':'FEMININE','Numerus':'SINGULAR','Pos':'PRO','PronounType':'POSSESSIVE'},'name':'suae'}]}],'name':'suus@PRO'}]">suae</w><c> </c><w lemma="[{'id':798138,'ls':[{'id':1206,'name':'augmentum','wfs':[{'id':798139,'morph':{'Casus':'ACCUSATIVE','DeclensionType':'SECOND_DECLENSION','Genus':'NEUTER','Numerus':'PLURAL','Pos':'NN'},'name':'augmenta'}]}],'name':'augmentum@NN'}]">augmenta</w><c> </c><w lemma="[{'id':4185453,'ls':[{'id':2008,'name':'cogito','wfs':[{'id':4185534,'morph':{'ConjugationType':'FIRST_CONJUGATION','Mood':'INFINITIVE','Pos':'V','Tense':'PRESENT','VerbType':'TRANSITIVE','Voice':'ACTIVE'},'name':'cogitare'}]}],'name':'cogito@V'}]">cogitare</w><c>,</c><c> </c><w lemma="[{'id':110010,'ls':[{'id':110011,'name':'sed','wfs':[{'id':110012,'morph':{'Pos':'CON'},'name':'sed'}]}],'name':'sed@CON'}]">sed</w><c> </c><w lemma="[{'id':242816207,'ls':[{'id':242816208,'name':'is','wfs':[{'id':244510049,'morph':{'Casus':'ACCUSATIVE','Genus':'MASCULINE','Numerus':'PLURAL','Pos':'PRO','PronounType':'PERSONAL'},'name':'eos'}]}],'name':'is@PRO'}]">eos</w><c> </c><w lemma="[{'id':201080,'ls':[{'id':201081,'name':'magnus','wfs':[{'id':201084,'morph':{'ComparisonDegree':'SUPERLATIVE','Pos':'ADV'},'name':'maxime'}]}],'name':'magnus@ADV'}]">maxime</w><c>,</c><c> </c><w lemma="[{'id':242816363,'ls':[{'id':242816364,'name':'qui','wfs':[{'id':242816417,'morph':{'Casus':'ACCUSATIVE','Genus':'MASCULINE','Numerus':'PLURAL','Pos':'PRO','PronounType':'RELATIVE'},'name':'quos'}]}],'name':'qui@PRO'}]">quos</w><c> </c><lb n="18" xml:id="bsb00000824_00311_18"></lb><w lemma="[{'id':1322669,'ls':[{'id':964024,'name':'res','wfs':[{'id':964026,'morph':{'Casus':'NOMINATIVE','DeclensionType':'FIFTH_DECLENSION','Genus':'FEMININE','Numerus':'SINGULAR','Pos':'NN'},'name':'res'}]}],'name':'res@NN'}]">res</w><c> </c><w lemma="[{'id':2914003,'ls':[{'id':7599,'name':'publicus','wfs':[{'id':2914075,'morph':{'Casus':'NOMINATIVE','ComparisonDegree':'POSITIVE','DeclensionType':'FIRST_DECLENSION','Genus':'FEMININE','Numerus':'SINGULAR','Pos':'ADJ'},'name':'publica'}]}],'name':'publicus@ADJ'}]">publica</w><c> </c><w lemma="[{'id':242816792,'ls':[{'id':242816793,'name':'sui','wfs':[{'id':594445459,'morph':{'Casus':'DATIVE','Genus':'FEMININE','Numerus':'SINGULAR','Pos':'PRO','PronounType':'REFLEXIVE'},'name':'sibi'}]}],'name':'sui@PRO'}]">sibi</w><c> </c><w lemma="[{'id':242680106,'ls':[{'id':242680107,'name':'super','wfs':[{'id':244343649,'morph':{'Casus':'ABLATIVE','ComparisonDegree':'SUPERLATIVE','DeclensionType':'SECOND_DECLENSION','Genus':'MASCULINE','Numerus':'PLURAL','Pos':'ADJ'},'name':'summis'}]}],'name':'super@ADJ'}]">summis</w><c> </c><w lemma="[{'id':614673272,'ls':[{'id':4860,'name':'honor','wfs':[{'id':1068845,'morph':{'Casus':'ABLATIVE','DeclensionType':'THIRD_DECLENSION','Genus':'MASCULINE','Numerus':'PLURAL','Pos':'NN'},'name':'honoribus'}]}],'name':'honor@NN'}]">honoribus</w><c> </c><w lemma="[{'id':6371484,'ls':[{'id':6491,'name':'obligo','wfs':[{'id':6371841,'morph':{'ConjugationType':'FIRST_CONJUGATION','Mood':'INDICATIVE','Numerus':'SINGULAR','Person':'PERSON_3','Pos':'V','Tense':'PERFECT','VerbType':'TRANSITIVE','Voice':'ACTIVE'},'name':'obligavit'}]}],'name':'obligo@V'}]">obligavit</w><c>,</c><c> </c><w lemma="[{'id':109966,'ls':[{'id':109967,'name':'quia','wfs':[{'id':109968,'morph':{'Pos':'CON'},'name':'quia'}]}],'name':'quia@CON'}]">quia</w><c> </c><w lemma="[{'id':1307428,'ls':[{'id':7734,'name':'ratio','wfs':[{'id':241472634,'morph':{'Casus':'NOMINATIVE','DeclensionType':'THIRD_DECLENSION','Genus':'FEMININE','Numerus':'SINGULAR','Pos':'NN'},'name':'ratio'}]}],'name':'ratio@NN'}]">ratio</w><c> </c><w lemma="[{'id':1322669,'ls':[{'id':964024,'name':'res','wfs':[{'id':242825945,'morph':{'Casus':'GENITIVE','DeclensionType':'FIFTH_DECLENSION','Genus':'FEMININE','Numerus':'PLURAL','Pos':'NN'},'name':'rerum'}]}],'name':'res@NN'}]">rerum</w><c> </c><w lemma="[{'id':7617143,'ls':[{'id':7617144,'name':'sum','wfs':[{'id':242825881,'morph':{'Mood':'INDICATIVE','Numerus':'SINGULAR','Person':'PERSON_3','Pos':'V','Tense':'PRESENT','VerbType':'VERBA_ANOMALA','Voice':'ACTIVE'},'name':'est'}]}],'name':'sum@V'}]">est</w><c>,</c><c> </c><w lemma="[{'id':110061,'ls':[{'id':110062,'name':'ut','wfs':[{'id':110063,'morph':{'Pos':'CON'},'name':'ut'}]}],'name':'ut@CON'}]">ut</w><c> </c><w lemma="[{'id':242816207,'ls':[{'id':242816208,'name':'is','wfs':[{'id':242816231,'morph':{'Casus':'ACCUSATIVE','Genus':'MASCULINE','Numerus':'SINGULAR','Pos':'PRO','PronounType':'PERSONAL'},'name':'eum'}]}],'name':'is@PRO'}]">eum</w><c> </c><w lemma="[{'id':242307696,'ls':[{'id':242307701,'name':'necesse','wfs':[{'id':242307702,'morph':{'Genus':'NEUTER','Pos':'ADJ'},'name':'necesse'}]}],'name':'necesse@ADJ'}]">necesse</w><c> </c><w lemma="[{'id':7617143,'ls':[{'id':7617144,'name':'sum','wfs':[{'id':244519866,'morph':{'Mood':'SUBJUNCTIVE','Numerus':'SINGULAR','Person':'PERSON_3','Pos':'V','Tense':'PRESENT','VerbType':'VERBA_ANOMALA','Voice':'ACTIVE'},'name':'sit'}]}],'name':'sum@V'}]">sit</w><c> </c><lb n="19" xml:id="bsb00000824_00311_19"></lb><w lemma="[{'id':204352,'ls':[{'id':6264,'name':'multum','wfs':[{'id':204353,'morph':{'ComparisonDegree':'COMPARATIVE','Pos':'ADV'},'name':'plus'}]}],'name':'multum@ADV'}]">plus</w><c> </c><w lemma="[{'id':4694501,'ls':[{'id':3027,'name':'debeo','wfs':[{'id':1132702,'morph':{'ConjugationType':'SECOND_CONJUGATION','Mood':'INFINITIVE','Pos':'V','Tense':'PRESENT','VerbType':'TRANSITIVE','Voice':'ACTIVE'},'name':'debere'}]}],'name':'debeo@V'}]">debere</w><c>,</c><c> </c><w lemma="[{'id':242816363,'ls':[{'id':242816364,'name':'qui','wfs':[{'id':244511016,'morph':{'Casus':'NOMINATIVE','Genus':'MASCULINE','Numerus':'SINGULAR','Pos':'PRO','PronounType':'RELATIVE'},'name':'qui'}]}],'name':'qui@PRO'}]">qui</w><c> </c><w lemma="[{'id':242815904,'ls':[{'id':244520791,'name':'videor','wfs':[{'id':232322913,'morph':{'Casus':'NOMINATIVE','ConjugationType':'SECOND_CONJUGATION','Genus':'MASCULINE','Mood':'PARTICIPLE','Numerus':'SINGULAR','Pos':'V','Tense':'PERFECT','VerbType':'DEPONENT','Voice':'PASSIVE'},'name':'visus'}]}],'name':'videor@V'}]">visus</w><c> </c><w lemma="[{'id':7617143,'ls':[{'id':7617144,'name':'sum','wfs':[{'id':242825881,'morph':{'Mood':'INDICATIVE','Numerus':'SINGULAR','Person':'PERSON_3','Pos':'V','Tense':'PRESENT','VerbType':'VERBA_ANOMALA','Voice':'ACTIVE'},'name':'est'}]}],'name':'sum@V'}]">est</w><c> </c><w lemma="[{'id':2637442,'ls':[{'id':5911,'name':'magnus','wfs':[{'id':2637492,'morph':{'Casus':'ACCUSATIVE','ComparisonDegree':'COMPARATIVE','DeclensionType':'THIRD_DECLENSION','Genus':'NEUTER','Numerus':'PLURAL','Pos':'ADJ'},'name':'maiora'}]}],'name':'magnus@ADJ'}]">maiora</w><c> </c><w lemma="[{'id':7755891,'ls':[{'id':8690,'name':'suscipio','wfs':[{'id':7756785,'morph':{'ConjugationType':'THIRD_CONJUGATION','Mood':'INFINITIVE','Pos':'V','Tense':'PRESENT','VerbType':'TRANSITIVE','Voice':'ACTIVE'},'name':'suscipere'}]}],'name':'suscipio@V'}]">suscipere</w><c>.</c><c> </c></s><s><w lemma="[{'id':6738142,'ls':[{'id':7215,'name':'porrigo','wfs':[{'id':6738380,'morph':{'Casus':'ABLATIVE','ConjugationType':'THIRD_CONJUGATION','Genus':'FEMININE','Mood':'PARTICIPLE','Numerus':'SINGULAR','Pos':'V','Tense':'PERFECT','VerbType':'TRANSITIVE','Voice':'PASSIVE'},'name':'porrecta'}]}],'name':'porrigo@V'}]">Porrecta</w><c> </c><w lemma="[{'id':109851,'ls':[{'id':109852,'name':'itaque','wfs':[{'id':109853,'morph':{'Pos':'CON'},'name':'itaque'}]}],'name':'itaque@CON'}]">itaque</w><c> </c><w lemma="[{'id':1402512,'ls':[{'id':8674,'name':'supplicatio','wfs':[{'id':243477260,'morph':{'Casus':'ABLATIVE','DeclensionType':'THIRD_DECLENSION','Genus':'FEMININE','Numerus':'SINGULAR','Pos':'NN'},'name':'supplicatione'}]}],'name':'supplicatio@NN'}]">supplicatione</w><c> </c><w lemma="[{'id':7792146,'ls':[{'id':7792147,'name':'testo','wfs':[{'id':7792215,'morph':{'Casus':'NOMINATIVE','ConjugationType':'FIRST_CONJUGATION','Genus':'MASCULINE','Mood':'PARTICIPLE','Numerus':'SINGULAR','Pos':'V','Tense':'PERFECT','VerbType':'TRANSITIVE','Voice':'PASSIVE'},'name':'testatus'}]}],'name':'testor@V'}]">testatus</w><c> </c><w lemma="[{'id':7617143,'ls':[{'id':7617144,'name':'sum','wfs':[{'id':244519803,'morph':{'Mood':'INDICATIVE','Numerus':'SINGULAR','Person':'PERSON_2','Pos':'V','Tense':'PRESENT','VerbType':'VERBA_ANOMALA','Voice':'ACTIVE'},'name':'es'}]}],'name':'sum@V'}]">es</w><c> </c><lb n="20" xml:id="bsb00000824_00311_20"></lb><w lemma="[{'id':2090871,'ls':[{'id':2980,'name':'curvus','wfs':[{'id':2091263,'morph':{'Casus':'GENITIVE','ComparisonDegree':'POSITIVE','DeclensionType':'FIRST_DECLENSION','Genus':'FEMININE','Numerus':'SINGULAR','Pos':'ADJ'},'name':'curvae'}]}],'name':'curvus@ADJ'}]">Curvae</w><c> </c><w lemma="[{'id':1264333,'ls':[{'id':7222,'name':'porticus','wfs':[{'id':243425760,'morph':{'Casus':'NOMINATIVE','DeclensionType':'FOURTH_DECLENSION','Genus':'FEMININE','Numerus':'SINGULAR','Pos':'NN'},'name':'porticus'}]}],'name':'porticus@NN'}]">porticus</w><c>,</c><c> </c><w lemma="[{'id':242816363,'ls':[{'id':242816364,'name':'qui','wfs':[{'id':296826594,'morph':{'Casus':'NOMINATIVE','Genus':'FEMININE','Numerus':'SINGULAR','Pos':'PRO','PronounType':'RELATIVE'},'name':'quae'}]}],'name':'qui@PRO'}]">quae</w><c> </c><w lemma="[{'id':241279545,'ls':[{'id':241279546,'name':'iuxta','wfs':[{'id':241279547,'morph':{'Pos':'AP'},'name':'iuxta'}]}],'name':'iuxta@AP'}]">iuxta</w><c> </c><w lemma="[{'id':980177,'ls':[{'id':3693,'name':'domus','wfs':[{'id':243328050,'morph':{'Casus':'ACCUSATIVE','DeclensionType':'FOURTH_DECLENSION','Genus':'FEMININE','Numerus':'SINGULAR','Pos':'NN'},'name':'domum'}]}],'name':'domus@NN'}]">domum</w><c> </c><w lemma="[{'id':2760793,'ls':[{'id':2760794,'name':'palmatus','wfs':[{'id':2760853,'morph':{'Casus':'ACCUSATIVE','ComparisonDegree':'POSITIVE','DeclensionType':'FIRST_DECLENSION','Genus':'FEMININE','Numerus':'SINGULAR','Pos':'ADJ'},'name':'palmatam'}]}],'name':'palmatus@ADJ'}]">Palmatam</w><c> </c><w lemma="[{'id':6734552,'ls':[{'id':7197,'name':'pono','wfs':[{'id':6734636,'morph':{'Casus':'NOMINATIVE','ConjugationType':'THIRD_CONJUGATION','Genus':'FEMININE','Mood':'PARTICIPLE','Numerus':'SINGULAR','Pos':'V','Tense':'PERFECT','VerbType':'TRANSITIVE','Voice':'PASSIVE'},'name':'posita'}]}],'name':'pono@V'}]">posita</w><c> </c><w lemma="[{'id':1038790,'ls':[{'id':4449,'name':'foris','wfs':[{'id':1038805,'morph':{'Casus':'ACCUSATIVE','DeclensionType':'THIRD_DECLENSION','Genus':'FEMININE','Numerus':'SINGULAR','Pos':'NN'},'name':'forum'}]}],'name':'foris@NN'}]">forum</w><c> </c><w lemma="[{'id':109577,'ls':[{'id':109578,'name':'in','wfs':[{'id':109579,'morph':{'Pos':'AP'},'name':'in'}]}],'name':'in@AP'}]">in</w><c> </c><w lemma="[{'id':1171851,'ls':[{'id':6157,'name':'modus','wfs':[{'id':1171879,'morph':{'Casus':'ACCUSATIVE','DeclensionType':'SECOND_DECLENSION','Genus':'MASCULINE','Numerus':'SINGULAR','Pos':'NN'},'name':'modum'}]}],'name':'modus@NN'}]">modum</w><c> </c><w lemma="[{'id':778650,'ls':[{'id':1001,'name':'area','wfs':[{'id':778663,'morph':{'Casus':'GENITIVE','DeclensionType':'FIRST_DECLENSION','Genus':'FEMININE','Numerus':'SINGULAR','Pos':'NN'},'name':'areae'}]}],'name':'area@NN'}]">areae</w><c> </c><w lemma="[{'id':158410,'ls':[{'id':158411,'name':'decenter','wfs':[{'id':158414,'morph':{'ComparisonDegree':'POSITIVE','Pos':'ADV'},'name':'decenter'}]}],'name':'decenter@ADV'}]">decenter</w><c> </c><lb n="21" xml:id="bsb00000824_00311_21"></lb><w lemma="[{'id':5791121,'ls':[{'id':5076,'name':'includo','wfs':[{'id':5791442,'morph':{'ConjugationType':'THIRD_CONJUGATION','Mood':'INDICATIVE','Numerus':'SINGULAR','Person':'PERSON_3','Pos':'V','Tense':'PRESENT','VerbType':'TRANSITIVE','Voice':'ACTIVE'},'name':'includit'}]}],'name':'includo@V'}]">includit</w><c>,</c><c> </c><w lemma="[{'id':7670885,'ls':[{'id':7670886,'name':'superimpono','wfs':[{'id':498998154,'morph':{'Casus':'ABLATIVE','ComparisonDegree':'POSITIVE','DeclensionType':'FIRST_DECLENSION','Genus':'FEMININE','Mood':'GERUNDIVE','Numerus':'PLURAL','Pos':'V'},'name':'superimponendis'}]}],'name':'superimpono@V'}]">superimponendis</w><c> </c><w lemma="[{'id':1025135,'ls':[{'id':4221,'name':'fabrica','wfs':[{'id':1025137,'morph':{'Casus':'ABLATIVE','DeclensionType':'FIRST_DECLENSION','Genus':'FEMININE','Numerus':'PLURAL','Pos':'NN'},'name':'fabricis'}]}],'name':'fabrica@NN'}]">fabricis</w><c> </c><w lemma="[{'id':1139311,'ls':[{'id':5748,'name':'licentia','wfs':[{'id':1139320,'morph':{'Casus':'ACCUSATIVE','DeclensionType':'FIRST_DECLENSION','Genus':'FEMININE','Numerus':'SINGULAR','Pos':'NN'},'name':'licentiam'}]}],'name':'licentia@NN'}]">licentiam</w><c> </c><w lemma="[{'id':4411487,'ls':[{'id':2386,'name':'condono','wfs':[{'id':4411569,'morph':{'ConjugationType':'FIRST_CONJUGATION','Mood':'INFINITIVE','Pos':'V','Tense':'PRESENT','VerbType':'TRANSITIVE','Voice':'PASSIVE'},'name':'condonari'}]}],'name':'condono@V'}]">condonari</w><c>,</c><c> </c><w lemma="[{'id':110061,'ls':[{'id':110062,'name':'ut','wfs':[{'id':110063,'morph':{'Pos':'CON'},'name':'ut'}]}],'name':'ut@CON'}]">ut</w><c> </c><w lemma="[{'id':109828,'ls':[{'id':109829,'name':'et','wfs':[{'id':109830,'morph':{'Pos':'CON'},'name':'et'}]}],'name':'et@CON'}]">et</w><c> </c><w lemma="[{'id':2888321,'ls':[{'id':2888434,'name':'privatus','wfs':[{'id':2888449,'morph':{'Casus':'GENITIVE','ComparisonDegree':'POSITIVE','DeclensionType':'FIRST_DECLENSION','Genus':'FEMININE','Numerus':'PLURAL','Pos':'ADJ'},'name':'privatarum'}]}],'name':'privatus@ADJ'}]">privatarum</w><c> </c><w lemma="[{'id':726245,'ls':[{'id':470,'name':'aedes','wfs':[{'id':241399687,'morph':{'Pos':'NN'},'name':'aedium'}]}],'name':'aedes@NN'}]">aedium</w><c> </c><lb n="22" xml:id="bsb00000824_00311_22"></lb><w lemma="[{'id':1060018,'ls':[{'id':4761,'name':'habitatio','wfs':[{'id':1060025,'morph':{'Casus':'NOMINATIVE','DeclensionType':'THIRD_DECLENSION','Genus':'FEMININE','Numerus':'SINGULAR','Pos':'NN'},'name':'habitatio'}]}],'name':'habitatio@NN'}]">habitatio</w><c> </c><w lemma="[{'id':6967006,'ls':[{'id':7560,'name':'protendo','wfs':[{'id':6967483,'morph':{'ConjugationType':'THIRD_CONJUGATION','Mood':'SUBJUNCTIVE','Numerus':'SINGULAR','Person':'PERSON_3','Pos':'V','Tense':'PRESENT','VerbType':'TRANSITIVE','Voice':'PASSIVE'},'name':'protendatur'}]}],'name':'protendo@V'}]">protendatur</w><c> </c><w lemma="[{'id':109828,'ls':[{'id':109829,'name':'et','wfs':[{'id':109830,'morph':{'Pos':'CON'},'name':'et'}]}],'name':'et@CON'}]">et</w><c> </c><w lemma="[{'id':1635127,'ls':[{'id':846,'name':'antiquus','wfs':[{'id':1635510,'morph':{'Casus':'ABLATIVE','ComparisonDegree':'POSITIVE','DeclensionType':'SECOND_DECLENSION','Genus':'NEUTER','Numerus':'PLURAL','Pos':'ADJ'},'name':'antiquis'}]}],'name':'antiquus@ADJ'}]">antiquis</w><c> </c><w lemma="[{'id':1172020,'ls':[{'id':1172021,'name':'moenia','wfs':[{'id':786682318,'morph':{'Casus':'ABLATIVE','DeclensionType':'THIRD_DECLENSION','Genus':'NEUTER','Numerus':'PLURAL','Pos':'NN'},'name':'moenibus'}]}],'name':'moenia@NN'}]">moenibus</w><c> </c><w lemma="[{'id':1193642,'ls':[{'id':6435,'name':'novitas','wfs':[{'id':1193667,'morph':{'Casus':'GENITIVE','DeclensionType':'THIRD_DECLENSION','Genus':'FEMININE','Numerus':'SINGULAR','Pos':'NN'},'name':'novitatis'}]}],'name':'novitas@NN'}]">novitatis</w><c> </c><w lemma="[{'id':4641727,'ls':[{'id':2862,'name':'cresco','wfs':[{'id':4642086,'morph':{'ConjugationType':'THIRD_CONJUGATION','Mood':'SUBJUNCTIVE','Numerus':'SINGULAR','Person':'PERSON_3','Pos':'V','Tense':'PRESENT','VerbType':'INTRANSITIVE','Voice':'ACTIVE'},'name':'crescat'}]}],'name':'cresco@V'}]">crescat</w><c> </c><w lemma="[{'id':787155,'ls':[{'id':1073,'name':'aspectus','wfs':[{'id':243260377,'morph':{'Casus':'NOMINATIVE','DeclensionType':'FOURTH_DECLENSION','Genus':'MASCULINE','Numerus':'SINGULAR','Pos':'NN'},'name':'aspectus'}]}],'name':'aspectus@NN'}]">aspectus</w><c>.</c><c> </c></s><s><w lemma="[{'id':196519,'ls':[{'id':5544,'name':'ita','wfs':[{'id':196520,'morph':{'Pos':'ADV'},'name':'ita'}]}],'name':'ita@ADV'}]">ita</w><c> </c><w lemma="[{'id':5511842,'ls':[{'id':4349,'name':'fio','wfs':[{'id':443111,'morph':{'Mood':'INDICATIVE','Numerus':'SINGULAR','Person':'PERSON_3','Pos':'V','Tense':'PRESENT','VerbType':'VERBA_ANOMALA','Voice':'ACTIVE'},'name':'fit'}]}],'name':'fio@V'}]">fit</w><c>,</c><c> </c><w lemma="[{'id':110061,'ls':[{'id':110062,'name':'ut','wfs':[{'id':110063,'morph':{'Pos':'CON'},'name':'ut'}]}],'name':'ut@CON'}]">ut</w><c>,</c><c> </c><w lemma="[{'id':242816363,'ls':[{'id':242816364,'name':'qui','wfs':[{'id':296826590,'morph':{'Casus':'NOMINATIVE','Genus':'NEUTER','Numerus':'SINGULAR','Pos':'PRO','PronounType':'RELATIVE'},'name':'quod'}]}],'name':'qui@PRO'}]">quod</w><c> </c><w lemma="[{'id':109610,'ls':[{'id':109611,'name':'per','wfs':[{'id':109612,'morph':{'Pos':'AP'},'name':'per'}]}],'name':'per@AP'}]">per</w><c> </c><lb n="23" xml:id="bsb00000824_00311_23"></lb><w lemma="[{'id':1090824,'ls':[{'id':5117,'name':'incuria','wfs':[{'id':1090830,'morph':{'Casus':'ACCUSATIVE','DeclensionType':'FIRST_DECLENSION','Genus':'FEMININE','Numerus':'SINGULAR','Pos':'NN'},'name':'incuriam'}]}],'name':'incuria@NN'}]">incuriam</w><c> </c><w lemma="[{'id':6741602,'ls':[{'id':7228,'name':'possum','wfs':[{'id':244516528,'morph':{'Mood':'INDICATIVE','Numerus':'SINGULAR','Person':'PERSON_3','Pos':'V','Tense':'IMPERFECT','VerbType':'VERBA_ANOMALA','Voice':'ACTIVE'},'name':'poterat'}]}],'name':'possum@V'}]">poterat</w><c> </c><w lemma="[{'id':6105475,'ls':[{'id':5554,'name':'labor','wfs':[{'id':6105515,'morph':{'ConjugationType':'THIRD_CONJUGATION','Mood':'INFINITIVE','Pos':'V','Tense':'PRESENT','VerbType':'DEPONENT','Voice':'PASSIVE'},'name':'labi'}]}],'name':'labor@V'}]">labi</w><c>,</c><c> </c><w lemma="[{'id':1155414,'ls':[{'id':1155415,'name':'manens','wfs':[{'id':1155421,'morph':{'Casus':'GENITIVE','DeclensionType':'THIRD_DECLENSION','Genus':'MASCULINE','Numerus':'PLURAL','Pos':'NN'},'name':'manentum'}]}],'name':'manens@NN'}]">manentum</w><c> </c><w lemma="[{'id':8004098,'ls':[{'id':9253,'name':'video','wfs':[{'id':8004817,'morph':{'ConjugationType':'SECOND_CONJUGATION','Mood':'SUBJUNCTIVE','Numerus':'SINGULAR','Person':'PERSON_3','Pos':'V','Tense':'PRESENT','VerbType':'TRANSITIVE','Voice':'PASSIVE'},'name':'videatur'}]}],'name':'video@V'}]">videatur</w><c> </c><w lemma="[{'id':966654,'ls':[{'id':3541,'name':'diligentia','wfs':[{'id':966664,'morph':{'Casus':'ABLATIVE','DeclensionType':'FIRST_DECLENSION','Genus':'FEMININE','Numerus':'SINGULAR','Pos':'NN'},'name':'diligentia'}]}],'name':'diligentia@NN'}]">diligentia</w><c> </c><w lemma="[{'id':7765215,'ls':[{'id':8702,'name':'sustineo','wfs':[{'id':7765297,'morph':{'ConjugationType':'SECOND_CONJUGATION','Mood':'INFINITIVE','Pos':'V','Tense':'PRESENT','VerbType':'TRANSITIVE','Voice':'PASSIVE'},'name':'sustineri'}]}],'name':'sustineo@V'}]">sustineri</w><c>,</c><c> </c><w lemma="[{'id':109966,'ls':[{'id':109967,'name':'quia','wfs':[{'id':109968,'morph':{'Pos':'CON'},'name':'quia'}]}],'name':'quia@CON'}]">quia</w><c> </c><w lemma="[{'id':2306985,'ls':[{'id':4232,'name':'facilis','wfs':[{'id':242025652,'morph':{'Casus':'NOMINATIVE','ComparisonDegree':'POSITIVE','DeclensionType':'THIRD_DECLENSION','Genus':'NEUTER','Numerus':'SINGULAR','Pos':'ADJ'},'name':'facilis'}]}],'name':'facilis@ADJ'}]">facilis</w><c> </c><w lemma="[{'id':7617143,'ls':[{'id':7617144,'name':'sum','wfs':[{'id':242825881,'morph':{'Mood':'INDICATIVE','Numerus':'SINGULAR','Person':'PERSON_3','Pos':'V','Tense':'PRESENT','VerbType':'VERBA_ANOMALA','Voice':'ACTIVE'},'name':'est'}]}],'name':'sum@V'}]">est</w><c> </c><lb n="24" xml:id="bsb00000824_00311_24"></lb><w lemma="[{'id':726585,'ls':[{'id':476,'name':'aedificium','wfs':[{'id':243243260,'morph':{'Casus':'GENITIVE','DeclensionType':'SECOND_DECLENSION','Genus':'NEUTER','Numerus':'PLURAL','Pos':'NN'},'name':'aedificiorum'}]}],'name':'aedificium@NN'}]">aedificiorum</w><c> </c><w lemma="[{'id':1333779,'ls':[{'id':8013,'name':'ruina','wfs':[{'id':1333798,'morph':{'Casus':'NOMINATIVE','DeclensionType':'FIRST_DECLENSION','Genus':'FEMININE','Numerus':'SINGULAR','Pos':'NN'},'name':'ruina'}]}],'name':'ruina@NN'}]">ruina</w><c> </c><w lemma="[{'id':1089191,'ls':[{'id':5082,'name':'incola','wfs':[{'id':1089202,'morph':{'Casus':'GENITIVE','DeclensionType':'FIRST_DECLENSION','Genus':'MASCULINE','Numerus':'PLURAL','Pos':'NN'},'name':'incolarum'}]}],'name':'incola@NN'}]">incolarum</w><c> </c><w lemma="[{'id':7553577,'ls':[{'id':8601,'name':'subtraho','wfs':[{'id':7553636,'morph':{'Casus':'ABLATIVE','ConjugationType':'THIRD_CONJUGATION','Genus':'FEMININE','Mood':'PARTICIPLE','Numerus':'SINGULAR','Pos':'V','Tense':'PERFECT','VerbType':'TRANSITIVE','Voice':'PASSIVE'},'name':'subtracta'}]}],'name':'subtraho@V'}]">subtracta</w><c> </c><w lemma="[{'id':932761,'ls':[{'id':2988,'name':'custodia','wfs':[{'id':932771,'morph':{'Casus':'ABLATIVE','DeclensionType':'FIRST_DECLENSION','Genus':'FEMININE','Numerus':'SINGULAR','Pos':'NN'},'name':'custodia'}]}],'name':'custodia@NN'}]">custodia</w><c> </c><w lemma="[{'id':109828,'ls':[{'id':109829,'name':'et','wfs':[{'id':109830,'morph':{'Pos':'CON'},'name':'et'}]}],'name':'et@CON'}]">et</w><c> </c><w lemma="[{'id':141024,'ls':[{'id':1917,'name':'cito','wfs':[{'id':141032,'morph':{'ComparisonDegree':'POSITIVE','Pos':'ADV'},'name':'cito'}]}],'name':'cito@ADV'}]">cito</w><c> </c><w lemma="[{'id':1460513,'ls':[{'id':9236,'name':'vetustas','wfs':[{'id':1460537,'morph':{'Casus':'GENITIVE','DeclensionType':'THIRD_DECLENSION','Genus':'FEMININE','Numerus':'SINGULAR','Pos':'NN'},'name':'vetustatis'}]}],'name':'vetustas@NN'}]">vetustatis</w><c> </c><w lemma="[{'id':939477,'ls':[{'id':939478,'name':'decoctio','wfs':[{'id':243313351,'morph':{'Casus':'ABLATIVE','DeclensionType':'THIRD_DECLENSION','Genus':'FEMININE','Numerus':'SINGULAR','Pos':'NN'},'name':'decoctione'}]}],'name':'decoctio@NN'}]">decoctione</w><c> </c><w lemma="[{'id':7200343,'ls':[{'id':7921,'name':'resolvo','wfs':[{'id':7201222,'morph':{'ConjugationType':'THIRD_CONJUGATION','Mood':'INDICATIVE','Numerus':'SINGULAR','Person':'PERSON_3','Pos':'V','Tense':'PRESENT','VerbType':'TRANSITIVE','Voice':'PASSIVE'},'name':'resolvitur'}]}],'name':'resolvo@V'}]">resolvitur</w><c>,</c><c> </c><lb n="25" xml:id="bsb00000824_00311_25"></lb><w lemma="[{'id':242816363,'ls':[{'id':242816364,'name':'qui','wfs':[{'id':296826590,'morph':{'Casus':'NOMINATIVE','Genus':'NEUTER','Numerus':'SINGULAR','Pos':'PRO','PronounType':'RELATIVE'},'name':'quod'}]}],'name':'qui@PRO'}]">quod</w><c> </c><w lemma="[{'id':1068431,'ls':[{'id':4856,'name':'homo','wfs':[{'id':243358896,'morph':{'Casus':'GENITIVE','DeclensionType':'THIRD_DECLENSION','Genus':'MASCULINE','Numerus':'PLURAL','Pos':'NN'},'name':'hominum'}]}],'name':'homo@NN'}]">hominum</w><c> </c><w lemma="[{'id':1273698,'ls':[{'id':1273699,'name':'praesentia','wfs':[{'id':1273709,'morph':{'Casus':'ABLATIVE','DeclensionType':'FIRST_DECLENSION','Genus':'FEMININE','Numerus':'SINGULAR','Pos':'NN'},'name':'praesentia'}]}],'name':'praesentia@NN'}]">praesentia</w><c> </c><w lemma="[{'id':206035,'ls':[{'id':6416,'name':'non','wfs':[{'id':241322627,'morph':{'Pos':'ADV'},'name':'non'}]}],'name':'non@ADV'}]">non</w><c> </c><w lemma="[{'id':7884755,'ls':[{'id':8965,'name':'tueor','wfs':[{'id':244507176,'morph':{'ConjugationType':'SECOND_CONJUGATION','Mood':'INDICATIVE','Numerus':'SINGULAR','Person':'PERSON_3','Pos':'V','Tense':'PRESENT','VerbType':'DEPONENT','Voice':'PASSIVE'},'name':'tuetur'}]}],'name':'tueor@V'}]">tuetur</w><c>.</c><c> </c></s><s><w lemma="[{'id':249938,'ls':[{'id':9043,'name':'unde','wfs':[{'id':249940,'morph':{'ComparisonDegree':'POSITIVE','Pos':'ADV'},'name':'unde'}]}],'name':'unde@ADV'}]">Unde</w><c> </c><w lemma="[{'id':242816286,'ls':[{'id':242816287,'name':'nos','wfs':[{'id':645374322,'morph':{'Casus':'NOMINATIVE','Genus':'MASCULINE','Numerus':'PLURAL','Pos':'PRO','PronounType':'PERSONAL'},'name':'nos'}]}],'name':'nos@PRO'}]">nos</w><c>,</c><c> </c><w lemma="[{'id':242816363,'ls':[{'id':242816364,'name':'qui','wfs':[{'id':296826592,'morph':{'Casus':'NOMINATIVE','Genus':'MASCULINE','Numerus':'PLURAL','Pos':'PRO','PronounType':'RELATIVE'},'name':'qui'}]}],'name':'qui@PRO'}]">qui</w><c> </c><w lemma="[{'id':1441746,'ls':[{'id':9065,'name':'urbs','wfs':[{'id':241492619,'morph':{'Casus':'ACCUSATIVE','DeclensionType':'THIRD_DECLENSION','Genus':'FEMININE','Numerus':'SINGULAR','Pos':'NN'},'name':'urbem'}]}],'name':'urbs@NN'}]">urbem</w><c> </c><w lemma="[{'id':1025135,'ls':[{'id':4221,'name':'fabrica','wfs':[{'id':1025139,'morph':{'Casus':'GENITIVE','DeclensionType':'FIRST_DECLENSION','Genus':'FEMININE','Numerus':'PLURAL','Pos':'NN'},'name':'fabricarum'}]}],'name':'fabrica@NN'}]">fabricarum</w><c> </c><w lemma="[{'id':7748536,'ls':[{'id':8687,'name':'surgo','wfs':[{'id':7748542,'morph':{'Casus':'GENITIVE','ConjugationType':'THIRD_CONJUGATION','Genus':'FEMININE','Mood':'PARTICIPLE','Numerus':'PLURAL','Pos':'V','Tense':'PRESENT','VerbType':'TRANSITIVE','Voice':'ACTIVE'},'name':'surgentium'}]}],'name':'surgo@V'}]">surgentium</w><c> </c><lb n="26" xml:id="bsb00000824_00311_26"></lb><w lemma="[{'id':4669725,'ls':[{'id':2957,'name':'cupio','wfs':[{'id':4669847,'morph':{'ConjugationType':'THIRD_CONJUGATION','Mood':'INDICATIVE','Numerus':'PLURAL','Person':'PERSON_1','Pos':'V','Tense':'PRESENT','VerbType':'TRANSITIVE','Voice':'ACTIVE'},'name':'cupimus'}]}],'name':'cupio@V'}]">cupimus</w><c> </c><w lemma="[{'id':1190951,'ls':[{'id':6399,'name':'nitor','wfs':[{'id':243402599,'morph':{'Casus':'ABLATIVE','DeclensionType':'THIRD_DECLENSION','Genus':'MASCULINE','Numerus':'SINGULAR','Pos':'NN'},'name':'nitore'}]}],'name':'nitor@NN'}]">nitore</w><c> </c><w lemma="[{'id':4343116,'ls':[{'id':2239,'name':'compono','wfs':[{'id':4343198,'morph':{'ConjugationType':'THIRD_CONJUGATION','Mood':'INFINITIVE','Pos':'V','Tense':'PRESENT','VerbType':'TRANSITIVE','Voice':'PASSIVE'},'name':'componi'}]}],'name':'compono@V'}]">componi</w><c>,</c><c> </c><w lemma="[{'id':1026055,'ls':[{'id':4242,'name':'facultas','wfs':[{'id':243345300,'morph':{'Casus':'ACCUSATIVE','DeclensionType':'THIRD_DECLENSION','Genus':'FEMININE','Numerus':'SINGULAR','Pos':'NN'},'name':'facultatem'}]}],'name':'facultas@NN'}]">facultatem</w><c> </c><w lemma="[{'id':4371976,'ls':[{'id':244530661,'name':'concedo','wfs':[{'id':4372046,'morph':{'ConjugationType':'THIRD_CONJUGATION','Mood':'INDICATIVE','Numerus':'PLURAL','Person':'PERSON_1','Pos':'V','Tense':'PRESENT','VerbType':'TRANSITIVE','Voice':'ACTIVE'},'name':'concedimus'}]}],'name':'concedo@V'}]">concedimus</w><c> </c><w lemma="[{'id':6744661,'ls':[{'id':7244,'name':'postulo','wfs':[{'id':6744719,'morph':{'Casus':'ACCUSATIVE','ConjugationType':'FIRST_CONJUGATION','Genus':'FEMININE','Mood':'PARTICIPLE','Numerus':'SINGULAR','Pos':'V','Tense':'PERFECT','VerbType':'TRANSITIVE','Voice':'PASSIVE'},'name':'postulatam'}]}],'name':'postulo@V'}]">postulatam</w><c>,</c><c> </c><w lemma="[{'id':196519,'ls':[{'id':5544,'name':'ita','wfs':[{'id':196520,'morph':{'Pos':'ADV'},'name':'ita'}]}],'name':'ita@ADV'}]">ita</w><c> </c><w lemma="[{'id':245297,'ls':[{'id':245298,'name':'tamen','wfs':[{'id':245299,'morph':{'ComparisonDegree':'POSITIVE','Pos':'ADV'},'name':'tamen'}]}],'name':'tamen@ADV'}]">tamen</w><c>,</c><c> </c><w lemma="[{'id':110020,'ls':[{'id':110021,'name':'si','wfs':[{'id':110022,'morph':{'Pos':'CON'},'name':'si'}]}],'name':'si@CON'}]">si</w><c> </c><w lemma="[{'id':1322669,'ls':[{'id':964024,'name':'res','wfs':[{'id':964026,'morph':{'Casus':'NOMINATIVE','DeclensionType':'FIFTH_DECLENSION','Genus':'FEMININE','Numerus':'SINGULAR','Pos':'NN'},'name':'res'}]}],'name':'res@NN'}]">res</w><c> </c><w lemma="[{'id':6700788,'ls':[{'id':7053,'name':'peto','wfs':[{'id':6700850,'morph':{'Casus':'NOMINATIVE','ConjugationType':'THIRD_CONJUGATION','Genus':'FEMININE','Mood':'PARTICIPLE','Numerus':'SINGULAR','Pos':'V','Tense':'PERFECT','VerbType':'TRANSITIVE','Voice':'PASSIVE'},'name':'petita'}]}],'name':'peto@V'}]">petita</w><c> </c><lb n="27" xml:id="bsb00000824_00311_27"></lb><w lemma="[{'id':109788,'ls':[{'id':109789,'name':'aut','wfs':[{'id':109790,'morph':{'Pos':'CON'},'name':'aut'}]}],'name':'aut@CON'}]">aut</w><c> </c><w lemma="[{'id':1443775,'ls':[{'id':9082,'name':'utilitas','wfs':[{'id':243491569,'morph':{'Casus':'DATIVE','DeclensionType':'THIRD_DECLENSION','Genus':'FEMININE','Numerus':'SINGULAR','Pos':'NN'},'name':'utilitati'}]}],'name':'utilitas@NN'}]">utilitati</w><c> </c><w lemma="[{'id':2914003,'ls':[{'id':7599,'name':'publicus','wfs':[{'id':2914069,'morph':{'Casus':'DATIVE','ComparisonDegree':'POSITIVE','DeclensionType':'FIRST_DECLENSION','Genus':'FEMININE','Numerus':'SINGULAR','Pos':'ADJ'},'name':'publicae'}]}],'name':'publicus@ADJ'}]">publicae</w><c> </c><w lemma="[{'id':206035,'ls':[{'id':6416,'name':'non','wfs':[{'id':241322627,'morph':{'Pos':'ADV'},'name':'non'}]}],'name':'non@ADV'}]">non</w><c> </c><w lemma="[{'id':6465926,'ls':[{'id':6465927,'name':'officio','wfs':[{'id':6466249,'morph':{'ConjugationType':'THIRD_CONJUGATION','Mood':'INDICATIVE','Numerus':'SINGULAR','Person':'PERSON_3','Pos':'V','Tense':'PRESENT','VerbType':'TRANSITIVE','Voice':'ACTIVE'},'name':'officit'}]}],'name':'officio@V'}]">officit</w><c> </c><w lemma="[{'id':109788,'ls':[{'id':109789,'name':'aut','wfs':[{'id':109790,'morph':{'Pos':'CON'},'name':'aut'}]}],'name':'aut@CON'}]">aut</w><c> </c><w lemma="[{'id':940642,'ls':[{'id':3078,'name':'decus','wfs':[{'id':243313897,'morph':{'Casus':'DATIVE','DeclensionType':'THIRD_DECLENSION','Genus':'NEUTER','Numerus':'SINGULAR','Pos':'NN'},'name':'decori'}]}],'name':'decus@NN'}]">decori</w><c>.</c><c> </c></s><s><w lemma="[{'id':225709,'ls':[{'id':225710,'name':'quapropter','wfs':[{'id':225712,'morph':{'ComparisonDegree':'POSITIVE','Pos':'ADV'},'name':'quapropter'}]}],'name':'quapropter@ADV'}]">quapropter</w><c> </c><w lemma="[{'id':1322669,'ls':[{'id':964024,'name':'res','wfs':[{'id':242825947,'morph':{'Casus':'ABLATIVE','DeclensionType':'FIFTH_DECLENSION','Genus':'FEMININE','Numerus':'PLURAL','Pos':'NN'},'name':'rebus'}]}],'name':'res@NN'}]">rebus</w><c> </c><w lemma="[{'id':242628395,'ls':[{'id':242628396,'name':'speratus','wfs':[{'id':242628403,'morph':{'Casus':'ABLATIVE','ComparisonDegree':'POSITIVE','DeclensionType':'FIRST_DECLENSION','Genus':'FEMININE','Numerus':'PLURAL','Pos':'ADJ'},'name':'speratis'}]}],'name':'speratus@ADJ'}]">speratis</w><c> </c><w lemma="[{'id':3026748,'ls':[{'id':8211,'name':'securus','wfs':[{'id':3026854,'morph':{'Casus':'NOMINATIVE','ComparisonDegree':'POSITIVE','DeclensionType':'SECOND_DECLENSION','Genus':'MASCULINE','Numerus':'SINGULAR','Pos':'ADJ'},'name':'securus'}]}],'name':'securus@ADJ'}]">securus</w><c> </c><w lemma="[{'id':5879883,'ls':[{'id':5879884,'name':'innitor','wfs':[{'id':5879949,'morph':{'ConjugationType':'THIRD_CONJUGATION','Mood':'INDICATIVE','Numerus':'SINGULAR','Person':'PERSON_2','Pos':'V','Tense':'FUTURE','VerbType':'DEPONENT','Voice':'PASSIVE'},'name':'innitere'}]}],'name':'innitor@V'}]">innitere</w><c>,</c><c> </c><lb n="28" xml:id="bsb00000824_00311_28"></lb><w lemma="[{'id':110061,'ls':[{'id':110062,'name':'ut','wfs':[{'id':110063,'morph':{'Pos':'CON'},'name':'ut'}]}],'name':'ut@CON'}]">ut</w><c> </c><w lemma="[{'id':2184160,'ls':[{'id':3522,'name':'dignus','wfs':[{'id':2184269,'morph':{'Casus':'NOMINATIVE','ComparisonDegree':'POSITIVE','DeclensionType':'SECOND_DECLENSION','Genus':'MASCULINE','Numerus':'SINGULAR','Pos':'ADJ'},'name':'dignus'}]}],'name':'dignus@ADJ'}]">dignus</w><c> </c><w lemma="[{'id':583618,'ls':[{'id':583619,'name':'Romanus','wfs':[{'id':583622,'morph':{'Casus':'DATIVE','DeclensionType':'SECOND_DECLENSION','Genus':'MASCULINE','Numerus':'PLURAL','Pos':'NP'},'name':'Romanis'}]}],'name':'Romanus@NP'}]">Romanis</w><c> </c><w lemma="[{'id':1025135,'ls':[{'id':4221,'name':'fabrica','wfs':[{'id':1025138,'morph':{'Casus':'DATIVE','DeclensionType':'FIRST_DECLENSION','Genus':'FEMININE','Numerus':'PLURAL','Pos':'NN'},'name':'fabricis'}]}],'name':'fabrica@NN'}]">fabricis</w><c> </c><w lemma="[{'id':1060060,'ls':[{'id':4762,'name':'habitator','wfs':[{'id':1060073,'morph':{'Casus':'NOMINATIVE','DeclensionType':'THIRD_DECLENSION','Genus':'MASCULINE','Numerus':'SINGULAR','Pos':'NN'},'name':'habitator'}]}],'name':'habitator@NN'}]">habitator</w><c> </c><w lemma="[{'id':3678021,'ls':[{'id':903,'name':'appareo','wfs':[{'id':3678769,'morph':{'ConjugationType':'SECOND_CONJUGATION','Mood':'SUBJUNCTIVE','Numerus':'SINGULAR','Person':'PERSON_2','Pos':'V','Tense':'PRESENT','VerbType':'INTRANSITIVE','Voice':'ACTIVE'},'name':'appareas'}]}],'name':'appareo@V'}]">appareas</w><c> </c><w lemma="[{'id':6595696,'ls':[{'id':6946,'name':'perficio','wfs':[{'id':501652883,'morph':{'Casus':'NOMINATIVE','ConjugationType':'THIRD_CONJUGATION','Genus':'NEUTER','Mood':'PARTICIPLE','Numerus':'SINGULAR','Pos':'V','Tense':'PERFECT','VerbType':'TRANSITIVE','Voice':'PASSIVE'},'name':'perfectumque'}]}],'name':'perficio@V'}]">perfectumque</w><c> </c><w lemma="[{'id':1215242,'ls':[{'id':6672,'name':'opus','wfs':[{'id':241461523,'morph':{'Casus':'NOMINATIVE','DeclensionType':'THIRD_DECLENSION','Genus':'NEUTER','Numerus':'SINGULAR','Pos':'NN'},'name':'opus'}]}],'name':'opus@NN'}]">opus</w><c> </c><w lemma="[{'id':244511757,'ls':[{'id':244511758,'name':'suus','wfs':[{'id':244989990,'morph':{'Casus':'ACCUSATIVE','Genus':'MASCULINE','Numerus':'SINGULAR','Pos':'PRO','PronounType':'POSSESSIVE'},'name':'suum'}]}],'name':'suus@PRO'}]">suum</w><c> </c><w lemma="[{'id':6130438,'ls':[{'id':5644,'name':'laudo','wfs':[{'id':6130791,'morph':{'ConjugationType':'FIRST_CONJUGATION','Mood':'SUBJUNCTIVE','Numerus':'SINGULAR','Person':'PERSON_3','Pos':'V','Tense':'PRESENT','VerbType':'TRANSITIVE','Voice':'ACTIVE'},'name':'laudet'}]}],'name':'laudo@V'}]">laudet</w><c> </c><w lemma="[{'id':796579,'ls':[{'id':1181,'name':'auctor','wfs':[{'id':243264117,'morph':{'Casus':'ACCUSATIVE','DeclensionType':'THIRD_DECLENSION','Genus':'MASCULINE','Numerus':'SINGULAR','Pos':'NN'},'name':'auctorem'}]}],'name':'auctor@NN'}]">auctorem</w><c>.</c><c> </c><lb n="29" xml:id="bsb00000824_00311_29"></lb></s><s><w lemma="[{'id':242816293,'ls':[{'id':242816294,'name':'nullus','wfs':[{'id':244510538,'morph':{'Casus':'NOMINATIVE','Genus':'FEMININE','Numerus':'SINGULAR','Pos':'PRO','PronounType':'INDEFINITE'},'name':'nulla'}]}],'name':'nullus@PRO'}]">nulla</w><c> </c><w lemma="[{'id':109821,'ls':[{'id':109822,'name':'enim','wfs':[{'id':109823,'morph':{'Pos':'CON'},'name':'enim'}]}],'name':'enim@CON'}]">enim</w><c> </c><w lemma="[{'id':1322669,'ls':[{'id':964024,'name':'res','wfs':[{'id':964026,'morph':{'Casus':'NOMINATIVE','DeclensionType':'FIFTH_DECLENSION','Genus':'FEMININE','Numerus':'SINGULAR','Pos':'NN'},'name':'res'}]}],'name':'res@NN'}]">res</w><c> </c><w lemma="[{'id':7617143,'ls':[{'id':7617144,'name':'sum','wfs':[{'id':242825881,'morph':{'Mood':'INDICATIVE','Numerus':'SINGULAR','Person':'PERSON_3','Pos':'V','Tense':'PRESENT','VerbType':'VERBA_ANOMALA','Voice':'ACTIVE'},'name':'est'}]}],'name':'sum@V'}]">est</w><c>,</c><c> </c><w lemma="[{'id':109610,'ls':[{'id':109611,'name':'per','wfs':[{'id':109612,'morph':{'Pos':'AP'},'name':'per'}]}],'name':'per@AP'}]">per</w><c> </c><w lemma="[{'id':242816363,'ls':[{'id':242816364,'name':'qui','wfs':[{'id':244510910,'morph':{'Casus':'ACCUSATIVE','Genus':'FEMININE','Numerus':'SINGULAR','Pos':'PRO','PronounType':'RELATIVE'},'name':'quam'}]}],'name':'qui@PRO'}]">quam</w><c> </c><w lemma="[{'id':131082,'ls':[{'id':1339,'name':'bene','wfs':[{'id':131083,'morph':{'ComparisonDegree':'COMPARATIVE','Pos':'ADV'},'name':'melius'}]}],'name':'bene@ADV'}]">melius</w><c> </c><w lemma="[{'id':6741602,'ls':[{'id':7228,'name':'possum','wfs':[{'id':244516516,'morph':{'Mood':'SUBJUNCTIVE','Numerus':'SINGULAR','Person':'PERSON_3','Pos':'V','Tense':'PRESENT','VerbType':'VERBA_ANOMALA','Voice':'ACTIVE'},'name':'possit'}]}],'name':'possum@V'}]">possit</w><c> </c><w lemma="[{'id':3558521,'ls':[{'id':580,'name':'agnosco','wfs':[{'id':3559930,'morph':{'ConjugationType':'THIRD_CONJUGATION','Mood':'INFINITIVE','Pos':'V','Tense':'PRESENT','VerbType':'TRANSITIVE','Voice':'PASSIVE'},'name':'agnosci'}]}],'name':'agnosco@V'}]">agnosci</w><c> </c><w lemma="[{'id':109828,'ls':[{'id':109829,'name':'et','wfs':[{'id':109830,'morph':{'Pos':'CON'},'name':'et'}]}],'name':'et@CON'}]">et</w><c> </c><w lemma="[{'id':2912036,'ls':[{'id':242491946,'name':'prudens','wfs':[{'id':242491964,'morph':{'Casus':'GENITIVE','ComparisonDegree':'POSITIVE','DeclensionType':'THIRD_DECLENSION','Genus':'MASCULINE','Numerus':'SINGULAR','Pos':'ADJ'},'name':'prudentis'}]}],'name':'prudens@ADJ'}]">prudentis</w><c> </c><w lemma="[{'id':1097003,'ls':[{'id':5237,'name':'ingenium','wfs':[{'id':1097005,'morph':{'Casus':'NOMINATIVE','DeclensionType':'SECOND_DECLENSION','Genus':'NEUTER','Numerus':'SINGULAR','Pos':'NN'},'name':'ingenium'}]}],'name':'ingenium@NN'}]">ingenium</w><c> </c><w lemma="[{'id':109828,'ls':[{'id':109829,'name':'et','wfs':[{'id':109830,'morph':{'Pos':'CON'},'name':'et'}]}],'name':'et@CON'}]">et</w><c> </c><w lemma="[{'id':1130961,'ls':[{'id':5620,'name':'largitas','wfs':[{'id':1130975,'morph':{'Casus':'GENITIVE','DeclensionType':'THIRD_DECLENSION','Genus':'FEMININE','Numerus':'SINGULAR','Pos':'NN'},'name':'largitatis'}]}],'name':'largitas@NN'}]">largitatis</w><c> </c><lb n="30" xml:id="bsb00000824_00311_30"></lb><w lemma="[{'id':987009,'ls':[{'id':3791,'name':'effectus','wfs':[{'id':542315,'morph':{'Casus':'NOMINATIVE','DeclensionType':'FOURTH_DECLENSION','Genus':'MASCULINE','Numerus':'SINGULAR','Pos':'NN'},'name':'effectus'}]}],'name':'effectus@NN'}]">effectus</w><c>.</c></s></p></div></body></text></TEI>