<?xml version="1.0" ?><TEI xmlns="http://www.tei-c.org/ns/1.0"><teiHeader><fileDesc><titleStmt><title>MGH Auct. ant. 12: Cassiodori Senatoris Variae</title><editor>Mommsen, Theodor</editor></titleStmt><publicationStmt><publisher>Monumenta Germaniae Historica (MGH)</publisher><publisher>Bavarian State Library (BSB), München</publisher><idno type="BSB">bsb00000824</idno><idno type="MGH"><idno type="Annotation_created_by">sysop</idno><idno type="Annotation_created_on">Wed Oct 18 18:59:28 CEST 2017</idno><idno type="Annotation_last_changed_by">geelhaar</idno><idno type="Annotation_last_changed_on">Thu Aug 20 10:43:41 CEST 2020</idno><idno type="Author_(German)">Cassiodor (Flavius Magnus Aurelius Cassiodorus Senator)</idno><idno type="Author_(Latin)">Cassiodorus Vivariensis</idno><idno type="BSB">bsb00000824</idno><idno type="Bibliographical_Link">http://stabikat.de/DB=1/XMLPRS=N/PPN?PPN=235118842</idno><idno type="C_Stat">06</idno><idno type="C1">06</idno><idno type="C2">05</idno><idno type="Column">033</idno><idno type="Commentary">dated according to Stefan Krautschick, Cassiodor und die Politik seiner Zeit. Bonn 1983, 73.  (TG)</idno><idno type="Concordance_View">true</idno><idno type="Digital_Edition_Statement">Text retrieved from the critical edition and prepared by the BMBF funded project "Humanist Computer Interaction under Scrutiny"(https://humanist.hs-mainz.de/en/). The Latin Text Archive (LTA) version has been created at Goethe University Frankfurt by the CompHistSem-Work Group (hudesktop.hucompute.org).</idno><idno type="Edition">MGH Auctores antiquissimi 12</idno><idno type="LTA_Export">true</idno><idno type="Licence_Info">CC BY 4.0</idno><idno type="Multiple_Lemmata_under_a_unique_Super_lemma">0.00%</idno><idno type="Multiple_Super_lemmata">0.00%</idno><idno type="Multiple_Wordforms_under_a_unique_Lemma">0.00%</idno><idno type="Multiple_Wordforms._Tagger_based_result._Multiple_Lemmata_possible">0.00%</idno><idno type="Multiple_Wordforms._Tagger_based_result._Multiple_Super_Lemmata_possible">0.00%</idno><idno type="Not_yet_linked_or_unknown_Wordform">0.00%</idno><idno type="Page">033-034</idno><idno type="Provided_by">Monumenta Germaniae Historica</idno><idno type="RepFontMA">not available</idno><idno type="Status">c</idno><idno type="Text_Type">Letter</idno><idno type="Text_Type_Class">Letters</idno><idno type="Time">508 autumnus</idno><idno type="Title">Variae 01.35 - Fausto praefecto praetorio Theodericus rex</idno><idno type="Type_of_Corpus">Corpus of Letters</idno><idno type="URL">http://www.mgh.de/dmgh/resolving/MGH_Auct._ant._12_S._33</idno><idno type="Unique_Wordform">100,00%</idno><idno type="Unique_Wordform._Tagger_based_result._Multiple_Lemmata_possible">0.00%</idno><idno type="Unique_Wordform._Tagger_based_result._Multiple_Super_lemmata_possible">0.00%</idno><idno type="VIAF_(Expression)">182693798</idno><idno type="VIAF_(Expression)_Link">http://viaf.org/viaf/182693798</idno><idno type="VIAF_(Person)">95230707</idno><idno type="VIAF_(Person)_Link">http://viaf.org/viaf/95230707</idno><idno type="Volume">Auct. ant. 12</idno><idno type="Year_of_Publication_(interpreted)">0508</idno>MGH Auct. ant. 12</idno><availability><licence target="http://creativecommons.org/licenses/by/4.0/"><p>Distributed under the Creative Commons Attribution 4.0 International (CC BY 4.0) license.</p><p>This license covers the annotations added by the Monumenta Germaniae Historica and the
            Bavarian State Library, Munich, in the course of project "digital MGH"
            <ref target="http://www.dmgh.de">http://www.dmgh.de</ref>, funded by the
            German Research Foundation (DFG).</p><p>We do not claim any rights on the text itself which is believed to be in the public domain.</p><p>If you distribute a copy or a derivative version of this file, please indicate the source
            of the file by mentioning the Monumenta Germaniae Historica (MGH) and the
            Bavarian State Library, Munich (BSB).</p></licence></availability><date when="2016-11-28T16:32:43+01:00">2016-11-28, 16:32:43</date></publicationStmt><sourceDesc><biblFull><titleStmt><title>Cassiodori Senatoris Variae</title><editor>Mommsen, Theodor</editor></titleStmt><publicationStmt><publisher>Weidmann</publisher><pubPlace>Berlin</pubPlace><date>1894</date></publicationStmt><seriesStmt><title>Auctores antiquissimi</title><biblScope unit="volume">12</biblScope></seriesStmt></biblFull></sourceDesc></fileDesc></teiHeader><text><body><div><lb n="20" xml:id="bsb00000824_00217_20"></lb><head n="3"><s><w lemma="[{'id':241346594,'ls':[{'id':241346595,'name':'NUMERAL','wfs':[{'id':498534629,'morph':{'Pos':'NUM'},'name':'xxxv'}]}],'name':'NUMERAL@NUM'}]">XXXV</w><c>.</c><c> </c><lb n="21" xml:id="bsb00000824_00217_21"></lb><w lemma="[{'id':403371,'ls':[{'id':403372,'name':'Faustus','wfs':[{'id':627439,'morph':{'Casus':'DATIVE','DeclensionType':'SECOND_DECLENSION','Genus':'MASCULINE','Numerus':'SINGULAR','Pos':'NP'},'name':'Fausto'}]}],'name':'Faustus@NP'}]">FAUSTO</w><c> </c><w lemma="[{'id':1269621,'ls':[{'id':7302,'name':'praefectus','wfs':[{'id':779486769,'morph':{'Casus':'DATIVE','DeclensionType':'SECOND_DECLENSION','Genus':'MASCULINE','Numerus':'SINGULAR','Pos':'NN'},'name':'PPO'}]}],'name':'praefectus@NN'}]">PPO</w><c> </c><w lemma="[{'id':624521,'ls':[{'id':624522,'name':'Theodericus','wfs':[{'id':243244190,'morph':{'Casus':'NOMINATIVE','DeclensionType':'SECOND_DECLENSION','Genus':'MASCULINE','Numerus':'SINGULAR','Pos':'NP'},'name':'Theodericus'}]}],'name':'Theodericus@NP'}]">THEODERICUS</w><c> </c><w lemma="[{'id':1329481,'ls':[{'id':7965,'name':'rex','wfs':[{'id':1329499,'morph':{'Casus':'NOMINATIVE','DeclensionType':'THIRD_DECLENSION','Genus':'MASCULINE','Numerus':'SINGULAR','Pos':'NN'},'name':'rex'}]}],'name':'rex@NN'}]">REX</w><c>.</c></s></head><note><s><hi rend="ITALICS"><w lemma="[{'id':759853,'ls':[{'id':807,'name':'annus','wfs':[{'id':382849904,'morph':{'Casus':'ABLATIVE','DeclensionType':'SECOND_DECLENSION','Genus':'MASCULINE','Numerus':'SINGULAR','Pos':'NN'},'name':'a'}]}],'name':'annus@NN'}]">a</w><c>.</c><c> </c><w lemma="[{'id':241346594,'ls':[{'id':241346595,'name':'NUMERAL','wfs':[{'id':241346596,'morph':{'Pos':'NUM'},'name':'NUMERAL'}]}],'name':'NUMERAL@NUM'}]">507</w><c>|</c><w lemma="[{'id':241346594,'ls':[{'id':241346595,'name':'NUMERAL','wfs':[{'id':241346596,'morph':{'Pos':'NUM'},'name':'NUMERAL'}]}],'name':'NUMERAL@NUM'}]">511</w></hi></s></note><lb n="22" xml:id="bsb00000824_00217_22"></lb><p><s><w lemma="[{'id':241279615,'ls':[{'id':241279619,'name':'cum','wfs':[{'id':241279620,'morph':{'Pos':'CON'},'name':'cum'}]}],'name':'cum@CON'}]">Cum</w><c> </c><w lemma="[{'id':1360137,'ls':[{'id':8306,'name':'siccitas','wfs':[{'id':1360150,'morph':{'Casus':'NOMINATIVE','DeclensionType':'THIRD_DECLENSION','Genus':'FEMININE','Numerus':'SINGULAR','Pos':'NN'},'name':'siccitas'}]}],'name':'siccitas@NN'}]">siccitas</w><c> </c><w lemma="[{'id':2874459,'ls':[{'id':242457998,'name':'praesens','wfs':[{'id':242458013,'morph':{'Casus':'GENITIVE','ComparisonDegree':'POSITIVE','DeclensionType':'THIRD_DECLENSION','Genus':'MASCULINE','Numerus':'SINGULAR','Pos':'ADJ'},'name':'praesentis'}]}],'name':'praesens@ADJ'}]">praesentis</w><c> </c><w lemma="[{'id':759853,'ls':[{'id':807,'name':'annus','wfs':[{'id':759866,'morph':{'Casus':'GENITIVE','DeclensionType':'SECOND_DECLENSION','Genus':'MASCULINE','Numerus':'SINGULAR','Pos':'NN'},'name':'anni'}]}],'name':'annus@NN'}]">anni</w><c>,</c><c> </c><w lemma="[{'id':242816363,'ls':[{'id':242816364,'name':'qui','wfs':[{'id':296826594,'morph':{'Casus':'NOMINATIVE','Genus':'FEMININE','Numerus':'SINGULAR','Pos':'PRO','PronounType':'RELATIVE'},'name':'quae'}]}],'name':'qui@PRO'}]">quae</w><c> </c><w lemma="[{'id':199652,'ls':[{'id':199653,'name':'localiter','wfs':[{'id':199656,'morph':{'ComparisonDegree':'POSITIVE','Pos':'ADV'},'name':'localiter'}]}],'name':'localiter@ADV'}]">localiter</w><c> </c><w lemma="[{'id':1840650,'ls':[{'id':1773,'name':'certus','wfs':[{'id':1840705,'morph':{'Casus':'ABLATIVE','ComparisonDegree':'POSITIVE','DeclensionType':'SECOND_DECLENSION','Genus':'NEUTER','Numerus':'PLURAL','Pos':'ADJ'},'name':'certis'}]}],'name':'certus@ADJ'}]">certis</w><c> </c><w lemma="[{'id':7391310,'ls':[{'id':484151260,'name':'soleo','wfs':[{'id':484151562,'morph':{'ConjugationType':'SECOND_CONJUGATION','Mood':'INDICATIVE','Numerus':'SINGULAR','Person':'PERSON_3','Pos':'V','Tense':'PRESENT','VerbType':'SEMIDEPONENT','Voice':'ACTIVE'},'name':'solet'}]}],'name':'soleo@V'}]">solet</w><c> </c><w lemma="[{'id':4881152,'ls':[{'id':3345,'name':'desaevio','wfs':[{'id':393632,'morph':{'ConjugationType':'FOURTH_CONJUGATION','Mood':'INFINITIVE','Pos':'V','Tense':'PRESENT','VerbType':'INTRANSITIVE','Voice':'ACTIVE'},'name':'desaevire'}]}],'name':'desaevio@V'}]">desaevire</w><c> </c><w lemma="[{'id':1412956,'ls':[{'id':8776,'name':'tempus','wfs':[{'id':1412958,'morph':{'Casus':'ABLATIVE','DeclensionType':'THIRD_DECLENSION','Genus':'NEUTER','Numerus':'PLURAL','Pos':'NN'},'name':'temporibus'}]}],'name':'tempus@NN'}]">temporibus</w><c>,</c><c> </c><lb n="23" xml:id="bsb00000824_00217_23"></lb><w lemma="[{'id':3185124,'ls':[{'id':8802,'name':'terrenus','wfs':[{'id':3185170,'morph':{'Casus':'ABLATIVE','ComparisonDegree':'POSITIVE','DeclensionType':'SECOND_DECLENSION','Genus':'NEUTER','Numerus':'PLURAL','Pos':'ADJ'},'name':'terrenis'}]}],'name':'terrenus@ADJ'}]">terrenis</w><c> </c><w lemma="[{'id':1467891,'ls':[{'id':1467912,'name':'viscera','wfs':[{'id':497499631,'morph':{'Casus':'ABLATIVE','DeclensionType':'THIRD_DECLENSION','Genus':'NEUTER','Numerus':'PLURAL','Pos':'NN'},'name':'visceribus'}]}],'name':'viscera@NN'}]">visceribus</w><c> </c><w lemma="[{'id':2700392,'ls':[{'id':2700393,'name':'nimius','wfs':[{'id':2700462,'morph':{'Casus':'ABLATIVE','ComparisonDegree':'POSITIVE','DeclensionType':'SECOND_DECLENSION','Genus':'MASCULINE','Numerus':'SINGULAR','Pos':'ADJ'},'name':'nimio'}]}],'name':'nimius@ADJ'}]">nimio</w><c> </c><w lemma="[{'id':826776,'ls':[{'id':1509,'name':'calor','wfs':[{'id':243273582,'morph':{'Casus':'ABLATIVE','DeclensionType':'THIRD_DECLENSION','Genus':'MASCULINE','Numerus':'SINGULAR','Pos':'NN'},'name':'calore'}]}],'name':'calor@NN'}]">calore</w><c> </c><w lemma="[{'id':5127676,'ls':[{'id':3749,'name':'duro','wfs':[{'id':5127729,'morph':{'Casus':'ABLATIVE','ConjugationType':'FIRST_CONJUGATION','Genus':'NEUTER','Mood':'PARTICIPLE','Numerus':'PLURAL','Pos':'V','Tense':'PERFECT','VerbType':'TRANSITIVE','Voice':'PASSIVE'},'name':'duratis'}]}],'name':'duro@V'}]">duratis</w><c> </c><w lemma="[{'id':1501978,'ls':[{'id':1502091,'name':'abortivus','wfs':[{'id':1502118,'morph':{'Casus':'ACCUSATIVE','ComparisonDegree':'POSITIVE','DeclensionType':'SECOND_DECLENSION','Genus':'MASCULINE','Numerus':'PLURAL','Pos':'ADJ'},'name':'abortivos'}]}],'name':'abortivus@ADJ'}]">abortivos</w><c> </c><w lemma="[{'id':1165913,'ls':[{'id':6089,'name':'messis','wfs':[{'id':1165920,'morph':{'Casus':'GENITIVE','DeclensionType':'THIRD_DECLENSION','Genus':'FEMININE','Numerus':'PLURAL','Pos':'NN'},'name':'messium'}]}],'name':'messis@NN'}]">messium</w><c> </c><w lemma="[{'id':1032484,'ls':[{'id':4347,'name':'fetus','wfs':[{'id':243347424,'morph':{'Casus':'ACCUSATIVE','DeclensionType':'FOURTH_DECLENSION','Genus':'MASCULINE','Numerus':'PLURAL','Pos':'NN'},'name':'fetus'}]}],'name':'fetus@NN'}]">fetus</w><c> </c><w lemma="[{'id':206035,'ls':[{'id':6416,'name':'non','wfs':[{'id':241322627,'morph':{'Pos':'ADV'},'name':'non'}]}],'name':'non@ADV'}]">non</w><c> </c><w lemma="[{'id':245290,'ls':[{'id':8736,'name':'tam','wfs':[{'id':245291,'morph':{'Pos':'ADV'},'name':'tam'}]}],'name':'tam@ADV'}]">tam</w><c> </c><w lemma="[{'id':5135237,'ls':[{'id':244530698,'name':'edo','wfs':[{'id':5136397,'morph':{'ConjugationType':'THIRD_CONJUGATION','Mood':'INDICATIVE','Numerus':'SINGULAR','Person':'PERSON_3','Pos':'V','Tense':'PERFECT','VerbType':'TRANSITIVE','Voice':'ACTIVE'},'name':'edidit'}]}],'name':'edo@V'}]">edidit</w><c> </c><w lemma="[{'id':225505,'ls':[{'id':7683,'name':'quam','wfs':[{'id':225506,'morph':{'Pos':'ADV'},'name':'quam'}]}],'name':'quam@ADV'}]">quam</w><c> </c><lb n="24" xml:id="bsb00000824_00217_24"></lb><w lemma="[{'id':2431323,'ls':[{'id':2431448,'name':'inperfectus','wfs':[{'id':2431511,'morph':{'Casus':'ABLATIVE','ComparisonDegree':'POSITIVE','DeclensionType':'FIRST_DECLENSION','Genus':'FEMININE','Numerus':'SINGULAR','Pos':'ADJ'},'name':'inperfecta'}]}],'name':'imperfectus@ADJ'}]">inperfecta</w><c> </c><w lemma="[{'id':1437435,'ls':[{'id':9014,'name':'ubertas','wfs':[{'id':243489434,'morph':{'Casus':'ABLATIVE','DeclensionType':'THIRD_DECLENSION','Genus':'FEMININE','Numerus':'SINGULAR','Pos':'NN'},'name':'ubertate'}]}],'name':'ubertas@NN'}]">ubertate</w><c> </c><w lemma="[{'id':6924763,'ls':[{'id':6924764,'name':'proicio','wfs':[{'id':594993870,'morph':{'ConjugationType':'THIRD_CONJUGATION','Mood':'INDICATIVE','Numerus':'SINGULAR','Person':'PERSON_3','Pos':'V','Tense':'PERFECT','VerbType':'TRANSITIVE','Voice':'ACTIVE'},'name':'proiecit'}]}],'name':'proicio@V'}]">proiecit</w><c>,</c><c> </c><w lemma="[{'id':2637442,'ls':[{'id':5911,'name':'magnus','wfs':[{'id':2637563,'morph':{'Casus':'ABLATIVE','ComparisonDegree':'COMPARATIVE','DeclensionType':'THIRD_DECLENSION','Genus':'NEUTER','Numerus':'SINGULAR','Pos':'ADJ'},'name':'maiori'}]}],'name':'magnus@ADJ'}]">maiori</w><c> </c><w lemma="[{'id':206572,'ls':[{'id':206573,'name':'nunc','wfs':[{'id':241322948,'morph':{'Pos':'ADV'},'name':'nunc'}]}],'name':'nunc@ADV'}]">nunc</w><c> </c><w lemma="[{'id':1378738,'ls':[{'id':8538,'name':'studium','wfs':[{'id':243467420,'morph':{'Casus':'ABLATIVE','DeclensionType':'SECOND_DECLENSION','Genus':'NEUTER','Numerus':'SINGULAR','Pos':'NN'},'name':'studio'}]}],'name':'studium@NN'}]">studio</w><c> </c><w lemma="[{'id':7026606,'ls':[{'id':244494165,'name':'quaero','wfs':[{'id':499256038,'morph':{'Casus':'NOMINATIVE','ComparisonDegree':'POSITIVE','DeclensionType':'SECOND_DECLENSION','Genus':'NEUTER','Mood':'GERUNDIVE','Numerus':'PLURAL','Pos':'V'},'name':'quaerenda'}]}],'name':'quaero@V'}]">quaerenda</w><c> </c><w lemma="[{'id':7617143,'ls':[{'id':7617144,'name':'sum','wfs':[{'id':242825914,'morph':{'Mood':'INDICATIVE','Numerus':'PLURAL','Person':'PERSON_3','Pos':'V','Tense':'PRESENT','VerbType':'VERBA_ANOMALA','Voice':'ACTIVE'},'name':'sunt'}]}],'name':'sum@V'}]">sunt</w><c> </c><w lemma="[{'id':242816363,'ls':[{'id':242816364,'name':'qui','wfs':[{'id':244511026,'morph':{'Casus':'NOMINATIVE','Genus':'NEUTER','Numerus':'PLURAL','Pos':'PRO','PronounType':'RELATIVE'},'name':'quae'}]}],'name':'qui@PRO'}]">quae</w><c> </c><w lemma="[{'id':109834,'ls':[{'id':109835,'name':'etiam','wfs':[{'id':109836,'morph':{'Pos':'CON'},'name':'etiam'}]}],'name':'etiam@CON'}]">etiam</w><c> </c><w lemma="[{'id':109577,'ls':[{'id':109578,'name':'in','wfs':[{'id':109579,'morph':{'Pos':'AP'},'name':'in'}]}],'name':'in@AP'}]">in</w><c> </c><w lemma="[{'id':700875,'ls':[{'id':94,'name':'abundantia','wfs':[{'id':700886,'morph':{'Casus':'ABLATIVE','DeclensionType':'FIRST_DECLENSION','Genus':'FEMININE','Numerus':'SINGULAR','Pos':'NN'},'name':'abundantia'}]}],'name':'abundantia@NN'}]">abundantia</w><c> </c><lb n="25" xml:id="bsb00000824_00217_25"></lb><w lemma="[{'id':5384584,'ls':[{'id':4122,'name':'expeto','wfs':[{'id':5384666,'morph':{'ConjugationType':'THIRD_CONJUGATION','Mood':'INFINITIVE','Pos':'V','Tense':'PRESENT','VerbType':'TRANSITIVE','Voice':'PASSIVE'},'name':'expeti'}]}],'name':'expeto@V'}]">expeti</w><c> </c><w lemma="[{'id':4520334,'ls':[{'id':2601,'name':'consuesco','wfs':[{'id':779512690,'morph':{'ConjugationType':'THIRD_CONJUGATION','Mood':'INDICATIVE','Numerus':'PLURAL','Person':'PERSON_3','Pos':'V','Tense':'PERFECT','VerbType':'INTRANSITIVE','Voice':'ACTIVE'},'name':'consuerunt'}]}],'name':'consuesco@V'}]">consuerunt</w><c>.</c><c> </c></s><s><w lemma="[{'id':109828,'ls':[{'id':109829,'name':'et','wfs':[{'id':109830,'morph':{'Pos':'CON'},'name':'et'}]}],'name':'et@CON'}]">Et</w><c> </c><w lemma="[{'id':183546,'ls':[{'id':183547,'name':'ideo','wfs':[{'id':183548,'morph':{'ComparisonDegree':'POSITIVE','Pos':'ADV'},'name':'ideo'}]}],'name':'ideo@ADV'}]">ideo</w><c> </c><w lemma="[{'id':1042788,'ls':[{'id':4534,'name':'frumentum','wfs':[{'id':1042789,'morph':{'Casus':'ACCUSATIVE','DeclensionType':'SECOND_DECLENSION','Genus':'NEUTER','Numerus':'PLURAL','Pos':'NN'},'name':'frumenta'}]}],'name':'frumentum@NN'}]">frumenta</w><c> </c><w lemma="[{'id':2914003,'ls':[{'id':7599,'name':'publicus','wfs':[{'id':2914046,'morph':{'Casus':'ACCUSATIVE','ComparisonDegree':'POSITIVE','DeclensionType':'SECOND_DECLENSION','Genus':'NEUTER','Numerus':'PLURAL','Pos':'ADJ'},'name':'publica'}]}],'name':'publicus@ADJ'}]">publica</w><c>,</c><c> </c><w lemma="[{'id':242816363,'ls':[{'id':242816364,'name':'qui','wfs':[{'id':244511026,'morph':{'Casus':'NOMINATIVE','Genus':'NEUTER','Numerus':'PLURAL','Pos':'PRO','PronounType':'RELATIVE'},'name':'quae'}]}],'name':'qui@PRO'}]">quae</w><c> </c><w lemma="[{'id':109545,'ls':[{'id':109546,'name':'de','wfs':[{'id':109547,'morph':{'Pos':'AP'},'name':'de'}]}],'name':'de@AP'}]">de</w><c> </c><w lemma="[{'id':779581807,'ls':[{'id':779581809,'name':'Calabrum','wfs':[{'id':779581820,'morph':{'Casus':'ABLATIVE','DeclensionType':'SECOND_DECLENSION','Genus':'NEUTER','Numerus':'SINGULAR','Pos':'NE'},'name':'Calabro'}]}],'name':'Calabrum@NE'}]">Calabro</w><c> </c><w lemma="[{'id':109772,'ls':[{'id':109773,'name':'atque','wfs':[{'id':109774,'morph':{'Pos':'CON'},'name':'atque'}]}],'name':'atque@CON'}]">atque</w><c> </c><w lemma="[{'id':241352540,'ls':[{'id':241352541,'name':'Apulum','wfs':[{'id':243183550,'morph':{'Casus':'ABLATIVE','DeclensionType':'SECOND_DECLENSION','Genus':'NEUTER','Numerus':'SINGULAR','Pos':'NE'},'name':'Apulo'}]}],'name':'Apulum@NE'}]">Apulo</w><c> </c><w lemma="[{'id':1142958,'ls':[{'id':5794,'name':'litus','wfs':[{'id':498533035,'morph':{'Casus':'DATIVE','DeclensionType':'THIRD_DECLENSION','Genus':'NEUTER','Numerus':'PLURAL','Pos':'NN'},'name':'litoribus'}]}],'name':'litus@NN'}]">litoribus</w><c> </c><lb n="26" xml:id="bsb00000824_00217_26"></lb><w lemma="[{'id':109610,'ls':[{'id':109611,'name':'per','wfs':[{'id':109612,'morph':{'Pos':'AP'},'name':'per'}]}],'name':'per@AP'}]">per</w><c> </c><w lemma="[{'id':828959,'ls':[{'id':1542,'name':'cancellarius','wfs':[{'id':243274275,'morph':{'Casus':'ACCUSATIVE','DeclensionType':'SECOND_DECLENSION','Genus':'MASCULINE','Numerus':'SINGULAR','Pos':'NN'},'name':'cancellarium'}]}],'name':'cancellarius@NN'}]">cancellarium</w><c> </c><w lemma="[{'id':244512458,'ls':[{'id':244512459,'name':'vester','wfs':[{'id':481107035,'morph':{'Casus':'ACCUSATIVE','DeclensionType':'SECOND_DECLENSION','Genus':'MASCULINE','Numerus':'SINGULAR','Pos':'PRO','PronounType':'POSSESSIVE'},'name':'vestrum'}]}],'name':'vester@PRO'}]">vestrum</w><c> </c><w lemma="[{'id':731168,'ls':[{'id':532,'name':'aestas','wfs':[{'id':731184,'morph':{'Casus':'GENITIVE','DeclensionType':'THIRD_DECLENSION','Genus':'FEMININE','Numerus':'SINGULAR','Pos':'NN'},'name':'aestatis'}]}],'name':'aestas@NN'}]">aestatis</w><c> </c><w lemma="[{'id':1412956,'ls':[{'id':8776,'name':'tempus','wfs':[{'id':243116309,'morph':{'Casus':'ABLATIVE','DeclensionType':'THIRD_DECLENSION','Genus':'NEUTER','Numerus':'SINGULAR','Pos':'NN'},'name':'tempore'}]}],'name':'tempus@NN'}]">tempore</w><c> </c><w lemma="[{'id':4520334,'ls':[{'id':2601,'name':'consuesco','wfs':[{'id':779512691,'morph':{'ConjugationType':'THIRD_CONJUGATION','Mood':'INDICATIVE','Numerus':'PLURAL','Person':'PERSON_3','Pos':'V','Tense':'PLUPERFECT','VerbType':'INTRANSITIVE','Voice':'ACTIVE'},'name':'consuerant'}]}],'name':'consuesco@V'}]">consuerant</w><c> </c><w lemma="[{'id':4904178,'ls':[{'id':3400,'name':'destino','wfs':[{'id':4904280,'morph':{'ConjugationType':'FIRST_CONJUGATION','Mood':'INFINITIVE','Pos':'V','Tense':'PRESENT','VerbType':'TRANSITIVE','Voice':'PASSIVE'},'name':'destinari'}]}],'name':'destino@V'}]">destinari</w><c>,</c><c> </c><w lemma="[{'id':109871,'ls':[{'id':109872,'name':'nec','wfs':[{'id':109873,'morph':{'Pos':'CON'},'name':'nec'}]}],'name':'nec@CON'}]">nec</w><c> </c><w lemma="[{'id':802001,'ls':[{'id':1245,'name':'autumnus','wfs':[{'id':802045,'morph':{'Casus':'ABLATIVE','DeclensionType':'SECOND_DECLENSION','Genus':'MASCULINE','Numerus':'SINGULAR','Pos':'NN'},'name':'autumno'}]}],'name':'autumnus@NN'}]">autumno</w><c> </c><w lemma="[{'id':7964639,'ls':[{'id':9166,'name':'venio','wfs':[{'id':7965124,'morph':{'ConjugationType':'FOURTH_CONJUGATION','Mood':'INFINITIVE','Pos':'V','Tense':'PERFECT','VerbType':'INTRANSITIVE','Voice':'ACTIVE'},'name':'venisse'}]}],'name':'venio@V'}]">venisse</w><c> </c><lb n="27" xml:id="bsb00000824_00217_27"></lb><w lemma="[{'id':1171851,'ls':[{'id':6157,'name':'modus','wfs':[{'id':1171872,'morph':{'Casus':'ABLATIVE','DeclensionType':'SECOND_DECLENSION','Genus':'MASCULINE','Numerus':'PLURAL','Pos':'NN'},'name':'modis'}]}],'name':'modus@NN'}]">modis</w><c> </c><w lemma="[{'id':2744416,'ls':[{'id':6625,'name':'omnis','wfs':[{'id':2744427,'morph':{'Casus':'ABLATIVE','ComparisonDegree':'POSITIVE','DeclensionType':'THIRD_DECLENSION','Genus':'MASCULINE','Numerus':'PLURAL','Pos':'ADJ'},'name':'omnibus'}]}],'name':'omnis@ADJ'}]">omnibus</w><c> </c><w lemma="[{'id':6625818,'ls':[{'id':6988,'name':'permoveo','wfs':[{'id':6626328,'morph':{'ConjugationType':'SECOND_CONJUGATION','Mood':'INDICATIVE','Numerus':'PLURAL','Person':'PERSON_1','Pos':'V','Tense':'PRESENT','VerbType':'TRANSITIVE','Voice':'PASSIVE'},'name':'permovemur'}]}],'name':'permoveo@V'}]">permovemur</w><c>,</c><c> </c><w lemma="[{'id':241279615,'ls':[{'id':241279619,'name':'cum','wfs':[{'id':241279620,'morph':{'Pos':'CON'},'name':'cum'}]}],'name':'cum@CON'}]">cum</w><c> </c><w lemma="[{'id':1365097,'ls':[{'id':8360,'name':'sol','wfs':[{'id':1365112,'morph':{'Casus':'GENITIVE','DeclensionType':'THIRD_DECLENSION','Genus':'MASCULINE','Numerus':'SINGULAR','Pos':'NN'},'name':'solis'}]}],'name':'sol@NN'}]">solis</w><c> </c><w lemma="[{'id':1313772,'ls':[{'id':1313773,'name':'reflexus','wfs':[{'id':1313775,'morph':{'Casus':'NOMINATIVE','DeclensionType':'THIRD_DECLENSION','Genus':'MASCULINE','Numerus':'SINGULAR','Pos':'NN'},'name':'reflexus'}]}],'name':'reflexus@NN'}]">reflexus</w><c> </c><w lemma="[{'id':1720693,'ls':[{'id':1238,'name':'australis','wfs':[{'id':1720735,'morph':{'Casus':'ACCUSATIVE','ComparisonDegree':'POSITIVE','DeclensionType':'THIRD_DECLENSION','Genus':'NEUTER','Numerus':'PLURAL','Pos':'ADJ'},'name':'australia'}]}],'name':'australis@ADJ'}]">australia</w><c> </c><w lemma="[{'id':1361183,'ls':[{'id':8315,'name':'signum','wfs':[{'id':1361184,'morph':{'Casus':'ACCUSATIVE','DeclensionType':'SECOND_DECLENSION','Genus':'NEUTER','Numerus':'PLURAL','Pos':'NN'},'name':'signa'}]}],'name':'signum@NN'}]">signa</w><c> </c><w lemma="[{'id':5036670,'ls':[{'id':5036671,'name':'discurro','wfs':[{'id':414082,'morph':{'Casus':'NOMINATIVE','ConjugationType':'THIRD_CONJUGATION','Genus':'MASCULINE','Mood':'PARTICIPLE','Numerus':'SINGULAR','Pos':'V','Tense':'PRESENT','VerbType':'INTRANSITIVE','Voice':'ACTIVE'},'name':'discurrens'}]}],'name':'discurro@V'}]">discurrens</w><c>,</c><c> </c><w lemma="[{'id':242305297,'ls':[{'id':242305298,'name':'naturus','wfs':[{'id':242305367,'morph':{'Casus':'GENITIVE','ComparisonDegree':'POSITIVE','DeclensionType':'FIRST_DECLENSION','Genus':'FEMININE','Numerus':'SINGULAR','Pos':'ADJ'},'name':'naturae'}]}],'name':'naturus@ADJ'}]">naturae</w><c> </c><lb n="28" xml:id="bsb00000824_00217_28"></lb><w lemma="[{'id':1216283,'ls':[{'id':6689,'name':'ordo','wfs':[{'id':243411356,'morph':{'Casus':'ABLATIVE','DeclensionType':'THIRD_DECLENSION','Genus':'MASCULINE','Numerus':'SINGULAR','Pos':'NN'},'name':'ordine'}]}],'name':'ordo@NN'}]">ordine</w><c> </c><w lemma="[{'id':6258097,'ls':[{'id':6168,'name':'modifico','wfs':[{'id':6258165,'morph':{'Casus':'NOMINATIVE','ConjugationType':'FIRST_CONJUGATION','Genus':'MASCULINE','Mood':'PARTICIPLE','Numerus':'SINGULAR','Pos':'V','Tense':'PERFECT','VerbType':'TRANSITIVE','Voice':'PASSIVE'},'name':'modificatus'}]}],'name':'modifico@V'}]">modificatus</w><c>,</c><c> </c><w lemma="[{'id':3221807,'ls':[{'id':3221808,'name':'tumultuosus','wfs':[{'id':3221811,'morph':{'Casus':'ACCUSATIVE','ComparisonDegree':'POSITIVE','DeclensionType':'FIRST_DECLENSION','Genus':'FEMININE','Numerus':'PLURAL','Pos':'ADJ'},'name':'tumultuosas'}]}],'name':'tumultuosus@ADJ'}]">tumultuosas</w><c> </c><w lemma="[{'id':1279972,'ls':[{'id':7414,'name':'procella','wfs':[{'id':1279973,'morph':{'Casus':'ACCUSATIVE','DeclensionType':'FIRST_DECLENSION','Genus':'FEMININE','Numerus':'PLURAL','Pos':'NN'},'name':'procellas'}]}],'name':'procella@NN'}]">procellas</w><c> </c><w lemma="[{'id':729928,'ls':[{'id':551191276,'name':'aer','wfs':[{'id':551191316,'morph':{'Casus':'GENITIVE','DeclensionType':'THIRD_DECLENSION','Genus':'MASCULINE','Numerus':'SINGULAR','Pos':'NN'},'name':'aeris'}]}],'name':'aer@NN'}]">aeris</w><c> </c><w lemma="[{'id':1242237,'ls':[{'id':6987,'name':'permixtio','wfs':[{'id':243419301,'morph':{'Casus':'ABLATIVE','DeclensionType':'THIRD_DECLENSION','Genus':'FEMININE','Numerus':'SINGULAR','Pos':'NN'},'name':'permixtione'}]}],'name':'permixtio@NN'}]">permixtione</w><c> </c><w lemma="[{'id':7215499,'ls':[{'id':7215500,'name':'resuscito','wfs':[{'id':7215850,'morph':{'ConjugationType':'FIRST_CONJUGATION','Mood':'INDICATIVE','Numerus':'SINGULAR','Person':'PERSON_3','Pos':'V','Tense':'PRESENT','VerbType':'TRANSITIVE','Voice':'ACTIVE'},'name':'resuscitat'}]}],'name':'resuscito@V'}]">resuscitat</w><c>:</c><c> </c><w lemma="[{'id':242816363,'ls':[{'id':242816364,'name':'qui','wfs':[{'id':296826590,'morph':{'Casus':'NOMINATIVE','Genus':'NEUTER','Numerus':'SINGULAR','Pos':'PRO','PronounType':'RELATIVE'},'name':'quod'}]}],'name':'qui@PRO'}]">quod</w><c> </c><w lemma="[{'id':109436,'ls':[{'id':109437,'name':'ab','wfs':[{'id':109438,'morph':{'Pos':'AP'},'name':'ab'}]}],'name':'ab@AP'}]">ab</w><c> </c><w lemma="[{'id':242816153,'ls':[{'id':242816154,'name':'ipse','wfs':[{'id':242816170,'morph':{'Casus':'ABLATIVE','Genus':'MASCULINE','Numerus':'PLURAL','Pos':'PRO','PronounType':'DEMONSTRATIVE'},'name':'ipsis'}]}],'name':'ipse@PRO'}]">ipsis</w><c> </c><lb n="29" xml:id="bsb00000824_00217_29"></lb><w lemma="[{'id':226369,'ls':[{'id':7700,'name':'quoque','wfs':[{'id':226371,'morph':{'Pos':'ADV'},'name':'quoque'}]}],'name':'quoque@ADV'}]">quoque</w><c> </c><w lemma="[{'id':1163892,'ls':[{'id':6063,'name':'mensis','wfs':[{'id':1163895,'morph':{'Casus':'ABLATIVE','DeclensionType':'THIRD_DECLENSION','Genus':'MASCULINE','Numerus':'PLURAL','Pos':'NN'},'name':'mensibus'}]}],'name':'mensis@NN'}]">mensibus</w><c> </c><w lemma="[{'id':5109084,'ls':[{'id':3001,'name':'do','wfs':[{'id':5109400,'morph':{'ConjugationType':'FIRST_CONJUGATION','Mood':'INDICATIVE','Numerus':'SINGULAR','Person':'PERSON_3','Pos':'V','Tense':'PRESENT','VerbType':'TRANSITIVE','Voice':'PASSIVE'},'name':'datur'}]}],'name':'do@V'}]">datur</w><c> </c><w lemma="[{'id':5939700,'ls':[{'id':5378,'name':'intellego','wfs':[{'id':5939782,'morph':{'ConjugationType':'THIRD_CONJUGATION','Mood':'INFINITIVE','Pos':'V','Tense':'PRESENT','VerbType':'TRANSITIVE','Voice':'PASSIVE'},'name':'intellegi'}]}],'name':'intellego@V'}]">intellegi</w><c>,</c><c> </c><w lemma="[{'id':109946,'ls':[{'id':109947,'name':'quando','wfs':[{'id':109948,'morph':{'Pos':'CON'},'name':'quando'}]}],'name':'quando@CON'}]">quando</w><c> </c><w lemma="[{'id':109565,'ls':[{'id':109566,'name':'ex','wfs':[{'id':109567,'morph':{'Pos':'AP'},'name':'ex'}]}],'name':'ex@AP'}]">ex</w><c> </c><w lemma="[{'id':1195364,'ls':[{'id':6452,'name':'numerus','wfs':[{'id':1195375,'morph':{'Casus':'ABLATIVE','DeclensionType':'SECOND_DECLENSION','Genus':'MASCULINE','Numerus':'SINGULAR','Pos':'NN'},'name':'numero'}]}],'name':'numerus@NN'}]">numero</w><c> </c><w lemma="[{'id':1079031,'ls':[{'id':4935,'name':'imber','wfs':[{'id':241441864,'morph':{'Pos':'NN'},'name':'imbrium'}]}],'name':'imber@NN'}]">imbrium</w><c> </c><w lemma="[{'id':2358901,'ls':[{'id':2358902,'name':'futurus','wfs':[{'id':2358912,'morph':{'Casus':'GENITIVE','ComparisonDegree':'POSITIVE','DeclensionType':'SECOND_DECLENSION','Genus':'MASCULINE','Numerus':'PLURAL','Pos':'ADJ'},'name':'futurorum'}]}],'name':'futurus@ADJ'}]">futurorum</w><c> </c><w lemma="[{'id':146315,'ls':[{'id':146316,'name':'competenter','wfs':[{'id':146319,'morph':{'ComparisonDegree':'POSITIVE','Pos':'ADV'},'name':'competenter'}]}],'name':'competenter@ADV'}]">competenter</w><c> </c><lb n="30" xml:id="bsb00000824_00217_30"></lb><w lemma="[{'id':1191767,'ls':[{'id':6409,'name':'nomen','wfs':[{'id':243402772,'morph':{'Casus':'ACCUSATIVE','DeclensionType':'THIRD_DECLENSION','Genus':'NEUTER','Numerus':'PLURAL','Pos':'NN'},'name':'nomina'}]}],'name':'nomen@NN'}]">nomina</w><c> </c><w lemma="[{'id':7755891,'ls':[{'id':8690,'name':'suscipio','wfs':[{'id':7757021,'morph':{'ConjugationType':'THIRD_CONJUGATION','Mood':'INDICATIVE','Numerus':'PLURAL','Person':'PERSON_3','Pos':'V','Tense':'PERFECT','VerbType':'TRANSITIVE','Voice':'ACTIVE'},'name':'susceperunt'}]}],'name':'suscipio@V'}]">susceperunt</w><c>.</c><c> </c></s><s><w lemma="[{'id':242816363,'ls':[{'id':242816364,'name':'qui','wfs':[{'id':779458913,'morph':{'Casus':'NOMINATIVE','Genus':'FEMININE','Numerus':'SINGULAR','Pos':'PRO','PronounType':'INTERROGATIVE'},'name':'quae'}]}],'name':'qui@PRO'}]">quae</w><c> </c><w lemma="[{'id':171912,'ls':[{'id':171913,'name':'ergo','wfs':[{'id':171914,'morph':{'ComparisonDegree':'POSITIVE','Pos':'ADV'},'name':'ergo'}]}],'name':'ergo@ADV'}]">ergo</w><c> </c><w lemma="[{'id':244511865,'ls':[{'id':244511866,'name':'talis','wfs':[{'id':244511897,'morph':{'Casus':'NOMINATIVE','Genus':'FEMININE','Numerus':'SINGULAR','Pos':'PRO','PronounType':'CORRELATIVE'},'name':'talis'}]}],'name':'talis@PRO'}]">talis</w><c> </c><w lemma="[{'id':1174413,'ls':[{'id':6210,'name':'mora','wfs':[{'id':1174428,'morph':{'Casus':'NOMINATIVE','DeclensionType':'FIRST_DECLENSION','Genus':'FEMININE','Numerus':'SINGULAR','Pos':'NN'},'name':'mora'}]}],'name':'mora@NN'}]">mora</w><c>,</c><c> </c><w lemma="[{'id':110061,'ls':[{'id':110062,'name':'ut','wfs':[{'id':110063,'morph':{'Pos':'CON'},'name':'ut'}]}],'name':'ut@CON'}]">ut</w><c> </c><w lemma="[{'id':109577,'ls':[{'id':109578,'name':'in','wfs':[{'id':109579,'morph':{'Pos':'AP'},'name':'in'}]}],'name':'in@AP'}]">in</w><c> </c><w lemma="[{'id':244511939,'ls':[{'id':244511940,'name':'tantus','wfs':[{'id':644158846,'morph':{'Casus':'ABLATIVE','DeclensionType':'SECOND_DECLENSION','Genus':'FEMININE','Numerus':'PLURAL','Pos':'PRO','PronounType':'CORRELATIVE'},'name':'tantis'}]}],'name':'tantus@PRO'}]">tantis</w><c> </c><w lemma="[{'id':1425012,'ls':[{'id':8898,'name':'tranquillitas','wfs':[{'id':1425014,'morph':{'Casus':'ABLATIVE','DeclensionType':'THIRD_DECLENSION','Genus':'FEMININE','Numerus':'PLURAL','Pos':'NN'},'name':'tranquillitatibus'}]}],'name':'tranquillitas@NN'}]">tranquillitatibus</w><c> </c><w lemma="[{'id':3262382,'ls':[{'id':242770476,'name':'velox','wfs':[{'id':242770594,'morph':{'Casus':'NOMINATIVE','ComparisonDegree':'POSITIVE','DeclensionType':'THIRD_DECLENSION','Genus':'NEUTER','Numerus':'PLURAL','Pos':'ADJ'},'name':'velocia'}]}],'name':'velox@ADJ'}]">velocia</w><c> </c><w lemma="[{'id':109874,'ls':[{'id':109875,'name':'necdum','wfs':[{'id':109876,'morph':{'Pos':'CON'},'name':'necdum'}]}],'name':'necdum@CON'}]">necdum</w><c> </c><pb n="34" xml:id="bsb00000824_00218"></pb><lb n="1" xml:id="bsb00000824_00218_1"></lb><w lemma="[{'id':7617143,'ls':[{'id':7617144,'name':'sum','wfs':[{'id':242825882,'morph':{'Mood':'SUBJUNCTIVE','Numerus':'PLURAL','Person':'PERSON_3','Pos':'V','Tense':'PERFECT','VerbType':'VERBA_ANOMALA','Voice':'ACTIVE'},'name':'fuerint'}]}],'name':'sum@V'}]">fuerint</w><c> </c><w lemma="[{'id':4904178,'ls':[{'id':3400,'name':'destino','wfs':[{'id':4904242,'morph':{'Casus':'NOMINATIVE','ConjugationType':'FIRST_CONJUGATION','Genus':'NEUTER','Mood':'PARTICIPLE','Numerus':'PLURAL','Pos':'V','Tense':'PERFECT','VerbType':'TRANSITIVE','Voice':'PASSIVE'},'name':'destinata'}]}],'name':'destino@V'}]">destinata</w><c> </c><w lemma="[{'id':1187223,'ls':[{'id':6340,'name':'navigium','wfs':[{'id':243401311,'morph':{'Casus':'NOMINATIVE','DeclensionType':'SECOND_DECLENSION','Genus':'NEUTER','Numerus':'PLURAL','Pos':'NN'},'name':'navigia'}]}],'name':'navigium@NN'}]">navigia</w><c>,</c><c> </c><w lemma="[{'id':241279615,'ls':[{'id':241279619,'name':'cum','wfs':[{'id':241279620,'morph':{'Pos':'CON'},'name':'cum'}]}],'name':'cum@CON'}]">cum</w><c> </c><w lemma="[{'id':1374382,'ls':[{'id':8486,'name':'stella','wfs':[{'id':1374386,'morph':{'Casus':'GENITIVE','DeclensionType':'FIRST_DECLENSION','Genus':'FEMININE','Numerus':'PLURAL','Pos':'NN'},'name':'stellarum'}]}],'name':'stella@NN'}]">stellarum</w><c> </c><w lemma="[{'id':206035,'ls':[{'id':6416,'name':'non','wfs':[{'id':241322627,'morph':{'Pos':'ADV'},'name':'non'}]}],'name':'non@ADV'}]">non</w><c> </c><w lemma="[{'id':6234807,'ls':[{'id':6080,'name':'mergo','wfs':[{'id':6234813,'morph':{'Casus':'GENITIVE','ConjugationType':'THIRD_CONJUGATION','Genus':'FEMININE','Mood':'PARTICIPLE','Numerus':'PLURAL','Pos':'V','Tense':'PRESENT','VerbType':'TRANSITIVE','Voice':'ACTIVE'},'name':'mergentium'}]}],'name':'mergo@V'}]">mergentium</w><c> </c><w lemma="[{'id':2622698,'ls':[{'id':5828,'name':'lucidus','wfs':[{'id':2622807,'morph':{'Casus':'NOMINATIVE','ComparisonDegree':'POSITIVE','DeclensionType':'SECOND_DECLENSION','Genus':'MASCULINE','Numerus':'SINGULAR','Pos':'ADJ'},'name':'lucidus'}]}],'name':'lucidus@ADJ'}]">lucidus</w><c> </c><w lemma="[{'id':1364267,'ls':[{'id':8337,'name':'situs','wfs':[{'id':488385038,'morph':{'Casus':'NOMINATIVE','DeclensionType':'FOURTH_DECLENSION','Genus':'MASCULINE','Numerus':'SINGULAR','Pos':'NN'},'name':'situs'}]}],'name':'situs@NN'}]">situs</w><c> </c><w lemma="[{'id':7781642,'ls':[{'id':8781,'name':'tendo','wfs':[{'id':7781765,'morph':{'ConjugationType':'THIRD_CONJUGATION','Mood':'INFINITIVE','Pos':'V','Tense':'PRESENT','VerbType':'TRANSITIVE','Voice':'PASSIVE'},'name':'tendi'}]}],'name':'tendo@V'}]">tendi</w><c> </c><w lemma="[{'id':833472,'ls':[{'id':833473,'name':'carbasum','wfs':[{'id':833474,'morph':{'Casus':'ACCUSATIVE','DeclensionType':'SECOND_DECLENSION','Genus':'NEUTER','Numerus':'PLURAL','Pos':'NN'},'name':'carbasa'}]}],'name':'carbasum@NN'}]">carbasa</w><c> </c><lb n="2" xml:id="bsb00000824_00218_2"></lb><w lemma="[{'id':177442,'ls':[{'id':4341,'name':'festinanter','wfs':[{'id':177445,'morph':{'ComparisonDegree':'POSITIVE','Pos':'ADV'},'name':'festinanter'}]}],'name':'festinanter@ADV'}]">festinanter</w><c> </c><w lemma="[{'id':6034945,'ls':[{'id':5506,'name':'invito','wfs':[{'id':6035663,'morph':{'ConjugationType':'FIRST_CONJUGATION','Mood':'SUBJUNCTIVE','Numerus':'SINGULAR','Person':'PERSON_3','Pos':'V','Tense':'PRESENT','VerbType':'TRANSITIVE','Voice':'ACTIVE'},'name':'invitet'}]}],'name':'invito@V'}]">invitet</w><c> </c><w lemma="[{'id':109828,'ls':[{'id':109829,'name':'et','wfs':[{'id':109830,'morph':{'Pos':'CON'},'name':'et'}]}],'name':'et@CON'}]">et</w><c> </c><w lemma="[{'id':729928,'ls':[{'id':551191276,'name':'aer','wfs':[{'id':551191316,'morph':{'Casus':'GENITIVE','DeclensionType':'THIRD_DECLENSION','Genus':'MASCULINE','Numerus':'SINGULAR','Pos':'NN'},'name':'aeris'}]}],'name':'aer@NN'}]">aeris</w><c> </c><w lemma="[{'id':3044544,'ls':[{'id':8274,'name':'serenus','wfs':[{'id':3044649,'morph':{'Casus':'GENITIVE','ComparisonDegree':'POSITIVE','DeclensionType':'SECOND_DECLENSION','Genus':'MASCULINE','Numerus':'SINGULAR','Pos':'ADJ'},'name':'sereni'}]}],'name':'serenus@ADJ'}]">sereni</w><c> </c><w lemma="[{'id':1033331,'ls':[{'id':4357,'name':'fides','wfs':[{'id':243347762,'morph':{'Casus':'NOMINATIVE','DeclensionType':'FIFTH_DECLENSION','Genus':'FEMININE','Numerus':'SINGULAR','Pos':'NN'},'name':'fides'}]}],'name':'fides@NN'}]">fides</w><c> </c><w lemma="[{'id':6944806,'ls':[{'id':7506,'name':'propero','wfs':[{'id':6944820,'morph':{'Casus':'GENITIVE','ConjugationType':'FIRST_CONJUGATION','Genus':'MASCULINE','Mood':'PARTICIPLE','Numerus':'PLURAL','Pos':'V','Tense':'PRESENT','VerbType':'TRANSITIVE','Voice':'ACTIVE'},'name':'properantium'}]}],'name':'propero@V'}]">properantium</w><c> </c><w lemma="[{'id':6316598,'ls':[{'id':6316599,'name':'nequeo','wfs':[{'id':241369825,'morph':{'Mood':'SUBJUNCTIVE','Numerus':'SINGULAR','Person':'PERSON_3','Pos':'V','Tense':'PRESENT','VerbType':'VERBA_ANOMALA','Voice':'ACTIVE'},'name':'nequeat'}]}],'name':'nequeo@V'}]">nequeat</w><c> </c><w lemma="[{'id':1473777,'ls':[{'id':9345,'name':'votum','wfs':[{'id':1473795,'morph':{'Casus':'ACCUSATIVE','DeclensionType':'SECOND_DECLENSION','Genus':'NEUTER','Numerus':'PLURAL','Pos':'NN'},'name':'vota'}]}],'name':'votum@NN'}]">vota</w><c> </c><w lemma="[{'id':7790314,'ls':[{'id':8800,'name':'terreo','wfs':[{'id':7790395,'morph':{'ConjugationType':'SECOND_CONJUGATION','Mood':'INFINITIVE','Pos':'V','Tense':'PRESENT','VerbType':'TRANSITIVE','Voice':'ACTIVE'},'name':'terrere'}]}],'name':'terreo@V'}]">terrere</w><c>?</c><c> </c></s><s><w lemma="[{'id':109788,'ls':[{'id':109789,'name':'aut','wfs':[{'id':109790,'morph':{'Pos':'CON'},'name':'aut'}]}],'name':'aut@CON'}]">Aut</w><c> </c><w lemma="[{'id':178901,'ls':[{'id':4472,'name':'forte','wfs':[{'id':178904,'morph':{'ComparisonDegree':'POSITIVE','Pos':'ADV'},'name':'forte'}]}],'name':'forte@ADV'}]">forte</w><c> </c><lb n="3" xml:id="bsb00000824_00218_3"></lb><w lemma="[{'id':5808383,'ls':[{'id':5808384,'name':'incumbo','wfs':[{'id':5808415,'morph':{'Casus':'ABLATIVE','ConjugationType':'THIRD_CONJUGATION','Genus':'MASCULINE','Mood':'PARTICIPLE','Numerus':'SINGULAR','Pos':'V','Tense':'PRESENT','VerbType':'TRANSITIVE','Voice':'ACTIVE'},'name':'incumbente'}]}],'name':'incumbo@V'}]">incumbente</w><c> </c><w lemma="[{'id':800731,'ls':[{'id':1236,'name':'auster','wfs':[{'id':800741,'morph':{'Casus':'ABLATIVE','DeclensionType':'SECOND_DECLENSION','Genus':'MASCULINE','Numerus':'SINGULAR','Pos':'NN'},'name':'austro'}]}],'name':'auster@NN'}]">austro</w><c> </c><w lemma="[{'id':1317573,'ls':[{'id':1317574,'name':'remigium','wfs':[{'id':503485563,'morph':{'Casus':'ABLATIVE','DeclensionType':'SECOND_DECLENSION','Genus':'NEUTER','Numerus':'PLURAL','Pos':'NN'},'name':'remigiisque'}]}],'name':'remigium@NN'}]">remigiisque</w><c> </c><w lemma="[{'id':6101654,'ls':[{'id':6102055,'name':'iuvo','wfs':[{'id':6102073,'morph':{'Casus':'ABLATIVE','ConjugationType':'FIRST_CONJUGATION','Genus':'NEUTER','Mood':'PARTICIPLE','Numerus':'PLURAL','Pos':'V','Tense':'PRESENT','VerbType':'TRANSITIVE','Voice':'ACTIVE'},'name':'iuvantibus'}]}],'name':'iuvo@V'}]">iuvantibus</w><c> </c><w lemma="[{'id':1160535,'ls':[{'id':6019,'name':'meatus','wfs':[{'id':796870758,'morph':{'Casus':'ACCUSATIVE','DeclensionType':'FOURTH_DECLENSION','Genus':'MASCULINE','Numerus':'PLURAL','Pos':'NN'},'name':'meatus'}]}],'name':'meatus@NN'}]">meatus</w><c> </c><w lemma="[{'id':1187231,'ls':[{'id':6341,'name':'navis','wfs':[{'id':1187278,'morph':{'Casus':'GENITIVE','DeclensionType':'THIRD_DECLENSION','Genus':'FEMININE','Numerus':'PLURAL','Pos':'NN'},'name':'navium'}]}],'name':'navis@NN'}]">navium</w><c> </c><w lemma="[{'id':985292,'ls':[{'id':779572882,'name':'echinais','wfs':[{'id':779572899,'morph':{'Casus':'GENITIVE','DeclensionType':'THIRD_DECLENSION','Genus':'FEMININE','Numerus':'SINGULAR','Pos':'NN'},'name':'echinais'}]}],'name':'echeneis@NN'}]">echinais</w><c> </c><w lemma="[{'id':1175116,'ls':[{'id':6224,'name':'morsus','wfs':[{'id':1175118,'morph':{'Casus':'NOMINATIVE','DeclensionType':'FOURTH_DECLENSION','Genus':'MASCULINE','Numerus':'SINGULAR','Pos':'NN'},'name':'morsus'}]}],'name':'morsus@NN'}]">morsus</w><c> </c><w lemma="[{'id':109587,'ls':[{'id':109588,'name':'inter','wfs':[{'id':109589,'morph':{'Pos':'AP'},'name':'inter'}]}],'name':'inter@AP'}]">inter</w><c> </c><w lemma="[{'id':1439940,'ls':[{'id':9041,'name':'unda','wfs':[{'id':1439959,'morph':{'Casus':'ACCUSATIVE','DeclensionType':'FIRST_DECLENSION','Genus':'FEMININE','Numerus':'PLURAL','Pos':'NN'},'name':'undas'}]}],'name':'unda@NN'}]">undas</w><c> </c><lb n="4" xml:id="bsb00000824_00218_4"></lb><w lemma="[{'id':2615580,'ls':[{'id':5785,'name':'liquidus','wfs':[{'id':2615583,'morph':{'Casus':'ACCUSATIVE','ComparisonDegree':'POSITIVE','DeclensionType':'FIRST_DECLENSION','Genus':'FEMININE','Numerus':'PLURAL','Pos':'ADJ'},'name':'liquidas'}]}],'name':'liquidus@ADJ'}]">liquidas</w><c> </c><w lemma="[{'id':3581252,'ls':[{'id':3581690,'name':'alligo','wfs':[{'id':3582047,'morph':{'ConjugationType':'FIRST_CONJUGATION','Mood':'INDICATIVE','Numerus':'SINGULAR','Person':'PERSON_3','Pos':'V','Tense':'PERFECT','VerbType':'TRANSITIVE','Voice':'ACTIVE'},'name':'alligavit'}]}],'name':'alligo@V'}]">alligavit</w><c>:</c><c> </c><w lemma="[{'id':109788,'ls':[{'id':109789,'name':'aut','wfs':[{'id':109790,'morph':{'Pos':'CON'},'name':'aut'}]}],'name':'aut@CON'}]">aut</w><c> </c><w lemma="[{'id':1484303,'ls':[{'id':1484304,'name':'Indicus','wfs':[{'id':1484344,'morph':{'Casus':'GENITIVE','ComparisonDegree':'POSITIVE','DeclensionType':'SECOND_DECLENSION','Genus':'NEUTER','Numerus':'SINGULAR','Pos':'ADJ'},'name':'Indici'}]}],'name':'Indicus@ADJ'}]">Indici</w><c> </c><w lemma="[{'id':1157696,'ls':[{'id':273666717,'name':'mare','wfs':[{'id':273666720,'morph':{'Casus':'GENITIVE','DeclensionType':'THIRD_DECLENSION','Genus':'NEUTER','Numerus':'SINGULAR','Pos':'NN'},'name':'maris'}]}],'name':'mare@NN'}]">maris</w><c> </c><w lemma="[{'id':888247,'ls':[{'id':2297,'name':'concha','wfs':[{'id':888268,'morph':{'Casus':'NOMINATIVE','DeclensionType':'FIRST_DECLENSION','Genus':'FEMININE','Numerus':'PLURAL','Pos':'NN'},'name':'conchae'}]}],'name':'concha@NN'}]">conchae</w><c> </c><w lemma="[{'id':3058076,'ls':[{'id':3058077,'name':'similis','wfs':[{'id':3058163,'morph':{'Casus':'ABLATIVE','ComparisonDegree':'POSITIVE','DeclensionType':'THIRD_DECLENSION','Genus':'FEMININE','Numerus':'SINGULAR','Pos':'ADJ'},'name':'simili'}]}],'name':'similis@ADJ'}]">simili</w><c> </c><w lemma="[{'id':1266132,'ls':[{'id':7253,'name':'potentia','wfs':[{'id':1266142,'morph':{'Casus':'ABLATIVE','DeclensionType':'FIRST_DECLENSION','Genus':'FEMININE','Numerus':'SINGULAR','Pos':'NN'},'name':'potentia'}]}],'name':'potentia@NN'}]">potentia</w><c> </c><w lemma="[{'id':1126281,'ls':[{'id':5562,'name':'labium','wfs':[{'id':243380797,'morph':{'Casus':'DATIVE','DeclensionType':'SECOND_DECLENSION','Genus':'NEUTER','Numerus':'PLURAL','Pos':'NN'},'name':'labiis'}]}],'name':'labium@NN'}]">labiis</w><c> </c><w lemma="[{'id':244511757,'ls':[{'id':244511758,'name':'suus','wfs':[{'id':244511785,'morph':{'Casus':'DATIVE','DeclensionType':'SECOND_DECLENSION','Genus':'NEUTER','Numerus':'PLURAL','Pos':'PRO','PronounType':'POSSESSIVE'},'name':'suis'}]}],'name':'suus@PRO'}]">suis</w><c> </c><w lemma="[{'id':1187231,'ls':[{'id':6341,'name':'navis','wfs':[{'id':1187278,'morph':{'Casus':'GENITIVE','DeclensionType':'THIRD_DECLENSION','Genus':'FEMININE','Numerus':'PLURAL','Pos':'NN'},'name':'navium'}]}],'name':'navis@NN'}]">navium</w><c> </c><w lemma="[{'id':980655,'ls':[{'id':3715,'name':'dorsum','wfs':[{'id':980656,'morph':{'Casus':'ACCUSATIVE','DeclensionType':'SECOND_DECLENSION','Genus':'NEUTER','Numerus':'PLURAL','Pos':'NN'},'name':'dorsa'}]}],'name':'dorsum@NN'}]">dorsa</w><c> </c><lb n="5" xml:id="bsb00000824_00218_5"></lb><w lemma="[{'id':5510731,'ls':[{'id':4376,'name':'fingo','wfs':[{'id':5511180,'morph':{'ConjugationType':'THIRD_CONJUGATION','Mood':'INDICATIVE','Numerus':'PLURAL','Person':'PERSON_3','Pos':'V','Tense':'PERFECT','VerbType':'TRANSITIVE','Voice':'ACTIVE'},'name':'fixerunt'}]}],'name':'fingo@V'}]">fixerunt</w><c>:</c><c> </c><w lemma="[{'id':242816363,'ls':[{'id':242816364,'name':'qui','wfs':[{'id':242816395,'morph':{'Casus':'GENITIVE','Genus':'FEMININE','Numerus':'PLURAL','Pos':'PRO','PronounType':'RELATIVE'},'name':'quarum'}]}],'name':'qui@PRO'}]">quarum</w><c> </c><w lemma="[{'id':2940538,'ls':[{'id':7696,'name':'quietus','wfs':[{'id':2940644,'morph':{'Casus':'NOMINATIVE','ComparisonDegree':'POSITIVE','DeclensionType':'SECOND_DECLENSION','Genus':'MASCULINE','Numerus':'SINGULAR','Pos':'ADJ'},'name':'quietus'}]}],'name':'quietus@ADJ'}]">quietus</w><c> </c><w lemma="[{'id':1409472,'ls':[{'id':8729,'name':'tactus','wfs':[{'id':241487194,'morph':{'Casus':'NOMINATIVE','DeclensionType':'FOURTH_DECLENSION','Genus':'MASCULINE','Numerus':'SINGULAR','Pos':'NN'},'name':'tactus'}]}],'name':'tactus@NN'}]">tactus</w><c> </c><w lemma="[{'id':204352,'ls':[{'id':6264,'name':'multum','wfs':[{'id':204353,'morph':{'ComparisonDegree':'COMPARATIVE','Pos':'ADV'},'name':'plus'}]}],'name':'multum@ADV'}]">plus</w><c> </c><w lemma="[{'id':4961932,'ls':[{'id':244530688,'name':'dico','wfs':[{'id':4962610,'morph':{'ConjugationType':'THIRD_CONJUGATION','Mood':'INDICATIVE','Numerus':'SINGULAR','Person':'PERSON_3','Pos':'V','Tense':'PRESENT','VerbType':'TRANSITIVE','Voice':'PASSIVE'},'name':'dicitur'}]}],'name':'dico@V'}]">dicitur</w><c> </c><w lemma="[{'id':7220434,'ls':[{'id':7947,'name':'retineo','wfs':[{'id':7220515,'morph':{'ConjugationType':'SECOND_CONJUGATION','Mood':'INFINITIVE','Pos':'V','Tense':'PRESENT','VerbType':'TRANSITIVE','Voice':'ACTIVE'},'name':'retinere'}]}],'name':'retineo@V'}]">retinere</w><c> </c><w lemma="[{'id':225505,'ls':[{'id':7683,'name':'quam','wfs':[{'id':225506,'morph':{'Pos':'ADV'},'name':'quam'}]}],'name':'quam@ADV'}]">quam</w><c> </c><w lemma="[{'id':5311611,'ls':[{'id':4008,'name':'exagito','wfs':[{'id':5311668,'morph':{'Casus':'NOMINATIVE','ConjugationType':'FIRST_CONJUGATION','Genus':'NEUTER','Mood':'PARTICIPLE','Numerus':'PLURAL','Pos':'V','Tense':'PERFECT','VerbType':'TRANSITIVE','Voice':'PASSIVE'},'name':'exagitata'}]}],'name':'exagito@V'}]">exagitata</w><c> </c><w lemma="[{'id':6741602,'ls':[{'id':7228,'name':'possum','wfs':[{'id':244516520,'morph':{'Mood':'INDICATIVE','Numerus':'PLURAL','Person':'PERSON_3','Pos':'V','Tense':'PRESENT','VerbType':'VERBA_ANOMALA','Voice':'ACTIVE'},'name':'possunt'}]}],'name':'possum@V'}]">possunt</w><c> </c><w lemma="[{'id':990792,'ls':[{'id':3829,'name':'elementum','wfs':[{'id':990798,'morph':{'Casus':'NOMINATIVE','DeclensionType':'SECOND_DECLENSION','Genus':'NEUTER','Numerus':'PLURAL','Pos':'NN'},'name':'elementa'}]}],'name':'elementum@NN'}]">elementa</w><c> </c><lb n="6" xml:id="bsb00000824_00218_6"></lb><w lemma="[{'id':4319444,'ls':[{'id':244530659,'name':'compello','wfs':[{'id':4319581,'morph':{'ConjugationType':'THIRD_CONJUGATION','Mood':'INFINITIVE','Pos':'V','Tense':'PRESENT','VerbType':'TRANSITIVE','Voice':'ACTIVE'},'name':'compellere'}]}],'name':'compello@V'}]">compellere</w><c>.</c><c> </c></s><s><w lemma="[{'id':7428577,'ls':[{'id':8472,'name':'sto','wfs':[{'id':7428980,'morph':{'ConjugationType':'FIRST_CONJUGATION','Mood':'INDICATIVE','Numerus':'SINGULAR','Person':'PERSON_3','Pos':'V','Tense':'PRESENT','VerbType':'TRANSITIVE','Voice':'ACTIVE'},'name':'stat'}]}],'name':'sto@V'}]">stat</w><c> </c><w lemma="[{'id':2832223,'ls':[{'id':2832224,'name':'piger','wfs':[{'id':2832304,'morph':{'Casus':'NOMINATIVE','ComparisonDegree':'POSITIVE','DeclensionType':'FIRST_DECLENSION','Genus':'FEMININE','Numerus':'SINGULAR','Pos':'ADJ'},'name':'pigra'}]}],'name':'piger@ADJ'}]">pigra</w><c> </c><w lemma="[{'id':1307623,'ls':[{'id':7741,'name':'ratis','wfs':[{'id':1307639,'morph':{'Casus':'NOMINATIVE','DeclensionType':'THIRD_DECLENSION','Genus':'FEMININE','Numerus':'SINGULAR','Pos':'NN'},'name':'ratis'}]}],'name':'ratis@NN'}]">ratis</w><c> </c><w lemma="[{'id':7887428,'ls':[{'id':7887429,'name':'tumeo','wfs':[{'id':7887447,'morph':{'Casus':'ABLATIVE','ConjugationType':'SECOND_CONJUGATION','Genus':'NEUTER','Mood':'PARTICIPLE','Numerus':'PLURAL','Pos':'V','Tense':'PRESENT','VerbType':'TRANSITIVE','Voice':'ACTIVE'},'name':'tumentibus'}]}],'name':'tumeo@V'}]">tumentibus</w><c> </c><w lemma="[{'id':1583042,'ls':[{'id':592,'name':'alatus','wfs':[{'id':1583114,'morph':{'Casus':'NOMINATIVE','ComparisonDegree':'POSITIVE','DeclensionType':'FIRST_DECLENSION','Genus':'FEMININE','Numerus':'SINGULAR','Pos':'ADJ'},'name':'alata'}]}],'name':'alatus@ADJ'}]">alata</w><c> </c><w lemma="[{'id':1451166,'ls':[{'id':9140,'name':'velum','wfs':[{'id':1451185,'morph':{'Casus':'ABLATIVE','DeclensionType':'SECOND_DECLENSION','Genus':'NEUTER','Numerus':'PLURAL','Pos':'NN'},'name':'velis'}]}],'name':'velum@NN'}]">velis</w><c> </c><w lemma="[{'id':109828,'ls':[{'id':109829,'name':'et','wfs':[{'id':109830,'morph':{'Pos':'CON'},'name':'et'}]}],'name':'et@CON'}]">et</w><c> </c><w lemma="[{'id':932060,'ls':[{'id':2975,'name':'cursus','wfs':[{'id':498533090,'morph':{'Casus':'ACCUSATIVE','DeclensionType':'FOURTH_DECLENSION','Genus':'MASCULINE','Numerus':'SINGULAR','Pos':'NN'},'name':'cursum'}]}],'name':'cursus@NN'}]">cursum</w><c> </c><w lemma="[{'id':206035,'ls':[{'id':6416,'name':'non','wfs':[{'id':241322627,'morph':{'Pos':'ADV'},'name':'non'}]}],'name':'non@ADV'}]">non</w><c> </c><w lemma="[{'id':5618354,'ls':[{'id':4757,'name':'habeo','wfs':[{'id':5618704,'morph':{'ConjugationType':'SECOND_CONJUGATION','Mood':'INDICATIVE','Numerus':'SINGULAR','Person':'PERSON_3','Pos':'V','Tense':'PRESENT','VerbType':'TRANSITIVE','Voice':'ACTIVE'},'name':'habet'}]}],'name':'habeo@V'}]">habet</w><c>,</c><c> </c><w lemma="[{'id':242816363,'ls':[{'id':242816364,'name':'qui','wfs':[{'id':242816365,'morph':{'Casus':'DATIVE','Genus':'FEMININE','Numerus':'SINGULAR','Pos':'PRO','PronounType':'RELATIVE'},'name':'cui'}]}],'name':'qui@PRO'}]">cui</w><c> </c><w lemma="[{'id':1453598,'ls':[{'id':9168,'name':'ventus','wfs':[{'id':1453657,'morph':{'Casus':'NOMINATIVE','DeclensionType':'SECOND_DECLENSION','Genus':'MASCULINE','Numerus':'SINGULAR','Pos':'NN'},'name':'ventus'}]}],'name':'ventus@NN'}]">ventus</w><c> </c><lb n="7" xml:id="bsb00000824_00218_7"></lb><w lemma="[{'id':3734295,'ls':[{'id':3734696,'name':'arrideo','wfs':[{'id':3735011,'morph':{'ConjugationType':'SECOND_CONJUGATION','Mood':'INDICATIVE','Numerus':'SINGULAR','Person':'PERSON_3','Pos':'V','Tense':'PRESENT','VerbType':'TRANSITIVE','Voice':'ACTIVE'},'name':'arridet'}]}],'name':'arrideo@V'}]">arridet</w><c>:</c><c> </c><w lemma="[{'id':109658,'ls':[{'id':109659,'name':'sine','wfs':[{'id':109660,'morph':{'Pos':'AP'},'name':'sine'}]}],'name':'sine@AP'}]">sine</w><c> </c><w lemma="[{'id':755263,'ls':[{'id':755264,'name':'anchora','wfs':[{'id':755266,'morph':{'Casus':'ABLATIVE','DeclensionType':'FIRST_DECLENSION','Genus':'FEMININE','Numerus':'PLURAL','Pos':'NN'},'name':'anchoris'}]}],'name':'anchora@NN'}]">anchoris</w><c> </c><w lemma="[{'id':5506997,'ls':[{'id':4365,'name':'figo','wfs':[{'id':5507319,'morph':{'ConjugationType':'THIRD_CONJUGATION','Mood':'INDICATIVE','Numerus':'SINGULAR','Person':'PERSON_3','Pos':'V','Tense':'PRESENT','VerbType':'TRANSITIVE','Voice':'PASSIVE'},'name':'figitur'}]}],'name':'figo@V'}]">figitur</w><c>,</c><c> </c><w lemma="[{'id':109658,'ls':[{'id':109659,'name':'sine','wfs':[{'id':109660,'morph':{'Pos':'AP'},'name':'sine'}]}],'name':'sine@AP'}]">sine</w><c> </c><w lemma="[{'id':1333308,'ls':[{'id':8009,'name':'rudens','wfs':[{'id':1333310,'morph':{'Casus':'ABLATIVE','DeclensionType':'THIRD_DECLENSION','Genus':'MASCULINE','Numerus':'PLURAL','Pos':'NN'},'name':'rudentibus'}]}],'name':'rudens@NN'}]">rudentibus</w><c> </c><w lemma="[{'id':3581252,'ls':[{'id':3581690,'name':'alligo','wfs':[{'id':3582041,'morph':{'ConjugationType':'FIRST_CONJUGATION','Mood':'INDICATIVE','Numerus':'SINGULAR','Person':'PERSON_3','Pos':'V','Tense':'PRESENT','VerbType':'TRANSITIVE','Voice':'PASSIVE'},'name':'alligatur'}]}],'name':'alligo@V'}]">alligatur</w><c> </c><w lemma="[{'id':109828,'ls':[{'id':109829,'name':'et','wfs':[{'id':109830,'morph':{'Pos':'CON'},'name':'et'}]}],'name':'et@CON'}]">et</w><c> </c><w lemma="[{'id':245290,'ls':[{'id':8736,'name':'tam','wfs':[{'id':245291,'morph':{'Pos':'ADV'},'name':'tam'}]}],'name':'tam@ADV'}]">tam</w><c> </c><w lemma="[{'id':2768942,'ls':[{'id':6825,'name':'parvus','wfs':[{'id':2769152,'morph':{'Casus':'NOMINATIVE','ComparisonDegree':'POSITIVE','DeclensionType':'SECOND_DECLENSION','Genus':'NEUTER','Numerus':'PLURAL','Pos':'ADJ'},'name':'parva'}]}],'name':'parvus@ADJ'}]">parva</w><c> </c><w lemma="[{'id':757982,'ls':[{'id':798,'name':'animal','wfs':[{'id':243251883,'morph':{'Casus':'NOMINATIVE','DeclensionType':'THIRD_DECLENSION','Genus':'NEUTER','Numerus':'PLURAL','Pos':'NN'},'name':'animalia'}]}],'name':'animal@NN'}]">animalia</w><c> </c><w lemma="[{'id':204352,'ls':[{'id':6264,'name':'multum','wfs':[{'id':204353,'morph':{'ComparisonDegree':'COMPARATIVE','Pos':'ADV'},'name':'plus'}]}],'name':'multum@ADV'}]">plus</w><c> </c><lb n="8" xml:id="bsb00000824_00218_8"></lb><w lemma="[{'id':7200163,'ls':[{'id':7200164,'name':'resisto','wfs':[{'id':7200308,'morph':{'ConjugationType':'THIRD_CONJUGATION','Mood':'INDICATIVE','Numerus':'PLURAL','Person':'PERSON_3','Pos':'V','Tense':'PRESENT','VerbType':'TRANSITIVE','Voice':'ACTIVE'},'name':'resistunt'}]}],'name':'resisto@V'}]">resistunt</w><c> </c><w lemma="[{'id':225505,'ls':[{'id':7683,'name':'quam','wfs':[{'id':225506,'morph':{'Pos':'ADV'},'name':'quam'}]}],'name':'quam@ADV'}]">quam</w><c> </c><w lemma="[{'id':241347125,'ls':[{'id':241347126,'name':'tot','wfs':[{'id':241347136,'morph':{'Pos':'ADJ'},'name':'tot'}]}],'name':'tot@NUM'}]">tot</w><c> </c><w lemma="[{'id':802370,'ls':[{'id':1248,'name':'auxilium','wfs':[{'id':243266031,'morph':{'Casus':'NOMINATIVE','DeclensionType':'SECOND_DECLENSION','Genus':'NEUTER','Numerus':'PLURAL','Pos':'NN'},'name':'auxilia'}]}],'name':'auxilium@NN'}]">auxilia</w><c> </c><w lemma="[{'id':1289019,'ls':[{'id':7549,'name':'prosperitas','wfs':[{'id':1289031,'morph':{'Casus':'GENITIVE','DeclensionType':'THIRD_DECLENSION','Genus':'FEMININE','Numerus':'SINGULAR','Pos':'NN'},'name':'prosperitatis'}]}],'name':'prosperitas@NN'}]">prosperitatis</w><c> </c><w lemma="[{'id':5717974,'ls':[{'id':4974,'name':'impello','wfs':[{'id':5718412,'morph':{'ConjugationType':'THIRD_CONJUGATION','Mood':'INDICATIVE','Numerus':'PLURAL','Person':'PERSON_3','Pos':'V','Tense':'PRESENT','VerbType':'TRANSITIVE','Voice':'ACTIVE'},'name':'impellunt'}]}],'name':'impello@V'}]">impellunt</w><c>.</c><c> </c></s><s><w lemma="[{'id':196519,'ls':[{'id':5544,'name':'ita','wfs':[{'id':196520,'morph':{'Pos':'ADV'},'name':'ita'}]}],'name':'ita@ADV'}]">ita</w><c> </c><w lemma="[{'id':241279615,'ls':[{'id':241279619,'name':'cum','wfs':[{'id':241279620,'morph':{'Pos':'CON'},'name':'cum'}]}],'name':'cum@CON'}]">cum</w><c> </c><w lemma="[{'id':3098614,'ls':[{'id':3098615,'name':'subiectus','wfs':[{'id':3098687,'morph':{'Casus':'NOMINATIVE','ComparisonDegree':'POSITIVE','DeclensionType':'FIRST_DECLENSION','Genus':'FEMININE','Numerus':'SINGULAR','Pos':'ADJ'},'name':'subiecta'}]}],'name':'subiectus@ADJ'}]">subiecta</w><c> </c><w lemma="[{'id':1439940,'ls':[{'id':9041,'name':'unda','wfs':[{'id':1439972,'morph':{'Casus':'NOMINATIVE','DeclensionType':'FIRST_DECLENSION','Genus':'FEMININE','Numerus':'SINGULAR','Pos':'NN'},'name':'unda'}]}],'name':'unda@NN'}]">unda</w><c> </c><w lemma="[{'id':6758525,'ls':[{'id':6758526,'name':'praecipito','wfs':[{'id':6758879,'morph':{'ConjugationType':'FIRST_CONJUGATION','Mood':'SUBJUNCTIVE','Numerus':'SINGULAR','Person':'PERSON_3','Pos':'V','Tense':'PRESENT','VerbType':'TRANSITIVE','Voice':'ACTIVE'},'name':'praecipitet'}]}],'name':'praecipito@V'}]">praecipitet</w><c> </c><lb n="9" xml:id="bsb00000824_00218_9"></lb><w lemma="[{'id':932060,'ls':[{'id':2975,'name':'cursus','wfs':[{'id':498533090,'morph':{'Casus':'ACCUSATIVE','DeclensionType':'FOURTH_DECLENSION','Genus':'MASCULINE','Numerus':'SINGULAR','Pos':'NN'},'name':'cursum'}]}],'name':'cursus@NN'}]">cursum</w><c>,</c><c> </c><w lemma="[{'id':109673,'ls':[{'id':109674,'name':'supra','wfs':[{'id':109675,'morph':{'Pos':'AP'},'name':'supra'}]}],'name':'supra@AP'}]">supra</w><c> </c><w lemma="[{'id':1157696,'ls':[{'id':273666717,'name':'mare','wfs':[{'id':273666720,'morph':{'Casus':'GENITIVE','DeclensionType':'THIRD_DECLENSION','Genus':'NEUTER','Numerus':'SINGULAR','Pos':'NN'},'name':'maris'}]}],'name':'mare@NN'}]">maris</w><c> </c><w lemma="[{'id':1414506,'ls':[{'id':8792,'name':'tergum','wfs':[{'id':1414514,'morph':{'Casus':'ACCUSATIVE','DeclensionType':'SECOND_DECLENSION','Genus':'NEUTER','Numerus':'SINGULAR','Pos':'NN'},'name':'tergum'}]}],'name':'tergum@NN'}]">tergum</w><c> </c><w lemma="[{'id':1187223,'ls':[{'id':6340,'name':'navigium','wfs':[{'id':243401313,'morph':{'Casus':'ACCUSATIVE','DeclensionType':'SECOND_DECLENSION','Genus':'NEUTER','Numerus':'SINGULAR','Pos':'NN'},'name':'navigium'}]}],'name':'navigium@NN'}]">navigium</w><c> </c><w lemma="[{'id':7428577,'ls':[{'id':8472,'name':'sto','wfs':[{'id':7428663,'morph':{'ConjugationType':'FIRST_CONJUGATION','Mood':'INFINITIVE','Pos':'V','Tense':'PRESENT','VerbType':'TRANSITIVE','Voice':'ACTIVE'},'name':'stare'}]}],'name':'sto@V'}]">stare</w><c> </c><w lemma="[{'id':4508476,'ls':[{'id':4508477,'name':'constat','wfs':[{'id':4508638,'morph':{'ConjugationType':'FIRST_CONJUGATION','Mood':'INDICATIVE','Numerus':'SINGULAR','Person':'PERSON_3','Pos':'V','Tense':'PRESENT','VerbType':'IMPERSONAL','Voice':'ACTIVE'},'name':'constat'}]}],'name':'constat@V'}]">constat</w><c> </c><w lemma="[{'id':5839879,'ls':[{'id':5205,'name':'infigo','wfs':[{'id':5839981,'morph':{'Casus':'ACCUSATIVE','ConjugationType':'THIRD_CONJUGATION','Genus':'NEUTER','Mood':'PARTICIPLE','Numerus':'SINGULAR','Pos':'V','Tense':'PERFECT','VerbType':'TRANSITIVE','Voice':'PASSIVE'},'name':'infixum'}]}],'name':'infigo@V'}]">infixum</w><c> </c><w lemma="[{'id':2663018,'ls':[{'id':6127,'name':'mirus','wfs':[{'id':501633598,'morph':{'Casus':'ABLATIVE','ComparisonDegree':'POSITIVE','DeclensionType':'SECOND_DECLENSION','Genus':'MASCULINE','Numerus':'SINGULAR','Pos':'ADJ'},'name':'miroque'}]}],'name':'mirus@ADJ'}]">miroque</w><c> </c><w lemma="[{'id':1171851,'ls':[{'id':6157,'name':'modus','wfs':[{'id':1171881,'morph':{'Casus':'ABLATIVE','DeclensionType':'SECOND_DECLENSION','Genus':'MASCULINE','Numerus':'SINGULAR','Pos':'NN'},'name':'modo'}]}],'name':'modus@NN'}]">modo</w><c> </c><w lemma="[{'id':6303694,'ls':[{'id':6324,'name':'nato','wfs':[{'id':6303718,'morph':{'Casus':'NOMINATIVE','ConjugationType':'FIRST_CONJUGATION','Genus':'NEUTER','Mood':'PARTICIPLE','Numerus':'PLURAL','Pos':'V','Tense':'PRESENT','VerbType':'TRANSITIVE','Voice':'ACTIVE'},'name':'natantia'}]}],'name':'nato@V'}]">natantia</w><c> </c><lb n="10" xml:id="bsb00000824_00218_10"></lb><w lemma="[{'id':188111,'ls':[{'id':188112,'name':'inconcusse','wfs':[{'id':188114,'morph':{'ComparisonDegree':'POSITIVE','Pos':'ADV'},'name':'inconcusse'}]}],'name':'inconcusse@ADV'}]">inconcusse</w><c> </c><w lemma="[{'id':7220434,'ls':[{'id':7947,'name':'retineo','wfs':[{'id':7220735,'morph':{'ConjugationType':'SECOND_CONJUGATION','Mood':'INDICATIVE','Numerus':'PLURAL','Person':'PERSON_3','Pos':'V','Tense':'PRESENT','VerbType':'TRANSITIVE','Voice':'PASSIVE'},'name':'retinentur'}]}],'name':'retineo@V'}]">retinentur</w><c>,</c><c> </c><w lemma="[{'id':109813,'ls':[{'id':109814,'name':'dum','wfs':[{'id':109815,'morph':{'Pos':'CON'},'name':'dum'}]}],'name':'dum@CON'}]">dum</w><c> </c><w lemma="[{'id':2512311,'ls':[{'id':2512312,'name':'innumerus','wfs':[{'id':2512342,'morph':{'Casus':'ABLATIVE','ComparisonDegree':'POSITIVE','DeclensionType':'SECOND_DECLENSION','Genus':'MASCULINE','Numerus':'PLURAL','Pos':'ADJ'},'name':'innumeris'}]}],'name':'innumerus@ADJ'}]">innumeris</w><c> </c><w lemma="[{'id':1175694,'ls':[{'id':6231,'name':'motus','wfs':[{'id':498668783,'morph':{'Casus':'ABLATIVE','DeclensionType':'FOURTH_DECLENSION','Genus':'MASCULINE','Numerus':'PLURAL','Pos':'NN'},'name':'motibus'}]}],'name':'motus@NN'}]">motibus</w><c> </c><w lemma="[{'id':1439940,'ls':[{'id':9041,'name':'unda','wfs':[{'id':1439972,'morph':{'Casus':'NOMINATIVE','DeclensionType':'FIRST_DECLENSION','Genus':'FEMININE','Numerus':'SINGULAR','Pos':'NN'},'name':'unda'}]}],'name':'unda@NN'}]">unda</w><c> </c><w lemma="[{'id':7041908,'ls':[{'id':7719,'name':'rapio','wfs':[{'id':7042274,'morph':{'ConjugationType':'THIRD_CONJUGATION','Mood':'SUBJUNCTIVE','Numerus':'SINGULAR','Person':'PERSON_3','Pos':'V','Tense':'PRESENT','VerbType':'TRANSITIVE','Voice':'PASSIVE'},'name':'rapiatur'}]}],'name':'rapio@V'}]">rapiatur</w><c>.</c><c> </c></s><s><w lemma="[{'id':110010,'ls':[{'id':110011,'name':'sed','wfs':[{'id':110012,'morph':{'Pos':'CON'},'name':'sed'}]}],'name':'sed@CON'}]">Sed</w><c> </c><w lemma="[{'id':110061,'ls':[{'id':110062,'name':'ut','wfs':[{'id':110063,'morph':{'Pos':'CON'},'name':'ut'}]}],'name':'ut@CON'}]">ut</w><c> </c><w lemma="[{'id':4961932,'ls':[{'id':244530688,'name':'dico','wfs':[{'id':4962170,'morph':{'ConjugationType':'THIRD_CONJUGATION','Mood':'SUBJUNCTIVE','Numerus':'PLURAL','Person':'PERSON_1','Pos':'V','Tense':'PRESENT','VerbType':'TRANSITIVE','Voice':'ACTIVE'},'name':'dicamus'}]}],'name':'dico@V'}]">dicamus</w><c> </c><w lemma="[{'id':242815932,'ls':[{'id':242815933,'name':'alius','wfs':[{'id':241038653,'morph':{'Casus':'ACCUSATIVE','DeclensionType':'FIRST_DECLENSION','Genus':'FEMININE','Numerus':'SINGULAR','Pos':'PRO','PronounType':'INDEFINITE'},'name':'aliam'}]}],'name':'alius@PRO'}]">aliam</w><c> </c><lb n="11" xml:id="bsb00000824_00218_11"></lb><w lemma="[{'id':1255777,'ls':[{'id':7124,'name':'piscis','wfs':[{'id':1255788,'morph':{'Casus':'GENITIVE','DeclensionType':'THIRD_DECLENSION','Genus':'MASCULINE','Numerus':'SINGULAR','Pos':'NN'},'name':'piscis'}]}],'name':'piscis@NN'}]">piscis</w><c> </c><w lemma="[{'id':1185336,'ls':[{'id':6331,'name':'natura','wfs':[{'id':1185345,'morph':{'Casus':'ACCUSATIVE','DeclensionType':'FIRST_DECLENSION','Genus':'FEMININE','Numerus':'SINGULAR','Pos':'NN'},'name':'naturam'}]}],'name':'natura@NN'}]">naturam</w><c>,</c><c> </c><w lemma="[{'id':178901,'ls':[{'id':4472,'name':'forte','wfs':[{'id':178904,'morph':{'ComparisonDegree':'POSITIVE','Pos':'ADV'},'name':'forte'}]}],'name':'forte@ADV'}]">forte</w><c> </c><w lemma="[{'id':1186360,'ls':[{'id':6335,'name':'nauta','wfs':[{'id':1186385,'morph':{'Casus':'NOMINATIVE','DeclensionType':'FIRST_DECLENSION','Genus':'MASCULINE','Numerus':'PLURAL','Pos':'NN'},'name':'nautae'}]}],'name':'nauta@NN'}]">nautae</w><c> </c><w lemma="[{'id':6771224,'ls':[{'id':596133127,'name':'praedico','wfs':[{'id':6771282,'morph':{'Casus':'GENITIVE','ConjugationType':'THIRD_CONJUGATION','Genus':'FEMININE','Mood':'PARTICIPLE','Numerus':'PLURAL','Pos':'V','Tense':'PERFECT','VerbType':'TRANSITIVE','Voice':'PASSIVE'},'name':'praedictarum'}]}],'name':'praedico@V'}]">praedictarum</w><c> </c><w lemma="[{'id':1187231,'ls':[{'id':6341,'name':'navis','wfs':[{'id':1187278,'morph':{'Casus':'GENITIVE','DeclensionType':'THIRD_DECLENSION','Genus':'FEMININE','Numerus':'PLURAL','Pos':'NN'},'name':'navium'}]}],'name':'navis@NN'}]">navium</w><c> </c><w lemma="[{'id':1409472,'ls':[{'id':8729,'name':'tactus','wfs':[{'id':540415575,'morph':{'Casus':'ABLATIVE','DeclensionType':'FOURTH_DECLENSION','Genus':'MASCULINE','Numerus':'SINGULAR','Pos':'NN'},'name':'tactu'}]}],'name':'tactus@NN'}]">tactu</w><c> </c><w lemma="[{'id':1422356,'ls':[{'id':1422357,'name':'torpedo','wfs':[{'id':1422358,'morph':{'Casus':'GENITIVE','DeclensionType':'THIRD_DECLENSION','Genus':'FEMININE','Numerus':'SINGULAR','Pos':'NN'},'name':'torpedinis'}]}],'name':'torpedo@NN'}]">torpedinis</w><c> </c><w lemma="[{'id':233712,'ls':[{'id':233713,'name':'segniter','wfs':[{'id':233718,'morph':{'ComparisonDegree':'SUPERLATIVE','Pos':'ADV'},'name':'segnissime'}]}],'name':'segniter@ADV'}]">segnissime</w><c> </c><lb n="12" xml:id="bsb00000824_00218_12"></lb><w lemma="[{'id':7808940,'ls':[{'id':7808941,'name':'torpesco','wfs':[{'id':7809120,'morph':{'ConjugationType':'THIRD_CONJUGATION','Mood':'INDICATIVE','Numerus':'PLURAL','Person':'PERSON_3','Pos':'V','Tense':'PERFECT','VerbType':'TRANSITIVE','Voice':'ACTIVE'},'name':'torpuerunt'}]}],'name':'torpesco@V'}]">torpuerunt</w><c>:</c><c> </c><w lemma="[{'id':109433,'ls':[{'id':109434,'name':'a','wfs':[{'id':109435,'morph':{'Pos':'AP'},'name':'a'}]}],'name':'a@AP'}]">a</w><c> </c><w lemma="[{'id':242816363,'ls':[{'id':242816364,'name':'qui','wfs':[{'id':498533151,'morph':{'Casus':'ABLATIVE','Genus':'FEMININE','Numerus':'SINGULAR','Pos':'PRO','PronounType':'RELATIVE'},'name':'qua'}]}],'name':'qui@PRO'}]">qua</w><c> </c><w lemma="[{'id':245351,'ls':[{'id':8740,'name':'tantum','wfs':[{'id':245352,'morph':{'ComparisonDegree':'POSITIVE','Pos':'ADV'},'name':'tantum'}]}],'name':'tantum@ADV'}]">tantum</w><c> </c><w lemma="[{'id':1095277,'ls':[{'id':1095278,'name':'infigens','wfs':[{'id':1095284,'morph':{'Casus':'GENITIVE','DeclensionType':'THIRD_DECLENSION','Genus':'MASCULINE','Numerus':'PLURAL','Pos':'NN'},'name':'infigentum'}]}],'name':'infigens@NN'}]">infigentum</w><c> </c><w lemma="[{'id':960635,'ls':[{'id':960636,'name':'dextera','wfs':[{'id':960643,'morph':{'Casus':'NOMINATIVE','DeclensionType':'FIRST_DECLENSION','Genus':'FEMININE','Numerus':'PLURAL','Pos':'NN'},'name':'dexterae'}]}],'name':'dextera@NN'}]">dexterae</w><c> </c><w lemma="[{'id':6789273,'ls':[{'id':6789674,'name':'praegravo','wfs':[{'id':6789947,'morph':{'ConjugationType':'FIRST_CONJUGATION','Mood':'INDICATIVE','Numerus':'PLURAL','Person':'PERSON_3','Pos':'V','Tense':'PRESENT','VerbType':'TRANSITIVE','Voice':'PASSIVE'},'name':'praegravantur'}]}],'name':'praegravo@V'}]">praegravantur</w><c>,</c><c> </c><w lemma="[{'id':110061,'ls':[{'id':110062,'name':'ut','wfs':[{'id':110063,'morph':{'Pos':'CON'},'name':'ut'}]}],'name':'ut@CON'}]">ut</w><c> </c><w lemma="[{'id':109610,'ls':[{'id':109611,'name':'per','wfs':[{'id':109612,'morph':{'Pos':'AP'},'name':'per'}]}],'name':'per@AP'}]">per</w><c> </c><w lemma="[{'id':1062430,'ls':[{'id':4785,'name':'hasta','wfs':[{'id':1062439,'morph':{'Casus':'ACCUSATIVE','DeclensionType':'FIRST_DECLENSION','Genus':'FEMININE','Numerus':'SINGULAR','Pos':'NN'},'name':'hastam'}]}],'name':'hasta@NN'}]">hastam</w><c>,</c><c> </c><w lemma="[{'id':242816363,'ls':[{'id':242816364,'name':'qui','wfs':[{'id':498533151,'morph':{'Casus':'ABLATIVE','Genus':'FEMININE','Numerus':'SINGULAR','Pos':'PRO','PronounType':'RELATIVE'},'name':'qua'}]}],'name':'qui@PRO'}]">qua</w><c> </c><w lemma="[{'id':7617143,'ls':[{'id':7617144,'name':'sum','wfs':[{'id':242825884,'morph':{'Mood':'SUBJUNCTIVE','Numerus':'SINGULAR','Person':'PERSON_3','Pos':'V','Tense':'PERFECT','VerbType':'VERBA_ANOMALA','Voice':'ACTIVE'},'name':'fuerit'}]}],'name':'sum@V'}]">fuerit</w><c> </c><lb n="13" xml:id="bsb00000824_00218_13"></lb><w lemma="[{'id':8047409,'ls':[{'id':9354,'name':'vulnero','wfs':[{'id':8048664,'morph':{'Casus':'NOMINATIVE','ConjugationType':'FIRST_CONJUGATION','Genus':'NEUTER','Mood':'PARTICIPLE','Numerus':'PLURAL','Pos':'V','Tense':'PERFECT','VerbType':'TRANSITIVE','Voice':'PASSIVE'},'name':'vulnerata'}]}],'name':'vulnero@V'}]">vulnerata</w><c>,</c><c> </c><w lemma="[{'id':196519,'ls':[{'id':5544,'name':'ita','wfs':[{'id':196520,'morph':{'Pos':'ADV'},'name':'ita'}]}],'name':'ita@ADV'}]">ita</w><c> </c><w lemma="[{'id':1157267,'ls':[{'id':5949,'name':'manus','wfs':[{'id':243391490,'morph':{'Casus':'ACCUSATIVE','DeclensionType':'FOURTH_DECLENSION','Genus':'FEMININE','Numerus':'SINGULAR','Pos':'NN'},'name':'manum'}]}],'name':'manus@NN'}]">manum</w><c> </c><w lemma="[{'id':6581962,'ls':[{'id':6932,'name':'percutio','wfs':[{'id':6581999,'morph':{'Casus':'GENITIVE','ConjugationType':'THIRD_CONJUGATION','Genus':'MASCULINE','Mood':'PARTICIPLE','Numerus':'SINGULAR','Pos':'V','Tense':'PRESENT','VerbType':'TRANSITIVE','Voice':'ACTIVE'},'name':'percutientis'}]}],'name':'percutio@V'}]">percutientis</w><c> </c><w lemma="[{'id':5839470,'ls':[{'id':5203,'name':'inficio','wfs':[{'id':5839796,'morph':{'ConjugationType':'THIRD_CONJUGATION','Mood':'SUBJUNCTIVE','Numerus':'SINGULAR','Person':'PERSON_3','Pos':'V','Tense':'PRESENT','VerbType':'TRANSITIVE','Voice':'ACTIVE'},'name':'inficiat'}]}],'name':'inficio@V'}]">inficiat</w><c>,</c><c> </c><w lemma="[{'id':225825,'ls':[{'id':225826,'name':'quatenus','wfs':[{'id':225827,'morph':{'ComparisonDegree':'POSITIVE','Pos':'ADV'},'name':'quatenus'}]}],'name':'quatenus@ADV'}]">quatenus</w><c> </c><w lemma="[{'id':3299309,'ls':[{'id':9315,'name':'vivus','wfs':[{'id':3299490,'morph':{'Casus':'GENITIVE','ComparisonDegree':'POSITIVE','DeclensionType':'FIRST_DECLENSION','Genus':'FEMININE','Numerus':'SINGULAR','Pos':'ADJ'},'name':'vivae'}]}],'name':'vivus@ADJ'}]">vivae</w><c> </c><w lemma="[{'id':1388152,'ls':[{'id':8589,'name':'substantia','wfs':[{'id':1388164,'morph':{'Casus':'GENITIVE','DeclensionType':'FIRST_DECLENSION','Genus':'FEMININE','Numerus':'SINGULAR','Pos':'NN'},'name':'substantiae'}]}],'name':'substantia@NN'}]">substantiae</w><c> </c><w lemma="[{'id':1227224,'ls':[{'id':6813,'name':'pars','wfs':[{'id':1227240,'morph':{'Casus':'NOMINATIVE','DeclensionType':'THIRD_DECLENSION','Genus':'FEMININE','Numerus':'SINGULAR','Pos':'NN'},'name':'pars'}]}],'name':'pars@NN'}]">pars</w><c> </c><w lemma="[{'id':109658,'ls':[{'id':109659,'name':'sine','wfs':[{'id':109660,'morph':{'Pos':'AP'},'name':'sine'}]}],'name':'sine@AP'}]">sine</w><c> </c><w lemma="[{'id':1355214,'ls':[{'id':8247,'name':'sensus','wfs':[{'id':244750552,'morph':{'Casus':'ABLATIVE','DeclensionType':'FOURTH_DECLENSION','Genus':'MASCULINE','Numerus':'SINGULAR','Pos':'NN'},'name':'sensu'}]}],'name':'sensus@NN'}]">sensu</w><c> </c><lb n="14" xml:id="bsb00000824_00218_14"></lb><w lemma="[{'id':242815916,'ls':[{'id':242815917,'name':'aliqui','wfs':[{'id':245005356,'morph':{'Casus':'ABLATIVE','Genus':'MASCULINE','Numerus':'SINGULAR','Pos':'PRO','PronounType':'INDEFINITE'},'name':'aliquo'}]}],'name':'aliqui@PRO'}]">aliquo</w><c> </c><w lemma="[{'id':2423081,'ls':[{'id':4956,'name':'immobilis','wfs':[{'id':2423161,'morph':{'Casus':'NOMINATIVE','ComparisonDegree':'POSITIVE','DeclensionType':'THIRD_DECLENSION','Genus':'FEMININE','Numerus':'SINGULAR','Pos':'ADJ'},'name':'immobilis'}]}],'name':'immobilis@ADJ'}]">immobilis</w><c> </c><w lemma="[{'id':6414578,'ls':[{'id':6414795,'name':'obstupesco','wfs':[{'id':6414967,'morph':{'ConjugationType':'THIRD_CONJUGATION','Mood':'SUBJUNCTIVE','Numerus':'SINGULAR','Person':'PERSON_3','Pos':'V','Tense':'PRESENT','VerbType':'TRANSITIVE','Voice':'ACTIVE'},'name':'obstupescat'}]}],'name':'obstupesco@V'}]">obstupescat</w><c>.</c><c> </c></s><s><w lemma="[{'id':4637462,'ls':[{'id':2846,'name':'credo','wfs':[{'id':4637615,'morph':{'ConjugationType':'THIRD_CONJUGATION','Mood':'INDICATIVE','Numerus':'SINGULAR','Person':'PERSON_1','Pos':'V','Tense':'PRESENT','VerbType':'TRANSITIVE','Voice':'ACTIVE'},'name':'credo'}]}],'name':'credo@V'}]">credo</w><c> </c><w lemma="[{'id':244511865,'ls':[{'id':244511866,'name':'talis','wfs':[{'id':545862965,'morph':{'Casus':'ACCUSATIVE','DeclensionType':'THIRD_DECLENSION','Genus':'NEUTER','Numerus':'PLURAL','Pos':'PRO','PronounType':'CORRELATIVE'},'name':'talia'}]}],'name':'talis@PRO'}]">talia</w><c> </c><w lemma="[{'id':5810297,'ls':[{'id':5120,'name':'incurro','wfs':[{'id':5810613,'morph':{'ConjugationType':'THIRD_CONJUGATION','Mood':'INDICATIVE','Numerus':'PLURAL','Person':'PERSON_3','Pos':'V','Tense':'PERFECT','VerbType':'TRANSITIVE','Voice':'ACTIVE'},'name':'incurrerunt'}]}],'name':'incurro@V'}]">incurrerunt</w><c>,</c><c> </c><w lemma="[{'id':242816363,'ls':[{'id':242816364,'name':'qui','wfs':[{'id':296826592,'morph':{'Casus':'NOMINATIVE','Genus':'MASCULINE','Numerus':'PLURAL','Pos':'PRO','PronounType':'RELATIVE'},'name':'qui'}]}],'name':'qui@PRO'}]">qui</w><c> </c><w lemma="[{'id':242816792,'ls':[{'id':242816793,'name':'sui','wfs':[{'id':594734072,'morph':{'Casus':'ACCUSATIVE','Genus':'MASCULINE','Numerus':'PLURAL','Pos':'PRO','PronounType':'REFLEXIVE'},'name':'se'}]}],'name':'sui@PRO'}]">se</w><c> </c><w lemma="[{'id':6273105,'ls':[{'id':6234,'name':'moveo','wfs':[{'id':6273586,'morph':{'ConjugationType':'SECOND_CONJUGATION','Mood':'INFINITIVE','Pos':'V','Tense':'PRESENT','VerbType':'TRANSITIVE','Voice':'ACTIVE'},'name':'movere'}]}],'name':'moveo@V'}]">movere</w><c> </c><w lemma="[{'id':206035,'ls':[{'id':6416,'name':'non','wfs':[{'id':241322627,'morph':{'Pos':'ADV'},'name':'non'}]}],'name':'non@ADV'}]">non</w><c> </c><w lemma="[{'id':6741602,'ls':[{'id':7228,'name':'possum','wfs':[{'id':244516520,'morph':{'Mood':'INDICATIVE','Numerus':'PLURAL','Person':'PERSON_3','Pos':'V','Tense':'PRESENT','VerbType':'VERBA_ANOMALA','Voice':'ACTIVE'},'name':'possunt'}]}],'name':'possum@V'}]">possunt</w><c>.</c><c> </c></s><s><w lemma="[{'id':110010,'ls':[{'id':110011,'name':'sed','wfs':[{'id':110012,'morph':{'Pos':'CON'},'name':'sed'}]}],'name':'sed@CON'}]">sed</w><c> </c><lb n="15" xml:id="bsb00000824_00218_15"></lb><w lemma="[{'id':985292,'ls':[{'id':779572882,'name':'echinais','wfs':[{'id':779572898,'morph':{'Casus':'NOMINATIVE','DeclensionType':'THIRD_DECLENSION','Genus':'FEMININE','Numerus':'SINGULAR','Pos':'NN'},'name':'echinais'}]}],'name':'echeneis@NN'}]">echinais</w><c> </c><w lemma="[{'id':242816114,'ls':[{'id':242816115,'name':'ille','wfs':[{'id':497062766,'morph':{'Casus':'DATIVE','Genus':'MASCULINE','Numerus':'PLURAL','Pos':'PRO','PronounType':'DEMONSTRATIVE'},'name':'illis'}]}],'name':'ille@PRO'}]">illis</w><c> </c><w lemma="[{'id':514494356,'ls':[{'id':514494357,'name':'impedimentosus','wfs':[{'id':514494448,'morph':{'Casus':'NOMINATIVE','ComparisonDegree':'POSITIVE','DeclensionType':'FIRST_DECLENSION','Genus':'FEMININE','Numerus':'SINGULAR','Pos':'ADJ'},'name':'impedimentosa'}]}],'name':'impedimentosus@ADJ'}]">impedimentosa</w><c> </c><w lemma="[{'id':1451373,'ls':[{'id':1451386,'name':'venalitas','wfs':[{'id':1451398,'morph':{'Casus':'NOMINATIVE','DeclensionType':'THIRD_DECLENSION','Genus':'FEMININE','Numerus':'SINGULAR','Pos':'NN'},'name':'venalitas'}]}],'name':'venalitas@NN'}]">venalitas</w><c> </c><w lemma="[{'id':7617143,'ls':[{'id':7617144,'name':'sum','wfs':[{'id':242825881,'morph':{'Mood':'INDICATIVE','Numerus':'SINGULAR','Person':'PERSON_3','Pos':'V','Tense':'PRESENT','VerbType':'VERBA_ANOMALA','Voice':'ACTIVE'},'name':'est'}]}],'name':'sum@V'}]">est</w><c>,</c><c> </c><w lemma="[{'id':888247,'ls':[{'id':2297,'name':'concha','wfs':[{'id':888266,'morph':{'Casus':'GENITIVE','DeclensionType':'FIRST_DECLENSION','Genus':'FEMININE','Numerus':'PLURAL','Pos':'NN'},'name':'concharum'}]}],'name':'concha@NN'}]">concharum</w><c> </c><w lemma="[{'id':1175116,'ls':[{'id':6224,'name':'morsus','wfs':[{'id':1175118,'morph':{'Casus':'NOMINATIVE','DeclensionType':'FOURTH_DECLENSION','Genus':'MASCULINE','Numerus':'SINGULAR','Pos':'NN'},'name':'morsus'}]}],'name':'morsus@NN'}]">morsus</w><c> </c><w lemma="[{'id':2517650,'ls':[{'id':2517651,'name':'insatiatus','wfs':[{'id':2517723,'morph':{'Casus':'NOMINATIVE','ComparisonDegree':'POSITIVE','DeclensionType':'FIRST_DECLENSION','Genus':'FEMININE','Numerus':'SINGULAR','Pos':'ADJ'},'name':'insatiata'}]}],'name':'insatiatus@ADJ'}]">insatiata</w><c> </c><w lemma="[{'id':930106,'ls':[{'id':930107,'name':'cupiditas','wfs':[{'id':930120,'morph':{'Casus':'NOMINATIVE','DeclensionType':'THIRD_DECLENSION','Genus':'FEMININE','Numerus':'SINGULAR','Pos':'NN'},'name':'cupiditas'}]}],'name':'cupiditas@NN'}]">cupiditas</w><c>,</c><c> </c><w lemma="[{'id':1422356,'ls':[{'id':1422357,'name':'torpedo','wfs':[{'id':1422359,'morph':{'Casus':'NOMINATIVE','DeclensionType':'THIRD_DECLENSION','Genus':'FEMININE','Numerus':'SINGULAR','Pos':'NN'},'name':'torpedo'}]}],'name':'torpedo@NN'}]">torpedo</w><c> </c><lb n="16" xml:id="bsb00000824_00218_16"></lb><w lemma="[{'id':2341737,'ls':[{'id':4496,'name':'fraudulentus','wfs':[{'id':2341820,'morph':{'Casus':'NOMINATIVE','ComparisonDegree':'POSITIVE','DeclensionType':'FIRST_DECLENSION','Genus':'FEMININE','Numerus':'SINGULAR','Pos':'ADJ'},'name':'fraudulenta'}]}],'name':'fraudulentus@ADJ'}]">fraudulenta</w><c> </c><w lemma="[{'id':1362628,'ls':[{'id':1362629,'name':'simulatio','wfs':[{'id':1362633,'morph':{'Casus':'NOMINATIVE','DeclensionType':'THIRD_DECLENSION','Genus':'FEMININE','Numerus':'SINGULAR','Pos':'NN'},'name':'simulatio'}]}],'name':'simulatio@NN'}]">simulatio</w><c>.</c><c> </c></s><s><w lemma="[{'id':242816153,'ls':[{'id':242816154,'name':'ipse','wfs':[{'id':244509977,'morph':{'Casus':'NOMINATIVE','Genus':'MASCULINE','Numerus':'PLURAL','Pos':'PRO','PronounType':'DEMONSTRATIVE'},'name':'ipsi'}]}],'name':'ipse@PRO'}]">ipsi</w><c> </c><w lemma="[{'id':109821,'ls':[{'id':109822,'name':'enim','wfs':[{'id':109823,'morph':{'Pos':'CON'},'name':'enim'}]}],'name':'enim@CON'}]">enim</w><c> </c><w lemma="[{'id':1378738,'ls':[{'id':8538,'name':'studium','wfs':[{'id':243467420,'morph':{'Casus':'ABLATIVE','DeclensionType':'SECOND_DECLENSION','Genus':'NEUTER','Numerus':'SINGULAR','Pos':'NN'},'name':'studio'}]}],'name':'studium@NN'}]">studio</w><c> </c><w lemma="[{'id':2884075,'ls':[{'id':7373,'name':'pravus','wfs':[{'id':2884307,'morph':{'Casus':'ABLATIVE','ComparisonDegree':'POSITIVE','DeclensionType':'SECOND_DECLENSION','Genus':'NEUTER','Numerus':'SINGULAR','Pos':'ADJ'},'name':'pravo'}]}],'name':'pravus@ADJ'}]">pravo</w><c> </c><w lemma="[{'id':5475468,'ls':[{'id':4230,'name':'facio','wfs':[{'id':5475756,'morph':{'ConjugationType':'THIRD_CONJUGATION','Mood':'INDICATIVE','Numerus':'PLURAL','Person':'PERSON_3','Pos':'V','Tense':'PRESENT','VerbType':'TRANSITIVE','Voice':'ACTIVE'},'name':'faciunt'}]}],'name':'facio@V'}]">faciunt</w><c> </c><w lemma="[{'id':1174413,'ls':[{'id':6210,'name':'mora','wfs':[{'id':1174414,'morph':{'Casus':'ACCUSATIVE','DeclensionType':'FIRST_DECLENSION','Genus':'FEMININE','Numerus':'PLURAL','Pos':'NN'},'name':'moras'}]}],'name':'mora@NN'}]">moras</w><c>,</c><c> </c><w lemma="[{'id':110061,'ls':[{'id':110062,'name':'ut','wfs':[{'id':110063,'morph':{'Pos':'CON'},'name':'ut'}]}],'name':'ut@CON'}]">ut</w><c> </c><w lemma="[{'id':1205717,'ls':[{'id':6567,'name':'occasio','wfs':[{'id':243408304,'morph':{'Casus':'ACCUSATIVE','DeclensionType':'THIRD_DECLENSION','Genus':'FEMININE','Numerus':'PLURAL','Pos':'NN'},'name':'occasiones'}]}],'name':'occasio@NN'}]">occasiones</w><c> </c><w lemma="[{'id':5810297,'ls':[{'id':5120,'name':'incurro','wfs':[{'id':5810378,'morph':{'ConjugationType':'THIRD_CONJUGATION','Mood':'INFINITIVE','Pos':'V','Tense':'PRESENT','VerbType':'TRANSITIVE','Voice':'ACTIVE'},'name':'incurrere'}]}],'name':'incurro@V'}]">incurrere</w><c> </c><lb n="17" xml:id="bsb00000824_00218_17"></lb><w lemma="[{'id':242815904,'ls':[{'id':244520791,'name':'videor','wfs':[{'id':232322765,'morph':{'ConjugationType':'SECOND_CONJUGATION','Mood':'SUBJUNCTIVE','Numerus':'PLURAL','Person':'PERSON_3','Pos':'V','Tense':'PRESENT','VerbType':'DEPONENT','Voice':'PASSIVE'},'name':'videantur'}]}],'name':'videor@V'}]">videantur</w><c> </c><w lemma="[{'id':1554926,'ls':[{'id':461,'name':'adversus','wfs':[{'id':1555152,'morph':{'Casus':'ACCUSATIVE','ComparisonDegree':'POSITIVE','DeclensionType':'FIRST_DECLENSION','Genus':'FEMININE','Numerus':'PLURAL','Pos':'ADJ'},'name':'adversas'}]}],'name':'adversus@ADJ'}]">adversas</w><c>.</c><c> </c></s><s><w lemma="[{'id':242816363,'ls':[{'id':242816364,'name':'qui','wfs':[{'id':245004334,'morph':{'Casus':'ACCUSATIVE','Genus':'NEUTER','Numerus':'SINGULAR','Pos':'PRO','PronounType':'RELATIVE'},'name':'quod'}]}],'name':'qui@PRO'}]">quod</w><c> </c><w lemma="[{'id':1152577,'ls':[{'id':5920,'name':'magnitudo','wfs':[{'id':1152583,'morph':{'Casus':'NOMINATIVE','DeclensionType':'THIRD_DECLENSION','Genus':'FEMININE','Numerus':'SINGULAR','Pos':'NN'},'name':'magnitudo'}]}],'name':'magnitudo@NN'}]">magnitudo</w><c> </c><w lemma="[{'id':244512131,'ls':[{'id':244512132,'name':'tuus','wfs':[{'id':244512186,'morph':{'Casus':'NOMINATIVE','DeclensionType':'FIRST_DECLENSION','Genus':'FEMININE','Numerus':'SINGULAR','Pos':'PRO','PronounType':'POSSESSIVE'},'name':'tua'}]}],'name':'tuus@PRO'}]">tua</w><c>,</c><c> </c><w lemma="[{'id':242816363,'ls':[{'id':242816364,'name':'qui','wfs':[{'id':242816365,'morph':{'Casus':'DATIVE','Genus':'FEMININE','Numerus':'SINGULAR','Pos':'PRO','PronounType':'RELATIVE'},'name':'cui'}]}],'name':'qui@PRO'}]">cui</w><c> </c><w lemma="[{'id':236681,'ls':[{'id':8421,'name':'specialiter','wfs':[{'id':236684,'morph':{'ComparisonDegree':'POSITIVE','Pos':'ADV'},'name':'specialiter'}]}],'name':'specialiter@ADV'}]">specialiter</w><c> </c><w lemma="[{'id':4573156,'ls':[{'id':2706,'name':'convenio','wfs':[{'id':4573875,'morph':{'ConjugationType':'FOURTH_CONJUGATION','Mood':'INDICATIVE','Numerus':'SINGULAR','Person':'PERSON_3','Pos':'V','Tense':'PRESENT','VerbType':'TRANSITIVE','Voice':'ACTIVE'},'name':'convenit'}]}],'name':'convenio@V'}]">convenit</w><c> </c><w lemma="[{'id':4185453,'ls':[{'id':2008,'name':'cogito','wfs':[{'id':4185534,'morph':{'ConjugationType':'FIRST_CONJUGATION','Mood':'INFINITIVE','Pos':'V','Tense':'PRESENT','VerbType':'TRANSITIVE','Voice':'ACTIVE'},'name':'cogitare'}]}],'name':'cogito@V'}]">cogitare</w><c> </c><w lemma="[{'id':109545,'ls':[{'id':109546,'name':'de','wfs':[{'id':109547,'morph':{'Pos':'AP'},'name':'de'}]}],'name':'de@AP'}]">de</w><c> </c><w lemma="[{'id':244511865,'ls':[{'id':244511866,'name':'talis','wfs':[{'id':785529575,'morph':{'Casus':'ABLATIVE','DeclensionType':'THIRD_DECLENSION','Genus':'NEUTER','Numerus':'PLURAL','Pos':'PRO','PronounType':'CORRELATIVE'},'name':'talibus'}]}],'name':'talis@PRO'}]">talibus</w><c>,</c><c> </c><lb n="18" xml:id="bsb00000824_00218_18"></lb><w lemma="[{'id':1829124,'ls':[{'id':1735,'name':'celer','wfs':[{'id':1829208,'morph':{'Casus':'ABLATIVE','ComparisonDegree':'SUPERLATIVE','DeclensionType':'FIRST_DECLENSION','Genus':'FEMININE','Numerus':'SINGULAR','Pos':'ADJ'},'name':'celerrima'}]}],'name':'celer@ADJ'}]">celerrima</w><c> </c><w lemma="[{'id':5475468,'ls':[{'id':4230,'name':'facio','wfs':[{'id':5475805,'morph':{'ConjugationType':'THIRD_CONJUGATION','Mood':'SUBJUNCTIVE','Numerus':'SINGULAR','Person':'PERSON_3','Pos':'V','Tense':'PRESENT','VerbType':'TRANSITIVE','Voice':'ACTIVE'},'name':'faciat'}]}],'name':'facio@V'}]">faciat</w><c> </c><w lemma="[{'id':993307,'ls':[{'id':3852,'name':'emendatio','wfs':[{'id':243333010,'morph':{'Casus':'ABLATIVE','DeclensionType':'THIRD_DECLENSION','Genus':'FEMININE','Numerus':'SINGULAR','Pos':'NN'},'name':'emendatione'}]}],'name':'emendatio@NN'}]">emendatione</w><c> </c><w lemma="[{'id':7072900,'ls':[{'id':7072901,'name':'recorrigo','wfs':[{'id':7072983,'morph':{'ConjugationType':'THIRD_CONJUGATION','Mood':'INFINITIVE','Pos':'V','Tense':'PRESENT','VerbType':'TRANSITIVE','Voice':'PASSIVE'},'name':'recorrigi'}]}],'name':'recorrigo@V'}]">recorrigi</w><c>,</c><c> </c><w lemma="[{'id':109868,'ls':[{'id':109869,'name':'ne','wfs':[{'id':109870,'morph':{'Pos':'CON'},'name':'ne'}]}],'name':'ne@CON'}]">ne</w><c> </c><w lemma="[{'id':1099911,'ls':[{'id':5279,'name':'inopia','wfs':[{'id':1099925,'morph':{'Casus':'NOMINATIVE','DeclensionType':'FIRST_DECLENSION','Genus':'FEMININE','Numerus':'SINGULAR','Pos':'NN'},'name':'inopia'}]}],'name':'inopia@NN'}]">inopia</w><c> </c><w lemma="[{'id':206035,'ls':[{'id':6416,'name':'non','wfs':[{'id':241322627,'morph':{'Pos':'ADV'},'name':'non'}]}],'name':'non@ADV'}]">non</w><c> </c><w lemma="[{'id':245290,'ls':[{'id':8736,'name':'tam','wfs':[{'id':245291,'morph':{'Pos':'ADV'},'name':'tam'}]}],'name':'tam@ADV'}]">tam</w><c> </c><w lemma="[{'id':109436,'ls':[{'id':109437,'name':'ab','wfs':[{'id':109438,'morph':{'Pos':'AP'},'name':'ab'}]}],'name':'ab@AP'}]">ab</w><c> </c><w lemma="[{'id':1374976,'ls':[{'id':8494,'name':'sterilitas','wfs':[{'id':243466188,'morph':{'Casus':'ABLATIVE','DeclensionType':'THIRD_DECLENSION','Genus':'FEMININE','Numerus':'SINGULAR','Pos':'NN'},'name':'sterilitate'}]}],'name':'sterilitas@NN'}]">sterilitate</w><c> </c><w lemma="[{'id':1412956,'ls':[{'id':8776,'name':'tempus','wfs':[{'id':1412970,'morph':{'Casus':'GENITIVE','DeclensionType':'THIRD_DECLENSION','Genus':'NEUTER','Numerus':'SINGULAR','Pos':'NN'},'name':'temporis'}]}],'name':'tempus@NN'}]">temporis</w><c> </c><w lemma="[{'id':225505,'ls':[{'id':7683,'name':'quam','wfs':[{'id':225506,'morph':{'Pos':'ADV'},'name':'quam'}]}],'name':'quam@ADV'}]">quam</w><c> </c><lb n="19" xml:id="bsb00000824_00218_19"></lb><w lemma="[{'id':109433,'ls':[{'id':109434,'name':'a','wfs':[{'id':109435,'morph':{'Pos':'AP'},'name':'a'}]}],'name':'a@AP'}]">a</w><c> </c><w lemma="[{'id':1188438,'ls':[{'id':6368,'name':'neglegentia','wfs':[{'id':1188460,'morph':{'Casus':'ABLATIVE','DeclensionType':'FIRST_DECLENSION','Genus':'FEMININE','Numerus':'SINGULAR','Pos':'NN'},'name':'neglegentia'}]}],'name':'neglegentia@NN'}]">neglegentia</w><c> </c><w lemma="[{'id':1159310,'ls':[{'id':5997,'name':'mater','wfs':[{'id':243406922,'morph':{'Casus':'ABLATIVE','DeclensionType':'THIRD_DECLENSION','Genus':'FEMININE','Numerus':'SINGULAR','Pos':'NN'},'name':'matre'}]}],'name':'mater@NN'}]">matre</w><c> </c><w lemma="[{'id':6302962,'ls':[{'id':6320,'name':'nascor','wfs':[{'id':779572880,'morph':{'ConjugationType':'THIRD_CONJUGATION','Mood':'INFINITIVE','Pos':'V','Tense':'PERFECT','VerbType':'DEPONENT','Voice':'PASSIVE'},'name':'nata'}]}],'name':'nascor@V'}]">nata</w><c> </c><w lemma="[{'id':7617143,'ls':[{'id':7617144,'name':'sum','wfs':[{'id':7617145,'morph':{'Mood':'INFINITIVE','Pos':'V','Tense':'PRESENT','VerbType':'VERBA_ANOMALA','Voice':'ACTIVE'},'name':'esse'}]}],'name':'sum@V'}]">esse</w><c> </c><w lemma="[{'id':242815904,'ls':[{'id':244520791,'name':'videor','wfs':[{'id':232322735,'morph':{'ConjugationType':'SECOND_CONJUGATION','Mood':'SUBJUNCTIVE','Numerus':'SINGULAR','Person':'PERSON_3','Pos':'V','Tense':'PRESENT','VerbType':'DEPONENT','Voice':'PASSIVE'},'name':'videatur'}]}],'name':'videor@V'}]">videatur</w><c>.</c></s></p></div></body></text></TEI>