<?xml version="1.0" ?><TEI xmlns="http://www.tei-c.org/ns/1.0"><teiHeader><fileDesc><titleStmt><title>MGH Auct. ant. 12: Cassiodori Senatoris Variae</title><editor>Mommsen, Theodor</editor></titleStmt><publicationStmt><publisher>Monumenta Germaniae Historica (MGH)</publisher><publisher>Bavarian State Library (BSB), München</publisher><idno type="BSB">bsb00000824</idno><idno type="MGH"><idno type="Annotation_created_by">sysop</idno><idno type="Annotation_created_on">Wed Oct 18 18:53:58 CEST 2017</idno><idno type="Annotation_last_changed_by">geelhaar</idno><idno type="Annotation_last_changed_on">Thu Aug 20 10:43:40 CEST 2020</idno><idno type="Author_(German)">Cassiodor (Flavius Magnus Aurelius Cassiodorus Senator)</idno><idno type="Author_(Latin)">Cassiodorus Vivariensis</idno><idno type="BSB">bsb00000824</idno><idno type="Bibliographical_Link">http://stabikat.de/DB=1/XMLPRS=N/PPN?PPN=235118842</idno><idno type="C_Stat">06</idno><idno type="C1">06</idno><idno type="C2">05</idno><idno type="Column">125</idno><idno type="Commentary">dated according to Stefan Krautschick, Cassiodor und die Politik seiner Zeit. Bonn 1983, 76.  (TG)</idno><idno type="Concordance_View">true</idno><idno type="Digital_Edition_Statement">Text retrieved from the critical edition and prepared by the BMBF funded project "Humanist Computer Interaction under Scrutiny"(https://humanist.hs-mainz.de/en/). The Latin Text Archive (LTA) version has been created at Goethe University Frankfurt by the CompHistSem-Work Group (hudesktop.hucompute.org).</idno><idno type="Edition">MGH Auctores antiquissimi 12</idno><idno type="LTA_Export">true</idno><idno type="Licence_Info">CC BY 4.0</idno><idno type="Multiple_Lemmata_under_a_unique_Super_lemma">0.00%</idno><idno type="Multiple_Super_lemmata">0.00%</idno><idno type="Multiple_Wordforms_under_a_unique_Lemma">0.00%</idno><idno type="Multiple_Wordforms._Tagger_based_result._Multiple_Lemmata_possible">0.00%</idno><idno type="Multiple_Wordforms._Tagger_based_result._Multiple_Super_Lemmata_possible">0.00%</idno><idno type="Not_yet_linked_or_unknown_Wordform">0.00%</idno><idno type="Page">125</idno><idno type="Provided_by">Monumenta Germaniae Historica</idno><idno type="RepFontMA">not available</idno><idno type="Status">a</idno><idno type="Text_Type">Letter</idno><idno type="Text_Type_Class">Letters</idno><idno type="Time">511</idno><idno type="Title">Variae 04.25 - Argolico viro illustri praefecto urbis Romae Theodericus rex</idno><idno type="Type_of_Corpus">Corpus of Letters</idno><idno type="URL">http://www.mgh.de/dmgh/resolving/MGH_Auct._ant._12_S._125</idno><idno type="Unique_Wordform">100,00%</idno><idno type="Unique_Wordform._Tagger_based_result._Multiple_Lemmata_possible">0.00%</idno><idno type="Unique_Wordform._Tagger_based_result._Multiple_Super_lemmata_possible">0.00%</idno><idno type="VIAF_(Expression)">182693798</idno><idno type="VIAF_(Expression)_Link">http://viaf.org/viaf/182693798</idno><idno type="VIAF_(Person)">95230707</idno><idno type="VIAF_(Person)_Link">http://viaf.org/viaf/95230707</idno><idno type="Volume">Auct. ant. 12</idno><idno type="Year_of_Publication_(interpreted)">0511</idno>MGH Auct. ant. 12</idno><availability><licence target="http://creativecommons.org/licenses/by/4.0/"><p>Distributed under the Creative Commons Attribution 4.0 International (CC BY 4.0) license.</p><p>This license covers the annotations added by the Monumenta Germaniae Historica and the
            Bavarian State Library, Munich, in the course of project "digital MGH"
            <ref target="http://www.dmgh.de">http://www.dmgh.de</ref>, funded by the
            German Research Foundation (DFG).</p><p>We do not claim any rights on the text itself which is believed to be in the public domain.</p><p>If you distribute a copy or a derivative version of this file, please indicate the source
            of the file by mentioning the Monumenta Germaniae Historica (MGH) and the
            Bavarian State Library, Munich (BSB).</p></licence></availability><date when="2016-11-28T16:32:43+01:00">2016-11-28, 16:32:43</date></publicationStmt><sourceDesc><biblFull><titleStmt><title>Cassiodori Senatoris Variae</title><editor>Mommsen, Theodor</editor></titleStmt><publicationStmt><publisher>Weidmann</publisher><pubPlace>Berlin</pubPlace><date>1894</date></publicationStmt><seriesStmt><title>Auctores antiquissimi</title><biblScope unit="volume">12</biblScope></seriesStmt></biblFull></sourceDesc></fileDesc></teiHeader><text><body><div><lb n="11" xml:id="bsb00000824_00309_11"></lb><head n="3"><s><w lemma="[{'id':241346594,'ls':[{'id':241346595,'name':'NUMERAL','wfs':[{'id':498534598,'morph':{'Pos':'NUM'},'name':'xxv'}]}],'name':'NUMERAL@NUM'}]">XXV</w><c>.</c><c> </c><lb n="12" xml:id="bsb00000824_00309_12"></lb><w lemma="[{'id':241504848,'ls':[{'id':241504849,'name':'Argolicus','wfs':[{'id':243517452,'morph':{'Casus':'DATIVE','ComparisonDegree':'POSITIVE','DeclensionType':'SECOND_DECLENSION','Genus':'MASCULINE','Numerus':'SINGULAR','Pos':'ADJ'},'name':'Argolico'}]}],'name':'Argolicus@ADJ'}]">ARGOLICO</w><c> </c><w lemma="[{'id':1466541,'ls':[{'id':9281,'name':'vir','wfs':[{'id':779458787,'morph':{'Casus':'DATIVE','DeclensionType':'SECOND_DECLENSION','Genus':'MASCULINE','Numerus':'SINGULAR','Pos':'NN'},'name':'v'}]}],'name':'vir@NN'}]">V</w><c>.</c><w lemma="[{'id':2413908,'ls':[{'id':4928,'name':'illustris','wfs':[{'id':779459471,'morph':{'Casus':'DATIVE','ComparisonDegree':'POSITIVE','DeclensionType':'THIRD_DECLENSION','Genus':'MASCULINE','Numerus':'SINGULAR','Pos':'ADJ'},'name':'I'}]}],'name':'illustris@ADJ'}]">I</w><c>.</c><w lemma="[{'id':1275990,'ls':[{'id':743418490,'name':'P','wfs':[{'id':743418493,'morph':{'Casus':'ABLATIVE','DeclensionType':'SECOND_DECLENSION','Genus':'NEUTER','Numerus':'SINGULAR','Pos':'NN'},'name':'P'}]}],'name':'praetorium@NN'}]">P</w><c>.</c><w lemma="[{'id':1441746,'ls':[{'id':9065,'name':'urbs','wfs':[{'id':779483081,'morph':{'DeclensionType':'THIRD_DECLENSION','Genus':'FEMININE','Numerus':'SINGULAR','Pos':'NN'},'name':'U'}]}],'name':'urbs@NN'}]">U</w><c>.</c><c> </c><w lemma="[{'id':624521,'ls':[{'id':624522,'name':'Theodericus','wfs':[{'id':243244190,'morph':{'Casus':'NOMINATIVE','DeclensionType':'SECOND_DECLENSION','Genus':'MASCULINE','Numerus':'SINGULAR','Pos':'NP'},'name':'Theodericus'}]}],'name':'Theodericus@NP'}]">THEODERICUS</w><c> </c><w lemma="[{'id':1329481,'ls':[{'id':7965,'name':'rex','wfs':[{'id':1329499,'morph':{'Casus':'NOMINATIVE','DeclensionType':'THIRD_DECLENSION','Genus':'MASCULINE','Numerus':'SINGULAR','Pos':'NN'},'name':'rex'}]}],'name':'rex@NN'}]">REX</w><c>.</c></s></head><note><s><hi rend="ITALICS"><w lemma="[{'id':759853,'ls':[{'id':807,'name':'annus','wfs':[{'id':382849904,'morph':{'Casus':'ABLATIVE','DeclensionType':'SECOND_DECLENSION','Genus':'MASCULINE','Numerus':'SINGULAR','Pos':'NN'},'name':'a'}]}],'name':'annus@NN'}]">a</w><c>.</c><c> </c><w lemma="[{'id':241346594,'ls':[{'id':241346595,'name':'NUMERAL','wfs':[{'id':241346596,'morph':{'Pos':'NUM'},'name':'NUMERAL'}]}],'name':'NUMERAL@NUM'}]">510</w><c>/</c><w lemma="[{'id':241346594,'ls':[{'id':241346595,'name':'NUMERAL','wfs':[{'id':241346596,'morph':{'Pos':'NUM'},'name':'NUMERAL'}]}],'name':'NUMERAL@NUM'}]">511</w></hi></s></note><lb n="13" xml:id="bsb00000824_00309_13"></lb><p><s><w lemma="[{'id':4511478,'ls':[{'id':2579,'name':'consto','wfs':[{'id':353214,'morph':{'ConjugationType':'FIRST_CONJUGATION','Mood':'INDICATIVE','Numerus':'SINGULAR','Person':'PERSON_3','Pos':'V','Tense':'PRESENT','VerbType':'INTRANSITIVE','Voice':'ACTIVE'},'name':'constat'}]}],'name':'consto@V'}]">Constat</w><c> </c><w lemma="[{'id':242816207,'ls':[{'id':242816208,'name':'is','wfs':[{'id':242816231,'morph':{'Casus':'ACCUSATIVE','Genus':'MASCULINE','Numerus':'SINGULAR','Pos':'PRO','PronounType':'PERSONAL'},'name':'eum'}]}],'name':'is@PRO'}]">eum</w><c> </c><w lemma="[{'id':109545,'ls':[{'id':109546,'name':'de','wfs':[{'id':109547,'morph':{'Pos':'AP'},'name':'de'}]}],'name':'de@AP'}]">de</w><c> </c><w lemma="[{'id':242816792,'ls':[{'id':242816793,'name':'sui','wfs':[{'id':484140382,'morph':{'Casus':'ABLATIVE','Genus':'MASCULINE','Numerus':'SINGULAR','Pos':'PRO','PronounType':'PERSONAL'},'name':'se'}]}],'name':'sui@PRO'}]">se</w><c> </c><w lemma="[{'id':6849771,'ls':[{'id':7351,'name':'praesumo','wfs':[{'id':6849852,'morph':{'ConjugationType':'THIRD_CONJUGATION','Mood':'INFINITIVE','Pos':'V','Tense':'PRESENT','VerbType':'TRANSITIVE','Voice':'ACTIVE'},'name':'praesumere'}]}],'name':'praesumo@V'}]">praesumere</w><c>,</c><c> </c><w lemma="[{'id':242816363,'ls':[{'id':242816364,'name':'qui','wfs':[{'id':244511016,'morph':{'Casus':'NOMINATIVE','Genus':'MASCULINE','Numerus':'SINGULAR','Pos':'PRO','PronounType':'RELATIVE'},'name':'qui'}]}],'name':'qui@PRO'}]">qui</w><c> </c><w lemma="[{'id':109453,'ls':[{'id':109454,'name':'ad','wfs':[{'id':109455,'morph':{'Pos':'AP'},'name':'ad'}]}],'name':'ad@AP'}]">ad</w><c> </c><w lemma="[{'id':3003043,'ls':[{'id':8028,'name':'sacer','wfs':[{'id':242579784,'morph':{'Casus':'GENITIVE','ComparisonDegree':'POSITIVE','DeclensionType':'THIRD_DECLENSION','Genus':'MASCULINE','Numerus':'SINGULAR','Pos':'ADJ'},'name':'sacri'}]}],'name':'sacer@ADJ'}]">sacri</w><c> </c><w lemma="[{'id':1216283,'ls':[{'id':6689,'name':'ordo','wfs':[{'id':1216288,'morph':{'Casus':'GENITIVE','DeclensionType':'THIRD_DECLENSION','Genus':'MASCULINE','Numerus':'SINGULAR','Pos':'NN'},'name':'ordinis'}]}],'name':'ordo@NN'}]">ordinis</w><c> </c><w lemma="[{'id':4669725,'ls':[{'id':2957,'name':'cupio','wfs':[{'id':4670123,'morph':{'ConjugationType':'THIRD_CONJUGATION','Mood':'INDICATIVE','Numerus':'SINGULAR','Person':'PERSON_3','Pos':'V','Tense':'PRESENT','VerbType':'TRANSITIVE','Voice':'ACTIVE'},'name':'cupit'}]}],'name':'cupio@V'}]">cupit</w><c> </c><w lemma="[{'id':1028419,'ls':[{'id':4283,'name':'fastigium','wfs':[{'id':243346019,'morph':{'Casus':'ACCUSATIVE','DeclensionType':'SECOND_DECLENSION','Genus':'NEUTER','Numerus':'PLURAL','Pos':'NN'},'name':'fastigia'}]}],'name':'fastigium@NN'}]">fastigia</w><c> </c><w lemma="[{'id':6683384,'ls':[{'id':7038,'name':'pervenio','wfs':[{'id':6683867,'morph':{'ConjugationType':'FOURTH_CONJUGATION','Mood':'INFINITIVE','Pos':'V','Tense':'PRESENT','VerbType':'TRANSITIVE','Voice':'ACTIVE'},'name':'pervenire'}]}],'name':'pervenio@V'}]">pervenire</w><c>.</c><c> </c><lb n="14" xml:id="bsb00000824_00309_14"></lb></s><s><w lemma="[{'id':1165161,'ls':[{'id':6082,'name':'meritum','wfs':[{'id':1165167,'morph':{'Casus':'NOMINATIVE','DeclensionType':'SECOND_DECLENSION','Genus':'NEUTER','Numerus':'PLURAL','Pos':'NN'},'name':'merita'}]}],'name':'meritum@NN'}]">merita</w><c> </c><w lemma="[{'id':109821,'ls':[{'id':109822,'name':'enim','wfs':[{'id':109823,'morph':{'Pos':'CON'},'name':'enim'}]}],'name':'enim@CON'}]">enim</w><c> </c><w lemma="[{'id':7611699,'ls':[{'id':8642,'name':'suggero','wfs':[{'id':7611976,'morph':{'ConjugationType':'THIRD_CONJUGATION','Mood':'INDICATIVE','Numerus':'PLURAL','Person':'PERSON_3','Pos':'V','Tense':'PRESENT','VerbType':'TRANSITIVE','Voice':'ACTIVE'},'name':'suggerunt'}]}],'name':'suggero@V'}]">suggerunt</w><c> </c><w lemma="[{'id':1764149,'ls':[{'id':1394,'name':'bonus','wfs':[{'id':1764221,'morph':{'Casus':'GENITIVE','ComparisonDegree':'POSITIVE','DeclensionType':'FIRST_DECLENSION','Genus':'FEMININE','Numerus':'SINGULAR','Pos':'ADJ'},'name':'bonae'}]}],'name':'bonus@ADJ'}]">bonae</w><c> </c><w lemma="[{'id':769654,'ls':[{'id':917,'name':'appetentia','wfs':[{'id':769685,'morph':{'Casus':'GENITIVE','DeclensionType':'FIRST_DECLENSION','Genus':'FEMININE','Numerus':'SINGULAR','Pos':'NN'},'name':'appetentiae'}]}],'name':'appetentia@NN'}]">appetentiae</w><c> </c><w lemma="[{'id':1190768,'ls':[{'id':6395,'name':'nisus','wfs':[{'id':2300961,'morph':{'Casus':'ACCUSATIVE','DeclensionType':'FOURTH_DECLENSION','Genus':'MASCULINE','Numerus':'PLURAL','Pos':'NN'},'name':'nisus'}]}],'name':'nisus@NN'}]">nisus</w><c> </c><w lemma="[{'id':109828,'ls':[{'id':109829,'name':'et','wfs':[{'id':109830,'morph':{'Pos':'CON'},'name':'et'}]}],'name':'et@CON'}]">et</w><c> </c><w lemma="[{'id':109577,'ls':[{'id':109578,'name':'in','wfs':[{'id':109579,'morph':{'Pos':'AP'},'name':'in'}]}],'name':'in@AP'}]">in</w><c> </c><w lemma="[{'id':1302918,'ls':[{'id':7682,'name':'qualitas','wfs':[{'id':243440857,'morph':{'Casus':'ABLATIVE','DeclensionType':'THIRD_DECLENSION','Genus':'FEMININE','Numerus':'SINGULAR','Pos':'NN'},'name':'qualitate'}]}],'name':'qualitas@NN'}]">qualitate</w><c> </c><w lemma="[{'id':954514,'ls':[{'id':3366,'name':'desiderium','wfs':[{'id':954516,'morph':{'Casus':'GENITIVE','DeclensionType':'SECOND_DECLENSION','Genus':'NEUTER','Numerus':'SINGULAR','Pos':'NN'},'name':'desiderii'}]}],'name':'desiderium@NN'}]">desiderii</w><c> </c><w lemma="[{'id':6741602,'ls':[{'id':7228,'name':'possum','wfs':[{'id':244516537,'morph':{'Mood':'INDICATIVE','Numerus':'SINGULAR','Person':'PERSON_3','Pos':'V','Tense':'PRESENT','VerbType':'VERBA_ANOMALA','Voice':'ACTIVE'},'name':'potest'}]}],'name':'possum@V'}]">potest</w><c> </c><w lemma="[{'id':1163829,'ls':[{'id':6062,'name':'mens','wfs':[{'id':1163844,'morph':{'Casus':'NOMINATIVE','DeclensionType':'THIRD_DECLENSION','Genus':'FEMININE','Numerus':'SINGULAR','Pos':'NN'},'name':'mens'}]}],'name':'mens@NN'}]">mens</w><c> </c><lb n="15" xml:id="bsb00000824_00309_15"></lb><w lemma="[{'id':2390786,'ls':[{'id':2390787,'name':'honestus','wfs':[{'id':2390875,'morph':{'Casus':'NOMINATIVE','ComparisonDegree':'POSITIVE','DeclensionType':'FIRST_DECLENSION','Genus':'FEMININE','Numerus':'SINGULAR','Pos':'ADJ'},'name':'honesta'}]}],'name':'honestus@ADJ'}]">honesta</w><c> </c><w lemma="[{'id':4186426,'ls':[{'id':2021,'name':'cognosco','wfs':[{'id':4186508,'morph':{'ConjugationType':'THIRD_CONJUGATION','Mood':'INFINITIVE','Pos':'V','Tense':'PRESENT','VerbType':'TRANSITIVE','Voice':'PASSIVE'},'name':'cognosci'}]}],'name':'cognosco@V'}]">cognosci</w><c>.</c><c> </c></s><s><w lemma="[{'id':242816600,'ls':[{'id':242816601,'name':'quis','wfs':[{'id':603241,'morph':{'Casus':'NOMINATIVE','Genus':'MASCULINE','Numerus':'SINGULAR','Pos':'PRO','PronounType':'INTERROGATIVE'},'name':'quis'}]}],'name':'quis@PRO'}]">quis</w><c> </c><w lemma="[{'id':109821,'ls':[{'id':109822,'name':'enim','wfs':[{'id':109823,'morph':{'Pos':'CON'},'name':'enim'}]}],'name':'enim@CON'}]">enim</w><c> </c><w lemma="[{'id':2759693,'ls':[{'id':2759694,'name':'palaestricus','wfs':[{'id':2759763,'morph':{'Casus':'GENITIVE','ComparisonDegree':'POSITIVE','DeclensionType':'FIRST_DECLENSION','Genus':'FEMININE','Numerus':'SINGULAR','Pos':'ADJ'},'name':'palaestricae'}]}],'name':'palaestricus@ADJ'}]">palaestricae</w><c> </c><w lemma="[{'id':783494,'ls':[{'id':1043,'name':'ars','wfs':[{'id':783510,'morph':{'Casus':'GENITIVE','DeclensionType':'THIRD_DECLENSION','Genus':'FEMININE','Numerus':'SINGULAR','Pos':'NN'},'name':'artis'}]}],'name':'ars@NN'}]">artis</w><c> </c><w lemma="[{'id':2404498,'ls':[{'id':2404499,'name':'ignarus','wfs':[{'id':2404595,'morph':{'Casus':'NOMINATIVE','ComparisonDegree':'POSITIVE','DeclensionType':'SECOND_DECLENSION','Genus':'MASCULINE','Numerus':'SINGULAR','Pos':'ADJ'},'name':'ignarus'}]}],'name':'ignarus@ADJ'}]">ignarus</w><c> </c><w lemma="[{'id':109577,'ls':[{'id':109578,'name':'in','wfs':[{'id':109579,'morph':{'Pos':'AP'},'name':'in'}]}],'name':'in@AP'}]">in</w><c> </c><w lemma="[{'id':1372914,'ls':[{'id':1372946,'name':'stadium','wfs':[{'id':804401223,'morph':{'Casus':'ACCUSATIVE','DeclensionType':'SECOND_DECLENSION','Genus':'NEUTER','Numerus':'SINGULAR','Pos':'NN'},'name':'stadium'}]}],'name':'stadium@NN'}]">Stadium</w><c> </c><w lemma="[{'id':6174946,'ls':[{'id':5833,'name':'luctor','wfs':[{'id':804401228,'morph':{'Genus':'MASCULINE','Mood':'PARTICIPLE','Numerus':'SINGULAR','Pos':'V','Tense':'FUTURE','VerbType':'DEPONENT','Voice':'ACTIVE'},'name':'luctaturus'}]}],'name':'luctor@V'}]">luctaturus</w><c> </c><w lemma="[{'id':6004944,'ls':[{'id':5465,'name':'introeo','wfs':[{'id':461670,'morph':{'Mood':'SUBJUNCTIVE','Numerus':'SINGULAR','Person':'PERSON_3','Pos':'V','Tense':'PRESENT','VerbType':'VERBA_ANOMALA','Voice':'ACTIVE'},'name':'introeat'}]}],'name':'introeo@V'}]">introeat</w><c>?</c><c> </c><lb n="16" xml:id="bsb00000824_00309_16"></lb></s><s><w lemma="[{'id':109788,'ls':[{'id':109789,'name':'aut','wfs':[{'id':109790,'morph':{'Pos':'CON'},'name':'aut'}]}],'name':'aut@CON'}]">aut</w><c> </c><w lemma="[{'id':242816600,'ls':[{'id':242816601,'name':'quis','wfs':[{'id':603241,'morph':{'Casus':'NOMINATIVE','Genus':'MASCULINE','Numerus':'SINGULAR','Pos':'PRO','PronounType':'INTERROGATIVE'},'name':'quis'}]}],'name':'quis@PRO'}]">quis</w><c> </c><w lemma="[{'id':846666,'ls':[{'id':1774,'name':'certamen','wfs':[{'id':243280141,'morph':{'Casus':'DATIVE','DeclensionType':'THIRD_DECLENSION','Genus':'NEUTER','Numerus':'SINGULAR','Pos':'NN'},'name':'certamini'}]}],'name':'certamen@NN'}]">certamini</w><c> </c><w lemma="[{'id':6249534,'ls':[{'id':6135,'name':'misceo','wfs':[{'id':6249888,'morph':{'ConjugationType':'SECOND_CONJUGATION','Mood':'SUBJUNCTIVE','Numerus':'SINGULAR','Person':'PERSON_3','Pos':'V','Tense':'PRESENT','VerbType':'TRANSITIVE','Voice':'PASSIVE'},'name':'misceatur'}]}],'name':'misceo@V'}]">misceatur</w><c>,</c><c> </c><w lemma="[{'id':109986,'ls':[{'id':109987,'name':'quod','wfs':[{'id':109988,'morph':{'Pos':'CON'},'name':'quod'}]}],'name':'quod@CON'}]">quod</w><c> </c><w lemma="[{'id':1467592,'ls':[{'id':9290,'name':'virtus','wfs':[{'id':1467621,'morph':{'Casus':'GENITIVE','DeclensionType':'THIRD_DECLENSION','Genus':'FEMININE','Numerus':'SINGULAR','Pos':'NN'},'name':'virtutis'}]}],'name':'virtus@NN'}]">virtutis</w><c> </c><w lemma="[{'id':900698,'ls':[{'id':2506,'name':'conscientia','wfs':[{'id':900710,'morph':{'Casus':'NOMINATIVE','DeclensionType':'FIRST_DECLENSION','Genus':'FEMININE','Numerus':'SINGULAR','Pos':'NN'},'name':'conscientia'}]}],'name':'conscientia@NN'}]">conscientia</w><c> </c><w lemma="[{'id':206035,'ls':[{'id':6416,'name':'non','wfs':[{'id':241322627,'morph':{'Pos':'ADV'},'name':'non'}]}],'name':'non@ADV'}]">non</w><c> </c><w lemma="[{'id':7438573,'ls':[{'id':8549,'name':'suadeo','wfs':[{'id':7438888,'morph':{'ConjugationType':'SECOND_CONJUGATION','Mood':'INDICATIVE','Numerus':'SINGULAR','Person':'PERSON_3','Pos':'V','Tense':'PRESENT','VerbType':'TRANSITIVE','Voice':'ACTIVE'},'name':'suadet'}]}],'name':'suadeo@V'}]">suadet</w><c>?</c><c> </c></s><s><w lemma="[{'id':109577,'ls':[{'id':109578,'name':'in','wfs':[{'id':109579,'morph':{'Pos':'AP'},'name':'in'}]}],'name':'in@AP'}]">in</w><c> </c><w lemma="[{'id':242816153,'ls':[{'id':242816154,'name':'ipse','wfs':[{'id':245004327,'morph':{'Casus':'ABLATIVE','Genus':'NEUTER','Numerus':'PLURAL','Pos':'PRO','PronounType':'DEMONSTRATIVE'},'name':'ipsis'}]}],'name':'ipse@PRO'}]">ipsis</w><c> </c><w lemma="[{'id':887350,'ls':[{'id':2270,'name':'conatus','wfs':[{'id':241418417,'morph':{'Casus':'ABLATIVE','DeclensionType':'FOURTH_DECLENSION','Genus':'MASCULINE','Numerus':'PLURAL','Pos':'NN'},'name':'conatibus'}]}],'name':'conatus@NN'}]">conatibus</w><c> </c><lb n="17" xml:id="bsb00000824_00309_17"></lb><w lemma="[{'id':1557699,'ls':[{'id':478,'name':'aeger','wfs':[{'id':1557742,'morph':{'Casus':'ACCUSATIVE','ComparisonDegree':'POSITIVE','DeclensionType':'SECOND_DECLENSION','Genus':'NEUTER','Numerus':'PLURAL','Pos':'ADJ'},'name':'aegra'}]}],'name':'aeger@ADJ'}]">aegra</w><c> </c><w lemma="[{'id':6118272,'ls':[{'id':6118273,'name':'languesco','wfs':[{'id':6118416,'morph':{'ConjugationType':'THIRD_CONJUGATION','Mood':'INDICATIVE','Numerus':'PLURAL','Person':'PERSON_3','Pos':'V','Tense':'PRESENT','VerbType':'TRANSITIVE','Voice':'ACTIVE'},'name':'languescunt'}]}],'name':'languesco@V'}]">languescunt</w><c>,</c><c> </c><w lemma="[{'id':242816363,'ls':[{'id':242816364,'name':'qui','wfs':[{'id':244511026,'morph':{'Casus':'NOMINATIVE','Genus':'NEUTER','Numerus':'PLURAL','Pos':'PRO','PronounType':'RELATIVE'},'name':'quae'}]}],'name':'qui@PRO'}]">quae</w><c> </c><w lemma="[{'id':2656379,'ls':[{'id':6083,'name':'meritus','wfs':[{'id':2656440,'morph':{'Casus':'GENITIVE','ComparisonDegree':'POSITIVE','DeclensionType':'SECOND_DECLENSION','Genus':'NEUTER','Numerus':'PLURAL','Pos':'ADJ'},'name':'meritorum'}]}],'name':'meritus@ADJ'}]">meritorum</w><c> </c><w lemma="[{'id':1274820,'ls':[{'id':7353,'name':'praesumptio','wfs':[{'id':243430003,'morph':{'Casus':'ABLATIVE','DeclensionType':'THIRD_DECLENSION','Genus':'FEMININE','Numerus':'PLURAL','Pos':'NN'},'name':'praesumptionibus'}]}],'name':'praesumptio@NN'}]">praesumptionibus</w><c> </c><w lemma="[{'id':206035,'ls':[{'id':6416,'name':'non','wfs':[{'id':241322627,'morph':{'Pos':'ADV'},'name':'non'}]}],'name':'non@ADV'}]">non</w><c> </c><w lemma="[{'id':6101654,'ls':[{'id':6102055,'name':'iuvo','wfs':[{'id':6102328,'morph':{'ConjugationType':'FIRST_CONJUGATION','Mood':'INDICATIVE','Numerus':'PLURAL','Person':'PERSON_3','Pos':'V','Tense':'PRESENT','VerbType':'TRANSITIVE','Voice':'PASSIVE'},'name':'iuvantur'}]}],'name':'iuvo@V'}]">iuvantur</w><c>.</c><c> </c></s><s><w lemma="[{'id':1268346,'ls':[{'id':7279,'name':'praeconium','wfs':[{'id':243427012,'morph':{'Casus':'GENITIVE','DeclensionType':'SECOND_DECLENSION','Genus':'NEUTER','Numerus':'PLURAL','Pos':'NN'},'name':'praeconiorum'}]}],'name':'praeconium@NN'}]">Praeconiorum</w><c> </c><lb n="18" xml:id="bsb00000824_00309_18"></lb><w lemma="[{'id':171912,'ls':[{'id':171913,'name':'ergo','wfs':[{'id':171914,'morph':{'ComparisonDegree':'POSITIVE','Pos':'ADV'},'name':'ergo'}]}],'name':'ergo@ADV'}]">ergo</w><c> </c><w lemma="[{'id':1282295,'ls':[{'id':7448,'name':'professio','wfs':[{'id':241469414,'morph':{'Casus':'NOMINATIVE','DeclensionType':'THIRD_DECLENSION','Genus':'FEMININE','Numerus':'SINGULAR','Pos':'NN'},'name':'professio'}]}],'name':'professio@NN'}]">professio</w><c> </c><w lemma="[{'id':7617143,'ls':[{'id':7617144,'name':'sum','wfs':[{'id':242825881,'morph':{'Mood':'INDICATIVE','Numerus':'SINGULAR','Person':'PERSON_3','Pos':'V','Tense':'PRESENT','VerbType':'VERBA_ANOMALA','Voice':'ACTIVE'},'name':'est'}]}],'name':'sum@V'}]">est</w><c> </c><w lemma="[{'id':873006,'ls':[{'id':2053,'name':'collegium','wfs':[{'id':243288256,'morph':{'Casus':'ACCUSATIVE','DeclensionType':'SECOND_DECLENSION','Genus':'NEUTER','Numerus':'SINGULAR','Pos':'NN'},'name':'collegium'}]}],'name':'collegium@NN'}]">collegium</w><c> </c><w lemma="[{'id':4890131,'ls':[{'id':3363,'name':'desidero','wfs':[{'id':741457981,'morph':{'ConjugationType':'FIRST_CONJUGATION','Mood':'INFINITIVE','Pos':'V','Tense':'PERFECT','VerbType':'TRANSITIVE','Voice':'ACTIVE'},'name':'desiderasse'}]}],'name':'desidero@V'}]">desiderasse</w><c> </c><w lemma="[{'id':1396741,'ls':[{'id':1396742,'name':'summus','wfs':[{'id':1396746,'morph':{'Casus':'GENITIVE','DeclensionType':'SECOND_DECLENSION','Genus':'MASCULINE','Numerus':'PLURAL','Pos':'NN'},'name':'summorum'}]}],'name':'summus@NN'}]">summorum</w><c> </c><w lemma="[{'id':814792,'ls':[{'id':6095353,'name':'bonum','wfs':[{'id':755645735,'morph':{'Casus':'ACCUSATIVE','DeclensionType':'SECOND_DECLENSION','Genus':'NEUTER','Numerus':'SINGULAR','Pos':'NN'},'name':'bonumque'}]}],'name':'bonum@NN'}]">bonumque</w><c> </c><w lemma="[{'id':109545,'ls':[{'id':109546,'name':'de','wfs':[{'id':109547,'morph':{'Pos':'AP'},'name':'de'}]}],'name':'de@AP'}]">de</w><c> </c><w lemma="[{'id':242816792,'ls':[{'id':242816793,'name':'sui','wfs':[{'id':594734077,'morph':{'Casus':'ABLATIVE','Genus':'MASCULINE','Numerus':'SINGULAR','Pos':'PRO','PronounType':'REFLEXIVE'},'name':'se'}]}],'name':'sui@PRO'}]">se</w><c> </c><w lemma="[{'id':1119861,'ls':[{'id':1119862,'name':'iudicium','wfs':[{'id':243378426,'morph':{'Casus':'ACCUSATIVE','DeclensionType':'SECOND_DECLENSION','Genus':'NEUTER','Numerus':'SINGULAR','Pos':'NN'},'name':'iudicium'}]}],'name':'iudicium@NN'}]">iudicium</w><c> </c><w lemma="[{'id':7814011,'ls':[{'id':8888,'name':'trado','wfs':[{'id':7814332,'morph':{'ConjugationType':'THIRD_CONJUGATION','Mood':'INDICATIVE','Numerus':'SINGULAR','Person':'PERSON_3','Pos':'V','Tense':'PRESENT','VerbType':'TRANSITIVE','Voice':'ACTIVE'},'name':'tradit'}]}],'name':'trado@V'}]">tradit</w><c> </c><lb n="19" xml:id="bsb00000824_00309_19"></lb><w lemma="[{'id':242816363,'ls':[{'id':242816364,'name':'qui','wfs':[{'id':244511016,'morph':{'Casus':'NOMINATIVE','Genus':'MASCULINE','Numerus':'SINGULAR','Pos':'PRO','PronounType':'RELATIVE'},'name':'qui'}]}],'name':'qui@PRO'}]">qui</w><c> </c><w lemma="[{'id':1829618,'ls':[{'id':1829619,'name':'celsus','wfs':[{'id':1829698,'morph':{'Casus':'GENITIVE','ComparisonDegree':'POSITIVE','DeclensionType':'FIRST_DECLENSION','Genus':'FEMININE','Numerus':'SINGULAR','Pos':'ADJ'},'name':'celsae'}]}],'name':'celsus@ADJ'}]">celsae</w><c> </c><w lemma="[{'id':1056154,'ls':[{'id':4691,'name':'gradus','wfs':[{'id':243355134,'morph':{'Casus':'NOMINATIVE','DeclensionType':'FOURTH_DECLENSION','Genus':'MASCULINE','Numerus':'SINGULAR','Pos':'NN'},'name':'gradus'}]}],'name':'gradus@NN'}]">gradus</w><c> </c><w lemma="[{'id':5384584,'ls':[{'id':4122,'name':'expeto','wfs':[{'id':5384975,'morph':{'ConjugationType':'THIRD_CONJUGATION','Mood':'INDICATIVE','Numerus':'SINGULAR','Person':'PERSON_3','Pos':'V','Tense':'PRESENT','VerbType':'TRANSITIVE','Voice':'ACTIVE'},'name':'expetit'}]}],'name':'expeto@V'}]">expetit</w><c> </c><w lemma="[{'id':965405,'ls':[{'id':3526,'name':'dignitas','wfs':[{'id':965417,'morph':{'Casus':'GENITIVE','DeclensionType':'THIRD_DECLENSION','Genus':'FEMININE','Numerus':'SINGULAR','Pos':'NN'},'name':'dignitatis'}]}],'name':'dignitas@NN'}]">dignitatis</w><c>.</c><c> </c></s><s><w lemma="[{'id':242815996,'ls':[{'id':242815997,'name':'hic','wfs':[{'id':36187621,'morph':{'Casus':'DATIVE','Genus':'NEUTER','Numerus':'PLURAL','Pos':'PRO','PronounType':'DEMONSTRATIVE'},'name':'his'}]}],'name':'hic@PRO'}]">his</w><c> </c><w lemma="[{'id':109847,'ls':[{'id':109848,'name':'igitur','wfs':[{'id':109849,'morph':{'Pos':'CON'},'name':'igitur'}]}],'name':'igitur@CON'}]">igitur</w><c> </c><w lemma="[{'id':954514,'ls':[{'id':3366,'name':'desiderium','wfs':[{'id':243318835,'morph':{'Casus':'DATIVE','DeclensionType':'SECOND_DECLENSION','Genus':'NEUTER','Numerus':'PLURAL','Pos':'NN'},'name':'desideriis'}]}],'name':'desiderium@NN'}]">desideriis</w><c> </c><w lemma="[{'id':1254025,'ls':[{'id':7092,'name':'pietas','wfs':[{'id':1254039,'morph':{'Casus':'NOMINATIVE','DeclensionType':'THIRD_DECLENSION','Genus':'FEMININE','Numerus':'SINGULAR','Pos':'NN'},'name':'pietas'}]}],'name':'pietas@NN'}]">pietas</w><c> </c><w lemma="[{'id':242816792,'ls':[{'id':242816793,'name':'sui','wfs':[{'id':594734073,'morph':{'Casus':'ACCUSATIVE','Genus':'FEMININE','Numerus':'SINGULAR','Pos':'PRO','PronounType':'REFLEXIVE'},'name':'se'}]}],'name':'sui@PRO'}]">se</w><c> </c><w lemma="[{'id':244510439,'ls':[{'id':244510440,'name':'noster','wfs':[{'id':244510472,'morph':{'Casus':'NOMINATIVE','DeclensionType':'FIRST_DECLENSION','Genus':'FEMININE','Numerus':'SINGULAR','Pos':'PRO','PronounType':'POSSESSIVE'},'name':'nostra'}]}],'name':'noster@PRO'}]">nostra</w><c> </c><w lemma="[{'id':199017,'ls':[{'id':5733,'name':'libenter','wfs':[{'id':199020,'morph':{'ComparisonDegree':'POSITIVE','Pos':'ADV'},'name':'libenter'}]}],'name':'libenter@ADV'}]">libenter</w><c> </c><lb n="20" xml:id="bsb00000824_00309_20"></lb><w lemma="[{'id':5825528,'ls':[{'id':5163,'name':'indulgeo','wfs':[{'id':5825843,'morph':{'ConjugationType':'SECOND_CONJUGATION','Mood':'INDICATIVE','Numerus':'SINGULAR','Person':'PERSON_3','Pos':'V','Tense':'PRESENT','VerbType':'TRANSITIVE','Voice':'ACTIVE'},'name':'indulget'}]}],'name':'indulgeo@V'}]">indulget</w><c>,</c><c> </c><w lemma="[{'id':242816363,'ls':[{'id':242816364,'name':'qui','wfs':[{'id':296826592,'morph':{'Casus':'NOMINATIVE','Genus':'MASCULINE','Numerus':'PLURAL','Pos':'PRO','PronounType':'RELATIVE'},'name':'qui'}]}],'name':'qui@PRO'}]">qui</w><c> </c><w lemma="[{'id':109834,'ls':[{'id':109835,'name':'etiam','wfs':[{'id':109836,'morph':{'Pos':'CON'},'name':'etiam'}]}],'name':'etiam@CON'}]">etiam</w><c> </c><w lemma="[{'id':109577,'ls':[{'id':109578,'name':'in','wfs':[{'id':109579,'morph':{'Pos':'AP'},'name':'in'}]}],'name':'in@AP'}]">in</w><c> </c><w lemma="[{'id':1369683,'ls':[{'id':8410,'name':'spes','wfs':[{'id':243464375,'morph':{'Casus':'ABLATIVE','DeclensionType':'FIFTH_DECLENSION','Genus':'FEMININE','Numerus':'SINGULAR','Pos':'NN'},'name':'spe'}]}],'name':'spes@NN'}]">spe</w><c> </c><w lemma="[{'id':5245621,'ls':[{'id':3939,'name':'erigo','wfs':[{'id':5245733,'morph':{'ConjugationType':'THIRD_CONJUGATION','Mood':'INDICATIVE','Numerus':'PLURAL','Person':'PERSON_1','Pos':'V','Tense':'PRESENT','VerbType':'TRANSITIVE','Voice':'ACTIVE'},'name':'erigimus'}]}],'name':'erigo@V'}]">erigimus</w><c> </c><w lemma="[{'id':1473777,'ls':[{'id':9345,'name':'votum','wfs':[{'id':1473795,'morph':{'Casus':'ACCUSATIVE','DeclensionType':'SECOND_DECLENSION','Genus':'NEUTER','Numerus':'PLURAL','Pos':'NN'},'name':'vota'}]}],'name':'votum@NN'}]">vota</w><c> </c><w lemma="[{'id':6216060,'ls':[{'id':6216061,'name':'marceo','wfs':[{'id':6216078,'morph':{'Casus':'ACCUSATIVE','ConjugationType':'SECOND_CONJUGATION','Genus':'NEUTER','Mood':'PARTICIPLE','Numerus':'PLURAL','Pos':'V','Tense':'PRESENT','VerbType':'TRANSITIVE','Voice':'ACTIVE'},'name':'marcentia'}]}],'name':'marceo@V'}]">marcentia</w><c>,</c><c> </c><w lemma="[{'id':110061,'ls':[{'id':110062,'name':'ut','wfs':[{'id':110063,'morph':{'Pos':'CON'},'name':'ut'}]}],'name':'ut@CON'}]">ut</w><c>,</c><c> </c><w lemma="[{'id':109813,'ls':[{'id':109814,'name':'dum','wfs':[{'id':109815,'morph':{'Pos':'CON'},'name':'dum'}]}],'name':'dum@CON'}]">dum</w><c> </c><w lemma="[{'id':1290724,'ls':[{'id':1290728,'name':'provectus','wfs':[{'id':1290730,'morph':{'Casus':'NOMINATIVE','DeclensionType':'FOURTH_DECLENSION','Genus':'MASCULINE','Numerus':'SINGULAR','Pos':'NN'},'name':'provectus'}]}],'name':'provectus@NN'}]">provectus</w><c> </c><w lemma="[{'id':7026606,'ls':[{'id':244494165,'name':'quaero','wfs':[{'id':7026999,'morph':{'ConjugationType':'THIRD_CONJUGATION','Mood':'INDICATIVE','Numerus':'SINGULAR','Person':'PERSON_3','Pos':'V','Tense':'PRESENT','VerbType':'TRANSITIVE','Voice':'PASSIVE'},'name':'quaeritur'}]}],'name':'quaero@V'}]">quaeritur</w><c>,</c><c> </c><lb n="21" xml:id="bsb00000824_00309_21"></lb><w lemma="[{'id':6890644,'ls':[{'id':6890645,'name':'probito','wfs':[{'id':6890727,'morph':{'ConjugationType':'THIRD_CONJUGATION','Mood':'SUBJUNCTIVE','Numerus':'PLURAL','Person':'PERSON_2','Pos':'V','Tense':'PRESENT','VerbType':'TRANSITIVE','Voice':'ACTIVE'},'name':'probitatis'}]}],'name':'probito@V'}]">probitatis</w><c> </c><w lemma="[{'id':1378738,'ls':[{'id':8538,'name':'studium','wfs':[{'id':243467416,'morph':{'Casus':'NOMINATIVE','DeclensionType':'SECOND_DECLENSION','Genus':'NEUTER','Numerus':'PLURAL','Pos':'NN'},'name':'studia'}]}],'name':'studium@NN'}]">studia</w><c> </c><w lemma="[{'id':204352,'ls':[{'id':6264,'name':'multum','wfs':[{'id':204353,'morph':{'ComparisonDegree':'COMPARATIVE','Pos':'ADV'},'name':'plus'}]}],'name':'multum@ADV'}]">plus</w><c> </c><w lemma="[{'id':3613136,'ls':[{'id':3613137,'name':'amo','wfs':[{'id':3613441,'morph':{'ConjugationType':'FIRST_CONJUGATION','Mood':'SUBJUNCTIVE','Numerus':'PLURAL','Person':'PERSON_3','Pos':'V','Tense':'PRESENT','VerbType':'TRANSITIVE','Voice':'PASSIVE'},'name':'amentur'}]}],'name':'amo@V'}]">amentur</w><c>.</c><c> </c></s><s><w lemma="[{'id':222625,'ls':[{'id':222628,'name':'proinde','wfs':[{'id':222631,'morph':{'ComparisonDegree':'POSITIVE','Pos':'ADV'},'name':'proinde'}]}],'name':'proinde@ADV'}]">Proinde</w><c> </c><w lemma="[{'id':2413908,'ls':[{'id':4928,'name':'illustris','wfs':[{'id':2414004,'morph':{'Casus':'NOMINATIVE','ComparisonDegree':'POSITIVE','DeclensionType':'THIRD_DECLENSION','Genus':'FEMININE','Numerus':'SINGULAR','Pos':'ADJ'},'name':'illustris'}]}],'name':'illustris@ADJ'}]">illustris</w><c> </c><w lemma="[{'id':1152448,'ls':[{'id':5918,'name':'magnificentia','wfs':[{'id':1152461,'morph':{'Casus':'VOCATIVE','DeclensionType':'FIRST_DECLENSION','Genus':'FEMININE','Numerus':'SINGULAR','Pos':'NN'},'name':'magnificentia'}]}],'name':'magnificentia@NN'}]">magnificentia</w><c> </c><w lemma="[{'id':244512131,'ls':[{'id':244512132,'name':'tuus','wfs':[{'id':244512186,'morph':{'Casus':'NOMINATIVE','DeclensionType':'FIRST_DECLENSION','Genus':'FEMININE','Numerus':'SINGULAR','Pos':'PRO','PronounType':'POSSESSIVE'},'name':'tua'}]}],'name':'tuus@PRO'}]">tua</w><c> </c><w lemma="[{'id':558713,'ls':[{'id':558714,'name':'Petrus','wfs':[{'id':540415551,'morph':{'Casus':'ACCUSATIVE','DeclensionType':'SECOND_DECLENSION','Genus':'MASCULINE','Numerus':'SINGULAR','Pos':'NP'},'name':'Petrum'}]}],'name':'Petrus@NP'}]">Petrum</w><c> </c><w lemma="[{'id':1226219,'ls':[{'id':6802,'name':'parens','wfs':[{'id':1226231,'morph':{'Casus':'GENITIVE','DeclensionType':'THIRD_DECLENSION','Genus':'MASCULINE','Numerus':'PLURAL','Pos':'NN'},'name':'parentum'}]}],'name':'parens@NN'}]">parentum</w><c> </c><w lemma="[{'id':1149616,'ls':[{'id':5867,'name':'lux','wfs':[{'id':243388771,'morph':{'Casus':'ABLATIVE','DeclensionType':'THIRD_DECLENSION','Genus':'FEMININE','Numerus':'SINGULAR','Pos':'NN'},'name':'luce'}]}],'name':'lux@NN'}]">luce</w><c> </c><lb n="22" xml:id="bsb00000824_00309_22"></lb><w lemma="[{'id':2011449,'ls':[{'id':2575,'name':'conspicuus','wfs':[{'id':2011527,'morph':{'Casus':'ACCUSATIVE','ComparisonDegree':'POSITIVE','DeclensionType':'SECOND_DECLENSION','Genus':'MASCULINE','Numerus':'SINGULAR','Pos':'ADJ'},'name':'conspicuum'}]}],'name':'conspicuus@ADJ'}]">conspicuum</w><c> </c><w lemma="[{'id':244511757,'ls':[{'id':244511758,'name':'suus','wfs':[{'id':245550211,'morph':{'Casus':'ABLATIVE','Genus':'FEMININE','Numerus':'SINGULAR','Pos':'PRO','PronounType':'POSSESSIVE'},'name':'suaque'}]}],'name':'suus@PRO'}]">suaque</w><c> </c><w lemma="[{'id':183425,'ls':[{'id':183426,'name':'iam','wfs':[{'id':183427,'morph':{'ComparisonDegree':'POSITIVE','Pos':'ADV'},'name':'iam'}]}],'name':'iam@ADV'}]">iam</w><c> </c><w lemma="[{'id':1057698,'ls':[{'id':4728,'name':'gravitas','wfs':[{'id':243355708,'morph':{'Casus':'ABLATIVE','DeclensionType':'THIRD_DECLENSION','Genus':'FEMININE','Numerus':'SINGULAR','Pos':'NN'},'name':'gravitate'}]}],'name':'gravitas@NN'}]">gravitate</w><c> </c><w lemma="[{'id':1354793,'ls':[{'id':8241,'name':'senator','wfs':[{'id':243459270,'morph':{'Casus':'ACCUSATIVE','DeclensionType':'THIRD_DECLENSION','Genus':'MASCULINE','Numerus':'SINGULAR','Pos':'NN'},'name':'senatorem'}]}],'name':'senator@NN'}]">senatorem</w><c> </c><w lemma="[{'id':109577,'ls':[{'id':109578,'name':'in','wfs':[{'id':109579,'morph':{'Pos':'AP'},'name':'in'}]}],'name':'in@AP'}]">in</w><c> </c><w lemma="[{'id':740088,'ls':[{'id':740089,'name':'albus','wfs':[{'id':740098,'morph':{'Casus':'ACCUSATIVE','DeclensionType':'SECOND_DECLENSION','Genus':'MASCULINE','Numerus':'SINGULAR','Pos':'NN'},'name':'album'}]}],'name':'albus@NN'}]">album</w><c> </c><w lemma="[{'id':3003043,'ls':[{'id':8028,'name':'sacer','wfs':[{'id':242579784,'morph':{'Casus':'GENITIVE','ComparisonDegree':'POSITIVE','DeclensionType':'THIRD_DECLENSION','Genus':'MASCULINE','Numerus':'SINGULAR','Pos':'ADJ'},'name':'sacri'}]}],'name':'sacer@ADJ'}]">sacri</w><c> </c><w lemma="[{'id':1216283,'ls':[{'id':6689,'name':'ordo','wfs':[{'id':1216288,'morph':{'Casus':'GENITIVE','DeclensionType':'THIRD_DECLENSION','Genus':'MASCULINE','Numerus':'SINGULAR','Pos':'NN'},'name':'ordinis'}]}],'name':'ordo@NN'}]">ordinis</w><c> </c><w lemma="[{'id':109650,'ls':[{'id':109651,'name':'secundum','wfs':[{'id':109652,'morph':{'Pos':'AP'},'name':'secundum'}]}],'name':'secundum@AP'}]">secundum</w><c> </c><w lemma="[{'id':2888005,'ls':[{'id':7401,'name':'priscus','wfs':[{'id':2888064,'morph':{'Casus':'ACCUSATIVE','ComparisonDegree':'POSITIVE','DeclensionType':'FIRST_DECLENSION','Genus':'FEMININE','Numerus':'SINGULAR','Pos':'ADJ'},'name':'priscam'}]}],'name':'priscus@ADJ'}]">priscam</w><c> </c><lb n="23" xml:id="bsb00000824_00309_23"></lb><w lemma="[{'id':905048,'ls':[{'id':2604,'name':'consuetudo','wfs':[{'id':243116344,'morph':{'Casus':'ACCUSATIVE','DeclensionType':'THIRD_DECLENSION','Genus':'FEMININE','Numerus':'SINGULAR','Pos':'NN'},'name':'consuetudinem'}]}],'name':'consuetudo@NN'}]">consuetudinem</w><c> </c><w lemma="[{'id':4672547,'ls':[{'id':2963,'name':'curo','wfs':[{'id':4673775,'morph':{'ConjugationType':'FIRST_CONJUGATION','Mood':'SUBJUNCTIVE','Numerus':'SINGULAR','Person':'PERSON_3','Pos':'V','Tense':'PRESENT','VerbType':'TRANSITIVE','Voice':'ACTIVE'},'name':'curet'}]}],'name':'curo@V'}]">curet</w><c> </c><w lemma="[{'id':7101054,'ls':[{'id':7806,'name':'refero','wfs':[{'id':524583,'morph':{'Mood':'INFINITIVE','Pos':'V','Tense':'PRESENT','VerbType':'VERBA_ANOMALA','Voice':'PASSIVE'},'name':'referri'}]}],'name':'refero@V'}]">referri</w><c>,</c><c> </c><w lemma="[{'id':110061,'ls':[{'id':110062,'name':'ut','wfs':[{'id':110063,'morph':{'Pos':'CON'},'name':'ut'}]}],'name':'ut@CON'}]">ut</w><c> </c><w lemma="[{'id':109828,'ls':[{'id':109829,'name':'et','wfs':[{'id':109830,'morph':{'Pos':'CON'},'name':'et'}]}],'name':'et@CON'}]">et</w><c> </c><w lemma="[{'id':3176744,'ls':[{'id':3176745,'name':'tantus','wfs':[{'id':3176829,'morph':{'Casus':'DATIVE','ComparisonDegree':'POSITIVE','DeclensionType':'SECOND_DECLENSION','Genus':'MASCULINE','Numerus':'SINGULAR','Pos':'ADJ'},'name':'tanto'}]}],'name':'tantus@ADJ'}]">tanto</w><c> </c><w lemma="[{'id':869440,'ls':[{'id':869441,'name':'coetus','wfs':[{'id':243287019,'morph':{'Casus':'DATIVE','DeclensionType':'FOURTH_DECLENSION','Genus':'MASCULINE','Numerus':'SINGULAR','Pos':'NN'},'name':'coetui'}]}],'name':'coetus@NN'}]">coetui</w><c> </c><w lemma="[{'id':6914688,'ls':[{'id':6914689,'name':'proficio','wfs':[{'id':6915022,'morph':{'ConjugationType':'THIRD_CONJUGATION','Mood':'SUBJUNCTIVE','Numerus':'SINGULAR','Person':'PERSON_3','Pos':'V','Tense':'PRESENT','VerbType':'TRANSITIVE','Voice':'ACTIVE'},'name':'proficiat'}]}],'name':'proficio@V'}]">proficiat</w><c> </c><w lemma="[{'id':1195364,'ls':[{'id':6452,'name':'numerus','wfs':[{'id':1195379,'morph':{'Casus':'NOMINATIVE','DeclensionType':'SECOND_DECLENSION','Genus':'MASCULINE','Numerus':'SINGULAR','Pos':'NN'},'name':'numerus'}]}],'name':'numerus@NN'}]">numerus</w><c> </c><w lemma="[{'id':109828,'ls':[{'id':109829,'name':'et','wfs':[{'id':109830,'morph':{'Pos':'CON'},'name':'et'}]}],'name':'et@CON'}]">et</w><c> </c><w lemma="[{'id':829275,'ls':[{'id':829276,'name':'candidatus','wfs':[{'id':243274388,'morph':{'Casus':'ABLATIVE','DeclensionType':'SECOND_DECLENSION','Genus':'MASCULINE','Numerus':'SINGULAR','Pos':'NN'},'name':'candidato'}]}],'name':'candidatus@NN'}]">candidato</w><c> </c><w lemma="[{'id':109545,'ls':[{'id':109546,'name':'de','wfs':[{'id':109547,'morph':{'Pos':'AP'},'name':'de'}]}],'name':'de@AP'}]">de</w><c> </c><w lemma="[{'id':3003043,'ls':[{'id':8028,'name':'sacer','wfs':[{'id':3003137,'morph':{'Casus':'ABLATIVE','ComparisonDegree':'POSITIVE','DeclensionType':'SECOND_DECLENSION','Genus':'MASCULINE','Numerus':'SINGULAR','Pos':'ADJ'},'name':'sacro'}]}],'name':'sacer@ADJ'}]">sacro</w><c> </c><lb n="24" xml:id="bsb00000824_00309_24"></lb><w lemma="[{'id':1216283,'ls':[{'id':6689,'name':'ordo','wfs':[{'id':243411356,'morph':{'Casus':'ABLATIVE','DeclensionType':'THIRD_DECLENSION','Genus':'MASCULINE','Numerus':'SINGULAR','Pos':'NN'},'name':'ordine'}]}],'name':'ordo@NN'}]">ordine</w><c> </c><w lemma="[{'id':4641727,'ls':[{'id':2862,'name':'cresco','wfs':[{'id':4642086,'morph':{'ConjugationType':'THIRD_CONJUGATION','Mood':'SUBJUNCTIVE','Numerus':'SINGULAR','Person':'PERSON_3','Pos':'V','Tense':'PRESENT','VerbType':'INTRANSITIVE','Voice':'ACTIVE'},'name':'crescat'}]}],'name':'cresco@V'}]">crescat</w><c> </c><w lemma="[{'id':1217096,'ls':[{'id':1217097,'name':'ornatus','wfs':[{'id':243411563,'morph':{'Casus':'NOMINATIVE','DeclensionType':'FOURTH_DECLENSION','Genus':'MASCULINE','Numerus':'SINGULAR','Pos':'NN'},'name':'ornatus'}]}],'name':'ornatus@NN'}]">ornatus</w><c>.</c></s></p></div></body></text></TEI>