<?xml version="1.0" ?><TEI xmlns="http://www.tei-c.org/ns/1.0"><teiHeader><fileDesc><titleStmt><title>MGH Auct. ant. 12: Cassiodori Senatoris Variae</title><editor>Mommsen, Theodor</editor></titleStmt><publicationStmt><publisher>Monumenta Germaniae Historica (MGH)</publisher><publisher>Bavarian State Library (BSB), München</publisher><idno type="BSB">bsb00000824</idno><idno type="MGH"><idno type="Annotation_created_by">sysop</idno><idno type="Annotation_created_on">Wed Oct 18 19:00:10 CEST 2017</idno><idno type="Annotation_last_changed_by">geelhaar</idno><idno type="Annotation_last_changed_on">Thu Aug 20 10:43:41 CEST 2020</idno><idno type="Author_(German)">Cassiodor (Flavius Magnus Aurelius Cassiodorus Senator)</idno><idno type="Author_(Latin)">Cassiodorus Vivariensis</idno><idno type="BSB">bsb00000824</idno><idno type="Bibliographical_Link">http://stabikat.de/DB=1/XMLPRS=N/PPN?PPN=235118842</idno><idno type="C_Stat">06</idno><idno type="C1">06</idno><idno type="C2">05</idno><idno type="Column">021</idno><idno type="Commentary">dated according to the edition (TG)</idno><idno type="Concordance_View">true</idno><idno type="Digital_Edition_Statement">Text retrieved from the critical edition and prepared by the BMBF funded project "Humanist Computer Interaction under Scrutiny"(https://humanist.hs-mainz.de/en/). The Latin Text Archive (LTA) version has been created at Goethe University Frankfurt by the CompHistSem-Work Group (hudesktop.hucompute.org).</idno><idno type="Edition">MGH Auctores antiquissimi 12</idno><idno type="LTA_Export">true</idno><idno type="Licence_Info">CC BY 4.0</idno><idno type="Multiple_Lemmata_under_a_unique_Super_lemma">0.00%</idno><idno type="Multiple_Super_lemmata">0.00%</idno><idno type="Multiple_Wordforms_under_a_unique_Lemma">0.00%</idno><idno type="Multiple_Wordforms._Tagger_based_result._Multiple_Lemmata_possible">0.00%</idno><idno type="Multiple_Wordforms._Tagger_based_result._Multiple_Super_Lemmata_possible">0.00%</idno><idno type="Not_yet_linked_or_unknown_Wordform">0.00%</idno><idno type="Page">021-022</idno><idno type="Provided_by">Monumenta Germaniae Historica</idno><idno type="RepFontMA">not available</idno><idno type="Status">c</idno><idno type="Text_Type">Letter</idno><idno type="Text_Type_Class">Letters</idno><idno type="Time">507/511</idno><idno type="Title">Variae 01.13 - Senatui urbis Romae Theodericus rex</idno><idno type="Type_of_Corpus">Corpus of Letters</idno><idno type="URL">http://www.mgh.de/dmgh/resolving/MGH_Auct._ant._12_S._21</idno><idno type="Unique_Wordform">100,00%</idno><idno type="Unique_Wordform._Tagger_based_result._Multiple_Lemmata_possible">0.00%</idno><idno type="Unique_Wordform._Tagger_based_result._Multiple_Super_lemmata_possible">0.00%</idno><idno type="VIAF_(Expression)">182693798</idno><idno type="VIAF_(Expression)_Link">http://viaf.org/viaf/182693798</idno><idno type="VIAF_(Person)">95230707</idno><idno type="VIAF_(Person)_Link">http://viaf.org/viaf/95230707</idno><idno type="Volume">Auct. ant. 12</idno><idno type="Year_of_Publication_(interpreted)">0511</idno>MGH Auct. ant. 12</idno><availability><licence target="http://creativecommons.org/licenses/by/4.0/"><p>Distributed under the Creative Commons Attribution 4.0 International (CC BY 4.0) license.</p><p>This license covers the annotations added by the Monumenta Germaniae Historica and the
            Bavarian State Library, Munich, in the course of project "digital MGH"
            <ref target="http://www.dmgh.de">http://www.dmgh.de</ref>, funded by the
            German Research Foundation (DFG).</p><p>We do not claim any rights on the text itself which is believed to be in the public domain.</p><p>If you distribute a copy or a derivative version of this file, please indicate the source
            of the file by mentioning the Monumenta Germaniae Historica (MGH) and the
            Bavarian State Library, Munich (BSB).</p></licence></availability><date when="2016-11-28T16:32:43+01:00">2016-11-28, 16:32:43</date></publicationStmt><sourceDesc><biblFull><titleStmt><title>Cassiodori Senatoris Variae</title><editor>Mommsen, Theodor</editor></titleStmt><publicationStmt><publisher>Weidmann</publisher><pubPlace>Berlin</pubPlace><date>1894</date></publicationStmt><seriesStmt><title>Auctores antiquissimi</title><biblScope unit="volume">12</biblScope></seriesStmt></biblFull></sourceDesc></fileDesc><revisionDesc><change when="21-11-2017 16:52" who="cstadermann"></change></revisionDesc></teiHeader><text><body><div><lb n="9" xml:id="bsb00000824_00205_9"></lb><head n="3"><s><w lemma="[{'id':241346594,'ls':[{'id':241346595,'name':'NUMERAL','wfs':[{'id':498534605,'morph':{'Pos':'NUM'},'name':'xiii'}]}],'name':'NUMERAL@NUM'}]">XIII</w><c>.</c><c> </c><lb n="10" xml:id="bsb00000824_00205_10"></lb><w lemma="[{'id':1354812,'ls':[{'id':8240,'name':'senatus','wfs':[{'id':251223013,'morph':{'Casus':'DATIVE','DeclensionType':'FOURTH_DECLENSION','Genus':'MASCULINE','Numerus':'SINGULAR','Pos':'NN'},'name':'senatui'}]}],'name':'senatus@NN'}]">SENATUI</w><c> </c><w lemma="[{'id':1441746,'ls':[{'id':9065,'name':'urbs','wfs':[{'id':1441747,'morph':{'Casus':'GENITIVE','DeclensionType':'THIRD_DECLENSION','Genus':'FEMININE','Numerus':'SINGULAR','Pos':'NN'},'name':'urbis'}]}],'name':'urbs@NN'}]">URBIS</w><c> </c><w lemma="[{'id':241385502,'ls':[{'id':241385503,'name':'Roma','wfs':[{'id':241385505,'morph':{'DeclensionType':'FIRST_DECLENSION','Genus':'FEMININE','Numerus':'SINGULAR','Pos':'NE'},'name':'Romae'}]}],'name':'Roma@NE'}]">ROMAE</w><c> </c><w lemma="[{'id':624521,'ls':[{'id':624522,'name':'Theodericus','wfs':[{'id':243244190,'morph':{'Casus':'NOMINATIVE','DeclensionType':'SECOND_DECLENSION','Genus':'MASCULINE','Numerus':'SINGULAR','Pos':'NP'},'name':'Theodericus'}]}],'name':'Theodericus@NP'}]">THEODERICUS</w><c> </c><w lemma="[{'id':1329481,'ls':[{'id':7965,'name':'rex','wfs':[{'id':1329499,'morph':{'Casus':'NOMINATIVE','DeclensionType':'THIRD_DECLENSION','Genus':'MASCULINE','Numerus':'SINGULAR','Pos':'NN'},'name':'rex'}]}],'name':'rex@NN'}]">REX</w><c>.</c></s></head><note><s><hi rend="ITALICS"><w lemma="[{'id':759853,'ls':[{'id':807,'name':'annus','wfs':[{'id':382849904,'morph':{'Casus':'ABLATIVE','DeclensionType':'SECOND_DECLENSION','Genus':'MASCULINE','Numerus':'SINGULAR','Pos':'NN'},'name':'a'}]}],'name':'annus@NN'}]">a</w><c>.</c><c> </c><w lemma="[{'id':241346594,'ls':[{'id':241346595,'name':'NUMERAL','wfs':[{'id':241346596,'morph':{'Pos':'NUM'},'name':'NUMERAL'}]}],'name':'NUMERAL@NUM'}]">507</w><c>/</c><w lemma="[{'id':241346594,'ls':[{'id':241346595,'name':'NUMERAL','wfs':[{'id':241346596,'morph':{'Pos':'NUM'},'name':'NUMERAL'}]}],'name':'NUMERAL@NUM'}]">511</w></hi></s></note><lb n="11" xml:id="bsb00000824_00205_11"></lb><p><s><w lemma="[{'id':965405,'ls':[{'id':3526,'name':'dignitas','wfs':[{'id':241426602,'morph':{'Casus':'NOMINATIVE','DeclensionType':'THIRD_DECLENSION','Genus':'FEMININE','Numerus':'SINGULAR','Pos':'NN'},'name':'dignitas'}]}],'name':'dignitas@NN'}]">Dignitas</w><c>,</c><c> </c><w lemma="[{'id':1228946,'ls':[{'id':6842,'name':'pater','wfs':[{'id':496020006,'morph':{'Casus':'VOCATIVE','DeclensionType':'THIRD_DECLENSION','Genus':'MASCULINE','Numerus':'PLURAL','Pos':'NN'},'name':'patres'}]}],'name':'pater@NN'}]">patres</w><c> </c><w lemma="[{'id':241833920,'ls':[{'id':241833921,'name':'conscriptus','wfs':[{'id':241833962,'morph':{'Casus':'VOCATIVE','ComparisonDegree':'POSITIVE','DeclensionType':'SECOND_DECLENSION','Genus':'MASCULINE','Numerus':'PLURAL','Pos':'ADJ'},'name':'conscripti'}]}],'name':'conscriptus@ADJ'}]">conscripti</w><c>,</c><c> </c><w lemma="[{'id':109813,'ls':[{'id':109814,'name':'dum','wfs':[{'id':109815,'morph':{'Pos':'CON'},'name':'dum'}]}],'name':'dum@CON'}]">dum</w><c> </c><w lemma="[{'id':109453,'ls':[{'id':109454,'name':'ad','wfs':[{'id':109455,'morph':{'Pos':'AP'},'name':'ad'}]}],'name':'ad@AP'}]">ad</w><c> </c><w lemma="[{'id':2461149,'ls':[{'id':5080,'name':'incognitus','wfs':[{'id':2461231,'morph':{'Casus':'ACCUSATIVE','ComparisonDegree':'POSITIVE','DeclensionType':'SECOND_DECLENSION','Genus':'MASCULINE','Numerus':'SINGULAR','Pos':'ADJ'},'name':'incognitum'}]}],'name':'incognitus@ADJ'}]">incognitum</w><c> </c><w lemma="[{'id':7964639,'ls':[{'id':9166,'name':'venio','wfs':[{'id':7965395,'morph':{'ConjugationType':'FOURTH_CONJUGATION','Mood':'INDICATIVE','Numerus':'SINGULAR','Person':'PERSON_3','Pos':'V','Tense':'PRESENT','VerbType':'INTRANSITIVE','Voice':'ACTIVE'},'name':'venit'}]}],'name':'venio@V'}]">venit</w><c>,</c><c> </c><w lemma="[{'id':980362,'ls':[{'id':3708,'name':'donum','wfs':[{'id':980375,'morph':{'Casus':'NOMINATIVE','DeclensionType':'SECOND_DECLENSION','Genus':'NEUTER','Numerus':'SINGULAR','Pos':'NN'},'name':'donum'}]}],'name':'donum@NN'}]">donum</w><c> </c><w lemma="[{'id':7617143,'ls':[{'id':7617144,'name':'sum','wfs':[{'id':242825881,'morph':{'Mood':'INDICATIVE','Numerus':'SINGULAR','Person':'PERSON_3','Pos':'V','Tense':'PRESENT','VerbType':'VERBA_ANOMALA','Voice':'ACTIVE'},'name':'est'}]}],'name':'sum@V'}]">est</w><c>,</c><c> </c><w lemma="[{'id':241279615,'ls':[{'id':241279619,'name':'cum','wfs':[{'id':241279620,'morph':{'Pos':'CON'},'name':'cum'}]}],'name':'cum@CON'}]">cum</w><c> </c><w lemma="[{'id':109453,'ls':[{'id':109454,'name':'ad','wfs':[{'id':109455,'morph':{'Pos':'AP'},'name':'ad'}]}],'name':'ad@AP'}]">ad</w><c> </c><lb n="12" xml:id="bsb00000824_00205_12"></lb><w lemma="[{'id':2287995,'ls':[{'id':2287996,'name':'expertus','wfs':[{'id':2288079,'morph':{'Casus':'ACCUSATIVE','ComparisonDegree':'POSITIVE','DeclensionType':'SECOND_DECLENSION','Genus':'MASCULINE','Numerus':'SINGULAR','Pos':'ADJ'},'name':'expertum'}]}],'name':'expertus@ADJ'}]">expertum</w><c>,</c><c> </c><w lemma="[{'id':883727,'ls':[{'id':883728,'name':'compensatio','wfs':[{'id':883732,'morph':{'Casus':'NOMINATIVE','DeclensionType':'THIRD_DECLENSION','Genus':'FEMININE','Numerus':'SINGULAR','Pos':'NN'},'name':'compensatio'}]}],'name':'compensatio@NN'}]">compensatio</w><c> </c><w lemma="[{'id':1165161,'ls':[{'id':6082,'name':'meritum','wfs':[{'id':1165165,'morph':{'Casus':'GENITIVE','DeclensionType':'SECOND_DECLENSION','Genus':'NEUTER','Numerus':'PLURAL','Pos':'NN'},'name':'meritorum'}]}],'name':'meritum@NN'}]">meritorum</w><c>.</c><c> </c></s><s><w lemma="[{'id':242816363,'ls':[{'id':242816364,'name':'qui','wfs':[{'id':244510938,'morph':{'Casus':'GENITIVE','Genus':'MASCULINE','Numerus':'PLURAL','Pos':'PRO','PronounType':'RELATIVE'},'name':'quorum'}]}],'name':'qui@PRO'}]">quorum</w><c> </c><w lemma="[{'id':244509402,'ls':[{'id':244509403,'name':'alter','wfs':[{'id':244509430,'morph':{'Casus':'NOMINATIVE','Genus':'MASCULINE','Numerus':'SINGULAR','Pos':'PRO','PronounType':'INDEFINITE'},'name':'alter'}]}],'name':'alter@PRO'}]">alter</w><c> </c><w lemma="[{'id':937232,'ls':[{'id':3037,'name':'debitor','wfs':[{'id':937245,'morph':{'Casus':'NOMINATIVE','DeclensionType':'THIRD_DECLENSION','Genus':'MASCULINE','Numerus':'SINGULAR','Pos':'NN'},'name':'debitor'}]}],'name':'debitor@NN'}]">debitor</w><c> </c><w lemma="[{'id':1119861,'ls':[{'id':1119862,'name':'iudicium','wfs':[{'id':1119864,'morph':{'Casus':'GENITIVE','DeclensionType':'SECOND_DECLENSION','Genus':'NEUTER','Numerus':'SINGULAR','Pos':'NN'},'name':'iudicii'}]}],'name':'iudicium@NN'}]">iudicii</w><c>,</c><c> </c><w lemma="[{'id':244509402,'ls':[{'id':244509403,'name':'alter','wfs':[{'id':244509430,'morph':{'Casus':'NOMINATIVE','Genus':'MASCULINE','Numerus':'SINGULAR','Pos':'PRO','PronounType':'INDEFINITE'},'name':'alter'}]}],'name':'alter@PRO'}]">alter</w><c> </c><w lemma="[{'id':207525,'ls':[{'id':207526,'name':'obnoxie','wfs':[{'id':243170823,'morph':{'ComparisonDegree':'COMPARATIVE','Pos':'ADV'},'name':'obnoxius'}]}],'name':'obnoxie@ADV'}]">obnoxius</w><c> </c><w lemma="[{'id':7617143,'ls':[{'id':7617144,'name':'sum','wfs':[{'id':242825881,'morph':{'Mood':'INDICATIVE','Numerus':'SINGULAR','Person':'PERSON_3','Pos':'V','Tense':'PRESENT','VerbType':'VERBA_ANOMALA','Voice':'ACTIVE'},'name':'est'}]}],'name':'sum@V'}]">est</w><c> </c><w lemma="[{'id':1029305,'ls':[{'id':4302,'name':'favor','wfs':[{'id':243346351,'morph':{'Casus':'DATIVE','DeclensionType':'THIRD_DECLENSION','Genus':'MASCULINE','Numerus':'SINGULAR','Pos':'NN'},'name':'favori'}]}],'name':'favor@NN'}]">favori</w><c>.</c><c> </c><lb n="13" xml:id="bsb00000824_00205_13"></lb></s><s><w lemma="[{'id':242815996,'ls':[{'id':242815997,'name':'hic','wfs':[{'id':244509671,'morph':{'Casus':'ACCUSATIVE','Genus':'MASCULINE','Numerus':'PLURAL','Pos':'PRO','PronounType':'DEMONSTRATIVE'},'name':'hos'}]}],'name':'hic@PRO'}]">hos</w><c> </c><w lemma="[{'id':109821,'ls':[{'id':109822,'name':'enim','wfs':[{'id':109823,'morph':{'Pos':'CON'},'name':'enim'}]}],'name':'enim@CON'}]">enim</w><c> </c><w lemma="[{'id':731316,'ls':[{'id':535,'name':'aestimatio','wfs':[{'id':243244531,'morph':{'Casus':'ABLATIVE','DeclensionType':'THIRD_DECLENSION','Genus':'FEMININE','Numerus':'SINGULAR','Pos':'NN'},'name':'aestimatione'}]}],'name':'aestimatio@NN'}]">aestimatione</w><c> </c><w lemma="[{'id':7558164,'ls':[{'id':7558570,'name':'subveho','wfs':[{'id':7558682,'morph':{'ConjugationType':'THIRD_CONJUGATION','Mood':'INDICATIVE','Numerus':'PLURAL','Person':'PERSON_1','Pos':'V','Tense':'PRESENT','VerbType':'TRANSITIVE','Voice':'ACTIVE'},'name':'subvehimus'}]}],'name':'subveho@V'}]">subvehimus</w><c>,</c><c> </c><w lemma="[{'id':242815932,'ls':[{'id':242815933,'name':'alius','wfs':[{'id':546237363,'morph':{'Casus':'ACCUSATIVE','DeclensionType':'SECOND_DECLENSION','Genus':'MASCULINE','Numerus':'PLURAL','Pos':'PRO','PronounType':'INDEFINITE'},'name':'alios'}]}],'name':'alius@PRO'}]">alios</w><c> </c><w lemma="[{'id':1056993,'ls':[{'id':4717,'name':'gratia','wfs':[{'id':1057003,'morph':{'Casus':'ABLATIVE','DeclensionType':'FIRST_DECLENSION','Genus':'FEMININE','Numerus':'SINGULAR','Pos':'NN'},'name':'gratia'}]}],'name':'gratia@NN'}]">gratia</w><c> </c><w lemma="[{'id':6935199,'ls':[{'id':6935600,'name':'promoveo','wfs':[{'id':6935708,'morph':{'ConjugationType':'SECOND_CONJUGATION','Mood':'INDICATIVE','Numerus':'PLURAL','Person':'PERSON_1','Pos':'V','Tense':'PRESENT','VerbType':'TRANSITIVE','Voice':'ACTIVE'},'name':'promovemus'}]}],'name':'promoveo@V'}]">promovemus</w><c> </c><w lemma="[{'id':109828,'ls':[{'id':109829,'name':'et','wfs':[{'id':109830,'morph':{'Pos':'CON'},'name':'et'}]}],'name':'et@CON'}]">et</w><c> </c><w lemma="[{'id':109453,'ls':[{'id':109454,'name':'ad','wfs':[{'id':109455,'morph':{'Pos':'AP'},'name':'ad'}]}],'name':'ad@AP'}]">ad</w><c> </c><w lemma="[{'id':2744416,'ls':[{'id':6625,'name':'omnis','wfs':[{'id':2744417,'morph':{'Casus':'ACCUSATIVE','ComparisonDegree':'POSITIVE','DeclensionType':'THIRD_DECLENSION','Genus':'FEMININE','Numerus':'PLURAL','Pos':'ADJ'},'name':'omnes'}]}],'name':'omnis@ADJ'}]">omnes</w><c> </c><w lemma="[{'id':1093228,'ls':[{'id':5164,'name':'indulgentia','wfs':[{'id':1093240,'morph':{'Casus':'GENITIVE','DeclensionType':'FIRST_DECLENSION','Genus':'FEMININE','Numerus':'SINGULAR','Pos':'NN'},'name':'indulgentiae'}]}],'name':'indulgentia@NN'}]">indulgentiae</w><c> </c><lb n="14" xml:id="bsb00000824_00205_14"></lb><w lemma="[{'id':1460892,'ls':[{'id':9241,'name':'via','wfs':[{'id':1460945,'morph':{'Casus':'ACCUSATIVE','DeclensionType':'FIRST_DECLENSION','Genus':'FEMININE','Numerus':'PLURAL','Pos':'NN'},'name':'vias'}]}],'name':'via@NN'}]">vias</w><c> </c><w lemma="[{'id':244510439,'ls':[{'id':244510440,'name':'noster','wfs':[{'id':244510472,'morph':{'Casus':'NOMINATIVE','DeclensionType':'FIRST_DECLENSION','Genus':'FEMININE','Numerus':'SINGULAR','Pos':'PRO','PronounType':'POSSESSIVE'},'name':'nostra'}]}],'name':'noster@PRO'}]">nostra</w><c> </c><w lemma="[{'id':242816792,'ls':[{'id':242816793,'name':'sui','wfs':[{'id':594734073,'morph':{'Casus':'ACCUSATIVE','Genus':'FEMININE','Numerus':'SINGULAR','Pos':'PRO','PronounType':'REFLEXIVE'},'name':'se'}]}],'name':'sui@PRO'}]">se</w><c> </c><w lemma="[{'id':7127788,'ls':[{'id':7839,'name':'relaxo','wfs':[{'id':7128138,'morph':{'ConjugationType':'FIRST_CONJUGATION','Mood':'INDICATIVE','Numerus':'SINGULAR','Person':'PERSON_3','Pos':'V','Tense':'PRESENT','VerbType':'TRANSITIVE','Voice':'ACTIVE'},'name':'relaxat'}]}],'name':'relaxo@V'}]">relaxat</w><c> </c><w lemma="[{'id':1070408,'ls':[{'id':4891,'name':'humanitas','wfs':[{'id':1070421,'morph':{'Casus':'NOMINATIVE','DeclensionType':'THIRD_DECLENSION','Genus':'FEMININE','Numerus':'SINGULAR','Pos':'NN'},'name':'humanitas'}]}],'name':'humanitas@NN'}]">humanitas</w><c>.</c><c> </c></s><s><w lemma="[{'id':110010,'ls':[{'id':110011,'name':'sed','wfs':[{'id':110012,'morph':{'Pos':'CON'},'name':'sed'}]}],'name':'sed@CON'}]">sed</w><c> </c><w lemma="[{'id':751525,'ls':[{'id':721,'name':'amor','wfs':[{'id':751541,'morph':{'Casus':'GENITIVE','DeclensionType':'THIRD_DECLENSION','Genus':'MASCULINE','Numerus':'SINGULAR','Pos':'NN'},'name':'amoris'}]}],'name':'amor@NN'}]">amoris</w><c> </c><w lemma="[{'id':244512458,'ls':[{'id':244512459,'name':'vester','wfs':[{'id':244512549,'morph':{'Casus':'GENITIVE','DeclensionType':'SECOND_DECLENSION','Genus':'MASCULINE','Numerus':'SINGULAR','Pos':'PRO','PronounType':'POSSESSIVE'},'name':'vestri'}]}],'name':'vester@PRO'}]">vestri</w><c> </c><w lemma="[{'id':1111935,'ls':[{'id':1111936,'name':'intuitus','wfs':[{'id':244750415,'morph':{'Casus':'ABLATIVE','DeclensionType':'FOURTH_DECLENSION','Genus':'MASCULINE','Numerus':'SINGULAR','Pos':'NN'},'name':'intuitu'}]}],'name':'intuitus@NN'}]">intuitu</w><c> </c><w lemma="[{'id':4289827,'ls':[{'id':2173,'name':'commoneo','wfs':[{'id':4289942,'morph':{'ConjugationType':'SECOND_CONJUGATION','Mood':'INDICATIVE','Numerus':'PLURAL','Person':'PERSON_1','Pos':'V','Tense':'PRESENT','VerbType':'TRANSITIVE','Voice':'PASSIVE'},'name':'commonemur'}]}],'name':'commoneo@V'}]">commonemur</w><c>,</c><c> </c><w lemma="[{'id':226455,'ls':[{'id':226456,'name':'quotiens','wfs':[{'id':226457,'morph':{'ComparisonDegree':'POSITIVE','Pos':'ADV'},'name':'quotiens'}]}],'name':'quotiens@ADV'}]">quotiens</w><c> </c><w lemma="[{'id':109577,'ls':[{'id':109578,'name':'in','wfs':[{'id':109579,'morph':{'Pos':'AP'},'name':'in'}]}],'name':'in@AP'}]">in</w><c> </c><lb n="15" xml:id="bsb00000824_00205_15"></lb><w lemma="[{'id':869440,'ls':[{'id':869441,'name':'coetus','wfs':[{'id':243287015,'morph':{'Casus':'ACCUSATIVE','DeclensionType':'FOURTH_DECLENSION','Genus':'MASCULINE','Numerus':'SINGULAR','Pos':'NN'},'name':'coetum'}]}],'name':'coetus@NN'}]">coetum</w><c> </c><w lemma="[{'id':244512458,'ls':[{'id':244512459,'name':'vester','wfs':[{'id':481107035,'morph':{'Casus':'ACCUSATIVE','DeclensionType':'SECOND_DECLENSION','Genus':'MASCULINE','Numerus':'SINGULAR','Pos':'PRO','PronounType':'POSSESSIVE'},'name':'vestrum'}]}],'name':'vester@PRO'}]">vestrum</w><c> </c><w lemma="[{'id':5118777,'ls':[{'id':3728,'name':'duco','wfs':[{'id':5119099,'morph':{'ConjugationType':'THIRD_CONJUGATION','Mood':'INDICATIVE','Numerus':'SINGULAR','Person':'PERSON_3','Pos':'V','Tense':'PRESENT','VerbType':'TRANSITIVE','Voice':'PASSIVE'},'name':'ducitur'}]}],'name':'duco@V'}]">ducitur</w><c>,</c><c> </c><w lemma="[{'id':242816363,'ls':[{'id':242816364,'name':'qui','wfs':[{'id':244511016,'morph':{'Casus':'NOMINATIVE','Genus':'MASCULINE','Numerus':'SINGULAR','Pos':'PRO','PronounType':'RELATIVE'},'name':'qui'}]}],'name':'qui@PRO'}]">qui</w><c> </c><w lemma="[{'id':109545,'ls':[{'id':109546,'name':'de','wfs':[{'id':109547,'morph':{'Pos':'AP'},'name':'de'}]}],'name':'de@AP'}]">de</w><c> </c><w lemma="[{'id':2369058,'ls':[{'id':4681,'name':'gloriosus','wfs':[{'id':2369065,'morph':{'Casus':'ABLATIVE','ComparisonDegree':'POSITIVE','DeclensionType':'FIRST_DECLENSION','Genus':'FEMININE','Numerus':'PLURAL','Pos':'ADJ'},'name':'gloriosis'}]}],'name':'gloriosus@ADJ'}]">gloriosis</w><c> </c><w lemma="[{'id':1467592,'ls':[{'id':9290,'name':'virtus','wfs':[{'id':1467608,'morph':{'Casus':'ABLATIVE','DeclensionType':'THIRD_DECLENSION','Genus':'FEMININE','Numerus':'PLURAL','Pos':'NN'},'name':'virtutibus'}]}],'name':'virtus@NN'}]">virtutibus</w><c> </c><w lemma="[{'id':3516475,'ls':[{'id':533,'name':'aestimo','wfs':[{'id':3516826,'morph':{'ConjugationType':'FIRST_CONJUGATION','Mood':'INDICATIVE','Numerus':'SINGULAR','Person':'PERSON_3','Pos':'V','Tense':'PRESENT','VerbType':'TRANSITIVE','Voice':'PASSIVE'},'name':'aestimatur'}]}],'name':'aestimo@V'}]">aestimatur</w><c>.</c><c> </c></s><s><w lemma="[{'id':242816688,'ls':[{'id':242816689,'name':'quisquis','wfs':[{'id':244511596,'morph':{'Casus':'NOMINATIVE','Genus':'NEUTER','Numerus':'SINGULAR','Pos':'PRO','PronounType':'INDEFINITE'},'name':'quicquid'}]}],'name':'quisquis@PRO'}]">quicquid</w><c> </c><w lemma="[{'id':109821,'ls':[{'id':109822,'name':'enim','wfs':[{'id':109823,'morph':{'Pos':'CON'},'name':'enim'}]}],'name':'enim@CON'}]">enim</w><c> </c><w lemma="[{'id':2396607,'ls':[{'id':4890,'name':'humanus','wfs':[{'id':2396734,'morph':{'Casus':'GENITIVE','ComparisonDegree':'POSITIVE','DeclensionType':'SECOND_DECLENSION','Genus':'NEUTER','Numerus':'SINGULAR','Pos':'ADJ'},'name':'humani'}]}],'name':'humanus@ADJ'}]">humani</w><c> </c><lb n="16" xml:id="bsb00000824_00205_16"></lb><w lemma="[{'id':1052280,'ls':[{'id':4639,'name':'genus','wfs':[{'id':1052296,'morph':{'Casus':'GENITIVE','DeclensionType':'THIRD_DECLENSION','Genus':'NEUTER','Numerus':'SINGULAR','Pos':'NN'},'name':'generis'}]}],'name':'genus@NN'}]">generis</w><c> </c><w lemma="[{'id':1036683,'ls':[{'id':1036684,'name':'flor','wfs':[{'id':1036699,'morph':{'Casus':'GENITIVE','DeclensionType':'THIRD_DECLENSION','Genus':'MASCULINE','Numerus':'SINGULAR','Pos':'NN'},'name':'floris'}]}],'name':'flos@NN'}]">floris</w><c> </c><w lemma="[{'id':7617143,'ls':[{'id':7617144,'name':'sum','wfs':[{'id':242825881,'morph':{'Mood':'INDICATIVE','Numerus':'SINGULAR','Person':'PERSON_3','Pos':'V','Tense':'PRESENT','VerbType':'VERBA_ANOMALA','Voice':'ACTIVE'},'name':'est'}]}],'name':'sum@V'}]">est</w><c>,</c><c> </c><w lemma="[{'id':5618354,'ls':[{'id':4757,'name':'habeo','wfs':[{'id':5618435,'morph':{'ConjugationType':'SECOND_CONJUGATION','Mood':'INFINITIVE','Pos':'V','Tense':'PRESENT','VerbType':'TRANSITIVE','Voice':'ACTIVE'},'name':'habere'}]}],'name':'habeo@V'}]">habere</w><c> </c><w lemma="[{'id':931403,'ls':[{'id':2968,'name':'curia','wfs':[{'id':931412,'morph':{'Casus':'ACCUSATIVE','DeclensionType':'FIRST_DECLENSION','Genus':'FEMININE','Numerus':'SINGULAR','Pos':'NN'},'name':'curiam'}]}],'name':'curia@NN'}]">curiam</w><c> </c><w lemma="[{'id':4708992,'ls':[{'id':4708993,'name':'decet','wfs':[{'id':4709145,'morph':{'ConjugationType':'SECOND_CONJUGATION','Mood':'INDICATIVE','Numerus':'SINGULAR','Person':'PERSON_3','Pos':'V','Tense':'PRESENT','VerbType':'IMPERSONAL','Voice':'ACTIVE'},'name':'decet'}]}],'name':'decet@V'}]">decet</w><c>:</c><c> </c><w lemma="[{'id':242816363,'ls':[{'id':242816364,'name':'qui','wfs':[{'id':296826594,'morph':{'Casus':'NOMINATIVE','Genus':'FEMININE','Numerus':'SINGULAR','Pos':'PRO','PronounType':'RELATIVE'},'name':'quae'}]}],'name':'qui@PRO'}]">quae</w><c> </c><w lemma="[{'id':235568,'ls':[{'id':8310,'name':'sicut','wfs':[{'id':235569,'morph':{'Pos':'ADV'},'name':'sicut'}]}],'name':'sicut@ADV'}]">sicut</w><c> </c><w lemma="[{'id':785065,'ls':[{'id':1054,'name':'arx','wfs':[{'id':785108,'morph':{'Casus':'NOMINATIVE','DeclensionType':'THIRD_DECLENSION','Genus':'FEMININE','Numerus':'SINGULAR','Pos':'NN'},'name':'arx'}]}],'name':'arx@NN'}]">arx</w><c> </c><w lemma="[{'id':940642,'ls':[{'id':3078,'name':'decus','wfs':[{'id':940658,'morph':{'Casus':'NOMINATIVE','DeclensionType':'THIRD_DECLENSION','Genus':'NEUTER','Numerus':'SINGULAR','Pos':'NN'},'name':'decus'}]}],'name':'decus@NN'}]">decus</w><c> </c><w lemma="[{'id':1441746,'ls':[{'id':9065,'name':'urbs','wfs':[{'id':241492625,'morph':{'Casus':'GENITIVE','DeclensionType':'THIRD_DECLENSION','Genus':'FEMININE','Numerus':'PLURAL','Pos':'NN'},'name':'urbium'}]}],'name':'urbs@NN'}]">urbium</w><c>,</c><c> </c><w lemma="[{'id':196519,'ls':[{'id':5544,'name':'ita','wfs':[{'id':196520,'morph':{'Pos':'ADV'},'name':'ita'}]}],'name':'ita@ADV'}]">ita</w><c> </c><w lemma="[{'id':242816114,'ls':[{'id':242816115,'name':'ille','wfs':[{'id':244509856,'morph':{'Casus':'NOMINATIVE','Genus':'FEMININE','Numerus':'SINGULAR','Pos':'PRO','PronounType':'DEMONSTRATIVE'},'name':'illa'}]}],'name':'ille@PRO'}]">illa</w><c> </c><lb n="17" xml:id="bsb00000824_00205_17"></lb><w lemma="[{'id':1216904,'ls':[{'id':6702,'name':'ornamentum','wfs':[{'id':1216917,'morph':{'Casus':'NOMINATIVE','DeclensionType':'SECOND_DECLENSION','Genus':'NEUTER','Numerus':'SINGULAR','Pos':'NN'},'name':'ornamentum'}]}],'name':'ornamentum@NN'}]">ornamentum</w><c> </c><w lemma="[{'id':7617143,'ls':[{'id':7617144,'name':'sum','wfs':[{'id':242825881,'morph':{'Mood':'INDICATIVE','Numerus':'SINGULAR','Person':'PERSON_3','Pos':'V','Tense':'PRESENT','VerbType':'VERBA_ANOMALA','Voice':'ACTIVE'},'name':'est'}]}],'name':'sum@V'}]">est</w><c> </c><w lemma="[{'id':1216283,'ls':[{'id':6689,'name':'ordo','wfs':[{'id':243411351,'morph':{'Casus':'GENITIVE','DeclensionType':'THIRD_DECLENSION','Genus':'MASCULINE','Numerus':'PLURAL','Pos':'NN'},'name':'ordinum'}]}],'name':'ordo@NN'}]">ordinum</w><c> </c><w lemma="[{'id':847851,'ls':[{'id':847852,'name':'ceterus','wfs':[{'id':847856,'morph':{'Casus':'GENITIVE','DeclensionType':'SECOND_DECLENSION','Genus':'MASCULINE','Numerus':'PLURAL','Pos':'NN'},'name':'ceterorum'}]}],'name':'ceterus@NN'}]">ceterorum</w><c>.</c><c> </c></s><s><w lemma="[{'id':109772,'ls':[{'id':109773,'name':'atque','wfs':[{'id':109774,'morph':{'Pos':'CON'},'name':'atque'}]}],'name':'atque@CON'}]">Atque</w><c> </c><w lemma="[{'id':183546,'ls':[{'id':183547,'name':'ideo','wfs':[{'id':183548,'morph':{'ComparisonDegree':'POSITIVE','Pos':'ADV'},'name':'ideo'}]}],'name':'ideo@ADV'}]">ideo</w><c> </c><w lemma="[{'id':397405,'ls':[{'id':397406,'name':'Eugen','wfs':[{'id':779279999,'morph':{'Casus':'ACCUSATIVE','DeclensionType':'THIRD_DECLENSION','Genus':'MASCULINE','Numerus':'SINGULAR','Pos':'NP'},'name':'Eugenitem'}]}],'name':'Eugen@NP'}]">Eugenitem</w><c> </c><w lemma="[{'id':2413908,'ls':[{'id':4928,'name':'illustris','wfs':[{'id':2414010,'morph':{'Casus':'ACCUSATIVE','ComparisonDegree':'POSITIVE','DeclensionType':'THIRD_DECLENSION','Genus':'MASCULINE','Numerus':'SINGULAR','Pos':'ADJ'},'name':'illustrem'}]}],'name':'illustris@ADJ'}]">illustrem</w><c> </c><w lemma="[{'id':1466541,'ls':[{'id':9281,'name':'vir','wfs':[{'id':1466564,'morph':{'Casus':'ACCUSATIVE','DeclensionType':'SECOND_DECLENSION','Genus':'MASCULINE','Numerus':'SINGULAR','Pos':'NN'},'name':'virum'}]}],'name':'vir@NN'}]">virum</w><c> </c><w lemma="[{'id':2616692,'ls':[{'id':5790,'name':'litteratus','wfs':[{'id':2616771,'morph':{'Casus':'GENITIVE','ComparisonDegree':'POSITIVE','DeclensionType':'SECOND_DECLENSION','Genus':'NEUTER','Numerus':'SINGULAR','Pos':'ADJ'},'name':'litterati'}]}],'name':'litteratus@ADJ'}]">litterati</w><c> </c><lb n="18" xml:id="bsb00000824_00205_18"></lb><w lemma="[{'id':979103,'ls':[{'id':3686,'name':'dogma','wfs':[{'id':979112,'morph':{'Casus':'GENITIVE','DeclensionType':'THIRD_DECLENSION','Genus':'NEUTER','Numerus':'SINGULAR','Pos':'NN'},'name':'dogmatis'}]}],'name':'dogma@NN'}]">dogmatis</w><c> </c><w lemma="[{'id':1213166,'ls':[{'id':6643,'name':'opinio','wfs':[{'id':243410473,'morph':{'Casus':'ABLATIVE','DeclensionType':'THIRD_DECLENSION','Genus':'FEMININE','Numerus':'SINGULAR','Pos':'NN'},'name':'opinione'}]}],'name':'opinio@NN'}]">opinione</w><c> </c><w lemma="[{'id':5567994,'ls':[{'id':4546,'name':'fulgeo','wfs':[{'id':5568019,'morph':{'Casus':'ACCUSATIVE','ConjugationType':'SECOND_CONJUGATION','Genus':'FEMININE','Mood':'PARTICIPLE','Numerus':'SINGULAR','Pos':'V','Tense':'PRESENT','VerbType':'TRANSITIVE','Voice':'ACTIVE'},'name':'fulgentem'}]}],'name':'fulgeo@V'}]">fulgentem</w><c> </c><w lemma="[{'id':1152146,'ls':[{'id':5909,'name':'magisterium','wfs':[{'id':243389648,'morph':{'Casus':'GENITIVE','DeclensionType':'SECOND_DECLENSION','Genus':'NEUTER','Numerus':'SINGULAR','Pos':'NN'},'name':'magisterii'}]}],'name':'magisterium@NN'}]">magisterii</w><c> </c><w lemma="[{'id':614673272,'ls':[{'id':4860,'name':'honor','wfs':[{'id':243359050,'morph':{'Casus':'ABLATIVE','DeclensionType':'THIRD_DECLENSION','Genus':'MASCULINE','Numerus':'SINGULAR','Pos':'NN'},'name':'honore'}]}],'name':'honor@NN'}]">honore</w><c> </c><w lemma="[{'id':7558164,'ls':[{'id':7558570,'name':'subveho','wfs':[{'id':7558690,'morph':{'ConjugationType':'THIRD_CONJUGATION','Mood':'INDICATIVE','Numerus':'PLURAL','Person':'PERSON_1','Pos':'V','Tense':'PERFECT','VerbType':'TRANSITIVE','Voice':'ACTIVE'},'name':'subveximus'}]}],'name':'subveho@V'}]">subveximus</w><c>,</c><c> </c><w lemma="[{'id':110061,'ls':[{'id':110062,'name':'ut','wfs':[{'id':110063,'morph':{'Pos':'CON'},'name':'ut'}]}],'name':'ut@CON'}]">ut</w><c> </c><w lemma="[{'id':5592400,'ls':[{'id':4645,'name':'gero','wfs':[{'id':5592706,'morph':{'ConjugationType':'THIRD_CONJUGATION','Mood':'SUBJUNCTIVE','Numerus':'SINGULAR','Person':'PERSON_3','Pos':'V','Tense':'IMPERFECT','VerbType':'TRANSITIVE','Voice':'ACTIVE'},'name':'gereret'}]}],'name':'gero@V'}]">gereret</w><c> </c><w lemma="[{'id':1191767,'ls':[{'id':6409,'name':'nomen','wfs':[{'id':243402774,'morph':{'Casus':'ABLATIVE','DeclensionType':'THIRD_DECLENSION','Genus':'NEUTER','Numerus':'SINGULAR','Pos':'NN'},'name':'nomine'}]}],'name':'nomen@NN'}]">nomine</w><c> </c><w lemma="[{'id':225505,'ls':[{'id':7683,'name':'quam','wfs':[{'id':225506,'morph':{'Pos':'ADV'},'name':'quam'}]}],'name':'quam@ADV'}]">quam</w><c> </c><lb n="19" xml:id="bsb00000824_00205_19"></lb><w lemma="[{'id':6740664,'ls':[{'id':7232,'name':'possideo','wfs':[{'id':6741361,'morph':{'ConjugationType':'SECOND_CONJUGATION','Mood':'INDICATIVE','Numerus':'SINGULAR','Person':'PERSON_3','Pos':'V','Tense':'IMPERFECT','VerbType':'TRANSITIVE','Voice':'ACTIVE'},'name':'possidebat'}]}],'name':'possideo@V'}]">possidebat</w><c> </c><w lemma="[{'id':1165161,'ls':[{'id':6082,'name':'meritum','wfs':[{'id':1165163,'morph':{'Casus':'ABLATIVE','DeclensionType':'SECOND_DECLENSION','Genus':'NEUTER','Numerus':'PLURAL','Pos':'NN'},'name':'meritis'}]}],'name':'meritum@NN'}]">meritis</w><c> </c><w lemma="[{'id':965405,'ls':[{'id':3526,'name':'dignitas','wfs':[{'id':243322385,'morph':{'Casus':'ACCUSATIVE','DeclensionType':'THIRD_DECLENSION','Genus':'FEMININE','Numerus':'SINGULAR','Pos':'NN'},'name':'dignitatem'}]}],'name':'dignitas@NN'}]">dignitatem</w><c>.</c><c> </c></s><s><w lemma="[{'id':242816600,'ls':[{'id':242816601,'name':'quis','wfs':[{'id':603241,'morph':{'Casus':'NOMINATIVE','Genus':'MASCULINE','Numerus':'SINGULAR','Pos':'PRO','PronounType':'INTERROGATIVE'},'name':'quis'}]}],'name':'quis@PRO'}]">quis</w><c> </c><w lemma="[{'id':109821,'ls':[{'id':109822,'name':'enim','wfs':[{'id':109823,'morph':{'Pos':'CON'},'name':'enim'}]}],'name':'enim@CON'}]">enim</w><c> </c><w lemma="[{'id':241347125,'ls':[{'id':241347126,'name':'tot','wfs':[{'id':241347136,'morph':{'Pos':'ADJ'},'name':'tot'}]}],'name':'tot@NUM'}]">tot</w><c> </c><w lemma="[{'id':242816207,'ls':[{'id':242816208,'name':'is','wfs':[{'id':297496634,'morph':{'Casus':'GENITIVE','Genus':'MASCULINE','Numerus':'SINGULAR','Pos':'PRO','PronounType':'PERSONAL'},'name':'eius'}]}],'name':'is@PRO'}]">eius</w><c> </c><w lemma="[{'id':1209640,'ls':[{'id':1209641,'name':'officiosus','wfs':[{'id':1209649,'morph':{'Casus':'ACCUSATIVE','DeclensionType':'SECOND_DECLENSION','Genus':'MASCULINE','Numerus':'SINGULAR','Pos':'NN'},'name':'officiosos'}]}],'name':'officiosus@NN'}]">officiosos</w><c> </c><w lemma="[{'id':1126285,'ls':[{'id':5563,'name':'labor','wfs':[{'id':1126286,'morph':{'Casus':'ACCUSATIVE','DeclensionType':'THIRD_DECLENSION','Genus':'MASCULINE','Numerus':'PLURAL','Pos':'NN'},'name':'labores'}]}],'name':'labor@NN'}]">labores</w><c> </c><w lemma="[{'id':5659749,'ls':[{'id':5659750,'name':'ignoro','wfs':[{'id':5660103,'morph':{'ConjugationType':'FIRST_CONJUGATION','Mood':'SUBJUNCTIVE','Numerus':'SINGULAR','Person':'PERSON_3','Pos':'V','Tense':'PRESENT','VerbType':'TRANSITIVE','Voice':'ACTIVE'},'name':'ignoret'}]}],'name':'ignoro@V'}]">ignoret</w><c>,</c><c> </c><w lemma="[{'id':242816363,'ls':[{'id':242816364,'name':'qui','wfs':[{'id':242816417,'morph':{'Casus':'ACCUSATIVE','Genus':'MASCULINE','Numerus':'PLURAL','Pos':'PRO','PronounType':'RELATIVE'},'name':'quos'}]}],'name':'qui@PRO'}]">quos</w><c> </c><w lemma="[{'id':206035,'ls':[{'id':6416,'name':'non','wfs':[{'id':241322627,'morph':{'Pos':'ADV'},'name':'non'}]}],'name':'non@ADV'}]">non</w><c> </c><lb n="20" xml:id="bsb00000824_00205_20"></lb><w lemma="[{'id':1464142,'ls':[{'id':1464155,'name':'vilitas','wfs':[{'id':243498935,'morph':{'Casus':'ABLATIVE','DeclensionType':'THIRD_DECLENSION','Genus':'FEMININE','Numerus':'SINGULAR','Pos':'NN'},'name':'vilitate'}]}],'name':'vilitas@NN'}]">vilitate</w><c> </c><w lemma="[{'id':1163829,'ls':[{'id':6062,'name':'mens','wfs':[{'id':1163843,'morph':{'Casus':'GENITIVE','DeclensionType':'THIRD_DECLENSION','Genus':'FEMININE','Numerus':'SINGULAR','Pos':'NN'},'name':'mentis'}]}],'name':'mens@NN'}]">mentis</w><c> </c><w lemma="[{'id':5357196,'ls':[{'id':4071,'name':'exerceo','wfs':[{'id':5357552,'morph':{'ConjugationType':'SECOND_CONJUGATION','Mood':'INDICATIVE','Numerus':'SINGULAR','Person':'PERSON_3','Pos':'V','Tense':'PERFECT','VerbType':'TRANSITIVE','Voice':'ACTIVE'},'name':'exercuit'}]}],'name':'exerceo@V'}]">exercuit</w><c>,</c><c> </c><w lemma="[{'id':110010,'ls':[{'id':110011,'name':'sed','wfs':[{'id':110012,'morph':{'Pos':'CON'},'name':'sed'}]}],'name':'sed@CON'}]">sed</w><c> </c><w lemma="[{'id':1229621,'ls':[{'id':1229622,'name':'patrocinium','wfs':[{'id':241463232,'morph':{'Casus':'GENITIVE','DeclensionType':'SECOND_DECLENSION','Genus':'NEUTER','Numerus':'SINGULAR','Pos':'NN'},'name':'patrocinii'}]}],'name':'patrocinium@NN'}]">patrocinii</w><c> </c><w lemma="[{'id':614673272,'ls':[{'id':4860,'name':'honor','wfs':[{'id':243359050,'morph':{'Casus':'ABLATIVE','DeclensionType':'THIRD_DECLENSION','Genus':'MASCULINE','Numerus':'SINGULAR','Pos':'NN'},'name':'honore'}]}],'name':'honor@NN'}]">honore</w><c> </c><w lemma="[{'id':7367147,'ls':[{'id':8287,'name':'servo','wfs':[{'id':7367868,'morph':{'ConjugationType':'FIRST_CONJUGATION','Mood':'INDICATIVE','Numerus':'SINGULAR','Person':'PERSON_3','Pos':'V','Tense':'PERFECT','VerbType':'TRANSITIVE','Voice':'ACTIVE'},'name':'servavit'}]}],'name':'servo@V'}]">servavit</w><c>?</c><c> </c></s><s><w lemma="[{'id':5109084,'ls':[{'id':3001,'name':'do','wfs':[{'id':5109200,'morph':{'ConjugationType':'FIRST_CONJUGATION','Mood':'INDICATIVE','Numerus':'PLURAL','Person':'PERSON_1','Pos':'V','Tense':'PERFECT','VerbType':'TRANSITIVE','Voice':'ACTIVE'},'name':'dedimus'}]}],'name':'do@V'}]">dedimus</w><c> </c><w lemma="[{'id':109851,'ls':[{'id':109852,'name':'itaque','wfs':[{'id':109853,'morph':{'Pos':'CON'},'name':'itaque'}]}],'name':'itaque@CON'}]">itaque</w><c> </c><w lemma="[{'id':1245784,'ls':[{'id':7011,'name':'persona','wfs':[{'id':1245793,'morph':{'Casus':'ACCUSATIVE','DeclensionType':'FIRST_DECLENSION','Genus':'FEMININE','Numerus':'SINGULAR','Pos':'NN'},'name':'personam'}]}],'name':'persona@NN'}]">personam</w><c> </c><lb n="21" xml:id="bsb00000824_00205_21"></lb><w lemma="[{'id':244511939,'ls':[{'id':244511940,'name':'tantus','wfs':[{'id':644158847,'morph':{'Casus':'ABLATIVE','DeclensionType':'SECOND_DECLENSION','Genus':'MASCULINE','Numerus':'PLURAL','Pos':'PRO','PronounType':'CORRELATIVE'},'name':'tantis'}]}],'name':'tantus@PRO'}]">tantis</w><c> </c><w lemma="[{'id':614673272,'ls':[{'id':4860,'name':'honor','wfs':[{'id':1068845,'morph':{'Casus':'ABLATIVE','DeclensionType':'THIRD_DECLENSION','Genus':'MASCULINE','Numerus':'PLURAL','Pos':'NN'},'name':'honoribus'}]}],'name':'honor@NN'}]">honoribus</w><c> </c><w lemma="[{'id':2764049,'ls':[{'id':245550017,'name':'par','wfs':[{'id':244161900,'morph':{'Casus':'ACCUSATIVE','ComparisonDegree':'POSITIVE','DeclensionType':'THIRD_DECLENSION','Genus':'FEMININE','Numerus':'SINGULAR','Pos':'ADJ'},'name':'parem'}]}],'name':'par@ADJ'}]">parem</w><c>,</c><c> </c><w lemma="[{'id':110061,'ls':[{'id':110062,'name':'ut','wfs':[{'id':110063,'morph':{'Pos':'CON'},'name':'ut'}]}],'name':'ut@CON'}]">ut</w><c> </c><w lemma="[{'id':1595366,'ls':[{'id':1595367,'name':'alteruter','wfs':[{'id':1595464,'morph':{'Casus':'ABLATIVE','ComparisonDegree':'POSITIVE','DeclensionType':'SECOND_DECLENSION','Genus':'NEUTER','Numerus':'SINGULAR','Pos':'ADJ'},'name':'alterutro'}]}],'name':'alteruter@ADJ'}]">alterutro</w><c> </c><w lemma="[{'id':940642,'ls':[{'id':3078,'name':'decus','wfs':[{'id':243313896,'morph':{'Casus':'ABLATIVE','DeclensionType':'THIRD_DECLENSION','Genus':'NEUTER','Numerus':'SINGULAR','Pos':'NN'},'name':'decore'}]}],'name':'decus@NN'}]">decore</w><c> </c><w lemma="[{'id':5567994,'ls':[{'id':4546,'name':'fulgeo','wfs':[{'id':5568010,'morph':{'Casus':'NOMINATIVE','ConjugationType':'SECOND_CONJUGATION','Genus':'MASCULINE','Mood':'PARTICIPLE','Numerus':'PLURAL','Pos':'V','Tense':'PRESENT','VerbType':'TRANSITIVE','Voice':'ACTIVE'},'name':'fulgentes'}]}],'name':'fulgeo@V'}]">fulgentes</w><c> </c><w lemma="[{'id':2688942,'ls':[{'id':2688943,'name':'mutuus','wfs':[{'id':2689006,'morph':{'Casus':'ABLATIVE','ComparisonDegree':'POSITIVE','DeclensionType':'FIRST_DECLENSION','Genus':'FEMININE','Numerus':'SINGULAR','Pos':'ADJ'},'name':'mutua'}]}],'name':'mutuus@ADJ'}]">mutua</w><c> </c><w lemma="[{'id':242816792,'ls':[{'id':242816793,'name':'sui','wfs':[{'id':594734072,'morph':{'Casus':'ACCUSATIVE','Genus':'MASCULINE','Numerus':'PLURAL','Pos':'PRO','PronounType':'REFLEXIVE'},'name':'se'}]}],'name':'sui@PRO'}]">se</w><c> </c><w lemma="[{'id':1056993,'ls':[{'id':4717,'name':'gratia','wfs':[{'id':1057003,'morph':{'Casus':'ABLATIVE','DeclensionType':'FIRST_DECLENSION','Genus':'FEMININE','Numerus':'SINGULAR','Pos':'NN'},'name':'gratia'}]}],'name':'gratia@NN'}]">gratia</w><c> </c><w lemma="[{'id':1302918,'ls':[{'id':7682,'name':'qualitas','wfs':[{'id':1302930,'morph':{'Casus':'GENITIVE','DeclensionType':'THIRD_DECLENSION','Genus':'FEMININE','Numerus':'SINGULAR','Pos':'NN'},'name':'qualitatis'}]}],'name':'qualitas@NN'}]">qualitatis</w><c> </c><w lemma="[{'id':6502352,'ls':[{'id':6701,'name':'orno','wfs':[{'id':6502639,'morph':{'ConjugationType':'FIRST_CONJUGATION','Mood':'SUBJUNCTIVE','Numerus':'PLURAL','Person':'PERSON_3','Pos':'V','Tense':'IMPERFECT','VerbType':'TRANSITIVE','Voice':'ACTIVE'},'name':'ornarent'}]}],'name':'orno@V'}]">ornarent</w><c>.</c><c> </c><lb n="22" xml:id="bsb00000824_00205_22"></lb></s><s><w lemma="[{'id':242815996,'ls':[{'id':242815997,'name':'hic','wfs':[{'id':242816011,'morph':{'Casus':'NOMINATIVE','Genus':'MASCULINE','Numerus':'SINGULAR','Pos':'PRO','PronounType':'DEMONSTRATIVE'},'name':'hic'}]}],'name':'hic@PRO'}]">hic</w><c> </c><w lemma="[{'id':7617143,'ls':[{'id':7617144,'name':'sum','wfs':[{'id':242825881,'morph':{'Mood':'INDICATIVE','Numerus':'SINGULAR','Person':'PERSON_3','Pos':'V','Tense':'PRESENT','VerbType':'VERBA_ANOMALA','Voice':'ACTIVE'},'name':'est'}]}],'name':'sum@V'}]">est</w><c>,</c><c> </c><w lemma="[{'id':242816363,'ls':[{'id':242816364,'name':'qui','wfs':[{'id':244511016,'morph':{'Casus':'NOMINATIVE','Genus':'MASCULINE','Numerus':'SINGULAR','Pos':'PRO','PronounType':'RELATIVE'},'name':'qui'}]}],'name':'qui@PRO'}]">qui</w><c> </c><w lemma="[{'id':221517,'ls':[{'id':221518,'name':'pridem','wfs':[{'id':221519,'morph':{'ComparisonDegree':'POSITIVE','Pos':'ADV'},'name':'pridem'}]}],'name':'pridem@ADV'}]">pridem</w><c> </c><w lemma="[{'id':244510439,'ls':[{'id':244510440,'name':'noster','wfs':[{'id':252932513,'morph':{'Casus':'DATIVE','DeclensionType':'SECOND_DECLENSION','Genus':'NEUTER','Numerus':'SINGULAR','Pos':'PRO','PronounType':'POSSESSIVE'},'name':'nostro'}]}],'name':'noster@PRO'}]">nostro</w><c> </c><w lemma="[{'id':1132553,'ls':[{'id':5643,'name':'latus','wfs':[{'id':297496595,'morph':{'Casus':'DATIVE','DeclensionType':'THIRD_DECLENSION','Genus':'NEUTER','Numerus':'SINGULAR','Pos':'NN'},'name':'lateri'}]}],'name':'latus@NN'}]">lateri</w><c> </c><w lemma="[{'id':1122720,'ls':[{'id':1122721,'name':'iuridicus','wfs':[{'id':1122735,'morph':{'Casus':'NOMINATIVE','DeclensionType':'SECOND_DECLENSION','Genus':'MASCULINE','Numerus':'SINGULAR','Pos':'NN'},'name':'iuridicus'}]}],'name':'iuridicus@NN'}]">iuridicus</w><c> </c><w lemma="[{'id':1302818,'ls':[{'id':1302819,'name':'quaestor','wfs':[{'id':1302834,'morph':{'Casus':'NOMINATIVE','DeclensionType':'THIRD_DECLENSION','Genus':'MASCULINE','Numerus':'SINGULAR','Pos':'NN'},'name':'quaestor'}]}],'name':'quaestor@NN'}]">quaestor</w><c> </c><w lemma="[{'id':3441388,'ls':[{'id':3441389,'name':'adhaereo','wfs':[{'id':3441530,'morph':{'ConjugationType':'SECOND_CONJUGATION','Mood':'INDICATIVE','Numerus':'SINGULAR','Person':'PERSON_3','Pos':'V','Tense':'PERFECT','VerbType':'TRANSITIVE','Voice':'ACTIVE'},'name':'adhaesit'}]}],'name':'adhaereo@V'}]">adhaesit</w><c>,</c><c> </c><w lemma="[{'id':242816363,'ls':[{'id':242816364,'name':'qui','wfs':[{'id':539256813,'morph':{'Casus':'ACCUSATIVE','Genus':'MASCULINE','Numerus':'SINGULAR','Pos':'PRO','PronounType':'RELATIVE'},'name':'quem'}]}],'name':'qui@PRO'}]">quem</w><c> </c><w lemma="[{'id':1143151,'ls':[{'id':5795,'name':'livor','wfs':[{'id':1143175,'morph':{'Casus':'GENITIVE','DeclensionType':'THIRD_DECLENSION','Genus':'MASCULINE','Numerus':'SINGULAR','Pos':'NN'},'name':'livoris'}]}],'name':'livor@NN'}]">livoris</w><c> </c><w lemma="[{'id':1187562,'ls':[{'id':6346,'name':'nebula','wfs':[{'id':1187576,'morph':{'Casus':'NOMINATIVE','DeclensionType':'FIRST_DECLENSION','Genus':'FEMININE','Numerus':'SINGULAR','Pos':'NN'},'name':'nebula'}]}],'name':'nebula@NN'}]">nebula</w><c> </c><w lemma="[{'id':242816293,'ls':[{'id':242816294,'name':'nullus','wfs':[{'id':244510538,'morph':{'Casus':'NOMINATIVE','Genus':'FEMININE','Numerus':'SINGULAR','Pos':'PRO','PronounType':'INDEFINITE'},'name':'nulla'}]}],'name':'nullus@PRO'}]">nulla</w><c> </c><lb n="23" xml:id="bsb00000824_00205_23"></lb><w lemma="[{'id':5580992,'ls':[{'id':4587,'name':'fusco','wfs':[{'id':5581349,'morph':{'ConjugationType':'FIRST_CONJUGATION','Mood':'INDICATIVE','Numerus':'SINGULAR','Person':'PERSON_3','Pos':'V','Tense':'PERFECT','VerbType':'TRANSITIVE','Voice':'ACTIVE'},'name':'fuscavit'}]}],'name':'fusco@V'}]">fuscavit</w><c>,</c><c> </c><w lemma="[{'id':109871,'ls':[{'id':109872,'name':'nec','wfs':[{'id':109873,'morph':{'Pos':'CON'},'name':'nec'}]}],'name':'nec@CON'}]">nec</w><c> </c><w lemma="[{'id':1153721,'ls':[{'id':1153773,'name':'malivolentia','wfs':[{'id':1153782,'morph':{'Casus':'GENITIVE','DeclensionType':'FIRST_DECLENSION','Genus':'FEMININE','Numerus':'SINGULAR','Pos':'NN'},'name':'malivolentiae'}]}],'name':'malevolentia@NN'}]">malivolentiae</w><c> </c><w lemma="[{'id':1378738,'ls':[{'id':8538,'name':'studium','wfs':[{'id':243467420,'morph':{'Casus':'ABLATIVE','DeclensionType':'SECOND_DECLENSION','Genus':'NEUTER','Numerus':'SINGULAR','Pos':'NN'},'name':'studio'}]}],'name':'studium@NN'}]">studio</w><c> </c><w lemma="[{'id':6325108,'ls':[{'id':6325109,'name':'noceo','wfs':[{'id':499329015,'morph':{'Casus':'GENITIVE','DeclensionType':'SECOND_DECLENSION','Genus':'NEUTER','Mood':'GERUND','Numerus':'SINGULAR','Pos':'V'},'name':'nocendi'}]}],'name':'noceo@V'}]">nocendi</w><c> </c><w lemma="[{'id':783494,'ls':[{'id':1043,'name':'ars','wfs':[{'id':783495,'morph':{'Casus':'ACCUSATIVE','DeclensionType':'THIRD_DECLENSION','Genus':'FEMININE','Numerus':'PLURAL','Pos':'NN'},'name':'artes'}]}],'name':'ars@NN'}]">artes</w><c> </c><w lemma="[{'id':242032248,'ls':[{'id':242032249,'name':'fellitus','wfs':[{'id':779477049,'morph':{'Casus':'DATIVE','ComparisonDegree':'POSITIVE','DeclensionType':'SECOND_DECLENSION','Genus':'MASCULINE','Numerus':'PLURAL','Pos':'ADJ'},'name':'fellitis'}]}],'name':'fellitus@ADJ'}]">fellitis</w><c> </c><w lemma="[{'id':1355214,'ls':[{'id':8247,'name':'sensus','wfs':[{'id':244750557,'morph':{'Casus':'DATIVE','DeclensionType':'FOURTH_DECLENSION','Genus':'MASCULINE','Numerus':'PLURAL','Pos':'NN'},'name':'sensibus'}]}],'name':'sensus@NN'}]">sensibus</w><c> </c><w lemma="[{'id':5402334,'ls':[{'id':5402778,'name':'exquiro','wfs':[{'id':5403141,'morph':{'ConjugationType':'THIRD_CONJUGATION','Mood':'INDICATIVE','Numerus':'SINGULAR','Person':'PERSON_3','Pos':'V','Tense':'PERFECT','VerbType':'TRANSITIVE','Voice':'ACTIVE'},'name':'exquisivit'}]}],'name':'exquiro@V'}]">exquisivit</w><c>:</c><c> </c><w lemma="[{'id':3059018,'ls':[{'id':3059019,'name':'sincerus','wfs':[{'id':3059120,'morph':{'Casus':'ABLATIVE','ComparisonDegree':'POSITIVE','DeclensionType':'SECOND_DECLENSION','Genus':'NEUTER','Numerus':'SINGULAR','Pos':'ADJ'},'name':'sincero'}]}],'name':'sincerus@ADJ'}]">sincero</w><c> </c><lb n="24" xml:id="bsb00000824_00205_24"></lb><w lemma="[{'id':1231634,'ls':[{'id':6881,'name':'pectus','wfs':[{'id':1231646,'morph':{'Casus':'GENITIVE','DeclensionType':'THIRD_DECLENSION','Genus':'NEUTER','Numerus':'SINGULAR','Pos':'NN'},'name':'pectoris'}]}],'name':'pectus@NN'}]">pectoris</w><c> </c><w lemma="[{'id':775839,'ls':[{'id':775840,'name':'arcanum','wfs':[{'id':775851,'morph':{'Casus':'ABLATIVE','DeclensionType':'SECOND_DECLENSION','Genus':'NEUTER','Numerus':'SINGULAR','Pos':'NN'},'name':'arcano'}]}],'name':'arcanum@NN'}]">arcano</w><c> </c><w lemma="[{'id':1299155,'ls':[{'id':1299156,'name':'puritas','wfs':[{'id':243439290,'morph':{'Casus':'DATIVE','DeclensionType':'THIRD_DECLENSION','Genus':'FEMININE','Numerus':'SINGULAR','Pos':'NN'},'name':'puritati'}]}],'name':'puritas@NN'}]">puritati</w><c> </c><w lemma="[{'id':244510439,'ls':[{'id':244510440,'name':'noster','wfs':[{'id':245547134,'morph':{'Casus':'DATIVE','DeclensionType':'FIRST_DECLENSION','Genus':'FEMININE','Numerus':'SINGULAR','Pos':'PRO','PronounType':'POSSESSIVE'},'name':'nostrae'}]}],'name':'noster@PRO'}]">nostrae</w><c> </c><w lemma="[{'id':6525932,'ls':[{'id':6787,'name':'pareo','wfs':[{'id':6526380,'morph':{'ConjugationType':'SECOND_CONJUGATION','Mood':'INDICATIVE','Numerus':'SINGULAR','Person':'PERSON_3','Pos':'V','Tense':'PERFECT','VerbType':'INTRANSITIVE','Voice':'ACTIVE'},'name':'paruit'}]}],'name':'pareo@V'}]">paruit</w><c> </c><w lemma="[{'id':109828,'ls':[{'id':109829,'name':'et','wfs':[{'id':109830,'morph':{'Pos':'CON'},'name':'et'}]}],'name':'et@CON'}]">et</w><c> </c><w lemma="[{'id':109453,'ls':[{'id':109454,'name':'ad','wfs':[{'id':109455,'morph':{'Pos':'AP'},'name':'ad'}]}],'name':'ad@AP'}]">ad</w><c> </c><w lemma="[{'id':1254025,'ls':[{'id':7092,'name':'pietas','wfs':[{'id':243422489,'morph':{'Casus':'ACCUSATIVE','DeclensionType':'THIRD_DECLENSION','Genus':'FEMININE','Numerus':'SINGULAR','Pos':'NN'},'name':'pietatem'}]}],'name':'pietas@NN'}]">pietatem</w><c> </c><w lemma="[{'id':1123200,'ls':[{'id':1123201,'name':'iussio','wfs':[{'id':243379757,'morph':{'Casus':'GENITIVE','DeclensionType':'THIRD_DECLENSION','Genus':'FEMININE','Numerus':'PLURAL','Pos':'NN'},'name':'iussionum'}]}],'name':'iussio@NN'}]">iussionum</w><c> </c><w lemma="[{'id':1099246,'ls':[{'id':5269,'name':'innocentia','wfs':[{'id':1099255,'morph':{'Casus':'ACCUSATIVE','DeclensionType':'FIRST_DECLENSION','Genus':'FEMININE','Numerus':'SINGULAR','Pos':'NN'},'name':'innocentiam'}]}],'name':'innocentia@NN'}]">innocentiam</w><c> </c><w lemma="[{'id':244511757,'ls':[{'id':244511758,'name':'suus','wfs':[{'id':245550212,'morph':{'Casus':'ACCUSATIVE','DeclensionType':'FIRST_DECLENSION','Genus':'FEMININE','Numerus':'SINGULAR','Pos':'PRO','PronounType':'POSSESSIVE'},'name':'suam'}]}],'name':'suus@PRO'}]">suam</w><c> </c><lb n="25" xml:id="bsb00000824_00205_25"></lb><w lemma="[{'id':6750719,'ls':[{'id':7262,'name':'praebeo','wfs':[{'id':6751075,'morph':{'ConjugationType':'SECOND_CONJUGATION','Mood':'INDICATIVE','Numerus':'SINGULAR','Person':'PERSON_3','Pos':'V','Tense':'PERFECT','VerbType':'TRANSITIVE','Voice':'ACTIVE'},'name':'praebuit'}]}],'name':'praebeo@V'}]">praebuit</w><c>.</c><c> </c></s><s><w lemma="[{'id':758332,'ls':[{'id':792,'name':'animus','wfs':[{'id':758347,'morph':{'Casus':'NOMINATIVE','DeclensionType':'SECOND_DECLENSION','Genus':'MASCULINE','Numerus':'SINGULAR','Pos':'NN'},'name':'animus'}]}],'name':'animus@NN'}]">animus</w><c> </c><w lemma="[{'id':109821,'ls':[{'id':109822,'name':'enim','wfs':[{'id':109823,'morph':{'Pos':'CON'},'name':'enim'}]}],'name':'enim@CON'}]">enim</w><c> </c><w lemma="[{'id':2216622,'ls':[{'id':2216623,'name':'dolosus','wfs':[{'id':2216717,'morph':{'Casus':'NOMINATIVE','ComparisonDegree':'POSITIVE','DeclensionType':'SECOND_DECLENSION','Genus':'MASCULINE','Numerus':'SINGULAR','Pos':'ADJ'},'name':'dolosus'}]}],'name':'dolosus@ADJ'}]">dolosus</w><c> </c><w lemma="[{'id':206035,'ls':[{'id':6416,'name':'non','wfs':[{'id':241322627,'morph':{'Pos':'ADV'},'name':'non'}]}],'name':'non@ADV'}]">non</w><c> </c><w lemma="[{'id':775407,'ls':[{'id':963,'name':'arbitrium','wfs':[{'id':243257258,'morph':{'Casus':'ACCUSATIVE','DeclensionType':'SECOND_DECLENSION','Genus':'NEUTER','Numerus':'SINGULAR','Pos':'NN'},'name':'arbitrium'}]}],'name':'arbitrium@NN'}]">arbitrium</w><c> </c><w lemma="[{'id':7362210,'ls':[{'id':8266,'name':'sequor','wfs':[{'id':7362671,'morph':{'ConjugationType':'THIRD_CONJUGATION','Mood':'INDICATIVE','Numerus':'SINGULAR','Person':'PERSON_3','Pos':'V','Tense':'PRESENT','VerbType':'DEPONENT','Voice':'PASSIVE'},'name':'sequitur'}]}],'name':'sequor@V'}]">sequitur</w><c> </c><w lemma="[{'id':5722946,'ls':[{'id':4981,'name':'impero','wfs':[{'id':5722979,'morph':{'Casus':'GENITIVE','ConjugationType':'FIRST_CONJUGATION','Genus':'MASCULINE','Mood':'PARTICIPLE','Numerus':'SINGULAR','Pos':'V','Tense':'PRESENT','VerbType':'TRANSITIVE','Voice':'ACTIVE'},'name':'imperantis'}]}],'name':'impero@V'}]">imperantis</w><c>,</c><c> </c><w lemma="[{'id':110010,'ls':[{'id':110011,'name':'sed','wfs':[{'id':110012,'morph':{'Pos':'CON'},'name':'sed'}]}],'name':'sed@CON'}]">sed</w><c> </c><w lemma="[{'id':7633546,'ls':[{'id':7633547,'name':'suo','wfs':[{'id':7633782,'morph':{'ConjugationType':'THIRD_CONJUGATION','Mood':'SUBJUNCTIVE','Numerus':'SINGULAR','Person':'PERSON_2','Pos':'V','Tense':'PRESENT','VerbType':'TRANSITIVE','Voice':'ACTIVE'},'name':'suas'}]}],'name':'suo@V'}]">suas</w><c> </c><w lemma="[{'id':218458,'ls':[{'id':218459,'name':'pote','wfs':[{'id':218460,'morph':{'ComparisonDegree':'COMPARATIVE','Pos':'ADV'},'name':'potius'}]}],'name':'pote@ADV'}]">potius</w><c> </c><lb n="26" xml:id="bsb00000824_00205_26"></lb><w lemma="[{'id':5388550,'ls':[{'id':4134,'name':'explico','wfs':[{'id':5389084,'morph':{'ConjugationType':'FIRST_CONJUGATION','Mood':'INDICATIVE','Numerus':'SINGULAR','Person':'PERSON_3','Pos':'V','Tense':'PRESENT','VerbType':'TRANSITIVE','Voice':'ACTIVE'},'name':'explicat'}]}],'name':'explico@V'}]">explicat</w><c> </c><w lemma="[{'id':1472625,'ls':[{'id':9334,'name':'voluntas','wfs':[{'id':1472640,'morph':{'Casus':'ACCUSATIVE','DeclensionType':'THIRD_DECLENSION','Genus':'FEMININE','Numerus':'PLURAL','Pos':'NN'},'name':'voluntates'}]}],'name':'voluntas@NN'}]">voluntates</w><c>.</c><c> </c></s><s><w lemma="[{'id':5618354,'ls':[{'id':4757,'name':'habeo','wfs':[{'id':5618558,'morph':{'ConjugationType':'SECOND_CONJUGATION','Mood':'INDICATIVE','Numerus':'PLURAL','Person':'PERSON_2','Pos':'V','Tense':'PRESENT','VerbType':'TRANSITIVE','Voice':'ACTIVE'},'name':'habetis'}]}],'name':'habeo@V'}]">Habetis</w><c> </c><w lemma="[{'id':137491,'ls':[{'id':1777,'name':'certe','wfs':[{'id':137494,'morph':{'ComparisonDegree':'POSITIVE','Pos':'ADV'},'name':'certe'}]}],'name':'certe@ADV'}]">certe</w><c> </c><w lemma="[{'id':242815594,'ls':[{'id':244461289,'name':'evideo','wfs':[{'id':244461324,'morph':{'Casus':'ACCUSATIVE','ConjugationType':'SECOND_CONJUGATION','Genus':'NEUTER','Mood':'PARTICIPLE','Numerus':'SINGULAR','Pos':'V','Tense':'PRESENT','VerbType':'TRANSITIVE','Voice':'ACTIVE'},'name':'evidens'}]}],'name':'evideo@V'}]">evidens</w><c> </c><w lemma="[{'id':244510439,'ls':[{'id':244510440,'name':'noster','wfs':[{'id':245547133,'morph':{'Casus':'ACCUSATIVE','DeclensionType':'SECOND_DECLENSION','Genus':'NEUTER','Numerus':'SINGULAR','Pos':'PRO','PronounType':'POSSESSIVE'},'name':'nostrum'}]}],'name':'noster@PRO'}]">nostrum</w><c> </c><w lemma="[{'id':109577,'ls':[{'id':109578,'name':'in','wfs':[{'id':109579,'morph':{'Pos':'AP'},'name':'in'}]}],'name':'in@AP'}]">in</w><c> </c><w lemma="[{'id':242815996,'ls':[{'id':242815997,'name':'hic','wfs':[{'id':244509636,'morph':{'Casus':'ABLATIVE','Genus':'FEMININE','Numerus':'SINGULAR','Pos':'PRO','PronounType':'DEMONSTRATIVE'},'name':'hac'}]}],'name':'hic@PRO'}]">hac</w><c> </c><w lemma="[{'id':1227224,'ls':[{'id':6813,'name':'pars','wfs':[{'id':243414708,'morph':{'Casus':'ABLATIVE','DeclensionType':'THIRD_DECLENSION','Genus':'FEMININE','Numerus':'SINGULAR','Pos':'NN'},'name':'parte'}]}],'name':'pars@NN'}]">parte</w><c> </c><w lemma="[{'id':1119861,'ls':[{'id':1119862,'name':'iudicium','wfs':[{'id':243378426,'morph':{'Casus':'ACCUSATIVE','DeclensionType':'SECOND_DECLENSION','Genus':'NEUTER','Numerus':'SINGULAR','Pos':'NN'},'name':'iudicium'}]}],'name':'iudicium@NN'}]">iudicium</w><c>,</c><c> </c><w lemma="[{'id':110061,'ls':[{'id':110062,'name':'ut','wfs':[{'id':110063,'morph':{'Pos':'CON'},'name':'ut'}]}],'name':'ut@CON'}]">ut</w><c> </c><w lemma="[{'id':109616,'ls':[{'id':109617,'name':'post','wfs':[{'id':109618,'morph':{'Pos':'AP'},'name':'post'}]}],'name':'post@AP'}]">post</w><c> </c><lb n="27" xml:id="bsb00000824_00205_27"></lb><w lemma="[{'id':242816114,'ls':[{'id':242816115,'name':'ille','wfs':[{'id':497070020,'morph':{'Casus':'GENITIVE','Genus':'MASCULINE','Numerus':'SINGULAR','Pos':'PRO','PronounType':'DEMONSTRATIVE'},'name':'illius'}]}],'name':'ille@PRO'}]">illius</w><c> </c><w lemma="[{'id':765922,'ls':[{'id':871,'name':'apex','wfs':[{'id':765938,'morph':{'Casus':'GENITIVE','DeclensionType':'THIRD_DECLENSION','Genus':'MASCULINE','Numerus':'SINGULAR','Pos':'NN'},'name':'apicis'}]}],'name':'apex@NN'}]">apicis</w><c> </c><w lemma="[{'id':927657,'ls':[{'id':2929,'name':'culmen','wfs':[{'id':243309266,'morph':{'Casus':'ACCUSATIVE','DeclensionType':'THIRD_DECLENSION','Genus':'NEUTER','Numerus':'SINGULAR','Pos':'NN'},'name':'culmen'}]}],'name':'culmen@NN'}]">culmen</w><c> </c><w lemma="[{'id':109453,'ls':[{'id':109454,'name':'ad','wfs':[{'id':109455,'morph':{'Pos':'AP'},'name':'ad'}]}],'name':'ad@AP'}]">ad</w><c> </c><w lemma="[{'id':1594858,'ls':[{'id':1594859,'name':'alter','wfs':[{'id':1594918,'morph':{'Casus':'ACCUSATIVE','ComparisonDegree':'POSITIVE','DeclensionType':'FIRST_DECLENSION','Genus':'FEMININE','Numerus':'SINGULAR','Pos':'ADJ'},'name':'alteram'}]}],'name':'alter@ADJ'}]">alteram</w><c> </c><w lemma="[{'id':4482749,'ls':[{'id':2503,'name':'conscendo','wfs':[{'id':4483055,'morph':{'ConjugationType':'THIRD_CONJUGATION','Mood':'SUBJUNCTIVE','Numerus':'SINGULAR','Person':'PERSON_3','Pos':'V','Tense':'IMPERFECT','VerbType':'TRANSITIVE','Voice':'ACTIVE'},'name':'conscenderet'}]}],'name':'conscendo@V'}]">conscenderet</w><c> </c><w lemma="[{'id':965405,'ls':[{'id':3526,'name':'dignitas','wfs':[{'id':243322385,'morph':{'Casus':'ACCUSATIVE','DeclensionType':'THIRD_DECLENSION','Genus':'FEMININE','Numerus':'SINGULAR','Pos':'NN'},'name':'dignitatem'}]}],'name':'dignitas@NN'}]">dignitatem</w><c>.</c><c> </c></s><s><w lemma="[{'id':109871,'ls':[{'id':109872,'name':'nec','wfs':[{'id':109873,'morph':{'Pos':'CON'},'name':'nec'}]}],'name':'nec@CON'}]">nec</w><c> </c><w lemma="[{'id':6534354,'ls':[{'id':6845,'name':'patior','wfs':[{'id':501683368,'morph':{'ConjugationType':'THIRD_CONJUGATION','Genus':'MASCULINE','Mood':'INDICATIVE','Numerus':'PLURAL','Person':'PERSON_1','Pos':'V','Tense':'PERFECT','VerbType':'DEPONENT','Voice':'PASSIVE'},'name':'passi'}]}],'name':'patior@V'}]">passi</w><c> </c><w lemma="[{'id':7617143,'ls':[{'id':7617144,'name':'sum','wfs':[{'id':244519869,'morph':{'Mood':'INDICATIVE','Numerus':'PLURAL','Person':'PERSON_1','Pos':'V','Tense':'PRESENT','VerbType':'VERBA_ANOMALA','Voice':'ACTIVE'},'name':'sumus'}]}],'name':'sum@V'}]">sumus</w><c> </c><w lemma="[{'id':1218874,'ls':[{'id':1218875,'name':'otiosus','wfs':[{'id':1218884,'morph':{'Casus':'ACCUSATIVE','DeclensionType':'SECOND_DECLENSION','Genus':'MASCULINE','Numerus':'SINGULAR','Pos':'NN'},'name':'otiosum'}]}],'name':'otiosus@NN'}]">otiosum</w><c>,</c><c> </c><lb n="28" xml:id="bsb00000824_00205_28"></lb><w lemma="[{'id':242816363,'ls':[{'id':242816364,'name':'qui','wfs':[{'id':539256813,'morph':{'Casus':'ACCUSATIVE','Genus':'MASCULINE','Numerus':'SINGULAR','Pos':'PRO','PronounType':'RELATIVE'},'name':'quem'}]}],'name':'qui@PRO'}]">quem</w><c> </c><w lemma="[{'id':1165161,'ls':[{'id':6082,'name':'meritum','wfs':[{'id':1165167,'morph':{'Casus':'NOMINATIVE','DeclensionType':'SECOND_DECLENSION','Genus':'NEUTER','Numerus':'PLURAL','Pos':'NN'},'name':'merita'}]}],'name':'meritum@NN'}]">merita</w><c> </c><w lemma="[{'id':206035,'ls':[{'id':6416,'name':'non','wfs':[{'id':241322627,'morph':{'Pos':'ADV'},'name':'non'}]}],'name':'non@ADV'}]">non</w><c> </c><w lemma="[{'id':7387089,'ls':[{'id':7387090,'name':'sino','wfs':[{'id':7387497,'morph':{'ConjugationType':'THIRD_CONJUGATION','Mood':'INDICATIVE','Numerus':'PLURAL','Person':'PERSON_3','Pos':'V','Tense':'IMPERFECT','VerbType':'TRANSITIVE','Voice':'ACTIVE'},'name':'sinebant'}]}],'name':'sino@V'}]">sinebant</w><c> </c><w lemma="[{'id':7617143,'ls':[{'id':7617144,'name':'sum','wfs':[{'id':7617145,'morph':{'Mood':'INFINITIVE','Pos':'V','Tense':'PRESENT','VerbType':'VERBA_ANOMALA','Voice':'ACTIVE'},'name':'esse'}]}],'name':'sum@V'}]">esse</w><c> </c><w lemma="[{'id':1279147,'ls':[{'id':1279166,'name':'privatus','wfs':[{'id':1279175,'morph':{'Casus':'ACCUSATIVE','DeclensionType':'SECOND_DECLENSION','Genus':'MASCULINE','Numerus':'SINGULAR','Pos':'NN'},'name':'privatum'}]}],'name':'privatus@NN'}]">privatum</w><c>:</c><c> </c><w lemma="[{'id':1356871,'ls':[{'id':1356872,'name':'serenus','wfs':[{'id':1356885,'morph':{'Casus':'GENITIVE','DeclensionType':'SECOND_DECLENSION','Genus':'MASCULINE','Numerus':'SINGULAR','Pos':'NN'},'name':'sereni'}]}],'name':'serenus@NN'}]">sereni</w><c> </c><w lemma="[{'id':1365097,'ls':[{'id':8360,'name':'sol','wfs':[{'id':1365112,'morph':{'Casus':'GENITIVE','DeclensionType':'THIRD_DECLENSION','Genus':'MASCULINE','Numerus':'SINGULAR','Pos':'NN'},'name':'solis'}]}],'name':'sol@NN'}]">solis</w><c> </c><w lemma="[{'id':905048,'ls':[{'id':2604,'name':'consuetudo','wfs':[{'id':243301790,'morph':{'Casus':'ABLATIVE','DeclensionType':'THIRD_DECLENSION','Genus':'FEMININE','Numerus':'PLURAL','Pos':'NN'},'name':'consuetudinibus'}]}],'name':'consuetudo@NN'}]">consuetudinibus</w><c> </c><w lemma="[{'id':3516475,'ls':[{'id':533,'name':'aestimo','wfs':[{'id':498596638,'morph':{'Casus':'NOMINATIVE','ComparisonDegree':'POSITIVE','DeclensionType':'SECOND_DECLENSION','Genus':'MASCULINE','Mood':'GERUNDIVE','Numerus':'SINGULAR','Pos':'V'},'name':'aestimandus'}]}],'name':'aestimo@V'}]">aestimandus</w><c>,</c><c> </c><w lemma="[{'id':242816363,'ls':[{'id':242816364,'name':'qui','wfs':[{'id':244511016,'morph':{'Casus':'NOMINATIVE','Genus':'MASCULINE','Numerus':'SINGULAR','Pos':'PRO','PronounType':'RELATIVE'},'name':'qui'}]}],'name':'qui@PRO'}]">qui</w><c> </c><lb n="29" xml:id="bsb00000824_00205_29"></lb><w lemma="[{'id':109855,'ls':[{'id':109856,'name':'licet','wfs':[{'id':109857,'morph':{'Pos':'CON'},'name':'licet'}]}],'name':'licet@CON'}]">licet</w><c> </c><w lemma="[{'id':242695577,'ls':[{'id':242695578,'name':'susceptus','wfs':[{'id':242695656,'morph':{'Casus':'ACCUSATIVE','ComparisonDegree':'POSITIVE','DeclensionType':'SECOND_DECLENSION','Genus':'MASCULINE','Numerus':'SINGULAR','Pos':'ADJ'},'name':'susceptum'}]}],'name':'susceptus@ADJ'}]">susceptum</w><c> </c><w lemma="[{'id':964023,'ls':[{'id':242825925,'name':'dies','wfs':[{'id':594734978,'morph':{'Casus':'ACCUSATIVE','DeclensionType':'FIFTH_DECLENSION','Genus':'MASCULINE','Numerus':'SINGULAR','Pos':'NN'},'name':'diem'}]}],'name':'dies@NN'}]">diem</w><c> </c><w lemma="[{'id':6561661,'ls':[{'id':6921,'name':'perago','wfs':[{'id':6562427,'morph':{'ConjugationType':'THIRD_CONJUGATION','Mood':'SUBJUNCTIVE','Numerus':'SINGULAR','Person':'PERSON_3','Pos':'V','Tense':'PRESENT','VerbType':'TRANSITIVE','Voice':'ACTIVE'},'name':'peragat'}]}],'name':'perago@V'}]">peragat</w><c>,</c><c> </c><w lemma="[{'id':1594858,'ls':[{'id':1594859,'name':'alter','wfs':[{'id':1594937,'morph':{'Casus':'ACCUSATIVE','ComparisonDegree':'POSITIVE','DeclensionType':'SECOND_DECLENSION','Genus':'MASCULINE','Numerus':'SINGULAR','Pos':'ADJ'},'name':'alterum'}]}],'name':'alter@ADJ'}]">alterum</w><c> </c><w lemma="[{'id':245297,'ls':[{'id':245298,'name':'tamen','wfs':[{'id':245299,'morph':{'ComparisonDegree':'POSITIVE','Pos':'ADV'},'name':'tamen'}]}],'name':'tamen@ADV'}]">tamen</w><c> </c><w lemma="[{'id':242816067,'ls':[{'id':242816068,'name':'idem','wfs':[{'id':244509775,'morph':{'Casus':'ABLATIVE','Genus':'FEMININE','Numerus':'SINGULAR','Pos':'PRO','PronounType':'DEMONSTRATIVE'},'name':'eadem'}]}],'name':'idem@PRO'}]">eadem</w><c> </c><w lemma="[{'id':1056993,'ls':[{'id':4717,'name':'gratia','wfs':[{'id':1057003,'morph':{'Casus':'ABLATIVE','DeclensionType':'FIRST_DECLENSION','Genus':'FEMININE','Numerus':'SINGULAR','Pos':'NN'},'name':'gratia'}]}],'name':'gratia@NN'}]">gratia</w><c> </c><w lemma="[{'id':862509,'ls':[{'id':1936,'name':'claritas','wfs':[{'id':862521,'morph':{'Casus':'GENITIVE','DeclensionType':'THIRD_DECLENSION','Genus':'FEMININE','Numerus':'SINGULAR','Pos':'NN'},'name':'claritatis'}]}],'name':'claritas@NN'}]">claritatis</w><c> </c><w lemma="[{'id':5677796,'ls':[{'id':4923,'name':'illumino','wfs':[{'id':5678146,'morph':{'ConjugationType':'FIRST_CONJUGATION','Mood':'INDICATIVE','Numerus':'SINGULAR','Person':'PERSON_3','Pos':'V','Tense':'PRESENT','VerbType':'TRANSITIVE','Voice':'ACTIVE'},'name':'illuminat'}]}],'name':'illumino@V'}]">illuminat</w><c>.</c><c> </c></s><s><w lemma="[{'id':242815996,'ls':[{'id':242815997,'name':'hic','wfs':[{'id':244509688,'morph':{'Casus':'ACCUSATIVE','Genus':'MASCULINE','Numerus':'SINGULAR','Pos':'PRO','PronounType':'DEMONSTRATIVE'},'name':'hunc'}]}],'name':'hic@PRO'}]">hunc</w><c> </c><lb n="30" xml:id="bsb00000824_00205_30"></lb><w lemma="[{'id':171912,'ls':[{'id':171913,'name':'ergo','wfs':[{'id':171914,'morph':{'ComparisonDegree':'POSITIVE','Pos':'ADV'},'name':'ergo'}]}],'name':'ergo@ADV'}]">ergo</w><c>,</c><c> </c><w lemma="[{'id':1228946,'ls':[{'id':6842,'name':'pater','wfs':[{'id':496020006,'morph':{'Casus':'VOCATIVE','DeclensionType':'THIRD_DECLENSION','Genus':'MASCULINE','Numerus':'PLURAL','Pos':'NN'},'name':'patres'}]}],'name':'pater@NN'}]">patres</w><c> </c><w lemma="[{'id':241833920,'ls':[{'id':241833921,'name':'conscriptus','wfs':[{'id':241833962,'morph':{'Casus':'VOCATIVE','ComparisonDegree':'POSITIVE','DeclensionType':'SECOND_DECLENSION','Genus':'MASCULINE','Numerus':'PLURAL','Pos':'ADJ'},'name':'conscripti'}]}],'name':'conscriptus@ADJ'}]">conscripti</w><c>,</c><c> </c><w lemma="[{'id':241347125,'ls':[{'id':241347126,'name':'tot','wfs':[{'id':241347136,'morph':{'Pos':'ADJ'},'name':'tot'}]}],'name':'tot@NUM'}]">tot</w><c> </c><w lemma="[{'id':1165161,'ls':[{'id':6082,'name':'meritum','wfs':[{'id':1165163,'morph':{'Casus':'ABLATIVE','DeclensionType':'SECOND_DECLENSION','Genus':'NEUTER','Numerus':'PLURAL','Pos':'NN'},'name':'meritis'}]}],'name':'meritum@NN'}]">meritis</w><c> </c><w lemma="[{'id':112965,'ls':[{'id':72,'name':'absolute','wfs':[{'id':112967,'morph':{'ComparisonDegree':'POSITIVE','Pos':'ADV'},'name':'absolute'}]}],'name':'absolute@ADV'}]">absolute</w><c> </c><w lemma="[{'id':7133704,'ls':[{'id':7133705,'name':'reluceo','wfs':[{'id':7133735,'morph':{'Casus':'ACCUSATIVE','ConjugationType':'SECOND_CONJUGATION','Genus':'MASCULINE','Mood':'PARTICIPLE','Numerus':'SINGULAR','Pos':'V','Tense':'PRESENT','VerbType':'TRANSITIVE','Voice':'ACTIVE'},'name':'relucentem'}]}],'name':'reluceo@V'}]">relucentem</w><c> </c><w lemma="[{'id':1029305,'ls':[{'id':4302,'name':'favor','wfs':[{'id':1029332,'morph':{'Casus':'NOMINATIVE','DeclensionType':'THIRD_DECLENSION','Genus':'MASCULINE','Numerus':'SINGULAR','Pos':'NN'},'name':'favor'}]}],'name':'favor@NN'}]">favor</w><c> </c><w lemma="[{'id':244512458,'ls':[{'id':244512459,'name':'vester','wfs':[{'id':245551338,'morph':{'Casus':'NOMINATIVE','DeclensionType':'SECOND_DECLENSION','Genus':'MASCULINE','Numerus':'SINGULAR','Pos':'PRO','PronounType':'POSSESSIVE'},'name':'vester'}]}],'name':'vester@PRO'}]">vester</w><c> </c><w lemma="[{'id':5333467,'ls':[{'id':4043,'name':'excipio','wfs':[{'id':5333797,'morph':{'ConjugationType':'THIRD_CONJUGATION','Mood':'SUBJUNCTIVE','Numerus':'SINGULAR','Person':'PERSON_3','Pos':'V','Tense':'PRESENT','VerbType':'TRANSITIVE','Voice':'ACTIVE'},'name':'excipiat'}]}],'name':'excipio@V'}]">excipiat</w><c>.</c><c> </c></s><s><w lemma="[{'id':4694501,'ls':[{'id':3027,'name':'debeo','wfs':[{'id':4694705,'morph':{'ConjugationType':'SECOND_CONJUGATION','Mood':'INDICATIVE','Numerus':'PLURAL','Person':'PERSON_2','Pos':'V','Tense':'PRESENT','VerbType':'TRANSITIVE','Voice':'ACTIVE'},'name':'debetis'}]}],'name':'debeo@V'}]">debetis</w><c> </c><lb n="31" xml:id="bsb00000824_00205_31"></lb><w lemma="[{'id':109821,'ls':[{'id':109822,'name':'enim','wfs':[{'id':109823,'morph':{'Pos':'CON'},'name':'enim'}]}],'name':'enim@CON'}]">enim</w><c> </c><w lemma="[{'id':131082,'ls':[{'id':1339,'name':'bene','wfs':[{'id':131085,'morph':{'ComparisonDegree':'POSITIVE','Pos':'ADV'},'name':'bene'}]}],'name':'bene@ADV'}]">bene</w><c> </c><w lemma="[{'id':5592400,'ls':[{'id':4645,'name':'gero','wfs':[{'id':5592412,'morph':{'Casus':'DATIVE','ConjugationType':'THIRD_CONJUGATION','Genus':'MASCULINE','Mood':'PARTICIPLE','Numerus':'PLURAL','Pos':'V','Tense':'PRESENT','VerbType':'TRANSITIVE','Voice':'ACTIVE'},'name':'gerentibus'}]}],'name':'gero@V'}]">gerentibus</w><c>,</c><c> </c><w lemma="[{'id':110061,'ls':[{'id':110062,'name':'ut','wfs':[{'id':110063,'morph':{'Pos':'CON'},'name':'ut'}]}],'name':'ut@CON'}]">ut</w><c> </c><w lemma="[{'id':242816207,'ls':[{'id':242816208,'name':'is','wfs':[{'id':244510049,'morph':{'Casus':'ACCUSATIVE','Genus':'MASCULINE','Numerus':'PLURAL','Pos':'PRO','PronounType':'PERSONAL'},'name':'eos'}]}],'name':'is@PRO'}]">eos</w><c> </c><w lemma="[{'id':1133332,'ls':[{'id':5649,'name':'laus','wfs':[{'id':1133347,'morph':{'Casus':'GENITIVE','DeclensionType':'THIRD_DECLENSION','Genus':'FEMININE','Numerus':'SINGULAR','Pos':'NN'},'name':'laudis'}]}],'name':'laus@NN'}]">laudis</w><c> </c><w lemma="[{'id':244512458,'ls':[{'id':244512459,'name':'vester','wfs':[{'id':244512540,'morph':{'Casus':'NOMINATIVE','DeclensionType':'FIRST_DECLENSION','Genus':'FEMININE','Numerus':'SINGULAR','Pos':'PRO','PronounType':'POSSESSIVE'},'name':'vestrae'}]}],'name':'vester@PRO'}]">vestrae</w><c> </c><w lemma="[{'id':4256538,'ls':[{'id':2116,'name':'comitor','wfs':[{'id':4256633,'morph':{'ConjugationType':'FIRST_CONJUGATION','Mood':'SUBJUNCTIVE','Numerus':'SINGULAR','Person':'PERSON_3','Pos':'V','Tense':'PRESENT','VerbType':'DEPONENT','Voice':'PASSIVE'},'name':'comitetur'}]}],'name':'comitor@V'}]">comitetur</w><c> </c><w lemma="[{'id':788875,'ls':[{'id':788878,'name':'assensus','wfs':[{'id':243261105,'morph':{'Casus':'NOMINATIVE','DeclensionType':'FOURTH_DECLENSION','Genus':'MASCULINE','Numerus':'SINGULAR','Pos':'NN'},'name':'assensus'}]}],'name':'assensus@NN'}]">assensus</w><c>.</c><c> </c><w lemma="[{'id':109861,'ls':[{'id':109862,'name':'nam','wfs':[{'id':109863,'morph':{'Pos':'CON'},'name':'nam'}]}],'name':'nam@CON'}]">nam</w><c> </c><w lemma="[{'id':110020,'ls':[{'id':110021,'name':'si','wfs':[{'id':110022,'morph':{'Pos':'CON'},'name':'si'}]}],'name':'si@CON'}]">si</w><c> </c><w lemma="[{'id':999599,'ls':[{'id':3923,'name':'equus','wfs':[{'id':999635,'morph':{'Casus':'GENITIVE','DeclensionType':'SECOND_DECLENSION','Genus':'MASCULINE','Numerus':'PLURAL','Pos':'NN'},'name':'equorum'}]}],'name':'equus@NN'}]">equorum</w><c> </c><pb n="22" xml:id="bsb00000824_00206"></pb><lb n="1" xml:id="bsb00000824_00206_1"></lb><w lemma="[{'id':932060,'ls':[{'id':2975,'name':'cursus','wfs':[{'id':498533098,'morph':{'Casus':'NOMINATIVE','DeclensionType':'FOURTH_DECLENSION','Genus':'MASCULINE','Numerus':'SINGULAR','Pos':'NN'},'name':'cursus'}]}],'name':'cursus@NN'}]">cursus</w><c> </c><w lemma="[{'id':1068431,'ls':[{'id':4856,'name':'homo','wfs':[{'id':243358896,'morph':{'Casus':'GENITIVE','DeclensionType':'THIRD_DECLENSION','Genus':'MASCULINE','Numerus':'PLURAL','Pos':'NN'},'name':'hominum'}]}],'name':'homo@NN'}]">hominum</w><c> </c><w lemma="[{'id':862278,'ls':[{'id':1927,'name':'clamor','wfs':[{'id':862280,'morph':{'Casus':'ABLATIVE','DeclensionType':'THIRD_DECLENSION','Genus':'MASCULINE','Numerus':'PLURAL','Pos':'NN'},'name':'clamoribus'}]}],'name':'clamor@NN'}]">clamoribus</w><c> </c><w lemma="[{'id':5788172,'ls':[{'id':5068,'name':'incito','wfs':[{'id':5788523,'morph':{'ConjugationType':'FIRST_CONJUGATION','Mood':'INDICATIVE','Numerus':'SINGULAR','Person':'PERSON_3','Pos':'V','Tense':'PRESENT','VerbType':'TRANSITIVE','Voice':'PASSIVE'},'name':'incitatur'}]}],'name':'incito@V'}]">incitatur</w><c> </c><w lemma="[{'id':109828,'ls':[{'id':109829,'name':'et','wfs':[{'id':109830,'morph':{'Pos':'CON'},'name':'et'}]}],'name':'et@CON'}]">et</w><c> </c><w lemma="[{'id':5911965,'ls':[{'id':5336,'name':'insono','wfs':[{'id':5911979,'morph':{'Casus':'GENITIVE','ConjugationType':'FIRST_CONJUGATION','Genus':'MASCULINE','Mood':'PARTICIPLE','Numerus':'PLURAL','Pos':'V','Tense':'PRESENT','VerbType':'TRANSITIVE','Voice':'ACTIVE'},'name':'insonantium'}]}],'name':'insono@V'}]">insonantium</w><c> </c><w lemma="[{'id':1157267,'ls':[{'id':5949,'name':'manus','wfs':[{'id':243391483,'morph':{'Casus':'ABLATIVE','DeclensionType':'FOURTH_DECLENSION','Genus':'FEMININE','Numerus':'PLURAL','Pos':'NN'},'name':'manibus'}]}],'name':'manus@NN'}]">manibus</w><c> </c><w lemma="[{'id':3560733,'ls':[{'id':556,'name':'ago','wfs':[{'id':3561055,'morph':{'ConjugationType':'THIRD_CONJUGATION','Mood':'INDICATIVE','Numerus':'SINGULAR','Person':'PERSON_3','Pos':'V','Tense':'PRESENT','VerbType':'TRANSITIVE','Voice':'PASSIVE'},'name':'agitur'}]}],'name':'ago@V'}]">agitur</w><c>,</c><c> </c><w lemma="[{'id':110061,'ls':[{'id':110062,'name':'ut','wfs':[{'id':110063,'morph':{'Pos':'CON'},'name':'ut'}]}],'name':'ut@CON'}]">ut</w><c> </c><w lemma="[{'id':109433,'ls':[{'id':109434,'name':'a','wfs':[{'id':109435,'morph':{'Pos':'AP'},'name':'a'}]}],'name':'a@AP'}]">a</w><c> </c><w lemma="[{'id':1182470,'ls':[{'id':1182471,'name':'mutus','wfs':[{'id':1182473,'morph':{'Casus':'ABLATIVE','DeclensionType':'SECOND_DECLENSION','Genus':'MASCULINE','Numerus':'PLURAL','Pos':'NN'},'name':'mutis'}]}],'name':'mutus@NN'}]">mutis</w><c> </c><lb n="2" xml:id="bsb00000824_00206_2"></lb><w lemma="[{'id':757982,'ls':[{'id':798,'name':'animal','wfs':[{'id':757984,'morph':{'Casus':'ABLATIVE','DeclensionType':'THIRD_DECLENSION','Genus':'NEUTER','Numerus':'PLURAL','Pos':'NN'},'name':'animalibus'}]}],'name':'animal@NN'}]">animalibus</w><c> </c><w lemma="[{'id':1451141,'ls':[{'id':9150,'name':'velocitas','wfs':[{'id':1451165,'morph':{'Casus':'NOMINATIVE','DeclensionType':'THIRD_DECLENSION','Genus':'FEMININE','Numerus':'SINGULAR','Pos':'NN'},'name':'velocitas'}]}],'name':'velocitas@NN'}]">velocitas</w><c> </c><w lemma="[{'id':3688993,'ls':[{'id':914,'name':'appeto','wfs':[{'id':3689796,'morph':{'ConjugationType':'THIRD_CONJUGATION','Mood':'SUBJUNCTIVE','Numerus':'SINGULAR','Person':'PERSON_3','Pos':'V','Tense':'PRESENT','VerbType':'TRANSITIVE','Voice':'PASSIVE'},'name':'appetatur'}]}],'name':'appeto@V'}]">appetatur</w><c>,</c><c> </c><w lemma="[{'id':225674,'ls':[{'id':225675,'name':'quantum','wfs':[{'id':225676,'morph':{'ComparisonDegree':'POSITIVE','Pos':'ADV'},'name':'quantum'}]}],'name':'quantum@ADV'}]">quantum</w><c> </c><w lemma="[{'id':188837,'ls':[{'id':188838,'name':'inde','wfs':[{'id':188841,'morph':{'Pos':'ADV'},'name':'inde'}]}],'name':'inde@ADV'}]">inde</w><c> </c><w lemma="[{'id':1068431,'ls':[{'id':4856,'name':'homo','wfs':[{'id':243358888,'morph':{'Casus':'ACCUSATIVE','DeclensionType':'THIRD_DECLENSION','Genus':'MASCULINE','Numerus':'PLURAL','Pos':'NN'},'name':'homines'}]}],'name':'homo@NN'}]">homines</w><c> </c><w lemma="[{'id':7425337,'ls':[{'id':8501,'name':'stimulo','wfs':[{'id':7425419,'morph':{'ConjugationType':'FIRST_CONJUGATION','Mood':'INFINITIVE','Pos':'V','Tense':'PRESENT','VerbType':'TRANSITIVE','Voice':'PASSIVE'},'name':'stimulari'}]}],'name':'stimulo@V'}]">stimulari</w><c> </c><w lemma="[{'id':6741602,'ls':[{'id':7228,'name':'possum','wfs':[{'id':6741603,'morph':{'Mood':'INFINITIVE','Pos':'V','Tense':'PRESENT','VerbType':'VERBA_ANOMALA','Voice':'ACTIVE'},'name':'posse'}]}],'name':'possum@V'}]">posse</w><c> </c><w lemma="[{'id':4637462,'ls':[{'id':2846,'name':'credo','wfs':[{'id':4637574,'morph':{'ConjugationType':'THIRD_CONJUGATION','Mood':'INDICATIVE','Numerus':'PLURAL','Person':'PERSON_1','Pos':'V','Tense':'PRESENT','VerbType':'TRANSITIVE','Voice':'ACTIVE'},'name':'credimus'}]}],'name':'credo@V'}]">credimus</w><c>,</c><c> </c><w lemma="[{'id':242816363,'ls':[{'id':242816364,'name':'qui','wfs':[{'id':242816417,'morph':{'Casus':'ACCUSATIVE','Genus':'MASCULINE','Numerus':'PLURAL','Pos':'PRO','PronounType':'RELATIVE'},'name':'quos'}]}],'name':'qui@PRO'}]">quos</w><c> </c><w lemma="[{'id':109453,'ls':[{'id':109454,'name':'ad','wfs':[{'id':109455,'morph':{'Pos':'AP'},'name':'ad'}]}],'name':'ad@AP'}]">ad</w><c> </c><lb n="3" xml:id="bsb00000824_00206_3"></lb><w lemma="[{'id':1133332,'ls':[{'id':5649,'name':'laus','wfs':[{'id':1133347,'morph':{'Casus':'GENITIVE','DeclensionType':'THIRD_DECLENSION','Genus':'FEMININE','Numerus':'SINGULAR','Pos':'NN'},'name':'laudis'}]}],'name':'laus@NN'}]">laudis</w><c> </c><w lemma="[{'id':803580,'ls':[{'id':1266,'name':'aviditas','wfs':[{'id':243266394,'morph':{'Casus':'ACCUSATIVE','DeclensionType':'THIRD_DECLENSION','Genus':'FEMININE','Numerus':'SINGULAR','Pos':'NN'},'name':'aviditatem'}]}],'name':'aviditas@NN'}]">aviditatem</w><c> </c><w lemma="[{'id':6302962,'ls':[{'id':6320,'name':'nascor','wfs':[{'id':244478890,'morph':{'Casus':'ACCUSATIVE','ConjugationType':'THIRD_CONJUGATION','Genus':'MASCULINE','Mood':'PARTICIPLE','Numerus':'PLURAL','Pos':'V','Tense':'PERFECT','VerbType':'DEPONENT','Voice':'PASSIVE'},'name':'natos'}]}],'name':'nascor@V'}]">natos</w><c> </c><w lemma="[{'id':235908,'ls':[{'id':235909,'name':'singulariter','wfs':[{'id':235911,'morph':{'ComparisonDegree':'POSITIVE','Pos':'ADV'},'name':'singulariter'}]}],'name':'singulariter@ADV'}]">singulariter</w><c> </c><w lemma="[{'id':6021052,'ls':[{'id':5488,'name':'invenio','wfs':[{'id':6021562,'morph':{'ConjugationType':'FOURTH_CONJUGATION','Mood':'INDICATIVE','Numerus':'PLURAL','Person':'PERSON_1','Pos':'V','Tense':'PRESENT','VerbType':'TRANSITIVE','Voice':'ACTIVE'},'name':'invenimus'}]}],'name':'invenio@V'}]">invenimus</w><c>!</c></s></p></div></body></text></TEI>