<?xml version="1.0" ?><TEI xmlns="http://www.tei-c.org/ns/1.0" xmlns:tei="http://www.tei-c.org/ns/1.0"><teiHeader><fileDesc><titleStmt><title>MGH Auct. ant. 12: Cassiodori Senatoris Variae</title><editor>Mommsen, Theodor</editor></titleStmt><publicationStmt><publisher>Monumenta Germaniae Historica (MGH)</publisher><publisher>Bavarian State Library (BSB), München</publisher><idno type="BSB">bsb00000824</idno><idno type="MGH"><idno type="Annotation_created_by">geelhaar</idno><idno type="Annotation_created_on">Wed Oct 11 13:55:54 CEST 2017</idno><idno type="Annotation_last_changed_by">geelhaar</idno><idno type="Annotation_last_changed_on">Thu Aug 20 10:43:40 CEST 2020</idno><idno type="Author_(German)">Cassiodor (Flavius Magnus Aurelius Cassiodorus Senator)</idno><idno type="Author_(Latin)">Cassiodorus Vivariensis</idno><idno type="BSB">bsb00000824</idno><idno type="Bibliographical_Link">http://stabikat.de/DB=1/XMLPRS=N/PPN?PPN=235118842</idno><idno type="C_Stat">06</idno><idno type="C1">06</idno><idno type="C2">05</idno><idno type="Column">010</idno><idno type="Commentary">dated according to Stefan Krautschick, Cassiodor und die Politik seiner Zeit. Bonn 1983, 73.  (TG)</idno><idno type="Concordance_View">true</idno><idno type="Digital_Edition_Statement">Text retrieved from the critical edition and prepared by the BMBF funded project "Humanist Computer Interaction under Scrutiny"(https://humanist.hs-mainz.de/en/). The Latin Text Archive (LTA) version has been created at Goethe University Frankfurt by the CompHistSem-Work Group (hudesktop.hucompute.org).</idno><idno type="Edition">MGH Auctores antiquissimi 12</idno><idno type="LTA_Export">true</idno><idno type="Licence_Info">CC BY 4.0</idno><idno type="Multiple_Lemmata_under_a_unique_Super_lemma">0.00%</idno><idno type="Multiple_Super_lemmata">0.00%</idno><idno type="Multiple_Wordforms_under_a_unique_Lemma">0.00%</idno><idno type="Multiple_Wordforms._Tagger_based_result._Multiple_Lemmata_possible">0.00%</idno><idno type="Multiple_Wordforms._Tagger_based_result._Multiple_Super_Lemmata_possible">0.00%</idno><idno type="Not_yet_linked_or_unknown_Wordform">0.00%</idno><idno type="Page">010-011</idno><idno type="Provided_by">Monumenta Germaniae Historica</idno><idno type="Reference_to_external_databases">non-existant</idno><idno type="RepFontMA">not available</idno><idno type="Status">c</idno><idno type="Text_Type">Letter</idno><idno type="Text_Type_Class">Letters</idno><idno type="Time">508</idno><idno type="Title">Variae 01.01 - Anastasio imperatori Theodericus rex</idno><idno type="Type_of_Corpus">Corpus of Letters</idno><idno type="URL">http://www.mgh.de/dmgh/resolving/MGH_Auct._ant._12_S._10</idno><idno type="Unique_Wordform">100,00%</idno><idno type="Unique_Wordform._Tagger_based_result._Multiple_Lemmata_possible">0.00%</idno><idno type="Unique_Wordform._Tagger_based_result._Multiple_Super_lemmata_possible">0.00%</idno><idno type="VIAF_(Expression)">182693798</idno><idno type="VIAF_(Expression)_Link">http://viaf.org/viaf/182693798</idno><idno type="VIAF_(Person)">95230707</idno><idno type="VIAF_(Person)_Link">http://viaf.org/viaf/95230707</idno><idno type="Volume">Auct. ant. 12</idno><idno type="Year_of_Publication_(interpreted)">0508</idno>MGH Auct. ant. 12</idno><availability><licence target="http://creativecommons.org/licenses/by/4.0/"><p>Distributed under the Creative Commons Attribution 4.0 International (CC BY 4.0) license.</p><p>This license covers the annotations added by the Monumenta Germaniae Historica and the
            Bavarian State Library, Munich, in the course of project "digital MGH"
            <ref target="http://www.dmgh.de">http://www.dmgh.de</ref>, funded by the
            German Research Foundation (DFG).</p><p>We do not claim any rights on the text itself which is believed to be in the public domain.</p><p>If you distribute a copy or a derivative version of this file, please indicate the source
            of the file by mentioning the Monumenta Germaniae Historica (MGH) and the
            Bavarian State Library, Munich (BSB).</p></licence></availability><date when="2016-11-28T16:32:43+01:00">2016-11-28, 16:32:43</date></publicationStmt><sourceDesc><biblFull><titleStmt><title>Cassiodori Senatoris Variae</title><editor>Mommsen, Theodor</editor></titleStmt><publicationStmt><publisher>Weidmann</publisher><pubPlace>Berlin</pubPlace><date>1894</date></publicationStmt><seriesStmt><title>Auctores antiquissimi</title><biblScope unit="volume">12</biblScope></seriesStmt></biblFull></sourceDesc></fileDesc><revisionDesc><change when="24-10-2017 16:49" who="cstadermann"></change><change when="27-11-2017 16:10" who="akoerfer"></change><change when="27-11-2017 16:12" who="akoerfer"></change><change when="27-11-2017 16:14" who="akoerfer"></change></revisionDesc></teiHeader><text><body><div><pb n="(10)" xml:id="bsb00000824_00194"></pb><lb n="1" xml:id="bsb00000824_00194_1"></lb><head n="2"><s><w lemma="[{'id':241346594,'ls':[{'id':241346595,'name':'NUMERAL','wfs':[{'id':542564050,'morph':{'Pos':'NUM'},'name':'i'}]}],'name':'NUMERAL@NUM'}]">I</w><c>.</c><c> </c><lb></lb><w lemma="[{'id':292560,'ls':[{'id':292561,'name':'Anastasius','wfs':[{'id':243182491,'morph':{'Casus':'DATIVE','DeclensionType':'SECOND_DECLENSION','Genus':'MASCULINE','Numerus':'SINGULAR','Pos':'NP'},'name':'Anastasio'}]}],'name':'Anastasius@NP'}]">ANASTASIO</w><c> </c><w lemma="[{'id':1082490,'ls':[{'id':4983,'name':'imperator','wfs':[{'id':243363523,'morph':{'Casus':'DATIVE','DeclensionType':'THIRD_DECLENSION','Genus':'MASCULINE','Numerus':'SINGULAR','Pos':'NN'},'name':'imperatori'}]}],'name':'imperator@NN'}]">IMPERATORI</w><c> </c><w lemma="[{'id':624521,'ls':[{'id':624522,'name':'Theodericus','wfs':[{'id':243244190,'morph':{'Casus':'NOMINATIVE','DeclensionType':'SECOND_DECLENSION','Genus':'MASCULINE','Numerus':'SINGULAR','Pos':'NP'},'name':'Theodericus'}]}],'name':'Theodericus@NP'}]">THEODERICUS</w><c> </c><w lemma="[{'id':1329481,'ls':[{'id':7965,'name':'rex','wfs':[{'id':1329499,'morph':{'Casus':'NOMINATIVE','DeclensionType':'THIRD_DECLENSION','Genus':'MASCULINE','Numerus':'SINGULAR','Pos':'NN'},'name':'rex'}]}],'name':'rex@NN'}]">REX</w><c>.</c></s></head><lb n="3" xml:id="bsb00000824_00194_3"></lb><note><s><hi rend="ITALICS"><w lemma="[{'id':109509,'ls':[{'id':109510,'name':'circa','wfs':[{'id':779458896,'morph':{'Pos':'AP'},'name':'c'}]}],'name':'circa@AP'}]">c</w><c>.</c><c> </c><w lemma="[{'id':759853,'ls':[{'id':807,'name':'annus','wfs':[{'id':382849904,'morph':{'Casus':'ABLATIVE','DeclensionType':'SECOND_DECLENSION','Genus':'MASCULINE','Numerus':'SINGULAR','Pos':'NN'},'name':'a'}]}],'name':'annus@NN'}]">a</w><c>.</c><c> </c><w lemma="[{'id':241346594,'ls':[{'id':241346595,'name':'NUMERAL','wfs':[{'id':241346596,'morph':{'Pos':'NUM'},'name':'NUMERAL'}]}],'name':'NUMERAL@NUM'}]">508</w></hi></s></note><lb n="4" xml:id="bsb00000824_00194_4"></lb><p><s><w lemma="[{'id':6487278,'ls':[{'id':6487493,'name':'oportet','wfs':[{'id':6487550,'morph':{'ConjugationType':'SECOND_CONJUGATION','Mood':'INDICATIVE','Numerus':'SINGULAR','Person':'PERSON_3','Pos':'V','Tense':'PRESENT','VerbType':'IMPERSONAL','Voice':'ACTIVE'},'name':'oportet'}]}],'name':'oportet@V'}]">Oportet</w><c> </c><w lemma="[{'id':242816286,'ls':[{'id':242816287,'name':'nos','wfs':[{'id':273666738,'morph':{'Casus':'ACCUSATIVE','Genus':'COMMON','Numerus':'PLURAL','Pos':'PRO','PronounType':'PERSONAL'},'name':'nos'}]}],'name':'nos@PRO'}]">nos</w><c>,</c><c> </c><w lemma="[{'id':141457,'ls':[{'id':1955,'name':'clementer','wfs':[{'id':141461,'morph':{'ComparisonDegree':'SUPERLATIVE','Pos':'ADV'},'name':'clementissime'}]}],'name':'clementer@ADV'}]">clementissime</w><c> </c><w lemma="[{'id':1082490,'ls':[{'id':4983,'name':'imperator','wfs':[{'id':243363524,'morph':{'Casus':'VOCATIVE','DeclensionType':'THIRD_DECLENSION','Genus':'MASCULINE','Numerus':'SINGULAR','Pos':'NN'},'name':'imperator'}]}],'name':'imperator@NN'}]">imperator</w><c>,</c><c> </c><w lemma="[{'id':1231162,'ls':[{'id':6870,'name':'pax','wfs':[{'id':243416060,'morph':{'Casus':'ACCUSATIVE','DeclensionType':'THIRD_DECLENSION','Genus':'FEMININE','Numerus':'SINGULAR','Pos':'NN'},'name':'pacem'}]}],'name':'pax@NN'}]">pacem</w><c> </c><w lemma="[{'id':7026606,'ls':[{'id':244494165,'name':'quaero','wfs':[{'id':7026687,'morph':{'ConjugationType':'THIRD_CONJUGATION','Mood':'INFINITIVE','Pos':'V','Tense':'PRESENT','VerbType':'TRANSITIVE','Voice':'ACTIVE'},'name':'quaerere'}]}],'name':'quaero@V'}]">quaerere</w><c>,</c><c> </c><w lemma="[{'id':225978,'ls':[{'id':597967090,'name':'qui','wfs':[{'id':597967091,'morph':{'ComparisonDegree':'POSITIVE','Pos':'ADV'},'name':'qui'}]}],'name':'qui@ADV'}]">qui</w><c> </c><w lemma="[{'id':839994,'ls':[{'id':1705,'name':'causa','wfs':[{'id':839995,'morph':{'Casus':'ACCUSATIVE','DeclensionType':'FIRST_DECLENSION','Genus':'FEMININE','Numerus':'PLURAL','Pos':'NN'},'name':'causas'}]}],'name':'causa@NN'}]">causas</w><c> </c><w lemma="[{'id':1116134,'ls':[{'id':1116135,'name':'iracundia','wfs':[{'id':1116146,'morph':{'Casus':'GENITIVE','DeclensionType':'FIRST_DECLENSION','Genus':'FEMININE','Numerus':'SINGULAR','Pos':'NN'},'name':'iracundiae'}]}],'name':'iracundia@NN'}]">iracundiae</w><c> </c><lb n="5" xml:id="bsb00000824_00194_5"></lb><w lemma="[{'id':4186426,'ls':[{'id':2021,'name':'cognosco','wfs':[{'id':4186545,'morph':{'ConjugationType':'THIRD_CONJUGATION','Mood':'INDICATIVE','Numerus':'PLURAL','Person':'PERSON_1','Pos':'V','Tense':'PRESENT','VerbType':'TRANSITIVE','Voice':'PASSIVE'},'name':'cognoscimur'}]}],'name':'cognosco@V'}]">cognoscimur</w><c> </c><w lemma="[{'id':206035,'ls':[{'id':6416,'name':'non','wfs':[{'id':241322627,'morph':{'Pos':'ADV'},'name':'non'}]}],'name':'non@ADV'}]">non</w><c> </c><w lemma="[{'id':5618354,'ls':[{'id':4757,'name':'habeo','wfs':[{'id':5618435,'morph':{'ConjugationType':'SECOND_CONJUGATION','Mood':'INFINITIVE','Pos':'V','Tense':'PRESENT','VerbType':'TRANSITIVE','Voice':'ACTIVE'},'name':'habere'}]}],'name':'habeo@V'}]">habere</w><c>:</c><c> </c><w lemma="[{'id':109946,'ls':[{'id':109947,'name':'quando','wfs':[{'id':109948,'morph':{'Pos':'CON'},'name':'quando'}]}],'name':'quando@CON'}]">quando</w><c> </c><w lemma="[{'id':242816114,'ls':[{'id':242816115,'name':'ille','wfs':[{'id':244509864,'morph':{'Casus':'NOMINATIVE','Genus':'MASCULINE','Numerus':'SINGULAR','Pos':'PRO','PronounType':'DEMONSTRATIVE'},'name':'ille'}]}],'name':'ille@PRO'}]">ille</w><c> </c><w lemma="[{'id':1175418,'ls':[{'id':6230,'name':'mos','wfs':[{'id':1175420,'morph':{'Casus':'ABLATIVE','DeclensionType':'THIRD_DECLENSION','Genus':'MASCULINE','Numerus':'PLURAL','Pos':'NN'},'name':'moribus'}]}],'name':'mos@NN'}]">moribus</w><c> </c><w lemma="[{'id':183425,'ls':[{'id':183426,'name':'iam','wfs':[{'id':183427,'morph':{'ComparisonDegree':'POSITIVE','Pos':'ADV'},'name':'iam'}]}],'name':'iam@ADV'}]">iam</w><c> </c><w lemma="[{'id':7783838,'ls':[{'id':8779,'name':'teneo','wfs':[{'id':7784189,'morph':{'ConjugationType':'SECOND_CONJUGATION','Mood':'INDICATIVE','Numerus':'SINGULAR','Person':'PERSON_3','Pos':'V','Tense':'PRESENT','VerbType':'TRANSITIVE','Voice':'PASSIVE'},'name':'tenetur'}]}],'name':'teneo@V'}]">tenetur</w><c> </c><w lemma="[{'id':2721076,'ls':[{'id':6502,'name':'obnoxius','wfs':[{'id':242329155,'morph':{'Casus':'NOMINATIVE','ComparisonDegree':'POSITIVE','DeclensionType':'THIRD_DECLENSION','Genus':'MASCULINE','Numerus':'SINGULAR','Pos':'ADJ'},'name':'obnoxius'}]}],'name':'obnoxius@ADJ'}]">obnoxius</w><c>,</c><c> </c><w lemma="[{'id':242816363,'ls':[{'id':242816364,'name':'qui','wfs':[{'id':244511016,'morph':{'Casus':'NOMINATIVE','Genus':'MASCULINE','Numerus':'SINGULAR','Pos':'PRO','PronounType':'RELATIVE'},'name':'qui'}]}],'name':'qui@PRO'}]">qui</w><c> </c><w lemma="[{'id':109453,'ls':[{'id':109454,'name':'ad','wfs':[{'id':109455,'morph':{'Pos':'AP'},'name':'ad'}]}],'name':'ad@AP'}]">ad</w><c> </c><w lemma="[{'id':1123653,'ls':[{'id':1123654,'name':'iustum','wfs':[{'id':1123655,'morph':{'Casus':'ACCUSATIVE','DeclensionType':'SECOND_DECLENSION','Genus':'NEUTER','Numerus':'PLURAL','Pos':'NN'},'name':'iusta'}]}],'name':'iustum@NN'}]">iusta</w><c> </c><lb n="6" xml:id="bsb00000824_00194_6"></lb><w lemma="[{'id':4859740,'ls':[{'id':3317,'name':'deprehendo','wfs':[{'id':4860062,'morph':{'ConjugationType':'THIRD_CONJUGATION','Mood':'INDICATIVE','Numerus':'SINGULAR','Person':'PERSON_3','Pos':'V','Tense':'PRESENT','VerbType':'TRANSITIVE','Voice':'PASSIVE'},'name':'deprehenditur'}]}],'name':'deprehendo@V'}]">deprehenditur</w><c> </c><w lemma="[{'id':2428133,'ls':[{'id':2428134,'name':'imparatus','wfs':[{'id':2428222,'morph':{'Casus':'NOMINATIVE','ComparisonDegree':'POSITIVE','DeclensionType':'SECOND_DECLENSION','Genus':'MASCULINE','Numerus':'SINGULAR','Pos':'ADJ'},'name':'imparatus'}]}],'name':'imparatus@ADJ'}]">imparatus</w><c>.</c><c> </c></s><s><w lemma="[{'id':2744416,'ls':[{'id':6625,'name':'omnis','wfs':[{'id':2744454,'morph':{'Casus':'DATIVE','ComparisonDegree':'POSITIVE','DeclensionType':'THIRD_DECLENSION','Genus':'NEUTER','Numerus':'SINGULAR','Pos':'ADJ'},'name':'omni'}]}],'name':'omnis@ADJ'}]">omni</w><c> </c><w lemma="[{'id':241279692,'ls':[{'id':241279693,'name':'quippe','wfs':[{'id':241279694,'morph':{'Pos':'CON'},'name':'quippe'}]}],'name':'quippe@CON'}]">quippe</w><c> </c><w lemma="[{'id':1315305,'ls':[{'id':7826,'name':'regnum','wfs':[{'id':1315315,'morph':{'Casus':'DATIVE','DeclensionType':'SECOND_DECLENSION','Genus':'NEUTER','Numerus':'SINGULAR','Pos':'NN'},'name':'regno'}]}],'name':'regnum@NN'}]">regno</w><c> </c><w lemma="[{'id':2157043,'ls':[{'id':3364,'name':'desiderabilis','wfs':[{'id':2157129,'morph':{'Casus':'NOMINATIVE','ComparisonDegree':'POSITIVE','DeclensionType':'THIRD_DECLENSION','Genus':'COMMON','Numerus':'SINGULAR','Pos':'ADJ'},'name':'desiderabilis'}]}],'name':'desiderabilis@ADJ'}]">desiderabilis</w><c> </c><w lemma="[{'id':4694501,'ls':[{'id':3027,'name':'debeo','wfs':[{'id':4694851,'morph':{'ConjugationType':'SECOND_CONJUGATION','Mood':'INDICATIVE','Numerus':'SINGULAR','Person':'PERSON_3','Pos':'V','Tense':'PRESENT','VerbType':'TRANSITIVE','Voice':'ACTIVE'},'name':'debet'}]}],'name':'debeo@V'}]">debet</w><c> </c><w lemma="[{'id':7617143,'ls':[{'id':7617144,'name':'sum','wfs':[{'id':7617145,'morph':{'Mood':'INFINITIVE','Pos':'V','Tense':'PRESENT','VerbType':'VERBA_ANOMALA','Voice':'ACTIVE'},'name':'esse'}]}],'name':'sum@V'}]">esse</w><c> </c><w lemma="[{'id':1425012,'ls':[{'id':8898,'name':'tranquillitas','wfs':[{'id':1425025,'morph':{'Casus':'NOMINATIVE','DeclensionType':'THIRD_DECLENSION','Genus':'FEMININE','Numerus':'SINGULAR','Pos':'NN'},'name':'tranquillitas'}]}],'name':'tranquillitas@NN'}]">tranquillitas</w><c>,</c><c> </c><w lemma="[{'id':109577,'ls':[{'id':109578,'name':'in','wfs':[{'id':109579,'morph':{'Pos':'AP'},'name':'in'}]}],'name':'in@AP'}]">in</w><c> </c><lb n="7" xml:id="bsb00000824_00194_7"></lb><w lemma="[{'id':242816363,'ls':[{'id':242816364,'name':'qui','wfs':[{'id':498533151,'morph':{'Casus':'ABLATIVE','Genus':'FEMININE','Numerus':'SINGULAR','Pos':'PRO','PronounType':'RELATIVE'},'name':'qua'}]}],'name':'qui@PRO'}]">qua</w><c> </c><w lemma="[{'id':109828,'ls':[{'id':109829,'name':'et','wfs':[{'id':109830,'morph':{'Pos':'CON'},'name':'et'}]}],'name':'et@CON'}]">et</w><c> </c><w lemma="[{'id':1263271,'ls':[{'id':7205,'name':'populus','wfs':[{'id':243425436,'morph':{'Casus':'NOMINATIVE','DeclensionType':'SECOND_DECLENSION','Genus':'MASCULINE','Numerus':'PLURAL','Pos':'NN'},'name':'populi'}]}],'name':'populus@NN'}]">populi</w><c> </c><w lemma="[{'id':6914688,'ls':[{'id':6914689,'name':'proficio','wfs':[{'id':6914973,'morph':{'ConjugationType':'THIRD_CONJUGATION','Mood':'INDICATIVE','Numerus':'PLURAL','Person':'PERSON_3','Pos':'V','Tense':'PRESENT','VerbType':'TRANSITIVE','Voice':'ACTIVE'},'name':'proficiunt'}]}],'name':'proficio@V'}]">proficiunt</w><c> </c><w lemma="[{'id':109828,'ls':[{'id':109829,'name':'et','wfs':[{'id':109830,'morph':{'Pos':'CON'},'name':'et'}]}],'name':'et@CON'}]">et</w><c> </c><w lemma="[{'id':1443775,'ls':[{'id':9082,'name':'utilitas','wfs':[{'id':241492903,'morph':{'Casus':'NOMINATIVE','DeclensionType':'THIRD_DECLENSION','Genus':'FEMININE','Numerus':'SINGULAR','Pos':'NN'},'name':'utilitas'}]}],'name':'utilitas@NN'}]">utilitas</w><c> </c><w lemma="[{'id':1052032,'ls':[{'id':4633,'name':'gens','wfs':[{'id':241436957,'morph':{'Casus':'GENITIVE','DeclensionType':'THIRD_DECLENSION','Genus':'FEMININE','Numerus':'PLURAL','Pos':'NN'},'name':'gentium'}]}],'name':'gens@NN'}]">gentium</w><c> </c><w lemma="[{'id':4681710,'ls':[{'id':2987,'name':'custodio','wfs':[{'id':4682063,'morph':{'ConjugationType':'FOURTH_CONJUGATION','Mood':'INDICATIVE','Numerus':'SINGULAR','Person':'PERSON_3','Pos':'V','Tense':'PRESENT','VerbType':'TRANSITIVE','Voice':'PASSIVE'},'name':'custoditur'}]}],'name':'custodio@V'}]">custoditur</w><c>.</c><c> </c></s><s><w lemma="[{'id':242815996,'ls':[{'id':242815997,'name':'hic','wfs':[{'id':244509712,'morph':{'Casus':'NOMINATIVE','Genus':'FEMININE','Numerus':'SINGULAR','Pos':'PRO','PronounType':'DEMONSTRATIVE'},'name':'haec'}]}],'name':'hic@PRO'}]">haec</w><c> </c><w lemma="[{'id':7617143,'ls':[{'id':7617144,'name':'sum','wfs':[{'id':242825881,'morph':{'Mood':'INDICATIVE','Numerus':'SINGULAR','Person':'PERSON_3','Pos':'V','Tense':'PRESENT','VerbType':'VERBA_ANOMALA','Voice':'ACTIVE'},'name':'est'}]}],'name':'sum@V'}]">est</w><c> </c><w lemma="[{'id':109821,'ls':[{'id':109822,'name':'enim','wfs':[{'id':109823,'morph':{'Pos':'CON'},'name':'enim'}]}],'name':'enim@CON'}]">enim</w><c> </c><w lemma="[{'id':1764149,'ls':[{'id':1394,'name':'bonus','wfs':[{'id':1764162,'morph':{'Casus':'GENITIVE','ComparisonDegree':'POSITIVE','DeclensionType':'FIRST_DECLENSION','Genus':'FEMININE','Numerus':'PLURAL','Pos':'ADJ'},'name':'bonarum'}]}],'name':'bonus@ADJ'}]">bonarum</w><c> </c><w lemma="[{'id':783494,'ls':[{'id':1043,'name':'ars','wfs':[{'id':540415269,'morph':{'Casus':'GENITIVE','DeclensionType':'THIRD_DECLENSION','Genus':'FEMININE','Numerus':'PLURAL','Pos':'NN'},'name':'artium'}]}],'name':'ars@NN'}]">artium</w><c> </c><lb n="8" xml:id="bsb00000824_00194_8"></lb><w lemma="[{'id':2107897,'ls':[{'id':3069,'name':'decorus','wfs':[{'id':2107970,'morph':{'Casus':'NOMINATIVE','ComparisonDegree':'POSITIVE','DeclensionType':'FIRST_DECLENSION','Genus':'FEMININE','Numerus':'SINGULAR','Pos':'ADJ'},'name':'decora'}]}],'name':'decorus@ADJ'}]">decora</w><c> </c><w lemma="[{'id':1159310,'ls':[{'id':5997,'name':'mater','wfs':[{'id':241454304,'morph':{'Casus':'NOMINATIVE','DeclensionType':'THIRD_DECLENSION','Genus':'FEMININE','Numerus':'SINGULAR','Pos':'NN'},'name':'mater'}]}],'name':'mater@NN'}]">mater</w><c>,</c><c> </c><w lemma="[{'id':242815996,'ls':[{'id':242815997,'name':'hic','wfs':[{'id':244509712,'morph':{'Casus':'NOMINATIVE','Genus':'FEMININE','Numerus':'SINGULAR','Pos':'PRO','PronounType':'DEMONSTRATIVE'},'name':'haec'}]}],'name':'hic@PRO'}]">haec</w><c> </c><w lemma="[{'id':598541700,'ls':[{'id':598541701,'name':'mortalis','wfs':[{'id':598541702,'morph':{'Casus':'GENITIVE','DeclensionType':'THIRD_DECLENSION','Genus':'COMMON','Numerus':'PLURAL','Pos':'NN'},'name':'mortalium'}]}],'name':'mortalis@NN'}]">mortalium</w><c> </c><w lemma="[{'id':1052280,'ls':[{'id':4639,'name':'genus','wfs':[{'id':1052299,'morph':{'Casus':'NOMINATIVE','DeclensionType':'THIRD_DECLENSION','Genus':'NEUTER','Numerus':'SINGULAR','Pos':'NN'},'name':'genus'}]}],'name':'genus@NN'}]">genus</w><c> </c><w lemma="[{'id':2972638,'ls':[{'id':2972639,'name':'reparabilis','wfs':[{'id':2972710,'morph':{'Casus':'ABLATIVE','ComparisonDegree':'POSITIVE','DeclensionType':'THIRD_DECLENSION','Genus':'FEMININE','Numerus':'SINGULAR','Pos':'ADJ'},'name':'reparabili'}]}],'name':'reparabilis@ADJ'}]">reparabili</w><c> </c><w lemma="[{'id':1391006,'ls':[{'id':8611,'name':'successio','wfs':[{'id':243472695,'morph':{'Casus':'ABLATIVE','DeclensionType':'THIRD_DECLENSION','Genus':'FEMININE','Numerus':'SINGULAR','Pos':'NN'},'name':'successione'}]}],'name':'successio@NN'}]">successione</w><c> </c><w lemma="[{'id':6280862,'ls':[{'id':6259,'name':'multiplico','wfs':[{'id':6280891,'morph':{'Casus':'NOMINATIVE','ConjugationType':'FIRST_CONJUGATION','Genus':'FEMININE','Mood':'PARTICIPLE','Numerus':'SINGULAR','Pos':'V','Tense':'PRESENT','VerbType':'TRANSITIVE','Voice':'ACTIVE'},'name':'multiplicans'}]}],'name':'multiplico@V'}]">multiplicans</w><c> </c><w lemma="[{'id':1026055,'ls':[{'id':4242,'name':'facultas','wfs':[{'id':1026056,'morph':{'Casus':'ACCUSATIVE','DeclensionType':'THIRD_DECLENSION','Genus':'FEMININE','Numerus':'PLURAL','Pos':'NN'},'name':'facultates'}]}],'name':'facultas@NN'}]">facultates</w><c> </c><lb n="9" xml:id="bsb00000824_00194_9"></lb><w lemma="[{'id':6967006,'ls':[{'id':7560,'name':'protendo','wfs':[{'id':6967479,'morph':{'ConjugationType':'THIRD_CONJUGATION','Mood':'INDICATIVE','Numerus':'SINGULAR','Person':'PERSON_3','Pos':'V','Tense':'PRESENT','VerbType':'TRANSITIVE','Voice':'ACTIVE'},'name':'protendit'}]}],'name':'protendo@V'}]">protendit</w><c>,</c><c> </c><w lemma="[{'id':1175418,'ls':[{'id':6230,'name':'mos','wfs':[{'id':1175419,'morph':{'Casus':'ACCUSATIVE','DeclensionType':'THIRD_DECLENSION','Genus':'MASCULINE','Numerus':'PLURAL','Pos':'NN'},'name':'mores'}]}],'name':'mos@NN'}]">mores</w><c> </c><w lemma="[{'id':5337717,'ls':[{'id':4050,'name':'excolo','wfs':[{'id':5338225,'morph':{'ConjugationType':'THIRD_CONJUGATION','Mood':'INDICATIVE','Numerus':'SINGULAR','Person':'PERSON_3','Pos':'V','Tense':'PRESENT','VerbType':'TRANSITIVE','Voice':'ACTIVE'},'name':'excolit'}]}],'name':'excolo@V'}]">excolit</w><c>:</c><c> </c><w lemma="[{'id':109828,'ls':[{'id':109829,'name':'et','wfs':[{'id':109830,'morph':{'Pos':'CON'},'name':'et'}]}],'name':'et@CON'}]">et</w><c> </c><w lemma="[{'id':3176744,'ls':[{'id':3176745,'name':'tantus','wfs':[{'id':3176760,'morph':{'Casus':'GENITIVE','ComparisonDegree':'POSITIVE','DeclensionType':'FIRST_DECLENSION','Genus':'FEMININE','Numerus':'PLURAL','Pos':'ADJ'},'name':'tantarum'}]}],'name':'tantus@ADJ'}]">tantarum</w><c> </c><w lemma="[{'id':1322669,'ls':[{'id':964024,'name':'res','wfs':[{'id':242825945,'morph':{'Casus':'GENITIVE','DeclensionType':'FIFTH_DECLENSION','Genus':'FEMININE','Numerus':'PLURAL','Pos':'NN'},'name':'rerum'}]}],'name':'res@NN'}]">rerum</w><c> </c><w lemma="[{'id':2404498,'ls':[{'id':2404499,'name':'ignarus','wfs':[{'id':2404595,'morph':{'Casus':'NOMINATIVE','ComparisonDegree':'POSITIVE','DeclensionType':'SECOND_DECLENSION','Genus':'MASCULINE','Numerus':'SINGULAR','Pos':'ADJ'},'name':'ignarus'}]}],'name':'ignarus@ADJ'}]">ignarus</w><c> </c><w lemma="[{'id':3558521,'ls':[{'id':580,'name':'agnosco','wfs':[{'id':3560205,'morph':{'ConjugationType':'THIRD_CONJUGATION','Mood':'INDICATIVE','Numerus':'SINGULAR','Person':'PERSON_3','Pos':'V','Tense':'PRESENT','VerbType':'TRANSITIVE','Voice':'PASSIVE'},'name':'agnoscitur'}]}],'name':'agnosco@V'}]">agnoscitur</w><c> </c><w lemma="[{'id':242816363,'ls':[{'id':242816364,'name':'qui','wfs':[{'id':244511016,'morph':{'Casus':'NOMINATIVE','Genus':'MASCULINE','Numerus':'SINGULAR','Pos':'PRO','PronounType':'RELATIVE'},'name':'qui'}]}],'name':'qui@PRO'}]">qui</w><c> </c><w lemma="[{'id':242816207,'ls':[{'id':242816208,'name':'is','wfs':[{'id':382849839,'morph':{'Casus':'ACCUSATIVE','Genus':'FEMININE','Numerus':'SINGULAR','Pos':'PRO','PronounType':'DEMONSTRATIVE'},'name':'eam'}]}],'name':'is@PRO'}]">eam</w><c> </c><w lemma="[{'id':211500,'ls':[{'id':211505,'name':'parve','wfs':[{'id':211509,'morph':{'ComparisonDegree':'SUPERLATIVE','Pos':'ADV'},'name':'minime'}]}],'name':'parve@ADV'}]">minime</w><c> </c><w lemma="[{'id':7026606,'ls':[{'id':244494165,'name':'quaero','wfs':[{'id':241464626,'morph':{'Mood':'INFINITIVE','Pos':'V','Tense':'PERFECT'},'name':'quaesisse'}]}],'name':'quaero@V'}]">quaesisse</w><c> </c><lb n="10" xml:id="bsb00000824_00194_10"></lb><w lemma="[{'id':7355982,'ls':[{'id':244500552,'name':'sentio','wfs':[{'id':297496732,'morph':{'ConjugationType':'FOURTH_CONJUGATION','Mood':'INDICATIVE','Numerus':'SINGULAR','Person':'PERSON_3','Pos':'V','Tense':'PRESENT','VerbType':'INTRANSITIVE','Voice':'PASSIVE'},'name':'sentitur'}]}],'name':'sentio@V'}]">sentitur</w><c>.</c><c> </c></s><s><w lemma="[{'id':109828,'ls':[{'id':109829,'name':'et','wfs':[{'id':109830,'morph':{'Pos':'CON'},'name':'et'}]}],'name':'et@CON'}]">Et</w><c> </c><w lemma="[{'id':183546,'ls':[{'id':183547,'name':'ideo','wfs':[{'id':183548,'morph':{'ComparisonDegree':'POSITIVE','Pos':'ADV'},'name':'ideo'}]}],'name':'ideo@ADV'}]">ideo</w><c>,</c><c> </c><w lemma="[{'id':2836341,'ls':[{'id':7086,'name':'pius','wfs':[{'id':2836454,'morph':{'Casus':'VOCATIVE','ComparisonDegree':'SUPERLATIVE','DeclensionType':'SECOND_DECLENSION','Genus':'MASCULINE','Numerus':'SINGULAR','Pos':'ADJ'},'name':'piissime'}]}],'name':'pius@ADJ'}]">piissime</w><c> </c><w lemma="[{'id':1278659,'ls':[{'id':1278660,'name':'princeps','wfs':[{'id':1278666,'morph':{'Casus':'GENITIVE','DeclensionType':'THIRD_DECLENSION','Genus':'MASCULINE','Numerus':'PLURAL','Pos':'NN'},'name':'principum'}]}],'name':'princeps@NN'}]">principum</w><c>,</c><c> </c><w lemma="[{'id':1266132,'ls':[{'id':7253,'name':'potentia','wfs':[{'id':1266143,'morph':{'Casus':'DATIVE','DeclensionType':'FIRST_DECLENSION','Genus':'FEMININE','Numerus':'SINGULAR','Pos':'NN'},'name':'potentiae'}]}],'name':'potentia@NN'}]">potentiae</w><c> </c><w lemma="[{'id':244512458,'ls':[{'id':244512459,'name':'vester','wfs':[{'id':481107037,'morph':{'Casus':'DATIVE','DeclensionType':'FIRST_DECLENSION','Genus':'FEMININE','Numerus':'SINGULAR','Pos':'PRO','PronounType':'POSSESSIVE'},'name':'vestrae'}]}],'name':'vester@PRO'}]">vestrae</w><c> </c><w lemma="[{'id':4573156,'ls':[{'id':2706,'name':'convenio','wfs':[{'id':4573875,'morph':{'ConjugationType':'FOURTH_CONJUGATION','Mood':'INDICATIVE','Numerus':'SINGULAR','Person':'PERSON_3','Pos':'V','Tense':'PRESENT','VerbType':'TRANSITIVE','Voice':'ACTIVE'},'name':'convenit'}]}],'name':'convenio@V'}]">convenit</w><c> </c><w lemma="[{'id':109828,'ls':[{'id':109829,'name':'et','wfs':[{'id':109830,'morph':{'Pos':'CON'},'name':'et'}]}],'name':'et@CON'}]">et</w><c> </c><w lemma="[{'id':614673272,'ls':[{'id':4860,'name':'honor','wfs':[{'id':243359051,'morph':{'Casus':'DATIVE','DeclensionType':'THIRD_DECLENSION','Genus':'MASCULINE','Numerus':'SINGULAR','Pos':'NN'},'name':'honori'}]}],'name':'honor@NN'}]">honori</w><c>,</c><c> </c><w lemma="[{'id':110061,'ls':[{'id':110062,'name':'ut','wfs':[{'id':110063,'morph':{'Pos':'CON'},'name':'ut'}]}],'name':'ut@CON'}]">ut</w><c> </c><lb n="11" xml:id="bsb00000824_00194_11"></lb><w lemma="[{'id':889859,'ls':[{'id':2337,'name':'concordia','wfs':[{'id':889868,'morph':{'Casus':'ACCUSATIVE','DeclensionType':'FIRST_DECLENSION','Genus':'FEMININE','Numerus':'SINGULAR','Pos':'NN'},'name':'concordiam'}]}],'name':'concordia@NN'}]">concordiam</w><c> </c><w lemma="[{'id':244512458,'ls':[{'id':244512459,'name':'vester','wfs':[{'id':244512482,'morph':{'Casus':'ACCUSATIVE','DeclensionType':'FIRST_DECLENSION','Genus':'FEMININE','Numerus':'SINGULAR','Pos':'PRO','PronounType':'POSSESSIVE'},'name':'vestram'}]}],'name':'vester@PRO'}]">vestram</w><c> </c><w lemma="[{'id':7026606,'ls':[{'id':244494165,'name':'quaero','wfs':[{'id':7026687,'morph':{'ConjugationType':'THIRD_CONJUGATION','Mood':'INFINITIVE','Pos':'V','Tense':'PRESENT','VerbType':'TRANSITIVE','Voice':'ACTIVE'},'name':'quaerere'}]}],'name':'quaero@V'}]">quaerere</w><c> </c><w lemma="[{'id':4694501,'ls':[{'id':3027,'name':'debeo','wfs':[{'id':4694618,'morph':{'ConjugationType':'SECOND_CONJUGATION','Mood':'SUBJUNCTIVE','Numerus':'PLURAL','Person':'PERSON_1','Pos':'V','Tense':'PRESENT','VerbType':'TRANSITIVE','Voice':'ACTIVE'},'name':'debeamus'}]}],'name':'debeo@V'}]">debeamus</w><c>,</c><c> </c><w lemma="[{'id':242816363,'ls':[{'id':242816364,'name':'qui','wfs':[{'id':296826593,'morph':{'Casus':'GENITIVE','Genus':'MASCULINE','Numerus':'SINGULAR','Pos':'PRO','PronounType':'RELATIVE'},'name':'cuius'}]}],'name':'qui@PRO'}]">cuius</w><c> </c><w lemma="[{'id':115276,'ls':[{'id':264,'name':'adhuc','wfs':[{'id':115279,'morph':{'ComparisonDegree':'POSITIVE','Pos':'ADV'},'name':'adhuc'}]}],'name':'adhuc@ADV'}]">adhuc</w><c> </c><w lemma="[{'id':751525,'ls':[{'id':721,'name':'amor','wfs':[{'id':243058930,'morph':{'Casus':'ABLATIVE','DeclensionType':'THIRD_DECLENSION','Genus':'MASCULINE','Numerus':'SINGULAR','Pos':'NN'},'name':'amore'}]}],'name':'amor@NN'}]">amore</w><c> </c><w lemma="[{'id':6914688,'ls':[{'id':6914689,'name':'proficio','wfs':[{'id':6914806,'morph':{'ConjugationType':'THIRD_CONJUGATION','Mood':'INDICATIVE','Numerus':'PLURAL','Person':'PERSON_1','Pos':'V','Tense':'PRESENT','VerbType':'TRANSITIVE','Voice':'ACTIVE'},'name':'proficimus'}]}],'name':'proficio@V'}]">proficimus</w><c>.</c><c> </c></s><s><w lemma="[{'id':242816974,'ls':[{'id':242816975,'name':'vos','wfs':[{'id':242816980,'morph':{'Casus':'NOMINATIVE','Numerus':'PLURAL','Pos':'PRO','PronounType':'PERSONAL'},'name':'vos'}]}],'name':'vos@PRO'}]">vos</w><c> </c><w lemma="[{'id':109821,'ls':[{'id':109822,'name':'enim','wfs':[{'id':109823,'morph':{'Pos':'CON'},'name':'enim'}]}],'name':'enim@CON'}]">enim</w><c> </c><w lemma="[{'id':7617143,'ls':[{'id':7617144,'name':'sum','wfs':[{'id':244519817,'morph':{'Mood':'INDICATIVE','Numerus':'PLURAL','Person':'PERSON_2','Pos':'V','Tense':'PRESENT','VerbType':'VERBA_ANOMALA','Voice':'ACTIVE'},'name':'estis'}]}],'name':'sum@V'}]">estis</w><c> </c><lb n="12" xml:id="bsb00000824_00194_12"></lb><w lemma="[{'id':1315305,'ls':[{'id':7826,'name':'regnum','wfs':[{'id':242825967,'morph':{'Casus':'GENITIVE','DeclensionType':'SECOND_DECLENSION','Genus':'NEUTER','Numerus':'PLURAL','Pos':'NN'},'name':'regnorum'}]}],'name':'regnum@NN'}]">regnorum</w><c> </c><w lemma="[{'id':2744416,'ls':[{'id':6625,'name':'omnis','wfs':[{'id':2744437,'morph':{'Casus':'GENITIVE','ComparisonDegree':'POSITIVE','DeclensionType':'THIRD_DECLENSION','Genus':'NEUTER','Numerus':'PLURAL','Pos':'ADJ'},'name':'omnium'}]}],'name':'omnis@ADJ'}]">omnium</w><c> </c><w lemma="[{'id':2917063,'ls':[{'id':7619,'name':'pulcher','wfs':[{'id':2917307,'morph':{'Casus':'NOMINATIVE','ComparisonDegree':'SUPERLATIVE','DeclensionType':'FIRST_DECLENSION','Genus':'NEUTER','Numerus':'SINGULAR','Pos':'ADJ'},'name':'pulcherrimum'}]}],'name':'pulcher@ADJ'}]">pulcherrimum</w><c> </c><w lemma="[{'id':940642,'ls':[{'id':3078,'name':'decus','wfs':[{'id':940658,'morph':{'Casus':'NOMINATIVE','DeclensionType':'THIRD_DECLENSION','Genus':'NEUTER','Numerus':'SINGULAR','Pos':'NN'},'name':'decus'}]}],'name':'decus@NN'}]">decus</w><c>,</c><c> </c><w lemma="[{'id':242816974,'ls':[{'id':242816975,'name':'vos','wfs':[{'id':242816980,'morph':{'Casus':'NOMINATIVE','Numerus':'PLURAL','Pos':'PRO','PronounType':'PERSONAL'},'name':'vos'}]}],'name':'vos@PRO'}]">vos</w><c> </c><w lemma="[{'id':3197203,'ls':[{'id':8882,'name':'totus','wfs':[{'id':242718069,'morph':{'Casus':'GENITIVE','ComparisonDegree':'POSITIVE','DeclensionType':'THIRD_DECLENSION','Genus':'MASCULINE','Numerus':'SINGULAR','Pos':'ADJ'},'name':'totius'}]}],'name':'totus@ADJ'}]">totius</w><c> </c><w lemma="[{'id':1215749,'ls':[{'id':6682,'name':'orbis','wfs':[{'id':1215763,'morph':{'Casus':'GENITIVE','DeclensionType':'THIRD_DECLENSION','Genus':'MASCULINE','Numerus':'SINGULAR','Pos':'NN'},'name':'orbis'}]}],'name':'orbis@NN'}]">orbis</w><c> </c><w lemma="[{'id':3008509,'ls':[{'id':8078,'name':'salutaris','wfs':[{'id':3008619,'morph':{'Casus':'NOMINATIVE','ComparisonDegree':'POSITIVE','DeclensionType':'THIRD_DECLENSION','Genus':'NEUTER','Numerus':'SINGULAR','Pos':'ADJ'},'name':'salutare'}]}],'name':'salutaris@ADJ'}]">salutare</w><c> </c><w lemma="[{'id':1273942,'ls':[{'id':7338,'name':'praesidium','wfs':[{'id':241468207,'morph':{'Casus':'NOMINATIVE','DeclensionType':'SECOND_DECLENSION','Genus':'NEUTER','Numerus':'SINGULAR','Pos':'NN'},'name':'praesidium'}]}],'name':'praesidium@NN'}]">praesidium</w><c>,</c><c> </c><w lemma="[{'id':242816363,'ls':[{'id':242816364,'name':'qui','wfs':[{'id':242816417,'morph':{'Casus':'ACCUSATIVE','Genus':'MASCULINE','Numerus':'PLURAL','Pos':'PRO','PronounType':'RELATIVE'},'name':'quos'}]}],'name':'qui@PRO'}]">quos</w><c> </c><lb n="13" xml:id="bsb00000824_00194_13"></lb><w lemma="[{'id':1842878,'ls':[{'id':1842879,'name':'ceterus','wfs':[{'id':1842892,'morph':{'Casus':'NOMINATIVE','ComparisonDegree':'POSITIVE','DeclensionType':'SECOND_DECLENSION','Genus':'MASCULINE','Numerus':'PLURAL','Pos':'ADJ'},'name':'ceteri'}]}],'name':'ceterus@ADJ'}]">ceteri</w><c> </c><w lemma="[{'id':5112828,'ls':[{'id':3700,'name':'dominor','wfs':[{'id':5113282,'morph':{'Casus':'NOMINATIVE','ConjugationType':'FIRST_CONJUGATION','Genus':'MASCULINE','Mood':'PARTICIPLE','Numerus':'PLURAL','Pos':'V','Tense':'PRESENT','VerbType':'DEPONENT','Voice':'ACTIVE'},'name':'dominantes'}]}],'name':'dominor@V'}]">dominantes</w><c> </c><w lemma="[{'id':197050,'ls':[{'id':197051,'name':'iure','wfs':[{'id':197053,'morph':{'ComparisonDegree':'POSITIVE','Pos':'ADV'},'name':'iure'}]}],'name':'iure@ADV'}]">iure</w><c> </c><w lemma="[{'id':7755891,'ls':[{'id':8690,'name':'suscipio','wfs':[{'id':244505708,'morph':{'ConjugationType':'THIRD_CONJUGATION','Mood':'INDICATIVE','Numerus':'PLURAL','Person':'PERSON_3','Pos':'V','Tense':'PRESENT','VerbType':'TRANSITIVE','Voice':'ACTIVE'},'name':'suspiciunt'}]}],'name':'suscipio@V'}]">suspiciunt</w><c>,</c><c> </c><w lemma="[{'id':109966,'ls':[{'id':109967,'name':'quia','wfs':[{'id':109968,'morph':{'Pos':'CON'},'name':'quia'}]}],'name':'quia@CON'}]">quia</w><c> </c><w lemma="[{'id':109577,'ls':[{'id':109578,'name':'in','wfs':[{'id':109579,'morph':{'Pos':'AP'},'name':'in'}]}],'name':'in@AP'}]">in</w><c> </c><w lemma="[{'id':242816974,'ls':[{'id':242816975,'name':'vos','wfs':[{'id':315043,'morph':{'Casus':'ABLATIVE','Numerus':'PLURAL','Pos':'PRO','PronounType':'PERSONAL'},'name':'vobis'}]}],'name':'vos@PRO'}]">vobis</w><c> </c><w lemma="[{'id':3059227,'ls':[{'id':3059228,'name':'singularis','wfs':[{'id':3059315,'morph':{'Casus':'ACCUSATIVE','ComparisonDegree':'POSITIVE','DeclensionType':'THIRD_DECLENSION','Genus':'NEUTER','Numerus':'SINGULAR','Pos':'ADJ'},'name':'singulare'}]}],'name':'singularis@ADJ'}]">singulare</w><c> </c><w lemma="[{'id':242815921,'ls':[{'id':242815922,'name':'aliquis','wfs':[{'id':245005377,'morph':{'Casus':'ACCUSATIVE','Genus':'NEUTER','Numerus':'SINGULAR','Pos':'PRO','PronounType':'INDEFINITE'},'name':'aliquid'}]}],'name':'aliquis@PRO'}]">aliquid</w><c> </c><w lemma="[{'id':5932272,'ls':[{'id':5932273,'name':'insum','wfs':[{'id':5932274,'morph':{'Mood':'INFINITIVE','Pos':'V','Tense':'PRESENT','VerbType':'TRANSITIVE','Voice':'ACTIVE'},'name':'inesse'}]}],'name':'insum@V'}]">inesse</w><c> </c><w lemma="[{'id':4186426,'ls':[{'id':2021,'name':'cognosco','wfs':[{'id':4186731,'morph':{'ConjugationType':'THIRD_CONJUGATION','Mood':'INDICATIVE','Numerus':'PLURAL','Person':'PERSON_3','Pos':'V','Tense':'PRESENT','VerbType':'TRANSITIVE','Voice':'ACTIVE'},'name':'cognoscunt'}]}],'name':'cognosco@V'}]">cognoscunt</w><c>,</c><c> </c><lb n="14" xml:id="bsb00000824_00194_14"></lb><w lemma="[{'id':242816286,'ls':[{'id':242816287,'name':'nos','wfs':[{'id':242816291,'morph':{'Casus':'NOMINATIVE','Genus':'COMMON','Numerus':'PLURAL','Pos':'PRO','PronounType':'PERSONAL'},'name':'nos'}]}],'name':'nos@PRO'}]">nos</w><c> </c><w lemma="[{'id':201080,'ls':[{'id':201081,'name':'magnus','wfs':[{'id':201084,'morph':{'ComparisonDegree':'SUPERLATIVE','Pos':'ADV'},'name':'maxime'}]}],'name':'magnus@ADV'}]">maxime</w><c>,</c><c> </c><w lemma="[{'id':225978,'ls':[{'id':597967090,'name':'qui','wfs':[{'id':597967091,'morph':{'ComparisonDegree':'POSITIVE','Pos':'ADV'},'name':'qui'}]}],'name':'qui@ADV'}]">qui</w><c> </c><w lemma="[{'id':2213722,'ls':[{'id':3666,'name':'divinus','wfs':[{'id':2213977,'morph':{'Casus':'ABLATIVE','ComparisonDegree':'POSITIVE','DeclensionType':'SECOND_DECLENSION','Genus':'NEUTER','Numerus':'SINGULAR','Pos':'ADJ'},'name':'divino'}]}],'name':'divinus@ADJ'}]">divino</w><c> </c><w lemma="[{'id':802370,'ls':[{'id':1248,'name':'auxilium','wfs':[{'id':243266035,'morph':{'Casus':'ABLATIVE','DeclensionType':'SECOND_DECLENSION','Genus':'NEUTER','Numerus':'SINGULAR','Pos':'NN'},'name':'auxilio'}]}],'name':'auxilium@NN'}]">auxilio</w><c> </c><w lemma="[{'id':109577,'ls':[{'id':109578,'name':'in','wfs':[{'id':109579,'morph':{'Pos':'AP'},'name':'in'}]}],'name':'in@AP'}]">in</w><c> </c><w lemma="[{'id':1322669,'ls':[{'id':964024,'name':'res','wfs':[{'id':964029,'morph':{'Casus':'ABLATIVE','DeclensionType':'FIFTH_DECLENSION','Genus':'FEMININE','Numerus':'SINGULAR','Pos':'NN'},'name':'re'}]}],'name':'res@NN'}]">re</w><c> </c><w lemma="[{'id':2914003,'ls':[{'id':7599,'name':'publicus','wfs':[{'id':2914066,'morph':{'Casus':'ABLATIVE','ComparisonDegree':'POSITIVE','DeclensionType':'FIRST_DECLENSION','Genus':'FEMININE','Numerus':'SINGULAR','Pos':'ADJ'},'name':'publica'}]}],'name':'publicus@ADJ'}]">publica</w><c> </c><w lemma="[{'id':244512458,'ls':[{'id':244512459,'name':'vester','wfs':[{'id':497737942,'morph':{'Casus':'ABLATIVE','DeclensionType':'FIRST_DECLENSION','Genus':'FEMININE','Numerus':'SINGULAR','Pos':'PRO','PronounType':'POSSESSIVE'},'name':'vestra'}]}],'name':'vester@PRO'}]">vestra</w><c> </c><w lemma="[{'id':5027065,'ls':[{'id':3565,'name':'disco','wfs':[{'id':5027185,'morph':{'ConjugationType':'THIRD_CONJUGATION','Mood':'INDICATIVE','Numerus':'PLURAL','Person':'PERSON_1','Pos':'V','Tense':'PERFECT','VerbType':'TRANSITIVE','Voice':'ACTIVE'},'name':'didicimus'}]}],'name':'disco@V'}]">didicimus</w><c>,</c><c> </c><w lemma="[{'id':225864,'ls':[{'id':7687,'name':'quemadmodum','wfs':[{'id':225865,'morph':{'ComparisonDegree':'POSITIVE','Pos':'ADV'},'name':'quemadmodum'}]}],'name':'quemadmodum@ADV'}]">quemadmodum</w><c> </c><w lemma="[{'id':583618,'ls':[{'id':583619,'name':'Romanus','wfs':[{'id':583622,'morph':{'Casus':'DATIVE','DeclensionType':'SECOND_DECLENSION','Genus':'MASCULINE','Numerus':'PLURAL','Pos':'NP'},'name':'Romanis'}]}],'name':'Romanus@NP'}]">Romanis</w><c> </c><lb n="15" xml:id="bsb00000824_00194_15"></lb><w lemma="[{'id':117306,'ls':[{'id':499,'name':'aequabiliter','wfs':[{'id':117308,'morph':{'ComparisonDegree':'POSITIVE','Pos':'ADV'},'name':'aequabiliter'}]}],'name':'aequabiliter@ADV'}]">aequabiliter</w><c> </c><w lemma="[{'id':5722946,'ls':[{'id':4981,'name':'impero','wfs':[{'id':5723027,'morph':{'ConjugationType':'FIRST_CONJUGATION','Mood':'INFINITIVE','Pos':'V','Tense':'PRESENT','VerbType':'TRANSITIVE','Voice':'ACTIVE'},'name':'imperare'}]}],'name':'impero@V'}]">imperare</w><c> </c><w lemma="[{'id':6741602,'ls':[{'id':7228,'name':'possum','wfs':[{'id':244516513,'morph':{'Mood':'SUBJUNCTIVE','Numerus':'PLURAL','Person':'PERSON_1','Pos':'V','Tense':'PRESENT','VerbType':'VERBA_ANOMALA','Voice':'ACTIVE'},'name':'possimus'}]}],'name':'possum@V'}]">possimus</w><c>.</c><c> </c></s><s><w lemma="[{'id':1315305,'ls':[{'id':7826,'name':'regnum','wfs':[{'id':1315317,'morph':{'Casus':'NOMINATIVE','DeclensionType':'SECOND_DECLENSION','Genus':'NEUTER','Numerus':'SINGULAR','Pos':'NN'},'name':'regnum'}]}],'name':'regnum@NN'}]">Regnum</w><c> </c><w lemma="[{'id':244510439,'ls':[{'id':244510440,'name':'noster','wfs':[{'id':244510482,'morph':{'Casus':'NOMINATIVE','DeclensionType':'SECOND_DECLENSION','Genus':'NEUTER','Numerus':'SINGULAR','Pos':'PRO','PronounType':'POSSESSIVE'},'name':'nostrum'}]}],'name':'noster@PRO'}]">nostrum</w><c> </c><w lemma="[{'id':1079491,'ls':[{'id':4941,'name':'imitatio','wfs':[{'id':1079495,'morph':{'Casus':'NOMINATIVE','DeclensionType':'THIRD_DECLENSION','Genus':'FEMININE','Numerus':'SINGULAR','Pos':'NN'},'name':'imitatio'}]}],'name':'imitatio@NN'}]">imitatio</w><c> </c><w lemma="[{'id':244512458,'ls':[{'id':244512459,'name':'vester','wfs':[{'id':244512539,'morph':{'Casus':'NOMINATIVE','DeclensionType':'FIRST_DECLENSION','Genus':'FEMININE','Numerus':'SINGULAR','Pos':'PRO','PronounType':'POSSESSIVE'},'name':'vestra'}]}],'name':'vester@PRO'}]">vestra</w><c> </c><w lemma="[{'id':7617143,'ls':[{'id':7617144,'name':'sum','wfs':[{'id':242825881,'morph':{'Mood':'INDICATIVE','Numerus':'SINGULAR','Person':'PERSON_3','Pos':'V','Tense':'PRESENT','VerbType':'VERBA_ANOMALA','Voice':'ACTIVE'},'name':'est'}]}],'name':'sum@V'}]">est</w><c>,</c><c> </c><w lemma="[{'id':1038830,'ls':[{'id':4450,'name':'forma','wfs':[{'id':241435658,'morph':{'Casus':'NOMINATIVE','DeclensionType':'FIRST_DECLENSION','Genus':'FEMININE','Numerus':'SINGULAR','Pos':'NN'},'name':'forma'}]}],'name':'forma@NN'}]">forma</w><c> </c><w lemma="[{'id':1764149,'ls':[{'id':1394,'name':'bonus','wfs':[{'id':241738415,'morph':{'Casus':'GENITIVE','ComparisonDegree':'POSITIVE','DeclensionType':'SECOND_DECLENSION','Genus':'NEUTER','Numerus':'SINGULAR','Pos':'ADJ'},'name':'boni'}]}],'name':'bonus@ADJ'}]">boni</w><c> </c><lb n="16" xml:id="bsb00000824_00194_16"></lb><w lemma="[{'id':1286958,'ls':[{'id':7521,'name':'propositum','wfs':[{'id':1286970,'morph':{'Casus':'GENITIVE','DeclensionType':'SECOND_DECLENSION','Genus':'NEUTER','Numerus':'SINGULAR','Pos':'NN'},'name':'propositi'}]}],'name':'propositum@NN'}]">propositi</w><c>,</c><c> </c><w lemma="[{'id':3237662,'ls':[{'id':3237663,'name':'unicus','wfs':[{'id':242749774,'morph':{'Casus':'GENITIVE','ComparisonDegree':'POSITIVE','DeclensionType':'THIRD_DECLENSION','Genus':'NEUTER','Numerus':'SINGULAR','Pos':'ADJ'},'name':'unici'}]}],'name':'unicus@ADJ'}]">unici</w><c> </c><w lemma="[{'id':1013059,'ls':[{'id':4068,'name':'exemplar','wfs':[{'id':1013068,'morph':{'Casus':'NOMINATIVE','DeclensionType':'THIRD_DECLENSION','Genus':'NEUTER','Numerus':'SINGULAR','Pos':'NN'},'name':'exemplar'}]}],'name':'exemplar@NN'}]">exemplar</w><c> </c><w lemma="[{'id':1082821,'ls':[{'id':4985,'name':'imperium','wfs':[{'id':241442890,'morph':{'Casus':'GENITIVE','DeclensionType':'SECOND_DECLENSION','Genus':'NEUTER','Numerus':'SINGULAR','Pos':'NN'},'name':'imperii'}]}],'name':'imperium@NN'}]">imperii</w><c>:</c><c> </c><w lemma="[{'id':225978,'ls':[{'id':597967090,'name':'qui','wfs':[{'id':597967091,'morph':{'ComparisonDegree':'POSITIVE','Pos':'ADV'},'name':'qui'}]}],'name':'qui@ADV'}]">qui</w><c> </c><w lemma="[{'id':225674,'ls':[{'id':225675,'name':'quantum','wfs':[{'id':225676,'morph':{'ComparisonDegree':'POSITIVE','Pos':'ADV'},'name':'quantum'}]}],'name':'quantum@ADV'}]">quantum</w><c> </c><w lemma="[{'id':242816974,'ls':[{'id':242816975,'name':'vos','wfs':[{'id':315046,'morph':{'Casus':'ACCUSATIVE','Numerus':'PLURAL','Pos':'PRO','PronounType':'PERSONAL'},'name':'vos'}]}],'name':'vos@PRO'}]">vos</w><c> </c><w lemma="[{'id':7362210,'ls':[{'id':8266,'name':'sequor','wfs':[{'id':7362624,'morph':{'ConjugationType':'THIRD_CONJUGATION','Mood':'INDICATIVE','Numerus':'PLURAL','Person':'PERSON_1','Pos':'V','Tense':'PRESENT','VerbType':'DEPONENT','Voice':'PASSIVE'},'name':'sequimur'}]}],'name':'sequor@V'}]">sequimur</w><c>,</c><c> </c><w lemma="[{'id':245351,'ls':[{'id':8740,'name':'tantum','wfs':[{'id':245352,'morph':{'ComparisonDegree':'POSITIVE','Pos':'ADV'},'name':'tantum'}]}],'name':'tantum@ADV'}]">tantum</w><c> </c><w lemma="[{'id':1052032,'ls':[{'id':4633,'name':'gens','wfs':[{'id':1052033,'morph':{'Casus':'ACCUSATIVE','DeclensionType':'THIRD_DECLENSION','Genus':'FEMININE','Numerus':'PLURAL','Pos':'NN'},'name':'gentes'}]}],'name':'gens@NN'}]">gentes</w><c> </c><w lemma="[{'id':242815932,'ls':[{'id':242815933,'name':'alius','wfs':[{'id':244509346,'morph':{'Casus':'ACCUSATIVE','DeclensionType':'FIRST_DECLENSION','Genus':'FEMININE','Numerus':'PLURAL','Pos':'PRO','PronounType':'INDEFINITE'},'name':'alias'}]}],'name':'alius@PRO'}]">alias</w><c> </c><w lemma="[{'id':3656777,'ls':[{'id':826,'name':'anteeo','wfs':[{'id':3656780,'morph':{'ConjugationType':'FOURTH_CONJUGATION','Mood':'INDICATIVE','Numerus':'PLURAL','Person':'PERSON_1','Pos':'V','Tense':'PRESENT','VerbType':'TRANSITIVE','Voice':'ACTIVE'},'name':'anteimus'}]}],'name':'anteeo@V'}]">anteimus</w><c>.</c><c> </c><lb n="17" xml:id="bsb00000824_00194_17"></lb></s><s><w lemma="[{'id':5640491,'ls':[{'id':4875,'name':'hortor','wfs':[{'id':5640552,'morph':{'ConjugationType':'FIRST_CONJUGATION','Mood':'INDICATIVE','Numerus':'PLURAL','Person':'PERSON_2','Pos':'V','Tense':'PRESENT','VerbType':'DEPONENT','Voice':'PASSIVE'},'name':'hortamini'}]}],'name':'hortor@V'}]">hortamini</w><c> </c><w lemma="[{'id':242815965,'ls':[{'id':242815966,'name':'ego','wfs':[{'id':594806569,'morph':{'Casus':'ACCUSATIVE','Genus':'MASCULINE','Numerus':'SINGULAR','Pos':'PRO','PronounType':'REFLEXIVE'},'name':'me'}]}],'name':'ego@PRO'}]">me</w><c> </c><w lemma="[{'id':179180,'ls':[{'id':4506,'name':'frequenter','wfs':[{'id':179182,'morph':{'ComparisonDegree':'POSITIVE','Pos':'ADV'},'name':'frequenter'}]}],'name':'frequenter@ADV'}]">frequenter</w><c>,</c><c> </c><w lemma="[{'id':110061,'ls':[{'id':110062,'name':'ut','wfs':[{'id':110063,'morph':{'Pos':'CON'},'name':'ut'}]}],'name':'ut@CON'}]">ut</w><c> </c><w lemma="[{'id':4995044,'ls':[{'id':244530690,'name':'diligo','wfs':[{'id':4995367,'morph':{'ConjugationType':'THIRD_CONJUGATION','Mood':'SUBJUNCTIVE','Numerus':'SINGULAR','Person':'PERSON_1','Pos':'V','Tense':'PRESENT','VerbType':'TRANSITIVE','Voice':'ACTIVE'},'name':'diligam'}]}],'name':'diligo@V'}]">diligam</w><c> </c><w lemma="[{'id':1354812,'ls':[{'id':8240,'name':'senatus','wfs':[{'id':566697904,'morph':{'Casus':'ACCUSATIVE','DeclensionType':'FOURTH_DECLENSION','Genus':'MASCULINE','Numerus':'SINGULAR','Pos':'NN'},'name':'senatum'}]}],'name':'senatus@NN'}]">senatum</w><c>,</c><c> </c><w lemma="[{'id':1137961,'ls':[{'id':5724,'name':'lex','wfs':[{'id':1137962,'morph':{'Casus':'ACCUSATIVE','DeclensionType':'THIRD_DECLENSION','Genus':'FEMININE','Numerus':'PLURAL','Pos':'NN'},'name':'leges'}]}],'name':'lex@NN'}]">leges</w><c> </c><w lemma="[{'id':1278659,'ls':[{'id':1278660,'name':'princeps','wfs':[{'id':1278666,'morph':{'Casus':'GENITIVE','DeclensionType':'THIRD_DECLENSION','Genus':'MASCULINE','Numerus':'PLURAL','Pos':'NN'},'name':'principum'}]}],'name':'princeps@NN'}]">principum</w><c> </c><w lemma="[{'id':181348,'ls':[{'id':181349,'name':'gratanter','wfs':[{'id':181352,'morph':{'ComparisonDegree':'POSITIVE','Pos':'ADV'},'name':'gratanter'}]}],'name':'gratanter@ADV'}]">gratanter</w><c> </c><w lemma="[{'id':3615008,'ls':[{'id':733,'name':'amplector','wfs':[{'id':3615064,'morph':{'ConjugationType':'THIRD_CONJUGATION','Mood':'SUBJUNCTIVE','Numerus':'SINGULAR','Person':'PERSON_1','Pos':'V','Tense':'PRESENT','VerbType':'DEPONENT','Voice':'PASSIVE'},'name':'amplectar'}]}],'name':'amplector@V'}]">amplectar</w><c>,</c><c> </c><w lemma="[{'id':110061,'ls':[{'id':110062,'name':'ut','wfs':[{'id':110063,'morph':{'Pos':'CON'},'name':'ut'}]}],'name':'ut@CON'}]">ut</w><c> </c><lb n="18" xml:id="bsb00000824_00194_18"></lb><w lemma="[{'id':2081351,'ls':[{'id':2081352,'name':'cunctus','wfs':[{'id':2081365,'morph':{'Casus':'ACCUSATIVE','ComparisonDegree':'POSITIVE','DeclensionType':'SECOND_DECLENSION','Genus':'NEUTER','Numerus':'PLURAL','Pos':'ADJ'},'name':'cuncta'}]}],'name':'cunctus@ADJ'}]">cuncta</w><c> </c><w lemma="[{'id':485847,'ls':[{'id':5545,'name':'Italia','wfs':[{'id':485860,'morph':{'Casus':'GENITIVE','DeclensionType':'FIRST_DECLENSION','Genus':'FEMININE','Numerus':'SINGULAR','Pos':'NE'},'name':'Italiae'}]}],'name':'Italia@NE'}]">Italiae</w><c> </c><w lemma="[{'id':1163159,'ls':[{'id':6049,'name':'membrum','wfs':[{'id':1163160,'morph':{'Casus':'ACCUSATIVE','DeclensionType':'SECOND_DECLENSION','Genus':'NEUTER','Numerus':'PLURAL','Pos':'NN'},'name':'membra'}]}],'name':'membrum@NN'}]">membra</w><c> </c><w lemma="[{'id':4343116,'ls':[{'id':2239,'name':'compono','wfs':[{'id':4343284,'morph':{'ConjugationType':'THIRD_CONJUGATION','Mood':'SUBJUNCTIVE','Numerus':'SINGULAR','Person':'PERSON_1','Pos':'V','Tense':'PRESENT','VerbType':'TRANSITIVE','Voice':'ACTIVE'},'name':'componam'}]}],'name':'compono@V'}]">componam</w><c>.</c><c> </c></s><s><w lemma="[{'id':226320,'ls':[{'id':226321,'name':'quomodo','wfs':[{'id':241332192,'morph':{'Pos':'ADV'},'name':'quomodo'}]}],'name':'quomodo@ADV'}]">quomodo</w><c> </c><w lemma="[{'id':6741602,'ls':[{'id':7228,'name':'possum','wfs':[{'id':244516538,'morph':{'Mood':'INDICATIVE','Numerus':'PLURAL','Person':'PERSON_2','Pos':'V','Tense':'PRESENT','VerbType':'VERBA_ANOMALA','Voice':'ACTIVE'},'name':'potestis'}]}],'name':'possum@V'}]">potestis</w><c> </c><w lemma="[{'id':109436,'ls':[{'id':109437,'name':'ab','wfs':[{'id':109438,'morph':{'Pos':'AP'},'name':'ab'}]}],'name':'ab@AP'}]">ab</w><c> </c><w lemma="[{'id':1479351,'ls':[{'id':1212,'name':'augustus','wfs':[{'id':1710866,'morph':{'Casus':'ABLATIVE','ComparisonDegree':'POSITIVE','DeclensionType':'FIRST_DECLENSION','Genus':'FEMININE','Numerus':'SINGULAR','Pos':'ADJ'},'name':'augusta'}]}],'name':'Augustus@ADJ'}]">Augusta</w><c> </c><w lemma="[{'id':1231162,'ls':[{'id':6870,'name':'pax','wfs':[{'id':242825907,'morph':{'Casus':'ABLATIVE','DeclensionType':'THIRD_DECLENSION','Genus':'FEMININE','Numerus':'SINGULAR','Pos':'NN'},'name':'pace'}]}],'name':'pax@NN'}]">pace</w><c> </c><w lemma="[{'id':5102942,'ls':[{'id':3664,'name':'divido','wfs':[{'id':5103467,'morph':{'ConjugationType':'THIRD_CONJUGATION','Mood':'INFINITIVE','Pos':'V','Tense':'PRESENT','VerbType':'TRANSITIVE','Voice':'ACTIVE'},'name':'dividere'}]}],'name':'divido@V'}]">dividere</w><c>,</c><c> </c><w lemma="[{'id':242816363,'ls':[{'id':242816364,'name':'qui','wfs':[{'id':539256813,'morph':{'Casus':'ACCUSATIVE','Genus':'MASCULINE','Numerus':'SINGULAR','Pos':'PRO','PronounType':'RELATIVE'},'name':'quem'}]}],'name':'qui@PRO'}]">quem</w><c> </c><lb n="19" xml:id="bsb00000824_00194_19"></lb><w lemma="[{'id':206035,'ls':[{'id':6416,'name':'non','wfs':[{'id':241322627,'morph':{'Pos':'ADV'},'name':'non'}]}],'name':'non@ADV'}]">non</w><c> </c><w lemma="[{'id':6498460,'ls':[{'id':6664,'name':'opto','wfs':[{'id':6498664,'morph':{'ConjugationType':'FIRST_CONJUGATION','Mood':'INDICATIVE','Numerus':'PLURAL','Person':'PERSON_2','Pos':'V','Tense':'PRESENT','VerbType':'TRANSITIVE','Voice':'ACTIVE'},'name':'optatis'}]}],'name':'opto@V'}]">optatis</w><c> </c><w lemma="[{'id':109433,'ls':[{'id':109434,'name':'a','wfs':[{'id':109435,'morph':{'Pos':'AP'},'name':'a'}]}],'name':'a@AP'}]">a</w><c> </c><w lemma="[{'id':244512458,'ls':[{'id':244512459,'name':'vester','wfs':[{'id':497737825,'morph':{'Casus':'ABLATIVE','Genus':'COMMON','Numerus':'PLURAL','Pos':'PRO','PronounType':'POSSESSIVE'},'name':'vestris'}]}],'name':'vester@PRO'}]">vestris</w><c> </c><w lemma="[{'id':1175418,'ls':[{'id':6230,'name':'mos','wfs':[{'id':1175420,'morph':{'Casus':'ABLATIVE','DeclensionType':'THIRD_DECLENSION','Genus':'MASCULINE','Numerus':'PLURAL','Pos':'NN'},'name':'moribus'}]}],'name':'mos@NN'}]">moribus</w><c> </c><w lemma="[{'id':5032472,'ls':[{'id':3581,'name':'discrepo','wfs':[{'id':412843,'morph':{'ConjugationType':'FIRST_CONJUGATION','Mood':'INFINITIVE','Pos':'V','Tense':'PRESENT','VerbType':'INTRANSITIVE','Voice':'ACTIVE'},'name':'discrepare'}]}],'name':'discrepo@V'}]">discrepare</w><c>?</c><c> </c></s><s><w lemma="[{'id':3434763,'ls':[{'id':208,'name':'addo','wfs':[{'id':3435085,'morph':{'ConjugationType':'THIRD_CONJUGATION','Mood':'INDICATIVE','Numerus':'SINGULAR','Person':'PERSON_3','Pos':'V','Tense':'PRESENT','VerbType':'TRANSITIVE','Voice':'PASSIVE'},'name':'additur'}]}],'name':'addo@V'}]">additur</w><c> </c><w lemma="[{'id':109834,'ls':[{'id':109835,'name':'etiam','wfs':[{'id':109836,'morph':{'Pos':'CON'},'name':'etiam'}]}],'name':'etiam@CON'}]">etiam</w><c> </c><w lemma="[{'id':7964446,'ls':[{'id':9163,'name':'veneror','wfs':[{'id':496338934,'morph':{'Casus':'NOMINATIVE','ConjugationType':'FIRST_CONJUGATION','DeclensionType':'FIRST_DECLENSION','Genus':'FEMININE','Mood':'GERUNDIVE','Numerus':'SINGULAR','Pos':'V','VerbType':'DEPONENT'},'name':'veneranda'}]}],'name':'veneror@V'}]">veneranda</w><c> </c><w lemma="[{'id':2993336,'ls':[{'id':2993337,'name':'romanus','wfs':[{'id':243619154,'morph':{'Casus':'GENITIVE','ComparisonDegree':'POSITIVE','DeclensionType':'FIRST_DECLENSION','Genus':'FEMININE','Numerus':'SINGULAR','Pos':'ADJ'},'name':'Romanae'}]}],'name':'romanus@ADJ'}]">Romanae</w><c> </c><w lemma="[{'id':1441746,'ls':[{'id':9065,'name':'urbs','wfs':[{'id':1441747,'morph':{'Casus':'GENITIVE','DeclensionType':'THIRD_DECLENSION','Genus':'FEMININE','Numerus':'SINGULAR','Pos':'NN'},'name':'urbis'}]}],'name':'urbs@NN'}]">urbis</w><c> </c><lb n="20" xml:id="bsb00000824_00194_20"></lb><w lemma="[{'id':732812,'ls':[{'id':732826,'name':'affectio','wfs':[{'id':732836,'morph':{'Casus':'NOMINATIVE','DeclensionType':'THIRD_DECLENSION','Genus':'FEMININE','Numerus':'SINGULAR','Pos':'NN'},'name':'affectio'}]}],'name':'affectio@NN'}]">affectio</w><c>,</c><c> </c><w lemma="[{'id':109433,'ls':[{'id':109434,'name':'a','wfs':[{'id':109435,'morph':{'Pos':'AP'},'name':'a'}]}],'name':'a@AP'}]">a</w><c> </c><w lemma="[{'id':242816363,'ls':[{'id':242816364,'name':'qui','wfs':[{'id':498533151,'morph':{'Casus':'ABLATIVE','Genus':'FEMININE','Numerus':'SINGULAR','Pos':'PRO','PronounType':'RELATIVE'},'name':'qua'}]}],'name':'qui@PRO'}]">qua</w><c> </c><w lemma="[{'id':7342413,'ls':[{'id':7342414,'name':'segrego','wfs':[{'id':7342496,'morph':{'ConjugationType':'FIRST_CONJUGATION','Mood':'INFINITIVE','Pos':'V','Tense':'PRESENT','VerbType':'TRANSITIVE','Voice':'PASSIVE'},'name':'segregari'}]}],'name':'segrego@V'}]">segregari</w><c> </c><w lemma="[{'id':6316598,'ls':[{'id':6316599,'name':'nequeo','wfs':[{'id':241369801,'morph':{'Mood':'INDICATIVE','Numerus':'PLURAL','Person':'PERSON_3','Pos':'V','Tense':'PRESENT','VerbType':'VERBA_ANOMALA','Voice':'ACTIVE'},'name':'nequeunt'}]}],'name':'nequeo@V'}]">nequeunt</w><c> </c><w lemma="[{'id':242816363,'ls':[{'id':242816364,'name':'qui','wfs':[{'id':480989834,'morph':{'Casus':'NOMINATIVE','Genus':'FEMININE','Numerus':'PLURAL','Pos':'PRO','PronounType':'RELATIVE'},'name':'quae'}]}],'name':'qui@PRO'}]">quae</w><c> </c><w lemma="[{'id':242816792,'ls':[{'id':242816793,'name':'sui','wfs':[{'id':596138494,'morph':{'Casus':'ACCUSATIVE','Genus':'FEMININE','Numerus':'PLURAL','Pos':'PRO','PronounType':'REFLEXIVE'},'name':'se'}]}],'name':'sui@PRO'}]">se</w><c> </c><w lemma="[{'id':1191767,'ls':[{'id':6409,'name':'nomen','wfs':[{'id':1191780,'morph':{'Casus':'GENITIVE','DeclensionType':'THIRD_DECLENSION','Genus':'NEUTER','Numerus':'SINGULAR','Pos':'NN'},'name':'nominis'}]}],'name':'nomen@NN'}]">nominis</w><c> </c><w lemma="[{'id':1441189,'ls':[{'id':9057,'name':'unitas','wfs':[{'id':243490667,'morph':{'Casus':'ABLATIVE','DeclensionType':'THIRD_DECLENSION','Genus':'FEMININE','Numerus':'SINGULAR','Pos':'NN'},'name':'unitate'}]}],'name':'unitas@NN'}]">unitate</w><c> </c><w lemma="[{'id':6082886,'ls':[{'id':6082887,'name':'iungo','wfs':[{'id':6083171,'morph':{'ConjugationType':'THIRD_CONJUGATION','Mood':'INDICATIVE','Numerus':'PLURAL','Person':'PERSON_3','Pos':'V','Tense':'PERFECT','VerbType':'TRANSITIVE','Voice':'ACTIVE'},'name':'iunxerunt'}]}],'name':'iungo@V'}]">iunxerunt</w><c>.</c><c> </c></s><s><w lemma="[{'id':222625,'ls':[{'id':222628,'name':'proinde','wfs':[{'id':222631,'morph':{'ComparisonDegree':'POSITIVE','Pos':'ADV'},'name':'proinde'}]}],'name':'proinde@ADV'}]">Proinde</w><c> </c><w lemma="[{'id':242816114,'ls':[{'id':242816115,'name':'ille','wfs':[{'id':242816143,'morph':{'Casus':'ACCUSATIVE','Genus':'MASCULINE','Numerus':'SINGULAR','Pos':'PRO','PronounType':'DEMONSTRATIVE'},'name':'illum'}]}],'name':'ille@PRO'}]">illum</w><c> </c><lb n="21" xml:id="bsb00000824_00194_21"></lb><w lemma="[{'id':109828,'ls':[{'id':109829,'name':'et','wfs':[{'id':109830,'morph':{'Pos':'CON'},'name':'et'}]}],'name':'et@CON'}]">et</w><c> </c><w lemma="[{'id':242816114,'ls':[{'id':242816115,'name':'ille','wfs':[{'id':242816143,'morph':{'Casus':'ACCUSATIVE','Genus':'MASCULINE','Numerus':'SINGULAR','Pos':'PRO','PronounType':'DEMONSTRATIVE'},'name':'illum'}]}],'name':'ille@PRO'}]">illum</w><c> </c><w lemma="[{'id':1134668,'ls':[{'id':5675,'name':'legatio','wfs':[{'id':1134671,'morph':{'Casus':'GENITIVE','DeclensionType':'THIRD_DECLENSION','Genus':'FEMININE','Numerus':'SINGULAR','Pos':'NN'},'name':'legationis'}]}],'name':'legatio@NN'}]">legationis</w><c> </c><w lemma="[{'id':1209674,'ls':[{'id':6607,'name':'officium','wfs':[{'id':243409596,'morph':{'Casus':'ABLATIVE','DeclensionType':'SECOND_DECLENSION','Genus':'NEUTER','Numerus':'SINGULAR','Pos':'NN'},'name':'officio'}]}],'name':'officium@NN'}]">officio</w><c> </c><w lemma="[{'id':109453,'ls':[{'id':109454,'name':'ad','wfs':[{'id':109455,'morph':{'Pos':'AP'},'name':'ad'}]}],'name':'ad@AP'}]">ad</w><c> </c><w lemma="[{'id':3044544,'ls':[{'id':8274,'name':'serenus','wfs':[{'id':3044618,'morph':{'Casus':'ACCUSATIVE','ComparisonDegree':'SUPERLATIVE','DeclensionType':'FIRST_DECLENSION','Genus':'FEMININE','Numerus':'SINGULAR','Pos':'ADJ'},'name':'serenissimam'}]}],'name':'serenus@ADJ'}]">serenissimam</w><c> </c><w lemma="[{'id':1254025,'ls':[{'id':7092,'name':'pietas','wfs':[{'id':243422489,'morph':{'Casus':'ACCUSATIVE','DeclensionType':'THIRD_DECLENSION','Genus':'FEMININE','Numerus':'SINGULAR','Pos':'NN'},'name':'pietatem'}]}],'name':'pietas@NN'}]">pietatem</w><c> </c><w lemma="[{'id':244512458,'ls':[{'id':244512459,'name':'vester','wfs':[{'id':244512482,'morph':{'Casus':'ACCUSATIVE','DeclensionType':'FIRST_DECLENSION','Genus':'FEMININE','Numerus':'SINGULAR','Pos':'PRO','PronounType':'POSSESSIVE'},'name':'vestram'}]}],'name':'vester@PRO'}]">vestram</w><c> </c><w lemma="[{'id':4637462,'ls':[{'id':2846,'name':'credo','wfs':[{'id':4637582,'morph':{'ConjugationType':'THIRD_CONJUGATION','Mood':'INDICATIVE','Numerus':'PLURAL','Person':'PERSON_1','Pos':'V','Tense':'PERFECT','VerbType':'TRANSITIVE','Voice':'ACTIVE'},'name':'credidimus'}]}],'name':'credo@V'}]">credidimus</w><c> </c><w lemma="[{'id':4904178,'ls':[{'id':3400,'name':'destino','wfs':[{'id':496919824,'morph':{'Casus':'ACCUSATIVE','ComparisonDegree':'POSITIVE','DeclensionType':'SECOND_DECLENSION','Genus':'MASCULINE','Mood':'GERUNDIVE','Numerus':'PLURAL','Pos':'V'},'name':'destinandos'}]}],'name':'destino@V'}]">destinandos</w><c>,</c><c> </c><lb n="22" xml:id="bsb00000824_00194_22"></lb><w lemma="[{'id':110061,'ls':[{'id':110062,'name':'ut','wfs':[{'id':110063,'morph':{'Pos':'CON'},'name':'ut'}]}],'name':'ut@CON'}]">ut</w><c> </c><w lemma="[{'id':1362918,'ls':[{'id':1362919,'name':'sinceritas','wfs':[{'id':1362931,'morph':{'Casus':'NOMINATIVE','DeclensionType':'THIRD_DECLENSION','Genus':'FEMININE','Numerus':'SINGULAR','Pos':'NN'},'name':'sinceritas'}]}],'name':'sinceritas@NN'}]">sinceritas</w><c> </c><w lemma="[{'id':1231162,'ls':[{'id':6870,'name':'pax','wfs':[{'id':1231173,'morph':{'Casus':'GENITIVE','DeclensionType':'THIRD_DECLENSION','Genus':'FEMININE','Numerus':'SINGULAR','Pos':'NN'},'name':'pacis'}]}],'name':'pax@NN'}]">pacis</w><c>,</c><c> </c><w lemma="[{'id':242816363,'ls':[{'id':242816364,'name':'qui','wfs':[{'id':296826594,'morph':{'Casus':'NOMINATIVE','Genus':'FEMININE','Numerus':'SINGULAR','Pos':'PRO','PronounType':'RELATIVE'},'name':'quae'}]}],'name':'qui@PRO'}]">quae</w><c> </c><w lemma="[{'id':839994,'ls':[{'id':1705,'name':'causa','wfs':[{'id':839996,'morph':{'Casus':'ABLATIVE','DeclensionType':'FIRST_DECLENSION','Genus':'FEMININE','Numerus':'PLURAL','Pos':'NN'},'name':'causis'}]}],'name':'causa@NN'}]">causis</w><c> </c><w lemma="[{'id':5212671,'ls':[{'id':3857,'name':'emergo','wfs':[{'id':5212673,'morph':{'Casus':'ABLATIVE','ConjugationType':'THIRD_CONJUGATION','Genus':'FEMININE','Mood':'PARTICIPLE','Numerus':'PLURAL','Pos':'V','Tense':'PRESENT','VerbType':'TRANSITIVE','Voice':'ACTIVE'},'name':'emergentibus'}]}],'name':'emergo@V'}]">emergentibus</w><c> </c><w lemma="[{'id':4186426,'ls':[{'id':2021,'name':'cognosco','wfs':[{'id':4186783,'morph':{'ConjugationType':'THIRD_CONJUGATION','Mood':'INDICATIVE','Numerus':'SINGULAR','Person':'PERSON_3','Pos':'V','Tense':'PRESENT','VerbType':'TRANSITIVE','Voice':'PASSIVE'},'name':'cognoscitur'}]}],'name':'cognosco@V'}]">cognoscitur</w><c> </c><w lemma="[{'id':7617143,'ls':[{'id':7617144,'name':'sum','wfs':[{'id':244519841,'morph':{'Mood':'INFINITIVE','Pos':'V','Tense':'PERFECT','VerbType':'VERBA_ANOMALA','Voice':'ACTIVE'},'name':'fuisse'}]}],'name':'sum@V'}]">fuisse</w><c> </c><w lemma="[{'id':8026361,'ls':[{'id':9308,'name':'vitio','wfs':[{'id':8026803,'morph':{'Casus':'NOMINATIVE','ConjugationType':'FIRST_CONJUGATION','Genus':'FEMININE','Mood':'PARTICIPLE','Numerus':'SINGULAR','Pos':'V','Tense':'PERFECT','VerbType':'TRANSITIVE','Voice':'PASSIVE'},'name':'vitiata'}]}],'name':'vitio@V'}]">vitiata</w><c>,</c><c> </c><w lemma="[{'id':4917689,'ls':[{'id':4917690,'name':'detergo','wfs':[{'id':4917731,'morph':{'Casus':'ABLATIVE','ConjugationType':'THIRD_CONJUGATION','Genus':'FEMININE','Mood':'PARTICIPLE','Numerus':'PLURAL','Pos':'V','Tense':'PERFECT','VerbType':'TRANSITIVE','Voice':'PASSIVE'},'name':'detersis'}]}],'name':'detergo@V'}]">detersis</w><c> </c><lb n="23" xml:id="bsb00000824_00194_23"></lb><w lemma="[{'id':907272,'ls':[{'id':2639,'name':'contentio','wfs':[{'id':243302652,'morph':{'Casus':'ABLATIVE','DeclensionType':'THIRD_DECLENSION','Genus':'FEMININE','Numerus':'PLURAL','Pos':'NN'},'name':'contentionibus'}]}],'name':'contentio@NN'}]">contentionibus</w><c> </c><w lemma="[{'id':109577,'ls':[{'id':109578,'name':'in','wfs':[{'id':109579,'morph':{'Pos':'AP'},'name':'in'}]}],'name':'in@AP'}]">in</w><c> </c><w lemma="[{'id':244511757,'ls':[{'id':244511758,'name':'suus','wfs':[{'id':252932518,'morph':{'Casus':'ABLATIVE','Genus':'FEMININE','Numerus':'SINGULAR','Pos':'PRO','PronounType':'POSSESSIVE'},'name':'sua'}]}],'name':'suus@PRO'}]">sua</w><c> </c><w lemma="[{'id':160360,'ls':[{'id':160361,'name':'deinceps','wfs':[{'id':160362,'morph':{'ComparisonDegree':'POSITIVE','Pos':'ADV'},'name':'deinceps'}]}],'name':'deinceps@ADV'}]">deinceps</w><c> </c><w lemma="[{'id':1034741,'ls':[{'id':4384,'name':'firmitas','wfs':[{'id':244750453,'morph':{'Casus':'ABLATIVE','DeclensionType':'THIRD_DECLENSION','Genus':'FEMININE','Numerus':'SINGULAR','Pos':'NN'},'name':'firmitate'}]}],'name':'firmitas@NN'}]">firmitate</w><c> </c><w lemma="[{'id':7209994,'ls':[{'id':7937,'name':'restituo','wfs':[{'id':7210053,'morph':{'Casus':'ABLATIVE','ConjugationType':'THIRD_CONJUGATION','Genus':'FEMININE','Mood':'PARTICIPLE','Numerus':'SINGULAR','Pos':'V','Tense':'PERFECT','VerbType':'TRANSITIVE','Voice':'PASSIVE'},'name':'restituta'}]}],'name':'restituo@V'}]">restituta</w><c> </c><w lemma="[{'id':6621230,'ls':[{'id':6979,'name':'permaneo','wfs':[{'id':6621642,'morph':{'ConjugationType':'SECOND_CONJUGATION','Mood':'SUBJUNCTIVE','Numerus':'SINGULAR','Person':'PERSON_3','Pos':'V','Tense':'PRESENT','VerbType':'TRANSITIVE','Voice':'ACTIVE'},'name':'permaneat'}]}],'name':'permaneo@V'}]">permaneat</w><c>:</c><c> </c><w lemma="[{'id':109966,'ls':[{'id':109967,'name':'quia','wfs':[{'id':109968,'morph':{'Pos':'CON'},'name':'quia'}]}],'name':'quia@CON'}]">quia</w><c> </c><w lemma="[{'id':6534354,'ls':[{'id':6845,'name':'patior','wfs':[{'id':6534799,'morph':{'ConjugationType':'THIRD_CONJUGATION','Mood':'INFINITIVE','Pos':'V','Tense':'PRESENT','VerbType':'DEPONENT','Voice':'PASSIVE'},'name':'pati'}]}],'name':'patior@V'}]">pati</w><c> </c><w lemma="[{'id':242816974,'ls':[{'id':242816975,'name':'vos','wfs':[{'id':315046,'morph':{'Casus':'ACCUSATIVE','Numerus':'PLURAL','Pos':'PRO','PronounType':'PERSONAL'},'name':'vos'}]}],'name':'vos@PRO'}]">vos</w><c> </c><w lemma="[{'id':206035,'ls':[{'id':6416,'name':'non','wfs':[{'id':241322627,'morph':{'Pos':'ADV'},'name':'non'}]}],'name':'non@ADV'}]">non</w><c> </c><w lemma="[{'id':4637462,'ls':[{'id':2846,'name':'credo','wfs':[{'id':4637574,'morph':{'ConjugationType':'THIRD_CONJUGATION','Mood':'INDICATIVE','Numerus':'PLURAL','Person':'PERSON_1','Pos':'V','Tense':'PRESENT','VerbType':'TRANSITIVE','Voice':'ACTIVE'},'name':'credimus'}]}],'name':'credo@V'}]">credimus</w><c> </c><lb n="24" xml:id="bsb00000824_00194_24"></lb><w lemma="[{'id':109587,'ls':[{'id':109588,'name':'inter','wfs':[{'id':109589,'morph':{'Pos':'AP'},'name':'inter'}]}],'name':'inter@AP'}]">inter</w><c> </c><w lemma="[{'id':242816930,'ls':[{'id':242816931,'name':'uterque','wfs':[{'id':244512392,'morph':{'Casus':'ACCUSATIVE','Genus':'FEMININE','Numerus':'PLURAL','Pos':'PRO','PronounType':'INDEFINITE'},'name':'utrasque'}]}],'name':'uterque@PRO'}]">utrasque</w><c> </c><w lemma="[{'id':1322669,'ls':[{'id':964024,'name':'res','wfs':[{'id':242825948,'morph':{'Casus':'ACCUSATIVE','DeclensionType':'FIFTH_DECLENSION','Genus':'FEMININE','Numerus':'PLURAL','Pos':'NN'},'name':'res'}]}],'name':'res@NN'}]">res</w><c> </c><w lemma="[{'id':1294042,'ls':[{'id':1294043,'name':'publica','wfs':[{'id':1294044,'morph':{'Casus':'ACCUSATIVE','DeclensionType':'FIRST_DECLENSION','Genus':'FEMININE','Numerus':'PLURAL','Pos':'NN'},'name':'publicas'}]}],'name':'publica@NN'}]">publicas</w><c>,</c><c> </c><w lemma="[{'id':242816363,'ls':[{'id':242816364,'name':'qui','wfs':[{'id':242816395,'morph':{'Casus':'GENITIVE','Genus':'FEMININE','Numerus':'PLURAL','Pos':'PRO','PronounType':'RELATIVE'},'name':'quarum'}]}],'name':'qui@PRO'}]">quarum</w><c> </c><w lemma="[{'id':234266,'ls':[{'id':8236,'name':'semper','wfs':[{'id':241336670,'morph':{'Pos':'ADV'},'name':'semper'}]}],'name':'semper@ADV'}]">semper</w><c> </c><w lemma="[{'id':3241748,'ls':[{'id':3241749,'name':'unus','wfs':[{'id':3241849,'morph':{'Casus':'ACCUSATIVE','ComparisonDegree':'POSITIVE','DeclensionType':'SECOND_DECLENSION','Genus':'NEUTER','Numerus':'SINGULAR','Pos':'ADJ'},'name':'unum'}]}],'name':'unus@ADJ'}]">unum</w><c> </c><w lemma="[{'id':916873,'ls':[{'id':2783,'name':'corpus','wfs':[{'id':241421970,'morph':{'Casus':'ACCUSATIVE','DeclensionType':'THIRD_DECLENSION','Genus':'NEUTER','Numerus':'SINGULAR','Pos':'NN'},'name':'corpus'}]}],'name':'corpus@NN'}]">corpus</w><c> </c><w lemma="[{'id':109661,'ls':[{'id':109662,'name':'sub','wfs':[{'id':109663,'morph':{'Pos':'AP'},'name':'sub'}]}],'name':'sub@AP'}]">sub</w><c> </c><w lemma="[{'id':1635127,'ls':[{'id':846,'name':'antiquus','wfs':[{'id':1635491,'morph':{'Casus':'ABLATIVE','ComparisonDegree':'POSITIVE','DeclensionType':'SECOND_DECLENSION','Genus':'MASCULINE','Numerus':'PLURAL','Pos':'ADJ'},'name':'antiquis'}]}],'name':'antiquus@ADJ'}]">antiquis</w><c> </c><w lemma="[{'id':1278659,'ls':[{'id':1278660,'name':'princeps','wfs':[{'id':1278662,'morph':{'Casus':'ABLATIVE','DeclensionType':'THIRD_DECLENSION','Genus':'MASCULINE','Numerus':'PLURAL','Pos':'NN'},'name':'principibus'}]}],'name':'princeps@NN'}]">principibus</w><c> </c><w lemma="[{'id':7617143,'ls':[{'id':7617144,'name':'sum','wfs':[{'id':244519841,'morph':{'Mood':'INFINITIVE','Pos':'V','Tense':'PERFECT','VerbType':'VERBA_ANOMALA','Voice':'ACTIVE'},'name':'fuisse'}]}],'name':'sum@V'}]">fuisse</w><c> </c><lb n="25" xml:id="bsb00000824_00194_25"></lb><w lemma="[{'id':4712095,'ls':[{'id':3059,'name':'declaro','wfs':[{'id':4712446,'morph':{'ConjugationType':'FIRST_CONJUGATION','Mood':'INDICATIVE','Numerus':'SINGULAR','Person':'PERSON_3','Pos':'V','Tense':'PRESENT','VerbType':'TRANSITIVE','Voice':'PASSIVE'},'name':'declaratur'}]}],'name':'declaro@V'}]">declaratur</w><c>,</c><c> </c><w lemma="[{'id':242815921,'ls':[{'id':242815922,'name':'aliquis','wfs':[{'id':244509332,'morph':{'Casus':'NOMINATIVE','Genus':'NEUTER','Numerus':'SINGULAR','Pos':'PRO','PronounType':'INDEFINITE'},'name':'aliquid'}]}],'name':'aliquis@PRO'}]">aliquid</w><c> </c><w lemma="[{'id':970913,'ls':[{'id':3578,'name':'discordia','wfs':[{'id':970924,'morph':{'Casus':'GENITIVE','DeclensionType':'FIRST_DECLENSION','Genus':'FEMININE','Numerus':'SINGULAR','Pos':'NN'},'name':'discordiae'}]}],'name':'discordia@NN'}]">discordiae</w><c> </c><w lemma="[{'id':6621230,'ls':[{'id':6979,'name':'permaneo','wfs':[{'id':6621323,'morph':{'ConjugationType':'SECOND_CONJUGATION','Mood':'INFINITIVE','Pos':'V','Tense':'PRESENT','VerbType':'TRANSITIVE','Voice':'ACTIVE'},'name':'permanere'}]}],'name':'permaneo@V'}]">permanere</w><c>.</c><c> </c></s><s><w lemma="[{'id':242816363,'ls':[{'id':242816364,'name':'qui','wfs':[{'id':242816398,'morph':{'Casus':'ACCUSATIVE','Genus':'FEMININE','Numerus':'PLURAL','Pos':'PRO','PronounType':'RELATIVE'},'name':'quas'}]}],'name':'qui@PRO'}]">Quas</w><c> </c><w lemma="[{'id':206035,'ls':[{'id':6416,'name':'non','wfs':[{'id':241322627,'morph':{'Pos':'ADV'},'name':'non'}]}],'name':'non@ADV'}]">non</w><c> </c><w lemma="[{'id':236346,'ls':[{'id':8379,'name':'solum','wfs':[{'id':236347,'morph':{'Pos':'ADV'},'name':'solum'}]}],'name':'solum@ADV'}]">solum</w><c> </c><w lemma="[{'id':6487278,'ls':[{'id':6486617,'name':'oporteo','wfs':[{'id':6487481,'morph':{'ConjugationType':'SECOND_CONJUGATION','Mood':'INDICATIVE','Numerus':'SINGULAR','Person':'PERSON_3','Pos':'V','Tense':'PRESENT','VerbType':'TRANSITIVE','Voice':'ACTIVE'},'name':'oportet'}]}],'name':'oportet@V'}]">oportet</w><c> </c><w lemma="[{'id':109587,'ls':[{'id':109588,'name':'inter','wfs':[{'id':109589,'morph':{'Pos':'AP'},'name':'inter'}]}],'name':'inter@AP'}]">inter</w><c> </c><w lemma="[{'id':242816792,'ls':[{'id':242816793,'name':'sui','wfs':[{'id':596138494,'morph':{'Casus':'ACCUSATIVE','Genus':'FEMININE','Numerus':'PLURAL','Pos':'PRO','PronounType':'REFLEXIVE'},'name':'se'}]}],'name':'sui@PRO'}]">se</w><c> </c><w lemma="[{'id':2756513,'ls':[{'id':2756514,'name':'otiosus','wfs':[{'id':2756583,'morph':{'Casus':'ABLATIVE','ComparisonDegree':'POSITIVE','DeclensionType':'FIRST_DECLENSION','Genus':'FEMININE','Numerus':'SINGULAR','Pos':'ADJ'},'name':'otiosa'}]}],'name':'otiosus@ADJ'}]">otiosa</w><c> </c><lb n="26" xml:id="bsb00000824_00194_26"></lb><w lemma="[{'id':966404,'ls':[{'id':3537,'name':'dilectio','wfs':[{'id':243116392,'morph':{'Casus':'ABLATIVE','DeclensionType':'THIRD_DECLENSION','Genus':'FEMININE','Numerus':'SINGULAR','Pos':'NN'},'name':'dilectione'}]}],'name':'dilectio@NN'}]">dilectione</w><c> </c><w lemma="[{'id':4464104,'ls':[{'id':4464105,'name':'coniungo','wfs':[{'id':4464187,'morph':{'ConjugationType':'THIRD_CONJUGATION','Mood':'INFINITIVE','Pos':'V','Tense':'PRESENT','VerbType':'TRANSITIVE','Voice':'PASSIVE'},'name':'coniungi'}]}],'name':'coniungo@V'}]">coniungi</w><c>,</c><c> </c><w lemma="[{'id':252821,'ls':[{'id':9211,'name':'verum','wfs':[{'id':252824,'morph':{'ComparisonDegree':'POSITIVE','Pos':'ADV'},'name':'verum'}]}],'name':'verum@ADV'}]">verum</w><c> </c><w lemma="[{'id':109834,'ls':[{'id':109835,'name':'etiam','wfs':[{'id':109836,'morph':{'Pos':'CON'},'name':'etiam'}]}],'name':'etiam@CON'}]">etiam</w><c> </c><w lemma="[{'id':4708992,'ls':[{'id':4708993,'name':'decet','wfs':[{'id':4709145,'morph':{'ConjugationType':'SECOND_CONJUGATION','Mood':'INDICATIVE','Numerus':'SINGULAR','Person':'PERSON_3','Pos':'V','Tense':'PRESENT','VerbType':'IMPERSONAL','Voice':'ACTIVE'},'name':'decet'}]}],'name':'decet@V'}]">decet</w><c> </c><w lemma="[{'id':2688942,'ls':[{'id':2688943,'name':'mutuus','wfs':[{'id':2688950,'morph':{'Casus':'ABLATIVE','ComparisonDegree':'POSITIVE','DeclensionType':'FIRST_DECLENSION','Genus':'FEMININE','Numerus':'PLURAL','Pos':'ADJ'},'name':'mutuis'}]}],'name':'mutuus@ADJ'}]">mutuis</w><c> </c><w lemma="[{'id':1467747,'ls':[{'id':9291,'name':'vis','wfs':[{'id':244750257,'morph':{'Casus':'ABLATIVE','DeclensionType':'THIRD_DECLENSION','Genus':'FEMININE','Numerus':'PLURAL','Pos':'NN'},'name':'viribus'}]}],'name':'vis@NN'}]">viribus</w><c> </c><w lemma="[{'id':3462399,'ls':[{'id':3462800,'name':'adiuvo','wfs':[{'id':3462882,'morph':{'ConjugationType':'FIRST_CONJUGATION','Mood':'INFINITIVE','Pos':'V','Tense':'PRESENT','VerbType':'TRANSITIVE','Voice':'PASSIVE'},'name':'adiuvari'}]}],'name':'adiuvo@V'}]">adiuvari</w><c>.</c><c> </c></s><s><w lemma="[{'id':2993336,'ls':[{'id':2993337,'name':'romanus','wfs':[{'id':241570503,'morph':{'Casus':'GENITIVE','ComparisonDegree':'POSITIVE','DeclensionType':'SECOND_DECLENSION','Genus':'NEUTER','Numerus':'SINGULAR','Pos':'ADJ'},'name':'Romani'}]}],'name':'romanus@ADJ'}]">Romani</w><c> </c><w lemma="[{'id':1315305,'ls':[{'id':7826,'name':'regnum','wfs':[{'id':1315316,'morph':{'Casus':'GENITIVE','DeclensionType':'SECOND_DECLENSION','Genus':'NEUTER','Numerus':'SINGULAR','Pos':'NN'},'name':'regni'}]}],'name':'regnum@NN'}]">regni</w><c> </c><w lemma="[{'id':256816,'ls':[{'id':256817,'name':'unus','wfs':[{'id':256861,'morph':{'Casus':'NOMINATIVE','DeclensionType':'SECOND_DECLENSION','Genus':'NEUTER','Numerus':'SINGULAR','Pos':'NUM'},'name':'unum'}]}],'name':'unus@NUM'}]">unum</w><c> </c><lb n="27" xml:id="bsb00000824_00194_27"></lb><w lemma="[{'id':8038609,'ls':[{'id':9327,'name':'volo','wfs':[{'id':8038724,'morph':{'Mood':'INFINITIVE','Pos':'V','Tense':'PRESENT','VerbType':'VERBA_ANOMALA','Voice':'ACTIVE'},'name':'velle'}]}],'name':'volo@V'}]">velle</w><c>,</c><c> </c><w lemma="[{'id':256816,'ls':[{'id':256817,'name':'unus','wfs':[{'id':256844,'morph':{'Casus':'NOMINATIVE','DeclensionType':'FIRST_DECLENSION','Genus':'FEMININE','Numerus':'SINGULAR','Pos':'NUM'},'name':'una'}]}],'name':'unus@NUM'}]">una</w><c> </c><w lemma="[{'id':234266,'ls':[{'id':8236,'name':'semper','wfs':[{'id':241336670,'morph':{'Pos':'ADV'},'name':'semper'}]}],'name':'semper@ADV'}]">semper</w><c> </c><w lemma="[{'id':1213166,'ls':[{'id':6643,'name':'opinio','wfs':[{'id':1213172,'morph':{'Casus':'NOMINATIVE','DeclensionType':'THIRD_DECLENSION','Genus':'FEMININE','Numerus':'SINGULAR','Pos':'NN'},'name':'opinio'}]}],'name':'opinio@NN'}]">opinio</w><c> </c><w lemma="[{'id':7617143,'ls':[{'id':7617144,'name':'sum','wfs':[{'id':244519866,'morph':{'Mood':'SUBJUNCTIVE','Numerus':'SINGULAR','Person':'PERSON_3','Pos':'V','Tense':'PRESENT','VerbType':'VERBA_ANOMALA','Voice':'ACTIVE'},'name':'sit'}]}],'name':'sum@V'}]">sit</w><c>.</c><c> </c><w lemma="[{'id':242816688,'ls':[{'id':242816689,'name':'quisquis','wfs':[{'id':244511596,'morph':{'Casus':'NOMINATIVE','Genus':'NEUTER','Numerus':'SINGULAR','Pos':'PRO','PronounType':'INDEFINITE'},'name':'quicquid'}]}],'name':'quisquis@PRO'}]">quicquid</w><c> </c><w lemma="[{'id':109828,'ls':[{'id':109829,'name':'et','wfs':[{'id':109830,'morph':{'Pos':'CON'},'name':'et'}]}],'name':'et@CON'}]">et</w><c> </c><w lemma="[{'id':242816286,'ls':[{'id':242816287,'name':'nos','wfs':[{'id':242816291,'morph':{'Casus':'NOMINATIVE','Genus':'COMMON','Numerus':'PLURAL','Pos':'PRO','PronounType':'PERSONAL'},'name':'nos'}]}],'name':'nos@PRO'}]">nos</w><c> </c><w lemma="[{'id':6741602,'ls':[{'id':7228,'name':'possum','wfs':[{'id':244516519,'morph':{'Mood':'INDICATIVE','Numerus':'PLURAL','Person':'PERSON_1','Pos':'V','Tense':'PRESENT','VerbType':'VERBA_ANOMALA','Voice':'ACTIVE'},'name':'possumus'}]}],'name':'possum@V'}]">possumus</w><c>,</c><c> </c><w lemma="[{'id':244512458,'ls':[{'id':244512459,'name':'vester','wfs':[{'id':540386201,'morph':{'Casus':'DATIVE','DeclensionType':'SECOND_DECLENSION','Genus':'NEUTER','Numerus':'PLURAL','Pos':'PRO'},'name':'vestris'}]}],'name':'vester@PRO'}]">vestris</w><c> </c><w lemma="[{'id':1268346,'ls':[{'id':7279,'name':'praeconium','wfs':[{'id':243427011,'morph':{'Casus':'DATIVE','DeclensionType':'SECOND_DECLENSION','Genus':'NEUTER','Numerus':'PLURAL','Pos':'NN'},'name':'praeconiis'}]}],'name':'praeconium@NN'}]">praeconiis</w><c> </c><w lemma="[{'id':3693521,'ls':[{'id':922,'name':'applico','wfs':[{'id':3694759,'morph':{'ConjugationType':'FIRST_CONJUGATION','Mood':'SUBJUNCTIVE','Numerus':'SINGULAR','Person':'PERSON_3','Pos':'V','Tense':'PRESENT','VerbType':'TRANSITIVE','Voice':'PASSIVE'},'name':'applicetur'}]}],'name':'applico@V'}]">applicetur</w><c>.</c><c> </c><lb n="28" xml:id="bsb00000824_00194_28"></lb></s><s><w lemma="[{'id':225709,'ls':[{'id':225710,'name':'quapropter','wfs':[{'id':225712,'morph':{'ComparisonDegree':'POSITIVE','Pos':'ADV'},'name':'quapropter'}]}],'name':'quapropter@ADV'}]">Quapropter</w><c> </c><w lemma="[{'id':1339575,'ls':[{'id':8079,'name':'salutatio','wfs':[{'id':1339578,'morph':{'Casus':'GENITIVE','DeclensionType':'THIRD_DECLENSION','Genus':'FEMININE','Numerus':'SINGULAR','Pos':'NN'},'name':'salutationis'}]}],'name':'salutatio@NN'}]">salutationis</w><c> </c><w lemma="[{'id':1068996,'ls':[{'id':1068997,'name':'honorificentia','wfs':[{'id':1069003,'morph':{'Casus':'ACCUSATIVE','DeclensionType':'FIRST_DECLENSION','Genus':'FEMININE','Numerus':'SINGULAR','Pos':'NN'},'name':'honorificentiam'}]}],'name':'honorificentia@NN'}]">honorificentiam</w><c> </c><w lemma="[{'id':6778267,'ls':[{'id':7304,'name':'praefero','wfs':[{'id':6778273,'morph':{'Casus':'NOMINATIVE','ConjugationType':'THIRD_CONJUGATION','Genus':'MASCULINE','Mood':'PARTICIPLE','Numerus':'PLURAL','Pos':'V','Tense':'PRESENT','VerbType':'TRANSITIVE','Voice':'ACTIVE'},'name':'praeferentes'}]}],'name':'praefero@V'}]">praeferentes</w><c> </c><w lemma="[{'id':2902527,'ls':[{'id':2902528,'name':'pronus','wfs':[{'id':2902568,'morph':{'Casus':'ABLATIVE','ComparisonDegree':'POSITIVE','DeclensionType':'FIRST_DECLENSION','Genus':'FEMININE','Numerus':'SINGULAR','Pos':'ADJ'},'name':'prona'}]}],'name':'pronus@ADJ'}]">prona</w><c> </c><w lemma="[{'id':1163829,'ls':[{'id':6062,'name':'mens','wfs':[{'id':243393421,'morph':{'Casus':'ABLATIVE','DeclensionType':'THIRD_DECLENSION','Genus':'FEMININE','Numerus':'SINGULAR','Pos':'NN'},'name':'mente'}]}],'name':'mens@NN'}]">mente</w><c> </c><w lemma="[{'id':4855585,'ls':[{'id':3304,'name':'deposco','wfs':[{'id':4855644,'morph':{'ConjugationType':'THIRD_CONJUGATION','Mood':'INDICATIVE','Numerus':'PLURAL','Person':'PERSON_1','Pos':'V','Tense':'PRESENT','VerbType':'TRANSITIVE','Voice':'ACTIVE'},'name':'deposcimus'}]}],'name':'deposco@V'}]">deposcimus</w><c>,</c><c> </c><w lemma="[{'id':109868,'ls':[{'id':109869,'name':'ne','wfs':[{'id':109870,'morph':{'Pos':'CON'},'name':'ne'}]}],'name':'ne@CON'}]">ne</w><c> </c><pb n="11" xml:id="bsb00000824_00195"></pb><lb n="1" xml:id="bsb00000824_00195_1"></lb><w lemma="[{'id':7760036,'ls':[{'id':8693,'name':'suspendo','wfs':[{'id':7760230,'morph':{'ConjugationType':'THIRD_CONJUGATION','Mood':'SUBJUNCTIVE','Numerus':'PLURAL','Person':'PERSON_2','Pos':'V','Tense':'PRESENT','VerbType':'TRANSITIVE','Voice':'ACTIVE'},'name':'suspendatis'}]}],'name':'suspendo@V'}]">suspendatis</w><c> </c><w lemma="[{'id':1156236,'ls':[{'id':5969,'name':'mansuetudo','wfs':[{'id':1156238,'morph':{'Casus':'GENITIVE','DeclensionType':'THIRD_DECLENSION','Genus':'FEMININE','Numerus':'SINGULAR','Pos':'NN'},'name':'mansuetudinis'}]}],'name':'mansuetudo@NN'}]">mansuetudinis</w><c> </c><w lemma="[{'id':244512458,'ls':[{'id':244512459,'name':'vester','wfs':[{'id':245551329,'morph':{'Casus':'GENITIVE','DeclensionType':'FIRST_DECLENSION','Genus':'FEMININE','Numerus':'SINGULAR','Pos':'PRO','PronounType':'POSSESSIVE'},'name':'vestrae'}]}],'name':'vester@PRO'}]">vestrae</w><c> </c><w lemma="[{'id':2369058,'ls':[{'id':4681,'name':'gloriosus','wfs':[{'id':2369133,'morph':{'Casus':'ACCUSATIVE','ComparisonDegree':'SUPERLATIVE','DeclensionType':'FIRST_DECLENSION','Genus':'FEMININE','Numerus':'SINGULAR','Pos':'ADJ'},'name':'gloriosissimam'}]}],'name':'gloriosus@ADJ'}]">gloriosissimam</w><c> </c><w lemma="[{'id':834500,'ls':[{'id':1623,'name':'caritas','wfs':[{'id':243116322,'morph':{'Casus':'ACCUSATIVE','DeclensionType':'THIRD_DECLENSION','Genus':'FEMININE','Numerus':'SINGULAR','Pos':'NN'},'name':'caritatem'}]}],'name':'caritas@NN'}]">caritatem</w><c>,</c><c> </c><w lemma="[{'id':242816363,'ls':[{'id':242816364,'name':'qui','wfs':[{'id':244510910,'morph':{'Casus':'ACCUSATIVE','Genus':'FEMININE','Numerus':'SINGULAR','Pos':'PRO','PronounType':'RELATIVE'},'name':'quam'}]}],'name':'qui@PRO'}]">quam</w><c> </c><w lemma="[{'id':242815965,'ls':[{'id':242815966,'name':'ego','wfs':[{'id':244509629,'morph':{'Casus':'NOMINATIVE','Genus':'MASCULINE','Numerus':'SINGULAR','Pos':'PRO','PronounType':'PERSONAL'},'name':'ego'}]}],'name':'ego@PRO'}]">ego</w><c> </c><w lemma="[{'id':7403749,'ls':[{'id':7403750,'name':'spero','wfs':[{'id':7403831,'morph':{'ConjugationType':'FIRST_CONJUGATION','Mood':'INFINITIVE','Pos':'V','Tense':'PRESENT','VerbType':'TRANSITIVE','Voice':'ACTIVE'},'name':'sperare'}]}],'name':'spero@V'}]">sperare</w><c> </c><w lemma="[{'id':4694501,'ls':[{'id':3027,'name':'debeo','wfs':[{'id':4694667,'morph':{'ConjugationType':'SECOND_CONJUGATION','Mood':'INDICATIVE','Numerus':'SINGULAR','Person':'PERSON_1','Pos':'V','Tense':'PERFECT','VerbType':'TRANSITIVE','Voice':'ACTIVE'},'name':'debui'}]}],'name':'debeo@V'}]">debui</w><c>,</c><c> </c><w lemma="[{'id':109837,'ls':[{'id':109838,'name':'etiamsi','wfs':[{'id':109839,'morph':{'Pos':'CON'},'name':'etiamsi'}]}],'name':'etiamsi@CON'}]">etiamsi</w><c> </c><lb n="2" xml:id="bsb00000824_00195_2"></lb><w lemma="[{'id':242815932,'ls':[{'id':242815933,'name':'alius','wfs':[{'id':548801281,'morph':{'Casus':'DATIVE','Genus':'COMMON','Numerus':'PLURAL','Pos':'PRO','PronounType':'INDEFINITE'},'name':'aliis'}]}],'name':'alius@PRO'}]">aliis</w><c> </c><w lemma="[{'id':206035,'ls':[{'id':6416,'name':'non','wfs':[{'id':241322627,'morph':{'Pos':'ADV'},'name':'non'}]}],'name':'non@ADV'}]">non</w><c> </c><w lemma="[{'id':8004098,'ls':[{'id':9253,'name':'video','wfs':[{'id':8004799,'morph':{'ConjugationType':'SECOND_CONJUGATION','Mood':'SUBJUNCTIVE','Numerus':'SINGULAR','Person':'PERSON_3','Pos':'V','Tense':'IMPERFECT','VerbType':'TRANSITIVE','Voice':'PASSIVE'},'name':'videretur'}]}],'name':'video@V'}]">videretur</w><c> </c><w lemma="[{'id':6741602,'ls':[{'id':7228,'name':'possum','wfs':[{'id':6741603,'morph':{'Mood':'INFINITIVE','Pos':'V','Tense':'PRESENT','VerbType':'VERBA_ANOMALA','Voice':'ACTIVE'},'name':'posse'}]}],'name':'possum@V'}]">posse</w><c> </c><w lemma="[{'id':4371976,'ls':[{'id':244530661,'name':'concedo','wfs':[{'id':4372028,'morph':{'ConjugationType':'THIRD_CONJUGATION','Mood':'INFINITIVE','Pos':'V','Tense':'PRESENT','VerbType':'TRANSITIVE','Voice':'PASSIVE'},'name':'concedi'}]}],'name':'concedo@V'}]">concedi</w><c>.</c><c> </c></s><s><w lemma="[{'id':1842878,'ls':[{'id':1842879,'name':'ceterus','wfs':[{'id':1842894,'morph':{'Casus':'ACCUSATIVE','ComparisonDegree':'POSITIVE','DeclensionType':'SECOND_DECLENSION','Genus':'NEUTER','Numerus':'PLURAL','Pos':'ADJ'},'name':'cetera'}]}],'name':'ceterus@ADJ'}]">cetera</w><c> </c><w lemma="[{'id':252583,'ls':[{'id':9197,'name':'vero','wfs':[{'id':550000524,'morph':{'Pos':'ADV'},'name':'vero'}]}],'name':'vero@ADV'}]">vero</w><c> </c><w lemma="[{'id':109610,'ls':[{'id':109611,'name':'per','wfs':[{'id':109612,'morph':{'Pos':'AP'},'name':'per'}]}],'name':'per@AP'}]">per</w><c> </c><w lemma="[{'id':1273698,'ls':[{'id':1273699,'name':'praesentia','wfs':[{'id':1273705,'morph':{'Casus':'GENITIVE','DeclensionType':'FIRST_DECLENSION','Genus':'FEMININE','Numerus':'PLURAL','Pos':'NN'},'name':'praesentium'}]}],'name':'praesentia@NN'}]">praesentium</w><c> </c><w lemma="[{'id':1132279,'ls':[{'id':1132280,'name':'lator','wfs':[{'id':1132281,'morph':{'Casus':'ACCUSATIVE','DeclensionType':'THIRD_DECLENSION','Genus':'MASCULINE','Numerus':'PLURAL','Pos':'NN'},'name':'latores'}]}],'name':'lator@NN'}]">latores</w><c> </c><w lemma="[{'id':1254025,'ls':[{'id':7092,'name':'pietas','wfs':[{'id':243422491,'morph':{'Casus':'DATIVE','DeclensionType':'THIRD_DECLENSION','Genus':'FEMININE','Numerus':'SINGULAR','Pos':'NN'},'name':'pietati'}]}],'name':'pietas@NN'}]">pietati</w><c> </c><w lemma="[{'id':244512458,'ls':[{'id':244512459,'name':'vester','wfs':[{'id':481107037,'morph':{'Casus':'DATIVE','DeclensionType':'FIRST_DECLENSION','Genus':'FEMININE','Numerus':'SINGULAR','Pos':'PRO','PronounType':'POSSESSIVE'},'name':'vestrae'}]}],'name':'vester@PRO'}]">vestrae</w><c> </c><lb n="3" xml:id="bsb00000824_00195_3"></lb><w lemma="[{'id':1454736,'ls':[{'id':9183,'name':'verbum','wfs':[{'id':1454763,'morph':{'Casus':'ABLATIVE','DeclensionType':'SECOND_DECLENSION','Genus':'NEUTER','Numerus':'SINGULAR','Pos':'NN'},'name':'verbo'}]}],'name':'verbum@NN'}]">verbo</w><c> </c><w lemma="[{'id':7611699,'ls':[{'id':8642,'name':'suggero','wfs':[{'id':498818438,'morph':{'Casus':'ACCUSATIVE','ComparisonDegree':'POSITIVE','DeclensionType':'SECOND_DECLENSION','Genus':'NEUTER','Mood':'GERUNDIVE','Numerus':'PLURAL','Pos':'V'},'name':'suggerenda'}]}],'name':'suggero@V'}]">suggerenda</w><c> </c><w lemma="[{'id':4285261,'ls':[{'id':2162,'name':'committo','wfs':[{'id':4285381,'morph':{'ConjugationType':'THIRD_CONJUGATION','Mood':'INDICATIVE','Numerus':'PLURAL','Person':'PERSON_1','Pos':'V','Tense':'PERFECT','VerbType':'TRANSITIVE','Voice':'ACTIVE'},'name':'commisimus'}]}],'name':'committo@V'}]">commisimus</w><c>,</c><c> </c><w lemma="[{'id':110061,'ls':[{'id':110062,'name':'ut','wfs':[{'id':110063,'morph':{'Pos':'CON'},'name':'ut'}]}],'name':'ut@CON'}]">ut</w><c> </c><w lemma="[{'id':109871,'ls':[{'id':109872,'name':'nec','wfs':[{'id':109873,'morph':{'Pos':'CON'},'name':'nec'}]}],'name':'nec@CON'}]">nec</w><c> </c><w lemma="[{'id':2255943,'ls':[{'id':2256046,'name':'epistularis','wfs':[{'id':2256128,'morph':{'Casus':'NOMINATIVE','ComparisonDegree':'POSITIVE','DeclensionType':'THIRD_DECLENSION','Genus':'MASCULINE','Numerus':'SINGULAR','Pos':'ADJ'},'name':'epistularis'}]}],'name':'epistolaris@ADJ'}]">epistularis</w><c> </c><w lemma="[{'id':1357117,'ls':[{'id':8278,'name':'sermo','wfs':[{'id':1357123,'morph':{'Casus':'NOMINATIVE','DeclensionType':'THIRD_DECLENSION','Genus':'MASCULINE','Numerus':'SINGULAR','Pos':'NN'},'name':'sermo'}]}],'name':'sermo@NN'}]">sermo</w><c> </c><w lemma="[{'id':7086882,'ls':[{'id':7788,'name':'reddo','wfs':[{'id':7087189,'morph':{'ConjugationType':'THIRD_CONJUGATION','Mood':'SUBJUNCTIVE','Numerus':'SINGULAR','Person':'PERSON_3','Pos':'V','Tense':'IMPERFECT','VerbType':'TRANSITIVE','Voice':'PASSIVE'},'name':'redderetur'}]}],'name':'reddo@V'}]">redderetur</w><c> </c><w lemma="[{'id':2300622,'ls':[{'id':2300623,'name':'extensus','wfs':[{'id':2300710,'morph':{'Casus':'NOMINATIVE','ComparisonDegree':'COMPARATIVE','DeclensionType':'THIRD_DECLENSION','Genus':'MASCULINE','Numerus':'SINGULAR','Pos':'ADJ'},'name':'extensior'}]}],'name':'extensus@ADJ'}]">extensior</w><c> </c><w lemma="[{'id':109871,'ls':[{'id':109872,'name':'nec','wfs':[{'id':109873,'morph':{'Pos':'CON'},'name':'nec'}]}],'name':'nec@CON'}]">nec</w><c> </c><lb n="4" xml:id="bsb00000824_00195_4"></lb><w lemma="[{'id':242815921,'ls':[{'id':242815922,'name':'aliquis','wfs':[{'id':245005377,'morph':{'Casus':'ACCUSATIVE','Genus':'NEUTER','Numerus':'SINGULAR','Pos':'PRO','PronounType':'INDEFINITE'},'name':'aliquid'}]}],'name':'aliquis@PRO'}]">aliquid</w><c> </c><w lemma="[{'id':109629,'ls':[{'id':109630,'name':'pro','wfs':[{'id':109631,'morph':{'Pos':'AP'},'name':'pro'}]}],'name':'pro@AP'}]">pro</w><c> </c><w lemma="[{'id':1443775,'ls':[{'id':9082,'name':'utilitas','wfs':[{'id':1443777,'morph':{'Casus':'ABLATIVE','DeclensionType':'THIRD_DECLENSION','Genus':'FEMININE','Numerus':'PLURAL','Pos':'NN'},'name':'utilitatibus'}]}],'name':'utilitas@NN'}]">utilitatibus</w><c> </c><w lemma="[{'id':244510439,'ls':[{'id':244510440,'name':'noster','wfs':[{'id':457578029,'morph':{'Casus':'ABLATIVE','DeclensionType':'FIRST_DECLENSION','Genus':'FEMININE','Numerus':'PLURAL','Pos':'PRO','PronounType':'POSSESSIVE'},'name':'nostris'}]}],'name':'noster@PRO'}]">nostris</w><c> </c><w lemma="[{'id':6858031,'ls':[{'id':7359,'name':'praetermitto','wfs':[{'id':6858114,'morph':{'ConjugationType':'THIRD_CONJUGATION','Mood':'INFINITIVE','Pos':'V','Tense':'PERFECT','VerbType':'TRANSITIVE','Voice':'ACTIVE'},'name':'praetermisisse'}]}],'name':'praetermitto@V'}]">praetermisisse</w><c> </c><w lemma="[{'id':242815904,'ls':[{'id':244520791,'name':'videor','wfs':[{'id':232322889,'morph':{'ConjugationType':'SECOND_CONJUGATION','Mood':'SUBJUNCTIVE','Numerus':'PLURAL','Person':'PERSON_1','Pos':'V','Tense':'IMPERFECT','VerbType':'DEPONENT','Voice':'PASSIVE'},'name':'videremur'}]}],'name':'videor@V'}]">videremur</w><c>.</c></s></p></div></body></text></TEI>